Using Python at: /user/htripath/myenv/bin/python3
✅ Torch version: 2.6.0+cu124
✅ h5py MPI support: True
✅ mpi4py version: 4.0.3
Number of nodes allocated: 31
[cpn-q09-05-02.core.ccr.buffalo.edu:130162] common_ucx.c:362  Warning: UCX is unable to handle VM_UNMAP event. This may cause performance degradation or data corruption. Pls try adding --mca opal_common_ucx_opal_mem_hooks 1 to mpirun/oshrun command line to resolve this issue.
[cpn-q09-08-02.core.ccr.buffalo.edu:143793] common_ucx.c:362  Warning: UCX is unable to handle VM_UNMAP event. This may cause performance degradation or data corruption. Pls try adding --mca opal_common_ucx_opal_mem_hooks 1 to mpirun/oshrun command line to resolve this issue.
[cpn-q09-27-02.core.ccr.buffalo.edu:814652] common_ucx.c:362  Warning: UCX is unable to handle VM_UNMAP event. This may cause performance degradation or data corruption. Pls try adding --mca opal_common_ucx_opal_mem_hooks 1 to mpirun/oshrun command line to resolve this issue.
[cpn-q09-36-01.core.ccr.buffalo.edu:136471] common_ucx.c:362  Warning: UCX is unable to handle VM_UNMAP event. This may cause performance degradation or data corruption. Pls try adding --mca opal_common_ucx_opal_mem_hooks 1 to mpirun/oshrun command line to resolve this issue.
[cpn-q09-16-01.core.ccr.buffalo.edu:1946471] common_ucx.c:362  Warning: UCX is unable to handle VM_UNMAP event. This may cause performance degradation or data corruption. Pls try adding --mca opal_common_ucx_opal_mem_hooks 1 to mpirun/oshrun command line to resolve this issue.
[cpn-q09-09-01.core.ccr.buffalo.edu:807307] common_ucx.c:362  Warning: UCX is unable to handle VM_UNMAP event. This may cause performance degradation or data corruption. Pls try adding --mca opal_common_ucx_opal_mem_hooks 1 to mpirun/oshrun command line to resolve this issue.
[cpn-q09-35-01.core.ccr.buffalo.edu:522861] common_ucx.c:362  Warning: UCX is unable to handle VM_UNMAP event. This may cause performance degradation or data corruption. Pls try adding --mca opal_common_ucx_opal_mem_hooks 1 to mpirun/oshrun command line to resolve this issue.
[cpn-q09-17-02.core.ccr.buffalo.edu:174430] common_ucx.c:362  Warning: UCX is unable to handle VM_UNMAP event. This may cause performance degradation or data corruption. Pls try adding --mca opal_common_ucx_opal_mem_hooks 1 to mpirun/oshrun command line to resolve this issue.
[cpn-q06-05-01.core.ccr.buffalo.edu:102771] common_ucx.c:362  Warning: UCX is unable to handle VM_UNMAP event. This may cause performance degradation or data corruption. Pls try adding --mca opal_common_ucx_opal_mem_hooks 1 to mpirun/oshrun command line to resolve this issue.
[cpn-q09-08-01.core.ccr.buffalo.edu:1332292] common_ucx.c:362  Warning: UCX is unable to handle VM_UNMAP event. This may cause performance degradation or data corruption. Pls try adding --mca opal_common_ucx_opal_mem_hooks 1 to mpirun/oshrun command line to resolve this issue.
[cpn-q09-12-02.core.ccr.buffalo.edu:869944] common_ucx.c:362  Warning: UCX is unable to handle VM_UNMAP event. This may cause performance degradation or data corruption. Pls try adding --mca opal_common_ucx_opal_mem_hooks 1 to mpirun/oshrun command line to resolve this issue.
[cpn-q09-12-01.core.ccr.buffalo.edu:1828628] common_ucx.c:362  Warning: UCX is unable to handle VM_UNMAP event. This may cause performance degradation or data corruption. Pls try adding --mca opal_common_ucx_opal_mem_hooks 1 to mpirun/oshrun command line to resolve this issue.
[cpn-q09-24.core.ccr.buffalo.edu:3209761] common_ucx.c:362  Warning: UCX is unable to handle VM_UNMAP event. This may cause performance degradation or data corruption. Pls try adding --mca opal_common_ucx_opal_mem_hooks 1 to mpirun/oshrun command line to resolve this issue.
[cpn-q06-04-01.core.ccr.buffalo.edu:1167651] common_ucx.c:362  Warning: UCX is unable to handle VM_UNMAP event. This may cause performance degradation or data corruption. Pls try adding --mca opal_common_ucx_opal_mem_hooks 1 to mpirun/oshrun command line to resolve this issue.
[cpn-q09-04-01.core.ccr.buffalo.edu:3252814] common_ucx.c:362  Warning: UCX is unable to handle VM_UNMAP event. This may cause performance degradation or data corruption. Pls try adding --mca opal_common_ucx_opal_mem_hooks 1 to mpirun/oshrun command line to resolve this issue.
[cpn-q09-04-02.core.ccr.buffalo.edu:435742] common_ucx.c:362  Warning: UCX is unable to handle VM_UNMAP event. This may cause performance degradation or data corruption. Pls try adding --mca opal_common_ucx_opal_mem_hooks 1 to mpirun/oshrun command line to resolve this issue.
[cpn-q09-13-02.core.ccr.buffalo.edu:465495] common_ucx.c:362  Warning: UCX is unable to handle VM_UNMAP event. This may cause performance degradation or data corruption. Pls try adding --mca opal_common_ucx_opal_mem_hooks 1 to mpirun/oshrun command line to resolve this issue.
[cpn-q09-27-01.core.ccr.buffalo.edu:3299921] common_ucx.c:362  Warning: UCX is unable to handle VM_UNMAP event. This may cause performance degradation or data corruption. Pls try adding --mca opal_common_ucx_opal_mem_hooks 1 to mpirun/oshrun command line to resolve this issue.
[cpn-q09-31-02.core.ccr.buffalo.edu:168175] common_ucx.c:362  Warning: UCX is unable to handle VM_UNMAP event. This may cause performance degradation or data corruption. Pls try adding --mca opal_common_ucx_opal_mem_hooks 1 to mpirun/oshrun command line to resolve this issue.
[cpn-q09-16-02.core.ccr.buffalo.edu:185959] common_ucx.c:362  Warning: UCX is unable to handle VM_UNMAP event. This may cause performance degradation or data corruption. Pls try adding --mca opal_common_ucx_opal_mem_hooks 1 to mpirun/oshrun command line to resolve this issue.
[cpn-q09-31-01.core.ccr.buffalo.edu:278951] common_ucx.c:362  Warning: UCX is unable to handle VM_UNMAP event. This may cause performance degradation or data corruption. Pls try adding --mca opal_common_ucx_opal_mem_hooks 1 to mpirun/oshrun command line to resolve this issue.
[cpn-q06-05-02.core.ccr.buffalo.edu:108754] common_ucx.c:362  Warning: UCX is unable to handle VM_UNMAP event. This may cause performance degradation or data corruption. Pls try adding --mca opal_common_ucx_opal_mem_hooks 1 to mpirun/oshrun command line to resolve this issue.
[cpn-q09-13-01.core.ccr.buffalo.edu:542938] common_ucx.c:362  Warning: UCX is unable to handle VM_UNMAP event. This may cause performance degradation or data corruption. Pls try adding --mca opal_common_ucx_opal_mem_hooks 1 to mpirun/oshrun command line to resolve this issue.
[cpn-q09-05-01.core.ccr.buffalo.edu:128960] common_ucx.c:362  Warning: UCX is unable to handle VM_UNMAP event. This may cause performance degradation or data corruption. Pls try adding --mca opal_common_ucx_opal_mem_hooks 1 to mpirun/oshrun command line to resolve this issue.
[cpn-q09-17-01.core.ccr.buffalo.edu:1234292] common_ucx.c:362  Warning: UCX is unable to handle VM_UNMAP event. This may cause performance degradation or data corruption. Pls try adding --mca opal_common_ucx_opal_mem_hooks 1 to mpirun/oshrun command line to resolve this issue.
[cpn-q09-20.core.ccr.buffalo.edu:641296] common_ucx.c:362  Warning: UCX is unable to handle VM_UNMAP event. This may cause performance degradation or data corruption. Pls try adding --mca opal_common_ucx_opal_mem_hooks 1 to mpirun/oshrun command line to resolve this issue.
[cpn-q09-28-01.core.ccr.buffalo.edu:2547720] common_ucx.c:362  Warning: UCX is unable to handle VM_UNMAP event. This may cause performance degradation or data corruption. Pls try adding --mca opal_common_ucx_opal_mem_hooks 1 to mpirun/oshrun command line to resolve this issue.
[cpn-q09-20.core.ccr.buffalo.edu:641295] common_ucx.c:362  Warning: UCX is unable to handle VM_UNMAP event. This may cause performance degradation or data corruption. Pls try adding --mca opal_common_ucx_opal_mem_hooks 1 to mpirun/oshrun command line to resolve this issue.
[cpn-q09-35-02.core.ccr.buffalo.edu:130638] common_ucx.c:362  Warning: UCX is unable to handle VM_UNMAP event. This may cause performance degradation or data corruption. Pls try adding --mca opal_common_ucx_opal_mem_hooks 1 to mpirun/oshrun command line to resolve this issue.
[cpn-q06-04-02.core.ccr.buffalo.edu:101532] common_ucx.c:362  Warning: UCX is unable to handle VM_UNMAP event. This may cause performance degradation or data corruption. Pls try adding --mca opal_common_ucx_opal_mem_hooks 1 to mpirun/oshrun command line to resolve this issue.
[cpn-q09-09-02.core.ccr.buffalo.edu:321957] common_ucx.c:362  Warning: UCX is unable to handle VM_UNMAP event. This may cause performance degradation or data corruption. Pls try adding --mca opal_common_ucx_opal_mem_hooks 1 to mpirun/oshrun command line to resolve this issue.
[cpn-q06-12-02.core.ccr.buffalo.edu:3489633] common_ucx.c:362  Warning: UCX is unable to handle VM_UNMAP event. This may cause performance degradation or data corruption. Pls try adding --mca opal_common_ucx_opal_mem_hooks 1 to mpirun/oshrun command line to resolve this issue.
Saving HDF5 output files to: /vscratch/grp-rutaoyao/Harsh/24_rots_again/sysmats
All processes completed.
Saving HDF5 output files to: /vscratch/grp-rutaoyao/Harsh/24_rots_again/sysmats
All processes completed.
Saving HDF5 output files to: /vscratch/grp-rutaoyao/Harsh/24_rots_again/sysmats
All processes completed.
Saving HDF5 output files to: /vscratch/grp-rutaoyao/Harsh/24_rots_again/sysmats
All processes completed.
Saving HDF5 output files to: /vscratch/grp-rutaoyao/Harsh/24_rots_again/sysmats
All processes completed.
Saving HDF5 output files to: /vscratch/grp-rutaoyao/Harsh/24_rots_again/sysmats
All processes completed.
Saving HDF5 output files to: /vscratch/grp-rutaoyao/Harsh/24_rots_again/sysmats
All processes completed.
Saving HDF5 output files to: /vscratch/grp-rutaoyao/Harsh/24_rots_again/sysmats
All processes completed.
Saving HDF5 output files to: /vscratch/grp-rutaoyao/Harsh/24_rots_again/sysmats
[Rank 22] File 22, xtal 0 done.
[Rank 22] File 22, xtal 1 done.
[Rank 22] File 22, xtal 2 done.
[Rank 22] File 22, xtal 3 done.
[Rank 22] File 22, xtal 4 done.
[Rank 22] File 22, xtal 5 done.
[Rank 22] File 22, xtal 6 done.
[Rank 22] File 22, xtal 7 done.
[Rank 22] File 22, xtal 8 done.
[Rank 22] File 22, xtal 9 done.
[Rank 22] File 22, xtal 10 done.
[Rank 22] File 22, xtal 11 done.
[Rank 22] File 22, xtal 12 done.
[Rank 22] File 22, xtal 13 done.
[Rank 22] File 22, xtal 14 done.
[Rank 22] File 22, xtal 15 done.
[Rank 22] File 22, xtal 16 done.
[Rank 22] File 22, xtal 17 done.
[Rank 22] File 22, xtal 18 done.
[Rank 22] File 22, xtal 19 done.
[Rank 22] File 22, xtal 20 done.
[Rank 22] File 22, xtal 21 done.
[Rank 22] File 22, xtal 22 done.
[Rank 22] File 22, xtal 23 done.
[Rank 22] File 22, xtal 24 done.
[Rank 22] File 22, xtal 25 done.
[Rank 22] File 22, xtal 26 done.
[Rank 22] File 22, xtal 27 done.
[Rank 22] File 22, xtal 28 done.
[Rank 22] File 22, xtal 29 done.
[Rank 22] File 22, xtal 30 done.
[Rank 22] File 22, xtal 31 done.
[Rank 22] File 22, xtal 32 done.
[Rank 22] File 22, xtal 33 done.
[Rank 22] File 22, xtal 34 done.
[Rank 22] File 22, xtal 35 done.
[Rank 22] File 22, xtal 36 done.
[Rank 22] File 22, xtal 37 done.
[Rank 22] File 22, xtal 38 done.
[Rank 22] File 22, xtal 39 done.
[Rank 22] File 22, xtal 40 done.
[Rank 22] File 22, xtal 41 done.
[Rank 22] File 22, xtal 42 done.
[Rank 22] File 22, xtal 43 done.
[Rank 22] File 22, xtal 44 done.
[Rank 22] File 22, xtal 45 done.
[Rank 22] File 22, xtal 46 done.
[Rank 22] File 22, xtal 47 done.
[Rank 22] File 22, xtal 48 done.
[Rank 22] File 22, xtal 49 done.
[Rank 22] File 22, xtal 50 done.
[Rank 22] File 22, xtal 51 done.
[Rank 22] File 22, xtal 52 done.
[Rank 22] File 22, xtal 53 done.
[Rank 22] File 22, xtal 54 done.
[Rank 22] File 22, xtal 55 done.
[Rank 22] File 22, xtal 56 done.
[Rank 22] File 22, xtal 57 done.
[Rank 22] File 22, xtal 58 done.
[Rank 22] File 22, xtal 59 done.
[Rank 22] File 22, xtal 60 done.
[Rank 22] File 22, xtal 61 done.
[Rank 22] File 22, xtal 62 done.
[Rank 22] File 22, xtal 63 done.
[Rank 22] File 22, xtal 64 done.
[Rank 22] File 22, xtal 65 done.
[Rank 22] File 22, xtal 66 done.
[Rank 22] File 22, xtal 67 done.
[Rank 22] File 22, xtal 68 done.
[Rank 22] File 22, xtal 69 done.
[Rank 22] File 22, xtal 70 done.
[Rank 22] File 22, xtal 71 done.
[Rank 22] File 22, xtal 72 done.
[Rank 22] File 22, xtal 73 done.
[Rank 22] File 22, xtal 74 done.
[Rank 22] File 22, xtal 75 done.
[Rank 22] File 22, xtal 76 done.
[Rank 22] File 22, xtal 77 done.
[Rank 22] File 22, xtal 78 done.
[Rank 22] File 22, xtal 79 done.
[Rank 22] File 22, xtal 80 done.
[Rank 22] File 22, xtal 81 done.
[Rank 22] File 22, xtal 82 done.
[Rank 22] File 22, xtal 83 done.
[Rank 22] File 22, xtal 84 done.
[Rank 22] File 22, xtal 85 done.
[Rank 22] File 22, xtal 86 done.
[Rank 22] File 22, xtal 87 done.
[Rank 22] File 22, xtal 88 done.
[Rank 22] File 22, xtal 89 done.
[Rank 22] File 22, xtal 90 done.
[Rank 22] File 22, xtal 91 done.
[Rank 22] File 22, xtal 92 done.
[Rank 22] File 22, xtal 93 done.
[Rank 22] File 22, xtal 94 done.
[Rank 22] File 22, xtal 95 done.
[Rank 22] File 22, xtal 96 done.
[Rank 22] File 22, xtal 97 done.
[Rank 22] File 22, xtal 98 done.
[Rank 22] File 22, xtal 99 done.
[Rank 22] File 22, xtal 100 done.
[Rank 22] File 22, xtal 101 done.
[Rank 22] File 22, xtal 102 done.
[Rank 22] File 22, xtal 103 done.
[Rank 22] File 22, xtal 104 done.
[Rank 22] File 22, xtal 105 done.
[Rank 22] File 22, xtal 106 done.
[Rank 22] File 22, xtal 107 done.
[Rank 22] File 22, xtal 108 done.
[Rank 22] File 22, xtal 109 done.
[Rank 22] File 22, xtal 110 done.
[Rank 22] File 22, xtal 111 done.
[Rank 22] File 22, xtal 112 done.
[Rank 22] File 22, xtal 113 done.
[Rank 22] File 22, xtal 114 done.
[Rank 22] File 22, xtal 115 done.
[Rank 22] File 22, xtal 116 done.
[Rank 22] File 22, xtal 117 done.
[Rank 22] File 22, xtal 118 done.
[Rank 22] File 22, xtal 119 done.
[Rank 22] File 22, xtal 120 done.
[Rank 22] File 22, xtal 121 done.
[Rank 22] File 22, xtal 122 done.
[Rank 22] File 22, xtal 123 done.
[Rank 22] File 22, xtal 124 done.
[Rank 22] File 22, xtal 125 done.
[Rank 22] File 22, xtal 126 done.
[Rank 22] File 22, xtal 127 done.
[Rank 22] File 22, xtal 128 done.
[Rank 22] File 22, xtal 129 done.
[Rank 22] File 22, xtal 130 done.
[Rank 22] File 22, xtal 131 done.
[Rank 22] File 22, xtal 132 done.
[Rank 22] File 22, xtal 133 done.
[Rank 22] File 22, xtal 134 done.
[Rank 22] File 22, xtal 135 done.
[Rank 22] File 22, xtal 136 done.
[Rank 22] File 22, xtal 137 done.
[Rank 22] File 22, xtal 138 done.
[Rank 22] File 22, xtal 139 done.
[Rank 22] File 22, xtal 140 done.
[Rank 22] File 22, xtal 141 done.
[Rank 22] File 22, xtal 142 done.
[Rank 22] File 22, xtal 143 done.
[Rank 22] File 22, xtal 144 done.
[Rank 22] File 22, xtal 145 done.
[Rank 22] File 22, xtal 146 done.
[Rank 22] File 22, xtal 147 done.
[Rank 22] File 22, xtal 148 done.
[Rank 22] File 22, xtal 149 done.
[Rank 22] File 22, xtal 150 done.
[Rank 22] File 22, xtal 151 done.
[Rank 22] File 22, xtal 152 done.
[Rank 22] File 22, xtal 153 done.
[Rank 22] File 22, xtal 154 done.
[Rank 22] File 22, xtal 155 done.
[Rank 22] File 22, xtal 156 done.
[Rank 22] File 22, xtal 157 done.
[Rank 22] File 22, xtal 158 done.
[Rank 22] File 22, xtal 159 done.
[Rank 22] File 22, xtal 160 done.
[Rank 22] File 22, xtal 161 done.
[Rank 22] File 22, xtal 162 done.
[Rank 22] File 22, xtal 163 done.
[Rank 22] File 22, xtal 164 done.
[Rank 22] File 22, xtal 165 done.
[Rank 22] File 22, xtal 166 done.
[Rank 22] File 22, xtal 167 done.
[Rank 22] File 22, xtal 168 done.
[Rank 22] File 22, xtal 169 done.
[Rank 22] File 22, xtal 170 done.
[Rank 22] File 22, xtal 171 done.
[Rank 22] File 22, xtal 172 done.
[Rank 22] File 22, xtal 173 done.
[Rank 22] File 22, xtal 174 done.
[Rank 22] File 22, xtal 175 done.
[Rank 22] File 22, xtal 176 done.
[Rank 22] File 22, xtal 177 done.
[Rank 22] File 22, xtal 178 done.
[Rank 22] File 22, xtal 179 done.
[Rank 22] File 22, xtal 180 done.
[Rank 22] File 22, xtal 181 done.
[Rank 22] File 22, xtal 182 done.
[Rank 22] File 22, xtal 183 done.
[Rank 22] File 22, xtal 184 done.
[Rank 22] File 22, xtal 185 done.
[Rank 22] File 22, xtal 186 done.
[Rank 22] File 22, xtal 187 done.
[Rank 22] File 22, xtal 188 done.
[Rank 22] File 22, xtal 189 done.
[Rank 22] File 22, xtal 190 done.
[Rank 22] File 22, xtal 191 done.
[Rank 22] File 22, xtal 192 done.
[Rank 22] File 22, xtal 193 done.
[Rank 22] File 22, xtal 194 done.
[Rank 22] File 22, xtal 195 done.
[Rank 22] File 22, xtal 196 done.
[Rank 22] File 22, xtal 197 done.
[Rank 22] File 22, xtal 198 done.
[Rank 22] File 22, xtal 199 done.
[Rank 22] File 22, xtal 200 done.
[Rank 22] File 22, xtal 201 done.
[Rank 22] File 22, xtal 202 done.
[Rank 22] File 22, xtal 203 done.
[Rank 22] File 22, xtal 204 done.
[Rank 22] File 22, xtal 205 done.
[Rank 22] File 22, xtal 206 done.
[Rank 22] File 22, xtal 207 done.
[Rank 22] File 22, xtal 208 done.
[Rank 22] File 22, xtal 209 done.
[Rank 22] File 22, xtal 210 done.
[Rank 22] File 22, xtal 211 done.
[Rank 22] File 22, xtal 212 done.
[Rank 22] File 22, xtal 213 done.
[Rank 22] File 22, xtal 214 done.
[Rank 22] File 22, xtal 215 done.
[Rank 22] File 22, xtal 216 done.
[Rank 22] File 22, xtal 217 done.
[Rank 22] File 22, xtal 218 done.
[Rank 22] File 22, xtal 219 done.
[Rank 22] File 22, xtal 220 done.
[Rank 22] File 22, xtal 221 done.
[Rank 22] File 22, xtal 222 done.
[Rank 22] File 22, xtal 223 done.
[Rank 22] File 22, xtal 224 done.
[Rank 22] File 22, xtal 225 done.
[Rank 22] File 22, xtal 226 done.
[Rank 22] File 22, xtal 227 done.
[Rank 22] File 22, xtal 228 done.
[Rank 22] File 22, xtal 229 done.
[Rank 22] File 22, xtal 230 done.
[Rank 22] File 22, xtal 231 done.
[Rank 22] File 22, xtal 232 done.
[Rank 22] File 22, xtal 233 done.
[Rank 22] File 22, xtal 234 done.
[Rank 22] File 22, xtal 235 done.
[Rank 22] File 22, xtal 236 done.
[Rank 22] File 22, xtal 237 done.
[Rank 22] File 22, xtal 238 done.
[Rank 22] File 22, xtal 239 done.
[Rank 22] File 22, xtal 240 done.
Saving HDF5 output files to: /vscratch/grp-rutaoyao/Harsh/24_rots_again/sysmats
[Rank 16] File 16, xtal 0 done.
[Rank 16] File 16, xtal 1 done.
[Rank 16] File 16, xtal 2 done.
[Rank 16] File 16, xtal 3 done.
[Rank 16] File 16, xtal 4 done.
[Rank 16] File 16, xtal 5 done.
[Rank 16] File 16, xtal 6 done.
[Rank 16] File 16, xtal 7 done.
[Rank 16] File 16, xtal 8 done.
[Rank 16] File 16, xtal 9 done.
[Rank 16] File 16, xtal 10 done.
[Rank 16] File 16, xtal 11 done.
[Rank 16] File 16, xtal 12 done.
[Rank 16] File 16, xtal 13 done.
[Rank 16] File 16, xtal 14 done.
[Rank 16] File 16, xtal 15 done.
[Rank 16] File 16, xtal 16 done.
[Rank 16] File 16, xtal 17 done.
[Rank 16] File 16, xtal 18 done.
[Rank 16] File 16, xtal 19 done.
[Rank 16] File 16, xtal 20 done.
[Rank 16] File 16, xtal 21 done.
[Rank 16] File 16, xtal 22 done.
[Rank 16] File 16, xtal 23 done.
[Rank 16] File 16, xtal 24 done.
[Rank 16] File 16, xtal 25 done.
[Rank 16] File 16, xtal 26 done.
[Rank 16] File 16, xtal 27 done.
[Rank 16] File 16, xtal 28 done.
[Rank 16] File 16, xtal 29 done.
[Rank 16] File 16, xtal 30 done.
[Rank 16] File 16, xtal 31 done.
[Rank 16] File 16, xtal 32 done.
[Rank 16] File 16, xtal 33 done.
[Rank 16] File 16, xtal 34 done.
[Rank 16] File 16, xtal 35 done.
[Rank 16] File 16, xtal 36 done.
[Rank 16] File 16, xtal 37 done.
[Rank 16] File 16, xtal 38 done.
[Rank 16] File 16, xtal 39 done.
[Rank 16] File 16, xtal 40 done.
[Rank 16] File 16, xtal 41 done.
[Rank 16] File 16, xtal 42 done.
[Rank 16] File 16, xtal 43 done.
[Rank 16] File 16, xtal 44 done.
[Rank 16] File 16, xtal 45 done.
[Rank 16] File 16, xtal 46 done.
[Rank 16] File 16, xtal 47 done.
[Rank 16] File 16, xtal 48 done.
[Rank 16] File 16, xtal 49 done.
[Rank 16] File 16, xtal 50 done.
[Rank 16] File 16, xtal 51 done.
[Rank 16] File 16, xtal 52 done.
[Rank 16] File 16, xtal 53 done.
[Rank 16] File 16, xtal 54 done.
[Rank 16] File 16, xtal 55 done.
[Rank 16] File 16, xtal 56 done.
[Rank 16] File 16, xtal 57 done.
[Rank 16] File 16, xtal 58 done.
[Rank 16] File 16, xtal 59 done.
[Rank 16] File 16, xtal 60 done.
[Rank 16] File 16, xtal 61 done.
[Rank 16] File 16, xtal 62 done.
[Rank 16] File 16, xtal 63 done.
[Rank 16] File 16, xtal 64 done.
[Rank 16] File 16, xtal 65 done.
[Rank 16] File 16, xtal 66 done.
[Rank 16] File 16, xtal 67 done.
[Rank 16] File 16, xtal 68 done.
[Rank 16] File 16, xtal 69 done.
[Rank 16] File 16, xtal 70 done.
[Rank 16] File 16, xtal 71 done.
[Rank 16] File 16, xtal 72 done.
[Rank 16] File 16, xtal 73 done.
[Rank 16] File 16, xtal 74 done.
[Rank 16] File 16, xtal 75 done.
[Rank 16] File 16, xtal 76 done.
[Rank 16] File 16, xtal 77 done.
[Rank 16] File 16, xtal 78 done.
[Rank 16] File 16, xtal 79 done.
[Rank 16] File 16, xtal 80 done.
[Rank 16] File 16, xtal 81 done.
[Rank 16] File 16, xtal 82 done.
[Rank 16] File 16, xtal 83 done.
[Rank 16] File 16, xtal 84 done.
[Rank 16] File 16, xtal 85 done.
[Rank 16] File 16, xtal 86 done.
[Rank 16] File 16, xtal 87 done.
[Rank 16] File 16, xtal 88 done.
[Rank 16] File 16, xtal 89 done.
[Rank 16] File 16, xtal 90 done.
[Rank 16] File 16, xtal 91 done.
[Rank 16] File 16, xtal 92 done.
[Rank 16] File 16, xtal 93 done.
[Rank 16] File 16, xtal 94 done.
[Rank 16] File 16, xtal 95 done.
[Rank 16] File 16, xtal 96 done.
[Rank 16] File 16, xtal 97 done.
[Rank 16] File 16, xtal 98 done.
[Rank 16] File 16, xtal 99 done.
[Rank 16] File 16, xtal 100 done.
[Rank 16] File 16, xtal 101 done.
[Rank 16] File 16, xtal 102 done.
[Rank 16] File 16, xtal 103 done.
[Rank 16] File 16, xtal 104 done.
[Rank 16] File 16, xtal 105 done.
[Rank 16] File 16, xtal 106 done.
[Rank 16] File 16, xtal 107 done.
[Rank 16] File 16, xtal 108 done.
[Rank 16] File 16, xtal 109 done.
[Rank 16] File 16, xtal 110 done.
[Rank 16] File 16, xtal 111 done.
[Rank 16] File 16, xtal 112 done.
[Rank 16] File 16, xtal 113 done.
[Rank 16] File 16, xtal 114 done.
[Rank 16] File 16, xtal 115 done.
[Rank 16] File 16, xtal 116 done.
[Rank 16] File 16, xtal 117 done.
[Rank 16] File 16, xtal 118 done.
[Rank 16] File 16, xtal 119 done.
[Rank 16] File 16, xtal 120 done.
[Rank 16] File 16, xtal 121 done.
[Rank 16] File 16, xtal 122 done.
[Rank 16] File 16, xtal 123 done.
[Rank 16] File 16, xtal 124 done.
[Rank 16] File 16, xtal 125 done.
[Rank 16] File 16, xtal 126 done.
[Rank 16] File 16, xtal 127 done.
[Rank 16] File 16, xtal 128 done.
[Rank 16] File 16, xtal 129 done.
[Rank 16] File 16, xtal 130 done.
[Rank 16] File 16, xtal 131 done.
[Rank 16] File 16, xtal 132 done.
[Rank 16] File 16, xtal 133 done.
[Rank 16] File 16, xtal 134 done.
[Rank 16] File 16, xtal 135 done.
[Rank 16] File 16, xtal 136 done.
[Rank 16] File 16, xtal 137 done.
[Rank 16] File 16, xtal 138 done.
[Rank 16] File 16, xtal 139 done.
[Rank 16] File 16, xtal 140 done.
[Rank 16] File 16, xtal 141 done.
[Rank 16] File 16, xtal 142 done.
[Rank 16] File 16, xtal 143 done.
[Rank 16] File 16, xtal 144 done.
[Rank 16] File 16, xtal 145 done.
[Rank 16] File 16, xtal 146 done.
[Rank 16] File 16, xtal 147 done.
[Rank 16] File 16, xtal 148 done.
[Rank 16] File 16, xtal 149 done.
[Rank 16] File 16, xtal 150 done.
[Rank 16] File 16, xtal 151 done.
[Rank 16] File 16, xtal 152 done.
[Rank 16] File 16, xtal 153 done.
[Rank 16] File 16, xtal 154 done.
[Rank 16] File 16, xtal 155 done.
[Rank 16] File 16, xtal 156 done.
[Rank 16] File 16, xtal 157 done.
[Rank 16] File 16, xtal 158 done.
[Rank 16] File 16, xtal 159 done.
[Rank 16] File 16, xtal 160 done.
[Rank 16] File 16, xtal 161 done.
[Rank 16] File 16, xtal 162 done.
[Rank 16] File 16, xtal 163 done.
[Rank 16] File 16, xtal 164 done.
[Rank 16] File 16, xtal 165 done.
[Rank 16] File 16, xtal 166 done.
[Rank 16] File 16, xtal 167 done.
[Rank 16] File 16, xtal 168 done.
[Rank 16] File 16, xtal 169 done.
[Rank 16] File 16, xtal 170 done.
[Rank 16] File 16, xtal 171 done.
[Rank 16] File 16, xtal 172 done.
[Rank 16] File 16, xtal 173 done.
[Rank 16] File 16, xtal 174 done.
[Rank 16] File 16, xtal 175 done.
[Rank 16] File 16, xtal 176 done.
[Rank 16] File 16, xtal 177 done.
[Rank 16] File 16, xtal 178 done.
[Rank 16] File 16, xtal 179 done.
[Rank 16] File 16, xtal 180 done.
[Rank 16] File 16, xtal 181 done.
[Rank 16] File 16, xtal 182 done.
[Rank 16] File 16, xtal 183 done.
[Rank 16] File 16, xtal 184 done.
[Rank 16] File 16, xtal 185 done.
[Rank 16] File 16, xtal 186 done.
[Rank 16] File 16, xtal 187 done.
[Rank 16] File 16, xtal 188 done.
[Rank 16] File 16, xtal 189 done.
[Rank 16] File 16, xtal 190 done.
[Rank 16] File 16, xtal 191 done.
[Rank 16] File 16, xtal 192 done.
[Rank 16] File 16, xtal 193 done.
[Rank 16] File 16, xtal 194 done.
[Rank 16] File 16, xtal 195 done.
[Rank 16] File 16, xtal 196 done.
[Rank 16] File 16, xtal 197 done.
[Rank 16] File 16, xtal 198 done.
[Rank 16] File 16, xtal 199 done.
[Rank 16] File 16, xtal 200 done.
[Rank 16] File 16, xtal 201 done.
[Rank 16] File 16, xtal 202 done.
[Rank 16] File 16, xtal 203 done.
[Rank 16] File 16, xtal 204 done.
[Rank 16] File 16, xtal 205 done.
[Rank 16] File 16, xtal 206 done.
[Rank 16] File 16, xtal 207 done.
[Rank 16] File 16, xtal 208 done.
[Rank 16] File 16, xtal 209 done.
[Rank 16] File 16, xtal 210 done.
[Rank 16] File 16, xtal 211 done.
[Rank 16] File 16, xtal 212 done.
[Rank 16] File 16, xtal 213 done.
[Rank 16] File 16, xtal 214 done.
[Rank 16] File 16, xtal 215 done.
[Rank 16] File 16, xtal 216 done.
[Rank 16] File 16, xtal 217 done.
[Rank 16] File 16, xtal 218 done.
[Rank 16] File 16, xtal 219 done.
[Rank 16] File 16, xtal 220 done.
[Rank 16] File 16, xtal 221 done.
[Rank 16] File 16, xtal 222 done.
[Rank 16] File 16, xtal 223 done.
[Rank 16] File 16, xtal 224 done.
[Rank 16] File 16, xtal 225 done.
[Rank 16] File 16, xtal 226 done.
[Rank 16] File 16, xtal 227 done.
[Rank 16] File 16, xtal 228 done.
[Rank 16] File 16, xtal 229 done.
[Rank 16] File 16, xtal 230 done.
[Rank 16] File 16, xtal 231 done.
[Rank 16] File 16, xtal 232 done.
[Rank 16] File 16, xtal 233 done.
[Rank 16] File 16, xtal 234 done.
[Rank 16] File 16, xtal 235 done.
[Rank 16] File 16, xtal 236 done.
[Rank 16] File 16, xtal 237 done.
[Rank 16] File 16, xtal 238 done.
[Rank 16] File 16, xtal 239 done.
[Rank 16] File 16, xtal 240 done.
Saving HDF5 output files to: /vscratch/grp-rutaoyao/Harsh/24_rots_again/sysmats
[Rank 12] File 12, xtal 0 done.
[Rank 12] File 12, xtal 1 done.
[Rank 12] File 12, xtal 2 done.
[Rank 12] File 12, xtal 3 done.
[Rank 12] File 12, xtal 4 done.
[Rank 12] File 12, xtal 5 done.
[Rank 12] File 12, xtal 6 done.
[Rank 12] File 12, xtal 7 done.
[Rank 12] File 12, xtal 8 done.
[Rank 12] File 12, xtal 9 done.
[Rank 12] File 12, xtal 10 done.
[Rank 12] File 12, xtal 11 done.
[Rank 12] File 12, xtal 12 done.
[Rank 12] File 12, xtal 13 done.
[Rank 12] File 12, xtal 14 done.
[Rank 12] File 12, xtal 15 done.
[Rank 12] File 12, xtal 16 done.
[Rank 12] File 12, xtal 17 done.
[Rank 12] File 12, xtal 18 done.
[Rank 12] File 12, xtal 19 done.
[Rank 12] File 12, xtal 20 done.
[Rank 12] File 12, xtal 21 done.
[Rank 12] File 12, xtal 22 done.
[Rank 12] File 12, xtal 23 done.
[Rank 12] File 12, xtal 24 done.
[Rank 12] File 12, xtal 25 done.
[Rank 12] File 12, xtal 26 done.
[Rank 12] File 12, xtal 27 done.
[Rank 12] File 12, xtal 28 done.
[Rank 12] File 12, xtal 29 done.
[Rank 12] File 12, xtal 30 done.
[Rank 12] File 12, xtal 31 done.
[Rank 12] File 12, xtal 32 done.
[Rank 12] File 12, xtal 33 done.
[Rank 12] File 12, xtal 34 done.
[Rank 12] File 12, xtal 35 done.
[Rank 12] File 12, xtal 36 done.
[Rank 12] File 12, xtal 37 done.
[Rank 12] File 12, xtal 38 done.
[Rank 12] File 12, xtal 39 done.
[Rank 12] File 12, xtal 40 done.
[Rank 12] File 12, xtal 41 done.
[Rank 12] File 12, xtal 42 done.
[Rank 12] File 12, xtal 43 done.
[Rank 12] File 12, xtal 44 done.
[Rank 12] File 12, xtal 45 done.
[Rank 12] File 12, xtal 46 done.
[Rank 12] File 12, xtal 47 done.
[Rank 12] File 12, xtal 48 done.
[Rank 12] File 12, xtal 49 done.
[Rank 12] File 12, xtal 50 done.
[Rank 12] File 12, xtal 51 done.
[Rank 12] File 12, xtal 52 done.
[Rank 12] File 12, xtal 53 done.
[Rank 12] File 12, xtal 54 done.
[Rank 12] File 12, xtal 55 done.
[Rank 12] File 12, xtal 56 done.
[Rank 12] File 12, xtal 57 done.
[Rank 12] File 12, xtal 58 done.
[Rank 12] File 12, xtal 59 done.
[Rank 12] File 12, xtal 60 done.
[Rank 12] File 12, xtal 61 done.
[Rank 12] File 12, xtal 62 done.
[Rank 12] File 12, xtal 63 done.
[Rank 12] File 12, xtal 64 done.
[Rank 12] File 12, xtal 65 done.
[Rank 12] File 12, xtal 66 done.
[Rank 12] File 12, xtal 67 done.
[Rank 12] File 12, xtal 68 done.
[Rank 12] File 12, xtal 69 done.
[Rank 12] File 12, xtal 70 done.
[Rank 12] File 12, xtal 71 done.
[Rank 12] File 12, xtal 72 done.
[Rank 12] File 12, xtal 73 done.
[Rank 12] File 12, xtal 74 done.
[Rank 12] File 12, xtal 75 done.
[Rank 12] File 12, xtal 76 done.
[Rank 12] File 12, xtal 77 done.
[Rank 12] File 12, xtal 78 done.
[Rank 12] File 12, xtal 79 done.
[Rank 12] File 12, xtal 80 done.
[Rank 12] File 12, xtal 81 done.
[Rank 12] File 12, xtal 82 done.
[Rank 12] File 12, xtal 83 done.
[Rank 12] File 12, xtal 84 done.
[Rank 12] File 12, xtal 85 done.
[Rank 12] File 12, xtal 86 done.
[Rank 12] File 12, xtal 87 done.
[Rank 12] File 12, xtal 88 done.
[Rank 12] File 12, xtal 89 done.
[Rank 12] File 12, xtal 90 done.
[Rank 12] File 12, xtal 91 done.
[Rank 12] File 12, xtal 92 done.
[Rank 12] File 12, xtal 93 done.
[Rank 12] File 12, xtal 94 done.
[Rank 12] File 12, xtal 95 done.
[Rank 12] File 12, xtal 96 done.
[Rank 12] File 12, xtal 97 done.
[Rank 12] File 12, xtal 98 done.
[Rank 12] File 12, xtal 99 done.
[Rank 12] File 12, xtal 100 done.
[Rank 12] File 12, xtal 101 done.
[Rank 12] File 12, xtal 102 done.
[Rank 12] File 12, xtal 103 done.
[Rank 12] File 12, xtal 104 done.
[Rank 12] File 12, xtal 105 done.
[Rank 12] File 12, xtal 106 done.
[Rank 12] File 12, xtal 107 done.
[Rank 12] File 12, xtal 108 done.
[Rank 12] File 12, xtal 109 done.
[Rank 12] File 12, xtal 110 done.
[Rank 12] File 12, xtal 111 done.
[Rank 12] File 12, xtal 112 done.
[Rank 12] File 12, xtal 113 done.
[Rank 12] File 12, xtal 114 done.
[Rank 12] File 12, xtal 115 done.
[Rank 12] File 12, xtal 116 done.
[Rank 12] File 12, xtal 117 done.
[Rank 12] File 12, xtal 118 done.
[Rank 12] File 12, xtal 119 done.
[Rank 12] File 12, xtal 120 done.
[Rank 12] File 12, xtal 121 done.
[Rank 12] File 12, xtal 122 done.
[Rank 12] File 12, xtal 123 done.
[Rank 12] File 12, xtal 124 done.
[Rank 12] File 12, xtal 125 done.
[Rank 12] File 12, xtal 126 done.
[Rank 12] File 12, xtal 127 done.
[Rank 12] File 12, xtal 128 done.
[Rank 12] File 12, xtal 129 done.
[Rank 12] File 12, xtal 130 done.
[Rank 12] File 12, xtal 131 done.
[Rank 12] File 12, xtal 132 done.
[Rank 12] File 12, xtal 133 done.
[Rank 12] File 12, xtal 134 done.
[Rank 12] File 12, xtal 135 done.
[Rank 12] File 12, xtal 136 done.
[Rank 12] File 12, xtal 137 done.
[Rank 12] File 12, xtal 138 done.
[Rank 12] File 12, xtal 139 done.
[Rank 12] File 12, xtal 140 done.
[Rank 12] File 12, xtal 141 done.
[Rank 12] File 12, xtal 142 done.
[Rank 12] File 12, xtal 143 done.
[Rank 12] File 12, xtal 144 done.
[Rank 12] File 12, xtal 145 done.
[Rank 12] File 12, xtal 146 done.
[Rank 12] File 12, xtal 147 done.
[Rank 12] File 12, xtal 148 done.
[Rank 12] File 12, xtal 149 done.
[Rank 12] File 12, xtal 150 done.
[Rank 12] File 12, xtal 151 done.
[Rank 12] File 12, xtal 152 done.
[Rank 12] File 12, xtal 153 done.
[Rank 12] File 12, xtal 154 done.
[Rank 12] File 12, xtal 155 done.
[Rank 12] File 12, xtal 156 done.
[Rank 12] File 12, xtal 157 done.
[Rank 12] File 12, xtal 158 done.
[Rank 12] File 12, xtal 159 done.
[Rank 12] File 12, xtal 160 done.
[Rank 12] File 12, xtal 161 done.
[Rank 12] File 12, xtal 162 done.
[Rank 12] File 12, xtal 163 done.
[Rank 12] File 12, xtal 164 done.
[Rank 12] File 12, xtal 165 done.
[Rank 12] File 12, xtal 166 done.
[Rank 12] File 12, xtal 167 done.
[Rank 12] File 12, xtal 168 done.
[Rank 12] File 12, xtal 169 done.
[Rank 12] File 12, xtal 170 done.
[Rank 12] File 12, xtal 171 done.
[Rank 12] File 12, xtal 172 done.
[Rank 12] File 12, xtal 173 done.
[Rank 12] File 12, xtal 174 done.
[Rank 12] File 12, xtal 175 done.
[Rank 12] File 12, xtal 176 done.
[Rank 12] File 12, xtal 177 done.
[Rank 12] File 12, xtal 178 done.
[Rank 12] File 12, xtal 179 done.
[Rank 12] File 12, xtal 180 done.
[Rank 12] File 12, xtal 181 done.
[Rank 12] File 12, xtal 182 done.
[Rank 12] File 12, xtal 183 done.
[Rank 12] File 12, xtal 184 done.
[Rank 12] File 12, xtal 185 done.
[Rank 12] File 12, xtal 186 done.
[Rank 12] File 12, xtal 187 done.
[Rank 12] File 12, xtal 188 done.
[Rank 12] File 12, xtal 189 done.
[Rank 12] File 12, xtal 190 done.
[Rank 12] File 12, xtal 191 done.
[Rank 12] File 12, xtal 192 done.
[Rank 12] File 12, xtal 193 done.
[Rank 12] File 12, xtal 194 done.
[Rank 12] File 12, xtal 195 done.
[Rank 12] File 12, xtal 196 done.
[Rank 12] File 12, xtal 197 done.
[Rank 12] File 12, xtal 198 done.
[Rank 12] File 12, xtal 199 done.
[Rank 12] File 12, xtal 200 done.
[Rank 12] File 12, xtal 201 done.
[Rank 12] File 12, xtal 202 done.
[Rank 12] File 12, xtal 203 done.
[Rank 12] File 12, xtal 204 done.
[Rank 12] File 12, xtal 205 done.
[Rank 12] File 12, xtal 206 done.
[Rank 12] File 12, xtal 207 done.
[Rank 12] File 12, xtal 208 done.
[Rank 12] File 12, xtal 209 done.
[Rank 12] File 12, xtal 210 done.
[Rank 12] File 12, xtal 211 done.
[Rank 12] File 12, xtal 212 done.
[Rank 12] File 12, xtal 213 done.
[Rank 12] File 12, xtal 214 done.
[Rank 12] File 12, xtal 215 done.
[Rank 12] File 12, xtal 216 done.
[Rank 12] File 12, xtal 217 done.
[Rank 12] File 12, xtal 218 done.
[Rank 12] File 12, xtal 219 done.
[Rank 12] File 12, xtal 220 done.
[Rank 12] File 12, xtal 221 done.
[Rank 12] File 12, xtal 222 done.
[Rank 12] File 12, xtal 223 done.
[Rank 12] File 12, xtal 224 done.
[Rank 12] File 12, xtal 225 done.
[Rank 12] File 12, xtal 226 done.
[Rank 12] File 12, xtal 227 done.
[Rank 12] File 12, xtal 228 done.
[Rank 12] File 12, xtal 229 done.
[Rank 12] File 12, xtal 230 done.
[Rank 12] File 12, xtal 231 done.
[Rank 12] File 12, xtal 232 done.
[Rank 12] File 12, xtal 233 done.
[Rank 12] File 12, xtal 234 done.
[Rank 12] File 12, xtal 235 done.
[Rank 12] File 12, xtal 236 done.
[Rank 12] File 12, xtal 237 done.
[Rank 12] File 12, xtal 238 done.
[Rank 12] File 12, xtal 239 done.
[Rank 12] File 12, xtal 240 done.
Saving HDF5 output files to: /vscratch/grp-rutaoyao/Harsh/24_rots_again/sysmats
[Rank 19] File 19, xtal 0 done.
[Rank 19] File 19, xtal 1 done.
[Rank 19] File 19, xtal 2 done.
[Rank 19] File 19, xtal 3 done.
[Rank 19] File 19, xtal 4 done.
[Rank 19] File 19, xtal 5 done.
[Rank 19] File 19, xtal 6 done.
[Rank 19] File 19, xtal 7 done.
[Rank 19] File 19, xtal 8 done.
[Rank 19] File 19, xtal 9 done.
[Rank 19] File 19, xtal 10 done.
[Rank 19] File 19, xtal 11 done.
[Rank 19] File 19, xtal 12 done.
[Rank 19] File 19, xtal 13 done.
[Rank 19] File 19, xtal 14 done.
[Rank 19] File 19, xtal 15 done.
[Rank 19] File 19, xtal 16 done.
[Rank 19] File 19, xtal 17 done.
[Rank 19] File 19, xtal 18 done.
[Rank 19] File 19, xtal 19 done.
[Rank 19] File 19, xtal 20 done.
[Rank 19] File 19, xtal 21 done.
[Rank 19] File 19, xtal 22 done.
[Rank 19] File 19, xtal 23 done.
[Rank 19] File 19, xtal 24 done.
[Rank 19] File 19, xtal 25 done.
[Rank 19] File 19, xtal 26 done.
[Rank 19] File 19, xtal 27 done.
[Rank 19] File 19, xtal 28 done.
[Rank 19] File 19, xtal 29 done.
[Rank 19] File 19, xtal 30 done.
[Rank 19] File 19, xtal 31 done.
[Rank 19] File 19, xtal 32 done.
[Rank 19] File 19, xtal 33 done.
[Rank 19] File 19, xtal 34 done.
[Rank 19] File 19, xtal 35 done.
[Rank 19] File 19, xtal 36 done.
[Rank 19] File 19, xtal 37 done.
[Rank 19] File 19, xtal 38 done.
[Rank 19] File 19, xtal 39 done.
[Rank 19] File 19, xtal 40 done.
[Rank 19] File 19, xtal 41 done.
[Rank 19] File 19, xtal 42 done.
[Rank 19] File 19, xtal 43 done.
[Rank 19] File 19, xtal 44 done.
[Rank 19] File 19, xtal 45 done.
[Rank 19] File 19, xtal 46 done.
[Rank 19] File 19, xtal 47 done.
[Rank 19] File 19, xtal 48 done.
[Rank 19] File 19, xtal 49 done.
[Rank 19] File 19, xtal 50 done.
[Rank 19] File 19, xtal 51 done.
[Rank 19] File 19, xtal 52 done.
[Rank 19] File 19, xtal 53 done.
[Rank 19] File 19, xtal 54 done.
[Rank 19] File 19, xtal 55 done.
[Rank 19] File 19, xtal 56 done.
[Rank 19] File 19, xtal 57 done.
[Rank 19] File 19, xtal 58 done.
[Rank 19] File 19, xtal 59 done.
[Rank 19] File 19, xtal 60 done.
[Rank 19] File 19, xtal 61 done.
[Rank 19] File 19, xtal 62 done.
[Rank 19] File 19, xtal 63 done.
[Rank 19] File 19, xtal 64 done.
[Rank 19] File 19, xtal 65 done.
[Rank 19] File 19, xtal 66 done.
[Rank 19] File 19, xtal 67 done.
[Rank 19] File 19, xtal 68 done.
[Rank 19] File 19, xtal 69 done.
[Rank 19] File 19, xtal 70 done.
[Rank 19] File 19, xtal 71 done.
[Rank 19] File 19, xtal 72 done.
[Rank 19] File 19, xtal 73 done.
[Rank 19] File 19, xtal 74 done.
[Rank 19] File 19, xtal 75 done.
[Rank 19] File 19, xtal 76 done.
[Rank 19] File 19, xtal 77 done.
[Rank 19] File 19, xtal 78 done.
[Rank 19] File 19, xtal 79 done.
[Rank 19] File 19, xtal 80 done.
[Rank 19] File 19, xtal 81 done.
[Rank 19] File 19, xtal 82 done.
[Rank 19] File 19, xtal 83 done.
[Rank 19] File 19, xtal 84 done.
[Rank 19] File 19, xtal 85 done.
[Rank 19] File 19, xtal 86 done.
[Rank 19] File 19, xtal 87 done.
[Rank 19] File 19, xtal 88 done.
[Rank 19] File 19, xtal 89 done.
[Rank 19] File 19, xtal 90 done.
[Rank 19] File 19, xtal 91 done.
[Rank 19] File 19, xtal 92 done.
[Rank 19] File 19, xtal 93 done.
[Rank 19] File 19, xtal 94 done.
[Rank 19] File 19, xtal 95 done.
[Rank 19] File 19, xtal 96 done.
[Rank 19] File 19, xtal 97 done.
[Rank 19] File 19, xtal 98 done.
[Rank 19] File 19, xtal 99 done.
[Rank 19] File 19, xtal 100 done.
[Rank 19] File 19, xtal 101 done.
[Rank 19] File 19, xtal 102 done.
[Rank 19] File 19, xtal 103 done.
[Rank 19] File 19, xtal 104 done.
[Rank 19] File 19, xtal 105 done.
[Rank 19] File 19, xtal 106 done.
[Rank 19] File 19, xtal 107 done.
[Rank 19] File 19, xtal 108 done.
[Rank 19] File 19, xtal 109 done.
[Rank 19] File 19, xtal 110 done.
[Rank 19] File 19, xtal 111 done.
[Rank 19] File 19, xtal 112 done.
[Rank 19] File 19, xtal 113 done.
[Rank 19] File 19, xtal 114 done.
[Rank 19] File 19, xtal 115 done.
[Rank 19] File 19, xtal 116 done.
[Rank 19] File 19, xtal 117 done.
[Rank 19] File 19, xtal 118 done.
[Rank 19] File 19, xtal 119 done.
[Rank 19] File 19, xtal 120 done.
[Rank 19] File 19, xtal 121 done.
[Rank 19] File 19, xtal 122 done.
[Rank 19] File 19, xtal 123 done.
[Rank 19] File 19, xtal 124 done.
[Rank 19] File 19, xtal 125 done.
[Rank 19] File 19, xtal 126 done.
[Rank 19] File 19, xtal 127 done.
[Rank 19] File 19, xtal 128 done.
[Rank 19] File 19, xtal 129 done.
[Rank 19] File 19, xtal 130 done.
[Rank 19] File 19, xtal 131 done.
[Rank 19] File 19, xtal 132 done.
[Rank 19] File 19, xtal 133 done.
[Rank 19] File 19, xtal 134 done.
[Rank 19] File 19, xtal 135 done.
[Rank 19] File 19, xtal 136 done.
[Rank 19] File 19, xtal 137 done.
[Rank 19] File 19, xtal 138 done.
[Rank 19] File 19, xtal 139 done.
[Rank 19] File 19, xtal 140 done.
[Rank 19] File 19, xtal 141 done.
[Rank 19] File 19, xtal 142 done.
[Rank 19] File 19, xtal 143 done.
[Rank 19] File 19, xtal 144 done.
[Rank 19] File 19, xtal 145 done.
[Rank 19] File 19, xtal 146 done.
[Rank 19] File 19, xtal 147 done.
[Rank 19] File 19, xtal 148 done.
[Rank 19] File 19, xtal 149 done.
[Rank 19] File 19, xtal 150 done.
[Rank 19] File 19, xtal 151 done.
[Rank 19] File 19, xtal 152 done.
[Rank 19] File 19, xtal 153 done.
[Rank 19] File 19, xtal 154 done.
[Rank 19] File 19, xtal 155 done.
[Rank 19] File 19, xtal 156 done.
[Rank 19] File 19, xtal 157 done.
[Rank 19] File 19, xtal 158 done.
[Rank 19] File 19, xtal 159 done.
[Rank 19] File 19, xtal 160 done.
[Rank 19] File 19, xtal 161 done.
[Rank 19] File 19, xtal 162 done.
[Rank 19] File 19, xtal 163 done.
[Rank 19] File 19, xtal 164 done.
[Rank 19] File 19, xtal 165 done.
[Rank 19] File 19, xtal 166 done.
[Rank 19] File 19, xtal 167 done.
[Rank 19] File 19, xtal 168 done.
[Rank 19] File 19, xtal 169 done.
[Rank 19] File 19, xtal 170 done.
[Rank 19] File 19, xtal 171 done.
[Rank 19] File 19, xtal 172 done.
[Rank 19] File 19, xtal 173 done.
[Rank 19] File 19, xtal 174 done.
[Rank 19] File 19, xtal 175 done.
[Rank 19] File 19, xtal 176 done.
[Rank 19] File 19, xtal 177 done.
[Rank 19] File 19, xtal 178 done.
[Rank 19] File 19, xtal 179 done.
[Rank 19] File 19, xtal 180 done.
[Rank 19] File 19, xtal 181 done.
[Rank 19] File 19, xtal 182 done.
[Rank 19] File 19, xtal 183 done.
[Rank 19] File 19, xtal 184 done.
[Rank 19] File 19, xtal 185 done.
[Rank 19] File 19, xtal 186 done.
[Rank 19] File 19, xtal 187 done.
[Rank 19] File 19, xtal 188 done.
[Rank 19] File 19, xtal 189 done.
[Rank 19] File 19, xtal 190 done.
[Rank 19] File 19, xtal 191 done.
[Rank 19] File 19, xtal 192 done.
[Rank 19] File 19, xtal 193 done.
[Rank 19] File 19, xtal 194 done.
[Rank 19] File 19, xtal 195 done.
[Rank 19] File 19, xtal 196 done.
[Rank 19] File 19, xtal 197 done.
[Rank 19] File 19, xtal 198 done.
[Rank 19] File 19, xtal 199 done.
[Rank 19] File 19, xtal 200 done.
[Rank 19] File 19, xtal 201 done.
[Rank 19] File 19, xtal 202 done.
[Rank 19] File 19, xtal 203 done.
[Rank 19] File 19, xtal 204 done.
[Rank 19] File 19, xtal 205 done.
[Rank 19] File 19, xtal 206 done.
[Rank 19] File 19, xtal 207 done.
[Rank 19] File 19, xtal 208 done.
[Rank 19] File 19, xtal 209 done.
[Rank 19] File 19, xtal 210 done.
[Rank 19] File 19, xtal 211 done.
[Rank 19] File 19, xtal 212 done.
[Rank 19] File 19, xtal 213 done.
[Rank 19] File 19, xtal 214 done.
[Rank 19] File 19, xtal 215 done.
[Rank 19] File 19, xtal 216 done.
[Rank 19] File 19, xtal 217 done.
[Rank 19] File 19, xtal 218 done.
[Rank 19] File 19, xtal 219 done.
[Rank 19] File 19, xtal 220 done.
[Rank 19] File 19, xtal 221 done.
[Rank 19] File 19, xtal 222 done.
[Rank 19] File 19, xtal 223 done.
[Rank 19] File 19, xtal 224 done.
[Rank 19] File 19, xtal 225 done.
[Rank 19] File 19, xtal 226 done.
[Rank 19] File 19, xtal 227 done.
[Rank 19] File 19, xtal 228 done.
[Rank 19] File 19, xtal 229 done.
[Rank 19] File 19, xtal 230 done.
[Rank 19] File 19, xtal 231 done.
[Rank 19] File 19, xtal 232 done.
[Rank 19] File 19, xtal 233 done.
[Rank 19] File 19, xtal 234 done.
[Rank 19] File 19, xtal 235 done.
[Rank 19] File 19, xtal 236 done.
[Rank 19] File 19, xtal 237 done.
[Rank 19] File 19, xtal 238 done.
[Rank 19] File 19, xtal 239 done.
[Rank 19] File 19, xtal 240 done.
Saving HDF5 output files to: /vscratch/grp-rutaoyao/Harsh/24_rots_again/sysmats
[Rank 18] File 18, xtal 0 done.
[Rank 18] File 18, xtal 1 done.
[Rank 18] File 18, xtal 2 done.
[Rank 18] File 18, xtal 3 done.
[Rank 18] File 18, xtal 4 done.
[Rank 18] File 18, xtal 5 done.
[Rank 18] File 18, xtal 6 done.
[Rank 18] File 18, xtal 7 done.
[Rank 18] File 18, xtal 8 done.
[Rank 18] File 18, xtal 9 done.
[Rank 18] File 18, xtal 10 done.
[Rank 18] File 18, xtal 11 done.
[Rank 18] File 18, xtal 12 done.
[Rank 18] File 18, xtal 13 done.
[Rank 18] File 18, xtal 14 done.
[Rank 18] File 18, xtal 15 done.
[Rank 18] File 18, xtal 16 done.
[Rank 18] File 18, xtal 17 done.
[Rank 18] File 18, xtal 18 done.
[Rank 18] File 18, xtal 19 done.
[Rank 18] File 18, xtal 20 done.
[Rank 18] File 18, xtal 21 done.
[Rank 18] File 18, xtal 22 done.
[Rank 18] File 18, xtal 23 done.
[Rank 18] File 18, xtal 24 done.
[Rank 18] File 18, xtal 25 done.
[Rank 18] File 18, xtal 26 done.
[Rank 18] File 18, xtal 27 done.
[Rank 18] File 18, xtal 28 done.
[Rank 18] File 18, xtal 29 done.
[Rank 18] File 18, xtal 30 done.
[Rank 18] File 18, xtal 31 done.
[Rank 18] File 18, xtal 32 done.
[Rank 18] File 18, xtal 33 done.
[Rank 18] File 18, xtal 34 done.
[Rank 18] File 18, xtal 35 done.
[Rank 18] File 18, xtal 36 done.
[Rank 18] File 18, xtal 37 done.
[Rank 18] File 18, xtal 38 done.
[Rank 18] File 18, xtal 39 done.
[Rank 18] File 18, xtal 40 done.
[Rank 18] File 18, xtal 41 done.
[Rank 18] File 18, xtal 42 done.
[Rank 18] File 18, xtal 43 done.
[Rank 18] File 18, xtal 44 done.
[Rank 18] File 18, xtal 45 done.
[Rank 18] File 18, xtal 46 done.
[Rank 18] File 18, xtal 47 done.
[Rank 18] File 18, xtal 48 done.
[Rank 18] File 18, xtal 49 done.
[Rank 18] File 18, xtal 50 done.
[Rank 18] File 18, xtal 51 done.
[Rank 18] File 18, xtal 52 done.
[Rank 18] File 18, xtal 53 done.
[Rank 18] File 18, xtal 54 done.
[Rank 18] File 18, xtal 55 done.
[Rank 18] File 18, xtal 56 done.
[Rank 18] File 18, xtal 57 done.
[Rank 18] File 18, xtal 58 done.
[Rank 18] File 18, xtal 59 done.
[Rank 18] File 18, xtal 60 done.
[Rank 18] File 18, xtal 61 done.
[Rank 18] File 18, xtal 62 done.
[Rank 18] File 18, xtal 63 done.
[Rank 18] File 18, xtal 64 done.
[Rank 18] File 18, xtal 65 done.
[Rank 18] File 18, xtal 66 done.
[Rank 18] File 18, xtal 67 done.
[Rank 18] File 18, xtal 68 done.
[Rank 18] File 18, xtal 69 done.
[Rank 18] File 18, xtal 70 done.
[Rank 18] File 18, xtal 71 done.
[Rank 18] File 18, xtal 72 done.
[Rank 18] File 18, xtal 73 done.
[Rank 18] File 18, xtal 74 done.
[Rank 18] File 18, xtal 75 done.
[Rank 18] File 18, xtal 76 done.
[Rank 18] File 18, xtal 77 done.
[Rank 18] File 18, xtal 78 done.
[Rank 18] File 18, xtal 79 done.
[Rank 18] File 18, xtal 80 done.
[Rank 18] File 18, xtal 81 done.
[Rank 18] File 18, xtal 82 done.
[Rank 18] File 18, xtal 83 done.
[Rank 18] File 18, xtal 84 done.
[Rank 18] File 18, xtal 85 done.
[Rank 18] File 18, xtal 86 done.
[Rank 18] File 18, xtal 87 done.
[Rank 18] File 18, xtal 88 done.
[Rank 18] File 18, xtal 89 done.
[Rank 18] File 18, xtal 90 done.
[Rank 18] File 18, xtal 91 done.
[Rank 18] File 18, xtal 92 done.
[Rank 18] File 18, xtal 93 done.
[Rank 18] File 18, xtal 94 done.
[Rank 18] File 18, xtal 95 done.
[Rank 18] File 18, xtal 96 done.
[Rank 18] File 18, xtal 97 done.
[Rank 18] File 18, xtal 98 done.
[Rank 18] File 18, xtal 99 done.
[Rank 18] File 18, xtal 100 done.
[Rank 18] File 18, xtal 101 done.
[Rank 18] File 18, xtal 102 done.
[Rank 18] File 18, xtal 103 done.
[Rank 18] File 18, xtal 104 done.
[Rank 18] File 18, xtal 105 done.
[Rank 18] File 18, xtal 106 done.
[Rank 18] File 18, xtal 107 done.
[Rank 18] File 18, xtal 108 done.
[Rank 18] File 18, xtal 109 done.
[Rank 18] File 18, xtal 110 done.
[Rank 18] File 18, xtal 111 done.
[Rank 18] File 18, xtal 112 done.
[Rank 18] File 18, xtal 113 done.
[Rank 18] File 18, xtal 114 done.
[Rank 18] File 18, xtal 115 done.
[Rank 18] File 18, xtal 116 done.
[Rank 18] File 18, xtal 117 done.
[Rank 18] File 18, xtal 118 done.
[Rank 18] File 18, xtal 119 done.
[Rank 18] File 18, xtal 120 done.
[Rank 18] File 18, xtal 121 done.
[Rank 18] File 18, xtal 122 done.
[Rank 18] File 18, xtal 123 done.
[Rank 18] File 18, xtal 124 done.
[Rank 18] File 18, xtal 125 done.
[Rank 18] File 18, xtal 126 done.
[Rank 18] File 18, xtal 127 done.
[Rank 18] File 18, xtal 128 done.
[Rank 18] File 18, xtal 129 done.
[Rank 18] File 18, xtal 130 done.
[Rank 18] File 18, xtal 131 done.
[Rank 18] File 18, xtal 132 done.
[Rank 18] File 18, xtal 133 done.
[Rank 18] File 18, xtal 134 done.
[Rank 18] File 18, xtal 135 done.
[Rank 18] File 18, xtal 136 done.
[Rank 18] File 18, xtal 137 done.
[Rank 18] File 18, xtal 138 done.
[Rank 18] File 18, xtal 139 done.
[Rank 18] File 18, xtal 140 done.
[Rank 18] File 18, xtal 141 done.
[Rank 18] File 18, xtal 142 done.
[Rank 18] File 18, xtal 143 done.
[Rank 18] File 18, xtal 144 done.
[Rank 18] File 18, xtal 145 done.
[Rank 18] File 18, xtal 146 done.
[Rank 18] File 18, xtal 147 done.
[Rank 18] File 18, xtal 148 done.
[Rank 18] File 18, xtal 149 done.
[Rank 18] File 18, xtal 150 done.
[Rank 18] File 18, xtal 151 done.
[Rank 18] File 18, xtal 152 done.
[Rank 18] File 18, xtal 153 done.
[Rank 18] File 18, xtal 154 done.
[Rank 18] File 18, xtal 155 done.
[Rank 18] File 18, xtal 156 done.
[Rank 18] File 18, xtal 157 done.
[Rank 18] File 18, xtal 158 done.
[Rank 18] File 18, xtal 159 done.
[Rank 18] File 18, xtal 160 done.
[Rank 18] File 18, xtal 161 done.
[Rank 18] File 18, xtal 162 done.
[Rank 18] File 18, xtal 163 done.
[Rank 18] File 18, xtal 164 done.
[Rank 18] File 18, xtal 165 done.
[Rank 18] File 18, xtal 166 done.
[Rank 18] File 18, xtal 167 done.
[Rank 18] File 18, xtal 168 done.
[Rank 18] File 18, xtal 169 done.
[Rank 18] File 18, xtal 170 done.
[Rank 18] File 18, xtal 171 done.
[Rank 18] File 18, xtal 172 done.
[Rank 18] File 18, xtal 173 done.
[Rank 18] File 18, xtal 174 done.
[Rank 18] File 18, xtal 175 done.
[Rank 18] File 18, xtal 176 done.
[Rank 18] File 18, xtal 177 done.
[Rank 18] File 18, xtal 178 done.
[Rank 18] File 18, xtal 179 done.
[Rank 18] File 18, xtal 180 done.
[Rank 18] File 18, xtal 181 done.
[Rank 18] File 18, xtal 182 done.
[Rank 18] File 18, xtal 183 done.
[Rank 18] File 18, xtal 184 done.
[Rank 18] File 18, xtal 185 done.
[Rank 18] File 18, xtal 186 done.
[Rank 18] File 18, xtal 187 done.
[Rank 18] File 18, xtal 188 done.
[Rank 18] File 18, xtal 189 done.
[Rank 18] File 18, xtal 190 done.
[Rank 18] File 18, xtal 191 done.
[Rank 18] File 18, xtal 192 done.
[Rank 18] File 18, xtal 193 done.
[Rank 18] File 18, xtal 194 done.
[Rank 18] File 18, xtal 195 done.
[Rank 18] File 18, xtal 196 done.
[Rank 18] File 18, xtal 197 done.
[Rank 18] File 18, xtal 198 done.
[Rank 18] File 18, xtal 199 done.
[Rank 18] File 18, xtal 200 done.
[Rank 18] File 18, xtal 201 done.
[Rank 18] File 18, xtal 202 done.
[Rank 18] File 18, xtal 203 done.
[Rank 18] File 18, xtal 204 done.
[Rank 18] File 18, xtal 205 done.
[Rank 18] File 18, xtal 206 done.
[Rank 18] File 18, xtal 207 done.
[Rank 18] File 18, xtal 208 done.
[Rank 18] File 18, xtal 209 done.
[Rank 18] File 18, xtal 210 done.
[Rank 18] File 18, xtal 211 done.
[Rank 18] File 18, xtal 212 done.
[Rank 18] File 18, xtal 213 done.
[Rank 18] File 18, xtal 214 done.
[Rank 18] File 18, xtal 215 done.
[Rank 18] File 18, xtal 216 done.
[Rank 18] File 18, xtal 217 done.
[Rank 18] File 18, xtal 218 done.
[Rank 18] File 18, xtal 219 done.
[Rank 18] File 18, xtal 220 done.
[Rank 18] File 18, xtal 221 done.
[Rank 18] File 18, xtal 222 done.
[Rank 18] File 18, xtal 223 done.
[Rank 18] File 18, xtal 224 done.
[Rank 18] File 18, xtal 225 done.
[Rank 18] File 18, xtal 226 done.
[Rank 18] File 18, xtal 227 done.
[Rank 18] File 18, xtal 228 done.
[Rank 18] File 18, xtal 229 done.
[Rank 18] File 18, xtal 230 done.
[Rank 18] File 18, xtal 231 done.
[Rank 18] File 18, xtal 232 done.
[Rank 18] File 18, xtal 233 done.
[Rank 18] File 18, xtal 234 done.
[Rank 18] File 18, xtal 235 done.
[Rank 18] File 18, xtal 236 done.
[Rank 18] File 18, xtal 237 done.
[Rank 18] File 18, xtal 238 done.
[Rank 18] File 18, xtal 239 done.
[Rank 18] File 18, xtal 240 done.
Saving HDF5 output files to: /vscratch/grp-rutaoyao/Harsh/24_rots_again/sysmats
[Rank 17] File 17, xtal 0 done.
[Rank 17] File 17, xtal 1 done.
[Rank 17] File 17, xtal 2 done.
[Rank 17] File 17, xtal 3 done.
[Rank 17] File 17, xtal 4 done.
[Rank 17] File 17, xtal 5 done.
[Rank 17] File 17, xtal 6 done.
[Rank 17] File 17, xtal 7 done.
[Rank 17] File 17, xtal 8 done.
[Rank 17] File 17, xtal 9 done.
[Rank 17] File 17, xtal 10 done.
[Rank 17] File 17, xtal 11 done.
[Rank 17] File 17, xtal 12 done.
[Rank 17] File 17, xtal 13 done.
[Rank 17] File 17, xtal 14 done.
[Rank 17] File 17, xtal 15 done.
[Rank 17] File 17, xtal 16 done.
[Rank 17] File 17, xtal 17 done.
[Rank 17] File 17, xtal 18 done.
[Rank 17] File 17, xtal 19 done.
[Rank 17] File 17, xtal 20 done.
[Rank 17] File 17, xtal 21 done.
[Rank 17] File 17, xtal 22 done.
[Rank 17] File 17, xtal 23 done.
[Rank 17] File 17, xtal 24 done.
[Rank 17] File 17, xtal 25 done.
[Rank 17] File 17, xtal 26 done.
[Rank 17] File 17, xtal 27 done.
[Rank 17] File 17, xtal 28 done.
[Rank 17] File 17, xtal 29 done.
[Rank 17] File 17, xtal 30 done.
[Rank 17] File 17, xtal 31 done.
[Rank 17] File 17, xtal 32 done.
[Rank 17] File 17, xtal 33 done.
[Rank 17] File 17, xtal 34 done.
[Rank 17] File 17, xtal 35 done.
[Rank 17] File 17, xtal 36 done.
[Rank 17] File 17, xtal 37 done.
[Rank 17] File 17, xtal 38 done.
[Rank 17] File 17, xtal 39 done.
[Rank 17] File 17, xtal 40 done.
[Rank 17] File 17, xtal 41 done.
[Rank 17] File 17, xtal 42 done.
[Rank 17] File 17, xtal 43 done.
[Rank 17] File 17, xtal 44 done.
[Rank 17] File 17, xtal 45 done.
[Rank 17] File 17, xtal 46 done.
[Rank 17] File 17, xtal 47 done.
[Rank 17] File 17, xtal 48 done.
[Rank 17] File 17, xtal 49 done.
[Rank 17] File 17, xtal 50 done.
[Rank 17] File 17, xtal 51 done.
[Rank 17] File 17, xtal 52 done.
[Rank 17] File 17, xtal 53 done.
[Rank 17] File 17, xtal 54 done.
[Rank 17] File 17, xtal 55 done.
[Rank 17] File 17, xtal 56 done.
[Rank 17] File 17, xtal 57 done.
[Rank 17] File 17, xtal 58 done.
[Rank 17] File 17, xtal 59 done.
[Rank 17] File 17, xtal 60 done.
[Rank 17] File 17, xtal 61 done.
[Rank 17] File 17, xtal 62 done.
[Rank 17] File 17, xtal 63 done.
[Rank 17] File 17, xtal 64 done.
[Rank 17] File 17, xtal 65 done.
[Rank 17] File 17, xtal 66 done.
[Rank 17] File 17, xtal 67 done.
[Rank 17] File 17, xtal 68 done.
[Rank 17] File 17, xtal 69 done.
[Rank 17] File 17, xtal 70 done.
[Rank 17] File 17, xtal 71 done.
[Rank 17] File 17, xtal 72 done.
[Rank 17] File 17, xtal 73 done.
[Rank 17] File 17, xtal 74 done.
[Rank 17] File 17, xtal 75 done.
[Rank 17] File 17, xtal 76 done.
[Rank 17] File 17, xtal 77 done.
[Rank 17] File 17, xtal 78 done.
[Rank 17] File 17, xtal 79 done.
[Rank 17] File 17, xtal 80 done.
[Rank 17] File 17, xtal 81 done.
[Rank 17] File 17, xtal 82 done.
[Rank 17] File 17, xtal 83 done.
[Rank 17] File 17, xtal 84 done.
[Rank 17] File 17, xtal 85 done.
[Rank 17] File 17, xtal 86 done.
[Rank 17] File 17, xtal 87 done.
[Rank 17] File 17, xtal 88 done.
[Rank 17] File 17, xtal 89 done.
[Rank 17] File 17, xtal 90 done.
[Rank 17] File 17, xtal 91 done.
[Rank 17] File 17, xtal 92 done.
[Rank 17] File 17, xtal 93 done.
[Rank 17] File 17, xtal 94 done.
[Rank 17] File 17, xtal 95 done.
[Rank 17] File 17, xtal 96 done.
[Rank 17] File 17, xtal 97 done.
[Rank 17] File 17, xtal 98 done.
[Rank 17] File 17, xtal 99 done.
[Rank 17] File 17, xtal 100 done.
[Rank 17] File 17, xtal 101 done.
[Rank 17] File 17, xtal 102 done.
[Rank 17] File 17, xtal 103 done.
[Rank 17] File 17, xtal 104 done.
[Rank 17] File 17, xtal 105 done.
[Rank 17] File 17, xtal 106 done.
[Rank 17] File 17, xtal 107 done.
[Rank 17] File 17, xtal 108 done.
[Rank 17] File 17, xtal 109 done.
[Rank 17] File 17, xtal 110 done.
[Rank 17] File 17, xtal 111 done.
[Rank 17] File 17, xtal 112 done.
[Rank 17] File 17, xtal 113 done.
[Rank 17] File 17, xtal 114 done.
[Rank 17] File 17, xtal 115 done.
[Rank 17] File 17, xtal 116 done.
[Rank 17] File 17, xtal 117 done.
[Rank 17] File 17, xtal 118 done.
[Rank 17] File 17, xtal 119 done.
[Rank 17] File 17, xtal 120 done.
[Rank 17] File 17, xtal 121 done.
[Rank 17] File 17, xtal 122 done.
[Rank 17] File 17, xtal 123 done.
[Rank 17] File 17, xtal 124 done.
[Rank 17] File 17, xtal 125 done.
[Rank 17] File 17, xtal 126 done.
[Rank 17] File 17, xtal 127 done.
[Rank 17] File 17, xtal 128 done.
[Rank 17] File 17, xtal 129 done.
[Rank 17] File 17, xtal 130 done.
[Rank 17] File 17, xtal 131 done.
[Rank 17] File 17, xtal 132 done.
[Rank 17] File 17, xtal 133 done.
[Rank 17] File 17, xtal 134 done.
[Rank 17] File 17, xtal 135 done.
[Rank 17] File 17, xtal 136 done.
[Rank 17] File 17, xtal 137 done.
[Rank 17] File 17, xtal 138 done.
[Rank 17] File 17, xtal 139 done.
[Rank 17] File 17, xtal 140 done.
[Rank 17] File 17, xtal 141 done.
[Rank 17] File 17, xtal 142 done.
[Rank 17] File 17, xtal 143 done.
[Rank 17] File 17, xtal 144 done.
[Rank 17] File 17, xtal 145 done.
[Rank 17] File 17, xtal 146 done.
[Rank 17] File 17, xtal 147 done.
[Rank 17] File 17, xtal 148 done.
[Rank 17] File 17, xtal 149 done.
[Rank 17] File 17, xtal 150 done.
[Rank 17] File 17, xtal 151 done.
[Rank 17] File 17, xtal 152 done.
[Rank 17] File 17, xtal 153 done.
[Rank 17] File 17, xtal 154 done.
[Rank 17] File 17, xtal 155 done.
[Rank 17] File 17, xtal 156 done.
[Rank 17] File 17, xtal 157 done.
[Rank 17] File 17, xtal 158 done.
[Rank 17] File 17, xtal 159 done.
[Rank 17] File 17, xtal 160 done.
[Rank 17] File 17, xtal 161 done.
[Rank 17] File 17, xtal 162 done.
[Rank 17] File 17, xtal 163 done.
[Rank 17] File 17, xtal 164 done.
[Rank 17] File 17, xtal 165 done.
[Rank 17] File 17, xtal 166 done.
[Rank 17] File 17, xtal 167 done.
[Rank 17] File 17, xtal 168 done.
[Rank 17] File 17, xtal 169 done.
[Rank 17] File 17, xtal 170 done.
[Rank 17] File 17, xtal 171 done.
[Rank 17] File 17, xtal 172 done.
[Rank 17] File 17, xtal 173 done.
[Rank 17] File 17, xtal 174 done.
[Rank 17] File 17, xtal 175 done.
[Rank 17] File 17, xtal 176 done.
[Rank 17] File 17, xtal 177 done.
[Rank 17] File 17, xtal 178 done.
[Rank 17] File 17, xtal 179 done.
[Rank 17] File 17, xtal 180 done.
[Rank 17] File 17, xtal 181 done.
[Rank 17] File 17, xtal 182 done.
[Rank 17] File 17, xtal 183 done.
[Rank 17] File 17, xtal 184 done.
[Rank 17] File 17, xtal 185 done.
[Rank 17] File 17, xtal 186 done.
[Rank 17] File 17, xtal 187 done.
[Rank 17] File 17, xtal 188 done.
[Rank 17] File 17, xtal 189 done.
[Rank 17] File 17, xtal 190 done.
[Rank 17] File 17, xtal 191 done.
[Rank 17] File 17, xtal 192 done.
[Rank 17] File 17, xtal 193 done.
[Rank 17] File 17, xtal 194 done.
[Rank 17] File 17, xtal 195 done.
[Rank 17] File 17, xtal 196 done.
[Rank 17] File 17, xtal 197 done.
[Rank 17] File 17, xtal 198 done.
[Rank 17] File 17, xtal 199 done.
[Rank 17] File 17, xtal 200 done.
[Rank 17] File 17, xtal 201 done.
[Rank 17] File 17, xtal 202 done.
[Rank 17] File 17, xtal 203 done.
[Rank 17] File 17, xtal 204 done.
[Rank 17] File 17, xtal 205 done.
[Rank 17] File 17, xtal 206 done.
[Rank 17] File 17, xtal 207 done.
[Rank 17] File 17, xtal 208 done.
[Rank 17] File 17, xtal 209 done.
[Rank 17] File 17, xtal 210 done.
[Rank 17] File 17, xtal 211 done.
[Rank 17] File 17, xtal 212 done.
[Rank 17] File 17, xtal 213 done.
[Rank 17] File 17, xtal 214 done.
[Rank 17] File 17, xtal 215 done.
[Rank 17] File 17, xtal 216 done.
[Rank 17] File 17, xtal 217 done.
[Rank 17] File 17, xtal 218 done.
[Rank 17] File 17, xtal 219 done.
[Rank 17] File 17, xtal 220 done.
[Rank 17] File 17, xtal 221 done.
[Rank 17] File 17, xtal 222 done.
[Rank 17] File 17, xtal 223 done.
[Rank 17] File 17, xtal 224 done.
[Rank 17] File 17, xtal 225 done.
[Rank 17] File 17, xtal 226 done.
[Rank 17] File 17, xtal 227 done.
[Rank 17] File 17, xtal 228 done.
[Rank 17] File 17, xtal 229 done.
[Rank 17] File 17, xtal 230 done.
[Rank 17] File 17, xtal 231 done.
[Rank 17] File 17, xtal 232 done.
[Rank 17] File 17, xtal 233 done.
[Rank 17] File 17, xtal 234 done.
[Rank 17] File 17, xtal 235 done.
[Rank 17] File 17, xtal 236 done.
[Rank 17] File 17, xtal 237 done.
[Rank 17] File 17, xtal 238 done.
[Rank 17] File 17, xtal 239 done.
[Rank 17] File 17, xtal 240 done.
Saving HDF5 output files to: /vscratch/grp-rutaoyao/Harsh/24_rots_again/sysmats
[Rank 20] File 20, xtal 0 done.
[Rank 20] File 20, xtal 1 done.
[Rank 20] File 20, xtal 2 done.
[Rank 20] File 20, xtal 3 done.
[Rank 20] File 20, xtal 4 done.
[Rank 20] File 20, xtal 5 done.
[Rank 20] File 20, xtal 6 done.
[Rank 20] File 20, xtal 7 done.
[Rank 20] File 20, xtal 8 done.
[Rank 20] File 20, xtal 9 done.
[Rank 20] File 20, xtal 10 done.
[Rank 20] File 20, xtal 11 done.
[Rank 20] File 20, xtal 12 done.
[Rank 20] File 20, xtal 13 done.
[Rank 20] File 20, xtal 14 done.
[Rank 20] File 20, xtal 15 done.
[Rank 20] File 20, xtal 16 done.
[Rank 20] File 20, xtal 17 done.
[Rank 20] File 20, xtal 18 done.
[Rank 20] File 20, xtal 19 done.
[Rank 20] File 20, xtal 20 done.
[Rank 20] File 20, xtal 21 done.
[Rank 20] File 20, xtal 22 done.
[Rank 20] File 20, xtal 23 done.
[Rank 20] File 20, xtal 24 done.
[Rank 20] File 20, xtal 25 done.
[Rank 20] File 20, xtal 26 done.
[Rank 20] File 20, xtal 27 done.
[Rank 20] File 20, xtal 28 done.
[Rank 20] File 20, xtal 29 done.
[Rank 20] File 20, xtal 30 done.
[Rank 20] File 20, xtal 31 done.
[Rank 20] File 20, xtal 32 done.
[Rank 20] File 20, xtal 33 done.
[Rank 20] File 20, xtal 34 done.
[Rank 20] File 20, xtal 35 done.
[Rank 20] File 20, xtal 36 done.
[Rank 20] File 20, xtal 37 done.
[Rank 20] File 20, xtal 38 done.
[Rank 20] File 20, xtal 39 done.
[Rank 20] File 20, xtal 40 done.
[Rank 20] File 20, xtal 41 done.
[Rank 20] File 20, xtal 42 done.
[Rank 20] File 20, xtal 43 done.
[Rank 20] File 20, xtal 44 done.
[Rank 20] File 20, xtal 45 done.
[Rank 20] File 20, xtal 46 done.
[Rank 20] File 20, xtal 47 done.
[Rank 20] File 20, xtal 48 done.
[Rank 20] File 20, xtal 49 done.
[Rank 20] File 20, xtal 50 done.
[Rank 20] File 20, xtal 51 done.
[Rank 20] File 20, xtal 52 done.
[Rank 20] File 20, xtal 53 done.
[Rank 20] File 20, xtal 54 done.
[Rank 20] File 20, xtal 55 done.
[Rank 20] File 20, xtal 56 done.
[Rank 20] File 20, xtal 57 done.
[Rank 20] File 20, xtal 58 done.
[Rank 20] File 20, xtal 59 done.
[Rank 20] File 20, xtal 60 done.
[Rank 20] File 20, xtal 61 done.
[Rank 20] File 20, xtal 62 done.
[Rank 20] File 20, xtal 63 done.
[Rank 20] File 20, xtal 64 done.
[Rank 20] File 20, xtal 65 done.
[Rank 20] File 20, xtal 66 done.
[Rank 20] File 20, xtal 67 done.
[Rank 20] File 20, xtal 68 done.
[Rank 20] File 20, xtal 69 done.
[Rank 20] File 20, xtal 70 done.
[Rank 20] File 20, xtal 71 done.
[Rank 20] File 20, xtal 72 done.
[Rank 20] File 20, xtal 73 done.
[Rank 20] File 20, xtal 74 done.
[Rank 20] File 20, xtal 75 done.
[Rank 20] File 20, xtal 76 done.
[Rank 20] File 20, xtal 77 done.
[Rank 20] File 20, xtal 78 done.
[Rank 20] File 20, xtal 79 done.
[Rank 20] File 20, xtal 80 done.
[Rank 20] File 20, xtal 81 done.
[Rank 20] File 20, xtal 82 done.
[Rank 20] File 20, xtal 83 done.
[Rank 20] File 20, xtal 84 done.
[Rank 20] File 20, xtal 85 done.
[Rank 20] File 20, xtal 86 done.
[Rank 20] File 20, xtal 87 done.
[Rank 20] File 20, xtal 88 done.
[Rank 20] File 20, xtal 89 done.
[Rank 20] File 20, xtal 90 done.
[Rank 20] File 20, xtal 91 done.
[Rank 20] File 20, xtal 92 done.
[Rank 20] File 20, xtal 93 done.
[Rank 20] File 20, xtal 94 done.
[Rank 20] File 20, xtal 95 done.
[Rank 20] File 20, xtal 96 done.
[Rank 20] File 20, xtal 97 done.
[Rank 20] File 20, xtal 98 done.
[Rank 20] File 20, xtal 99 done.
[Rank 20] File 20, xtal 100 done.
[Rank 20] File 20, xtal 101 done.
[Rank 20] File 20, xtal 102 done.
[Rank 20] File 20, xtal 103 done.
[Rank 20] File 20, xtal 104 done.
[Rank 20] File 20, xtal 105 done.
[Rank 20] File 20, xtal 106 done.
[Rank 20] File 20, xtal 107 done.
[Rank 20] File 20, xtal 108 done.
[Rank 20] File 20, xtal 109 done.
[Rank 20] File 20, xtal 110 done.
[Rank 20] File 20, xtal 111 done.
[Rank 20] File 20, xtal 112 done.
[Rank 20] File 20, xtal 113 done.
[Rank 20] File 20, xtal 114 done.
[Rank 20] File 20, xtal 115 done.
[Rank 20] File 20, xtal 116 done.
[Rank 20] File 20, xtal 117 done.
[Rank 20] File 20, xtal 118 done.
[Rank 20] File 20, xtal 119 done.
[Rank 20] File 20, xtal 120 done.
[Rank 20] File 20, xtal 121 done.
[Rank 20] File 20, xtal 122 done.
[Rank 20] File 20, xtal 123 done.
[Rank 20] File 20, xtal 124 done.
[Rank 20] File 20, xtal 125 done.
[Rank 20] File 20, xtal 126 done.
[Rank 20] File 20, xtal 127 done.
[Rank 20] File 20, xtal 128 done.
[Rank 20] File 20, xtal 129 done.
[Rank 20] File 20, xtal 130 done.
[Rank 20] File 20, xtal 131 done.
[Rank 20] File 20, xtal 132 done.
[Rank 20] File 20, xtal 133 done.
[Rank 20] File 20, xtal 134 done.
[Rank 20] File 20, xtal 135 done.
[Rank 20] File 20, xtal 136 done.
[Rank 20] File 20, xtal 137 done.
[Rank 20] File 20, xtal 138 done.
[Rank 20] File 20, xtal 139 done.
[Rank 20] File 20, xtal 140 done.
[Rank 20] File 20, xtal 141 done.
[Rank 20] File 20, xtal 142 done.
[Rank 20] File 20, xtal 143 done.
[Rank 20] File 20, xtal 144 done.
[Rank 20] File 20, xtal 145 done.
[Rank 20] File 20, xtal 146 done.
[Rank 20] File 20, xtal 147 done.
[Rank 20] File 20, xtal 148 done.
[Rank 20] File 20, xtal 149 done.
[Rank 20] File 20, xtal 150 done.
[Rank 20] File 20, xtal 151 done.
[Rank 20] File 20, xtal 152 done.
[Rank 20] File 20, xtal 153 done.
[Rank 20] File 20, xtal 154 done.
[Rank 20] File 20, xtal 155 done.
[Rank 20] File 20, xtal 156 done.
[Rank 20] File 20, xtal 157 done.
[Rank 20] File 20, xtal 158 done.
[Rank 20] File 20, xtal 159 done.
[Rank 20] File 20, xtal 160 done.
[Rank 20] File 20, xtal 161 done.
[Rank 20] File 20, xtal 162 done.
[Rank 20] File 20, xtal 163 done.
[Rank 20] File 20, xtal 164 done.
[Rank 20] File 20, xtal 165 done.
[Rank 20] File 20, xtal 166 done.
[Rank 20] File 20, xtal 167 done.
[Rank 20] File 20, xtal 168 done.
[Rank 20] File 20, xtal 169 done.
[Rank 20] File 20, xtal 170 done.
[Rank 20] File 20, xtal 171 done.
[Rank 20] File 20, xtal 172 done.
[Rank 20] File 20, xtal 173 done.
[Rank 20] File 20, xtal 174 done.
[Rank 20] File 20, xtal 175 done.
[Rank 20] File 20, xtal 176 done.
[Rank 20] File 20, xtal 177 done.
[Rank 20] File 20, xtal 178 done.
[Rank 20] File 20, xtal 179 done.
[Rank 20] File 20, xtal 180 done.
[Rank 20] File 20, xtal 181 done.
[Rank 20] File 20, xtal 182 done.
[Rank 20] File 20, xtal 183 done.
[Rank 20] File 20, xtal 184 done.
[Rank 20] File 20, xtal 185 done.
[Rank 20] File 20, xtal 186 done.
[Rank 20] File 20, xtal 187 done.
[Rank 20] File 20, xtal 188 done.
[Rank 20] File 20, xtal 189 done.
[Rank 20] File 20, xtal 190 done.
[Rank 20] File 20, xtal 191 done.
[Rank 20] File 20, xtal 192 done.
[Rank 20] File 20, xtal 193 done.
[Rank 20] File 20, xtal 194 done.
[Rank 20] File 20, xtal 195 done.
[Rank 20] File 20, xtal 196 done.
[Rank 20] File 20, xtal 197 done.
[Rank 20] File 20, xtal 198 done.
[Rank 20] File 20, xtal 199 done.
[Rank 20] File 20, xtal 200 done.
[Rank 20] File 20, xtal 201 done.
[Rank 20] File 20, xtal 202 done.
[Rank 20] File 20, xtal 203 done.
[Rank 20] File 20, xtal 204 done.
[Rank 20] File 20, xtal 205 done.
[Rank 20] File 20, xtal 206 done.
[Rank 20] File 20, xtal 207 done.
[Rank 20] File 20, xtal 208 done.
[Rank 20] File 20, xtal 209 done.
[Rank 20] File 20, xtal 210 done.
[Rank 20] File 20, xtal 211 done.
[Rank 20] File 20, xtal 212 done.
[Rank 20] File 20, xtal 213 done.
[Rank 20] File 20, xtal 214 done.
[Rank 20] File 20, xtal 215 done.
[Rank 20] File 20, xtal 216 done.
[Rank 20] File 20, xtal 217 done.
[Rank 20] File 20, xtal 218 done.
[Rank 20] File 20, xtal 219 done.
[Rank 20] File 20, xtal 220 done.
[Rank 20] File 20, xtal 221 done.
[Rank 20] File 20, xtal 222 done.
[Rank 20] File 20, xtal 223 done.
[Rank 20] File 20, xtal 224 done.
[Rank 20] File 20, xtal 225 done.
[Rank 20] File 20, xtal 226 done.
[Rank 20] File 20, xtal 227 done.
[Rank 20] File 20, xtal 228 done.
[Rank 20] File 20, xtal 229 done.
[Rank 20] File 20, xtal 230 done.
[Rank 20] File 20, xtal 231 done.
[Rank 20] File 20, xtal 232 done.
[Rank 20] File 20, xtal 233 done.
[Rank 20] File 20, xtal 234 done.
[Rank 20] File 20, xtal 235 done.
[Rank 20] File 20, xtal 236 done.
[Rank 20] File 20, xtal 237 done.
[Rank 20] File 20, xtal 238 done.
[Rank 20] File 20, xtal 239 done.
[Rank 20] File 20, xtal 240 done.
Saving HDF5 output files to: /vscratch/grp-rutaoyao/Harsh/24_rots_again/sysmats
[Rank 23] File 23, xtal 0 done.
[Rank 23] File 23, xtal 1 done.
[Rank 23] File 23, xtal 2 done.
[Rank 23] File 23, xtal 3 done.
[Rank 23] File 23, xtal 4 done.
[Rank 23] File 23, xtal 5 done.
[Rank 23] File 23, xtal 6 done.
[Rank 23] File 23, xtal 7 done.
[Rank 23] File 23, xtal 8 done.
[Rank 23] File 23, xtal 9 done.
[Rank 23] File 23, xtal 10 done.
[Rank 23] File 23, xtal 11 done.
[Rank 23] File 23, xtal 12 done.
[Rank 23] File 23, xtal 13 done.
[Rank 23] File 23, xtal 14 done.
[Rank 23] File 23, xtal 15 done.
[Rank 23] File 23, xtal 16 done.
[Rank 23] File 23, xtal 17 done.
[Rank 23] File 23, xtal 18 done.
[Rank 23] File 23, xtal 19 done.
[Rank 23] File 23, xtal 20 done.
[Rank 23] File 23, xtal 21 done.
[Rank 23] File 23, xtal 22 done.
[Rank 23] File 23, xtal 23 done.
[Rank 23] File 23, xtal 24 done.
[Rank 23] File 23, xtal 25 done.
[Rank 23] File 23, xtal 26 done.
[Rank 23] File 23, xtal 27 done.
[Rank 23] File 23, xtal 28 done.
[Rank 23] File 23, xtal 29 done.
[Rank 23] File 23, xtal 30 done.
[Rank 23] File 23, xtal 31 done.
[Rank 23] File 23, xtal 32 done.
[Rank 23] File 23, xtal 33 done.
[Rank 23] File 23, xtal 34 done.
[Rank 23] File 23, xtal 35 done.
[Rank 23] File 23, xtal 36 done.
[Rank 23] File 23, xtal 37 done.
[Rank 23] File 23, xtal 38 done.
[Rank 23] File 23, xtal 39 done.
[Rank 23] File 23, xtal 40 done.
[Rank 23] File 23, xtal 41 done.
[Rank 23] File 23, xtal 42 done.
[Rank 23] File 23, xtal 43 done.
[Rank 23] File 23, xtal 44 done.
[Rank 23] File 23, xtal 45 done.
[Rank 23] File 23, xtal 46 done.
[Rank 23] File 23, xtal 47 done.
[Rank 23] File 23, xtal 48 done.
[Rank 23] File 23, xtal 49 done.
[Rank 23] File 23, xtal 50 done.
[Rank 23] File 23, xtal 51 done.
[Rank 23] File 23, xtal 52 done.
[Rank 23] File 23, xtal 53 done.
[Rank 23] File 23, xtal 54 done.
[Rank 23] File 23, xtal 55 done.
[Rank 23] File 23, xtal 56 done.
[Rank 23] File 23, xtal 57 done.
[Rank 23] File 23, xtal 58 done.
[Rank 23] File 23, xtal 59 done.
[Rank 23] File 23, xtal 60 done.
[Rank 23] File 23, xtal 61 done.
[Rank 23] File 23, xtal 62 done.
[Rank 23] File 23, xtal 63 done.
[Rank 23] File 23, xtal 64 done.
[Rank 23] File 23, xtal 65 done.
[Rank 23] File 23, xtal 66 done.
[Rank 23] File 23, xtal 67 done.
[Rank 23] File 23, xtal 68 done.
[Rank 23] File 23, xtal 69 done.
[Rank 23] File 23, xtal 70 done.
[Rank 23] File 23, xtal 71 done.
[Rank 23] File 23, xtal 72 done.
[Rank 23] File 23, xtal 73 done.
[Rank 23] File 23, xtal 74 done.
[Rank 23] File 23, xtal 75 done.
[Rank 23] File 23, xtal 76 done.
[Rank 23] File 23, xtal 77 done.
[Rank 23] File 23, xtal 78 done.
[Rank 23] File 23, xtal 79 done.
[Rank 23] File 23, xtal 80 done.
[Rank 23] File 23, xtal 81 done.
[Rank 23] File 23, xtal 82 done.
[Rank 23] File 23, xtal 83 done.
[Rank 23] File 23, xtal 84 done.
[Rank 23] File 23, xtal 85 done.
[Rank 23] File 23, xtal 86 done.
[Rank 23] File 23, xtal 87 done.
[Rank 23] File 23, xtal 88 done.
[Rank 23] File 23, xtal 89 done.
[Rank 23] File 23, xtal 90 done.
[Rank 23] File 23, xtal 91 done.
[Rank 23] File 23, xtal 92 done.
[Rank 23] File 23, xtal 93 done.
[Rank 23] File 23, xtal 94 done.
[Rank 23] File 23, xtal 95 done.
[Rank 23] File 23, xtal 96 done.
[Rank 23] File 23, xtal 97 done.
[Rank 23] File 23, xtal 98 done.
[Rank 23] File 23, xtal 99 done.
[Rank 23] File 23, xtal 100 done.
[Rank 23] File 23, xtal 101 done.
[Rank 23] File 23, xtal 102 done.
[Rank 23] File 23, xtal 103 done.
[Rank 23] File 23, xtal 104 done.
[Rank 23] File 23, xtal 105 done.
[Rank 23] File 23, xtal 106 done.
[Rank 23] File 23, xtal 107 done.
[Rank 23] File 23, xtal 108 done.
[Rank 23] File 23, xtal 109 done.
[Rank 23] File 23, xtal 110 done.
[Rank 23] File 23, xtal 111 done.
[Rank 23] File 23, xtal 112 done.
[Rank 23] File 23, xtal 113 done.
[Rank 23] File 23, xtal 114 done.
[Rank 23] File 23, xtal 115 done.
[Rank 23] File 23, xtal 116 done.
[Rank 23] File 23, xtal 117 done.
[Rank 23] File 23, xtal 118 done.
[Rank 23] File 23, xtal 119 done.
[Rank 23] File 23, xtal 120 done.
[Rank 23] File 23, xtal 121 done.
[Rank 23] File 23, xtal 122 done.
[Rank 23] File 23, xtal 123 done.
[Rank 23] File 23, xtal 124 done.
[Rank 23] File 23, xtal 125 done.
[Rank 23] File 23, xtal 126 done.
[Rank 23] File 23, xtal 127 done.
[Rank 23] File 23, xtal 128 done.
[Rank 23] File 23, xtal 129 done.
[Rank 23] File 23, xtal 130 done.
[Rank 23] File 23, xtal 131 done.
[Rank 23] File 23, xtal 132 done.
[Rank 23] File 23, xtal 133 done.
[Rank 23] File 23, xtal 134 done.
[Rank 23] File 23, xtal 135 done.
[Rank 23] File 23, xtal 136 done.
[Rank 23] File 23, xtal 137 done.
[Rank 23] File 23, xtal 138 done.
[Rank 23] File 23, xtal 139 done.
[Rank 23] File 23, xtal 140 done.
[Rank 23] File 23, xtal 141 done.
[Rank 23] File 23, xtal 142 done.
[Rank 23] File 23, xtal 143 done.
[Rank 23] File 23, xtal 144 done.
[Rank 23] File 23, xtal 145 done.
[Rank 23] File 23, xtal 146 done.
[Rank 23] File 23, xtal 147 done.
[Rank 23] File 23, xtal 148 done.
[Rank 23] File 23, xtal 149 done.
[Rank 23] File 23, xtal 150 done.
[Rank 23] File 23, xtal 151 done.
[Rank 23] File 23, xtal 152 done.
[Rank 23] File 23, xtal 153 done.
[Rank 23] File 23, xtal 154 done.
[Rank 23] File 23, xtal 155 done.
[Rank 23] File 23, xtal 156 done.
[Rank 23] File 23, xtal 157 done.
[Rank 23] File 23, xtal 158 done.
[Rank 23] File 23, xtal 159 done.
[Rank 23] File 23, xtal 160 done.
[Rank 23] File 23, xtal 161 done.
[Rank 23] File 23, xtal 162 done.
[Rank 23] File 23, xtal 163 done.
[Rank 23] File 23, xtal 164 done.
[Rank 23] File 23, xtal 165 done.
[Rank 23] File 23, xtal 166 done.
[Rank 23] File 23, xtal 167 done.
[Rank 23] File 23, xtal 168 done.
[Rank 23] File 23, xtal 169 done.
[Rank 23] File 23, xtal 170 done.
[Rank 23] File 23, xtal 171 done.
[Rank 23] File 23, xtal 172 done.
[Rank 23] File 23, xtal 173 done.
[Rank 23] File 23, xtal 174 done.
[Rank 23] File 23, xtal 175 done.
[Rank 23] File 23, xtal 176 done.
[Rank 23] File 23, xtal 177 done.
[Rank 23] File 23, xtal 178 done.
[Rank 23] File 23, xtal 179 done.
[Rank 23] File 23, xtal 180 done.
[Rank 23] File 23, xtal 181 done.
[Rank 23] File 23, xtal 182 done.
[Rank 23] File 23, xtal 183 done.
[Rank 23] File 23, xtal 184 done.
[Rank 23] File 23, xtal 185 done.
[Rank 23] File 23, xtal 186 done.
[Rank 23] File 23, xtal 187 done.
[Rank 23] File 23, xtal 188 done.
[Rank 23] File 23, xtal 189 done.
[Rank 23] File 23, xtal 190 done.
[Rank 23] File 23, xtal 191 done.
[Rank 23] File 23, xtal 192 done.
[Rank 23] File 23, xtal 193 done.
[Rank 23] File 23, xtal 194 done.
[Rank 23] File 23, xtal 195 done.
[Rank 23] File 23, xtal 196 done.
[Rank 23] File 23, xtal 197 done.
[Rank 23] File 23, xtal 198 done.
[Rank 23] File 23, xtal 199 done.
[Rank 23] File 23, xtal 200 done.
[Rank 23] File 23, xtal 201 done.
[Rank 23] File 23, xtal 202 done.
[Rank 23] File 23, xtal 203 done.
[Rank 23] File 23, xtal 204 done.
[Rank 23] File 23, xtal 205 done.
[Rank 23] File 23, xtal 206 done.
[Rank 23] File 23, xtal 207 done.
[Rank 23] File 23, xtal 208 done.
[Rank 23] File 23, xtal 209 done.
[Rank 23] File 23, xtal 210 done.
[Rank 23] File 23, xtal 211 done.
[Rank 23] File 23, xtal 212 done.
[Rank 23] File 23, xtal 213 done.
[Rank 23] File 23, xtal 214 done.
[Rank 23] File 23, xtal 215 done.
[Rank 23] File 23, xtal 216 done.
[Rank 23] File 23, xtal 217 done.
[Rank 23] File 23, xtal 218 done.
[Rank 23] File 23, xtal 219 done.
[Rank 23] File 23, xtal 220 done.
[Rank 23] File 23, xtal 221 done.
[Rank 23] File 23, xtal 222 done.
[Rank 23] File 23, xtal 223 done.
[Rank 23] File 23, xtal 224 done.
[Rank 23] File 23, xtal 225 done.
[Rank 23] File 23, xtal 226 done.
[Rank 23] File 23, xtal 227 done.
[Rank 23] File 23, xtal 228 done.
[Rank 23] File 23, xtal 229 done.
[Rank 23] File 23, xtal 230 done.
[Rank 23] File 23, xtal 231 done.
[Rank 23] File 23, xtal 232 done.
[Rank 23] File 23, xtal 233 done.
[Rank 23] File 23, xtal 234 done.
[Rank 23] File 23, xtal 235 done.
[Rank 23] File 23, xtal 236 done.
[Rank 23] File 23, xtal 237 done.
[Rank 23] File 23, xtal 238 done.
[Rank 23] File 23, xtal 239 done.
[Rank 23] File 23, xtal 240 done.
Saving HDF5 output files to: /vscratch/grp-rutaoyao/Harsh/24_rots_again/sysmats
[Rank 15] File 15, xtal 0 done.
[Rank 15] File 15, xtal 1 done.
[Rank 15] File 15, xtal 2 done.
[Rank 15] File 15, xtal 3 done.
[Rank 15] File 15, xtal 4 done.
[Rank 15] File 15, xtal 5 done.
[Rank 15] File 15, xtal 6 done.
[Rank 15] File 15, xtal 7 done.
[Rank 15] File 15, xtal 8 done.
[Rank 15] File 15, xtal 9 done.
[Rank 15] File 15, xtal 10 done.
[Rank 15] File 15, xtal 11 done.
[Rank 15] File 15, xtal 12 done.
[Rank 15] File 15, xtal 13 done.
[Rank 15] File 15, xtal 14 done.
[Rank 15] File 15, xtal 15 done.
[Rank 15] File 15, xtal 16 done.
[Rank 15] File 15, xtal 17 done.
[Rank 15] File 15, xtal 18 done.
[Rank 15] File 15, xtal 19 done.
[Rank 15] File 15, xtal 20 done.
[Rank 15] File 15, xtal 21 done.
[Rank 15] File 15, xtal 22 done.
[Rank 15] File 15, xtal 23 done.
[Rank 15] File 15, xtal 24 done.
[Rank 15] File 15, xtal 25 done.
[Rank 15] File 15, xtal 26 done.
[Rank 15] File 15, xtal 27 done.
[Rank 15] File 15, xtal 28 done.
[Rank 15] File 15, xtal 29 done.
[Rank 15] File 15, xtal 30 done.
[Rank 15] File 15, xtal 31 done.
[Rank 15] File 15, xtal 32 done.
[Rank 15] File 15, xtal 33 done.
[Rank 15] File 15, xtal 34 done.
[Rank 15] File 15, xtal 35 done.
[Rank 15] File 15, xtal 36 done.
[Rank 15] File 15, xtal 37 done.
[Rank 15] File 15, xtal 38 done.
[Rank 15] File 15, xtal 39 done.
[Rank 15] File 15, xtal 40 done.
[Rank 15] File 15, xtal 41 done.
[Rank 15] File 15, xtal 42 done.
[Rank 15] File 15, xtal 43 done.
[Rank 15] File 15, xtal 44 done.
[Rank 15] File 15, xtal 45 done.
[Rank 15] File 15, xtal 46 done.
[Rank 15] File 15, xtal 47 done.
[Rank 15] File 15, xtal 48 done.
[Rank 15] File 15, xtal 49 done.
[Rank 15] File 15, xtal 50 done.
[Rank 15] File 15, xtal 51 done.
[Rank 15] File 15, xtal 52 done.
[Rank 15] File 15, xtal 53 done.
[Rank 15] File 15, xtal 54 done.
[Rank 15] File 15, xtal 55 done.
[Rank 15] File 15, xtal 56 done.
[Rank 15] File 15, xtal 57 done.
[Rank 15] File 15, xtal 58 done.
[Rank 15] File 15, xtal 59 done.
[Rank 15] File 15, xtal 60 done.
[Rank 15] File 15, xtal 61 done.
[Rank 15] File 15, xtal 62 done.
[Rank 15] File 15, xtal 63 done.
[Rank 15] File 15, xtal 64 done.
[Rank 15] File 15, xtal 65 done.
[Rank 15] File 15, xtal 66 done.
[Rank 15] File 15, xtal 67 done.
[Rank 15] File 15, xtal 68 done.
[Rank 15] File 15, xtal 69 done.
[Rank 15] File 15, xtal 70 done.
[Rank 15] File 15, xtal 71 done.
[Rank 15] File 15, xtal 72 done.
[Rank 15] File 15, xtal 73 done.
[Rank 15] File 15, xtal 74 done.
[Rank 15] File 15, xtal 75 done.
[Rank 15] File 15, xtal 76 done.
[Rank 15] File 15, xtal 77 done.
[Rank 15] File 15, xtal 78 done.
[Rank 15] File 15, xtal 79 done.
[Rank 15] File 15, xtal 80 done.
[Rank 15] File 15, xtal 81 done.
[Rank 15] File 15, xtal 82 done.
[Rank 15] File 15, xtal 83 done.
[Rank 15] File 15, xtal 84 done.
[Rank 15] File 15, xtal 85 done.
[Rank 15] File 15, xtal 86 done.
[Rank 15] File 15, xtal 87 done.
[Rank 15] File 15, xtal 88 done.
[Rank 15] File 15, xtal 89 done.
[Rank 15] File 15, xtal 90 done.
[Rank 15] File 15, xtal 91 done.
[Rank 15] File 15, xtal 92 done.
[Rank 15] File 15, xtal 93 done.
[Rank 15] File 15, xtal 94 done.
[Rank 15] File 15, xtal 95 done.
[Rank 15] File 15, xtal 96 done.
[Rank 15] File 15, xtal 97 done.
[Rank 15] File 15, xtal 98 done.
[Rank 15] File 15, xtal 99 done.
[Rank 15] File 15, xtal 100 done.
[Rank 15] File 15, xtal 101 done.
[Rank 15] File 15, xtal 102 done.
[Rank 15] File 15, xtal 103 done.
[Rank 15] File 15, xtal 104 done.
[Rank 15] File 15, xtal 105 done.
[Rank 15] File 15, xtal 106 done.
[Rank 15] File 15, xtal 107 done.
[Rank 15] File 15, xtal 108 done.
[Rank 15] File 15, xtal 109 done.
[Rank 15] File 15, xtal 110 done.
[Rank 15] File 15, xtal 111 done.
[Rank 15] File 15, xtal 112 done.
[Rank 15] File 15, xtal 113 done.
[Rank 15] File 15, xtal 114 done.
[Rank 15] File 15, xtal 115 done.
[Rank 15] File 15, xtal 116 done.
[Rank 15] File 15, xtal 117 done.
[Rank 15] File 15, xtal 118 done.
[Rank 15] File 15, xtal 119 done.
[Rank 15] File 15, xtal 120 done.
[Rank 15] File 15, xtal 121 done.
[Rank 15] File 15, xtal 122 done.
[Rank 15] File 15, xtal 123 done.
[Rank 15] File 15, xtal 124 done.
[Rank 15] File 15, xtal 125 done.
[Rank 15] File 15, xtal 126 done.
[Rank 15] File 15, xtal 127 done.
[Rank 15] File 15, xtal 128 done.
[Rank 15] File 15, xtal 129 done.
[Rank 15] File 15, xtal 130 done.
[Rank 15] File 15, xtal 131 done.
[Rank 15] File 15, xtal 132 done.
[Rank 15] File 15, xtal 133 done.
[Rank 15] File 15, xtal 134 done.
[Rank 15] File 15, xtal 135 done.
[Rank 15] File 15, xtal 136 done.
[Rank 15] File 15, xtal 137 done.
[Rank 15] File 15, xtal 138 done.
[Rank 15] File 15, xtal 139 done.
[Rank 15] File 15, xtal 140 done.
[Rank 15] File 15, xtal 141 done.
[Rank 15] File 15, xtal 142 done.
[Rank 15] File 15, xtal 143 done.
[Rank 15] File 15, xtal 144 done.
[Rank 15] File 15, xtal 145 done.
[Rank 15] File 15, xtal 146 done.
[Rank 15] File 15, xtal 147 done.
[Rank 15] File 15, xtal 148 done.
[Rank 15] File 15, xtal 149 done.
[Rank 15] File 15, xtal 150 done.
[Rank 15] File 15, xtal 151 done.
[Rank 15] File 15, xtal 152 done.
[Rank 15] File 15, xtal 153 done.
[Rank 15] File 15, xtal 154 done.
[Rank 15] File 15, xtal 155 done.
[Rank 15] File 15, xtal 156 done.
[Rank 15] File 15, xtal 157 done.
[Rank 15] File 15, xtal 158 done.
[Rank 15] File 15, xtal 159 done.
[Rank 15] File 15, xtal 160 done.
[Rank 15] File 15, xtal 161 done.
[Rank 15] File 15, xtal 162 done.
[Rank 15] File 15, xtal 163 done.
[Rank 15] File 15, xtal 164 done.
[Rank 15] File 15, xtal 165 done.
[Rank 15] File 15, xtal 166 done.
[Rank 15] File 15, xtal 167 done.
[Rank 15] File 15, xtal 168 done.
[Rank 15] File 15, xtal 169 done.
[Rank 15] File 15, xtal 170 done.
[Rank 15] File 15, xtal 171 done.
[Rank 15] File 15, xtal 172 done.
[Rank 15] File 15, xtal 173 done.
[Rank 15] File 15, xtal 174 done.
[Rank 15] File 15, xtal 175 done.
[Rank 15] File 15, xtal 176 done.
[Rank 15] File 15, xtal 177 done.
[Rank 15] File 15, xtal 178 done.
[Rank 15] File 15, xtal 179 done.
[Rank 15] File 15, xtal 180 done.
[Rank 15] File 15, xtal 181 done.
[Rank 15] File 15, xtal 182 done.
[Rank 15] File 15, xtal 183 done.
[Rank 15] File 15, xtal 184 done.
[Rank 15] File 15, xtal 185 done.
[Rank 15] File 15, xtal 186 done.
[Rank 15] File 15, xtal 187 done.
[Rank 15] File 15, xtal 188 done.
[Rank 15] File 15, xtal 189 done.
[Rank 15] File 15, xtal 190 done.
[Rank 15] File 15, xtal 191 done.
[Rank 15] File 15, xtal 192 done.
[Rank 15] File 15, xtal 193 done.
[Rank 15] File 15, xtal 194 done.
[Rank 15] File 15, xtal 195 done.
[Rank 15] File 15, xtal 196 done.
[Rank 15] File 15, xtal 197 done.
[Rank 15] File 15, xtal 198 done.
[Rank 15] File 15, xtal 199 done.
[Rank 15] File 15, xtal 200 done.
[Rank 15] File 15, xtal 201 done.
[Rank 15] File 15, xtal 202 done.
[Rank 15] File 15, xtal 203 done.
[Rank 15] File 15, xtal 204 done.
[Rank 15] File 15, xtal 205 done.
[Rank 15] File 15, xtal 206 done.
[Rank 15] File 15, xtal 207 done.
[Rank 15] File 15, xtal 208 done.
[Rank 15] File 15, xtal 209 done.
[Rank 15] File 15, xtal 210 done.
[Rank 15] File 15, xtal 211 done.
[Rank 15] File 15, xtal 212 done.
[Rank 15] File 15, xtal 213 done.
[Rank 15] File 15, xtal 214 done.
[Rank 15] File 15, xtal 215 done.
[Rank 15] File 15, xtal 216 done.
[Rank 15] File 15, xtal 217 done.
[Rank 15] File 15, xtal 218 done.
[Rank 15] File 15, xtal 219 done.
[Rank 15] File 15, xtal 220 done.
[Rank 15] File 15, xtal 221 done.
[Rank 15] File 15, xtal 222 done.
[Rank 15] File 15, xtal 223 done.
[Rank 15] File 15, xtal 224 done.
[Rank 15] File 15, xtal 225 done.
[Rank 15] File 15, xtal 226 done.
[Rank 15] File 15, xtal 227 done.
[Rank 15] File 15, xtal 228 done.
[Rank 15] File 15, xtal 229 done.
[Rank 15] File 15, xtal 230 done.
[Rank 15] File 15, xtal 231 done.
[Rank 15] File 15, xtal 232 done.
[Rank 15] File 15, xtal 233 done.
[Rank 15] File 15, xtal 234 done.
[Rank 15] File 15, xtal 235 done.
[Rank 15] File 15, xtal 236 done.
[Rank 15] File 15, xtal 237 done.
[Rank 15] File 15, xtal 238 done.
[Rank 15] File 15, xtal 239 done.
[Rank 15] File 15, xtal 240 done.
Saving HDF5 output files to: /vscratch/grp-rutaoyao/Harsh/24_rots_again/sysmats
[Rank 10] File 10, xtal 0 done.
[Rank 10] File 10, xtal 1 done.
[Rank 10] File 10, xtal 2 done.
[Rank 10] File 10, xtal 3 done.
[Rank 10] File 10, xtal 4 done.
[Rank 10] File 10, xtal 5 done.
[Rank 10] File 10, xtal 6 done.
[Rank 10] File 10, xtal 7 done.
[Rank 10] File 10, xtal 8 done.
[Rank 10] File 10, xtal 9 done.
[Rank 10] File 10, xtal 10 done.
[Rank 10] File 10, xtal 11 done.
[Rank 10] File 10, xtal 12 done.
[Rank 10] File 10, xtal 13 done.
[Rank 10] File 10, xtal 14 done.
[Rank 10] File 10, xtal 15 done.
[Rank 10] File 10, xtal 16 done.
[Rank 10] File 10, xtal 17 done.
[Rank 10] File 10, xtal 18 done.
[Rank 10] File 10, xtal 19 done.
[Rank 10] File 10, xtal 20 done.
[Rank 10] File 10, xtal 21 done.
[Rank 10] File 10, xtal 22 done.
[Rank 10] File 10, xtal 23 done.
[Rank 10] File 10, xtal 24 done.
[Rank 10] File 10, xtal 25 done.
[Rank 10] File 10, xtal 26 done.
[Rank 10] File 10, xtal 27 done.
[Rank 10] File 10, xtal 28 done.
[Rank 10] File 10, xtal 29 done.
[Rank 10] File 10, xtal 30 done.
[Rank 10] File 10, xtal 31 done.
[Rank 10] File 10, xtal 32 done.
[Rank 10] File 10, xtal 33 done.
[Rank 10] File 10, xtal 34 done.
[Rank 10] File 10, xtal 35 done.
[Rank 10] File 10, xtal 36 done.
[Rank 10] File 10, xtal 37 done.
[Rank 10] File 10, xtal 38 done.
[Rank 10] File 10, xtal 39 done.
[Rank 10] File 10, xtal 40 done.
[Rank 10] File 10, xtal 41 done.
[Rank 10] File 10, xtal 42 done.
[Rank 10] File 10, xtal 43 done.
[Rank 10] File 10, xtal 44 done.
[Rank 10] File 10, xtal 45 done.
[Rank 10] File 10, xtal 46 done.
[Rank 10] File 10, xtal 47 done.
[Rank 10] File 10, xtal 48 done.
[Rank 10] File 10, xtal 49 done.
[Rank 10] File 10, xtal 50 done.
[Rank 10] File 10, xtal 51 done.
[Rank 10] File 10, xtal 52 done.
[Rank 10] File 10, xtal 53 done.
[Rank 10] File 10, xtal 54 done.
[Rank 10] File 10, xtal 55 done.
[Rank 10] File 10, xtal 56 done.
[Rank 10] File 10, xtal 57 done.
[Rank 10] File 10, xtal 58 done.
[Rank 10] File 10, xtal 59 done.
[Rank 10] File 10, xtal 60 done.
[Rank 10] File 10, xtal 61 done.
[Rank 10] File 10, xtal 62 done.
[Rank 10] File 10, xtal 63 done.
[Rank 10] File 10, xtal 64 done.
[Rank 10] File 10, xtal 65 done.
[Rank 10] File 10, xtal 66 done.
[Rank 10] File 10, xtal 67 done.
[Rank 10] File 10, xtal 68 done.
[Rank 10] File 10, xtal 69 done.
[Rank 10] File 10, xtal 70 done.
[Rank 10] File 10, xtal 71 done.
[Rank 10] File 10, xtal 72 done.
[Rank 10] File 10, xtal 73 done.
[Rank 10] File 10, xtal 74 done.
[Rank 10] File 10, xtal 75 done.
[Rank 10] File 10, xtal 76 done.
[Rank 10] File 10, xtal 77 done.
[Rank 10] File 10, xtal 78 done.
[Rank 10] File 10, xtal 79 done.
[Rank 10] File 10, xtal 80 done.
[Rank 10] File 10, xtal 81 done.
[Rank 10] File 10, xtal 82 done.
[Rank 10] File 10, xtal 83 done.
[Rank 10] File 10, xtal 84 done.
[Rank 10] File 10, xtal 85 done.
[Rank 10] File 10, xtal 86 done.
[Rank 10] File 10, xtal 87 done.
[Rank 10] File 10, xtal 88 done.
[Rank 10] File 10, xtal 89 done.
[Rank 10] File 10, xtal 90 done.
[Rank 10] File 10, xtal 91 done.
[Rank 10] File 10, xtal 92 done.
[Rank 10] File 10, xtal 93 done.
[Rank 10] File 10, xtal 94 done.
[Rank 10] File 10, xtal 95 done.
[Rank 10] File 10, xtal 96 done.
[Rank 10] File 10, xtal 97 done.
[Rank 10] File 10, xtal 98 done.
[Rank 10] File 10, xtal 99 done.
[Rank 10] File 10, xtal 100 done.
[Rank 10] File 10, xtal 101 done.
[Rank 10] File 10, xtal 102 done.
[Rank 10] File 10, xtal 103 done.
[Rank 10] File 10, xtal 104 done.
[Rank 10] File 10, xtal 105 done.
[Rank 10] File 10, xtal 106 done.
[Rank 10] File 10, xtal 107 done.
[Rank 10] File 10, xtal 108 done.
[Rank 10] File 10, xtal 109 done.
[Rank 10] File 10, xtal 110 done.
[Rank 10] File 10, xtal 111 done.
[Rank 10] File 10, xtal 112 done.
[Rank 10] File 10, xtal 113 done.
[Rank 10] File 10, xtal 114 done.
[Rank 10] File 10, xtal 115 done.
[Rank 10] File 10, xtal 116 done.
[Rank 10] File 10, xtal 117 done.
[Rank 10] File 10, xtal 118 done.
[Rank 10] File 10, xtal 119 done.
[Rank 10] File 10, xtal 120 done.
[Rank 10] File 10, xtal 121 done.
[Rank 10] File 10, xtal 122 done.
[Rank 10] File 10, xtal 123 done.
[Rank 10] File 10, xtal 124 done.
[Rank 10] File 10, xtal 125 done.
[Rank 10] File 10, xtal 126 done.
[Rank 10] File 10, xtal 127 done.
[Rank 10] File 10, xtal 128 done.
[Rank 10] File 10, xtal 129 done.
[Rank 10] File 10, xtal 130 done.
[Rank 10] File 10, xtal 131 done.
[Rank 10] File 10, xtal 132 done.
[Rank 10] File 10, xtal 133 done.
[Rank 10] File 10, xtal 134 done.
[Rank 10] File 10, xtal 135 done.
[Rank 10] File 10, xtal 136 done.
[Rank 10] File 10, xtal 137 done.
[Rank 10] File 10, xtal 138 done.
[Rank 10] File 10, xtal 139 done.
[Rank 10] File 10, xtal 140 done.
[Rank 10] File 10, xtal 141 done.
[Rank 10] File 10, xtal 142 done.
[Rank 10] File 10, xtal 143 done.
[Rank 10] File 10, xtal 144 done.
[Rank 10] File 10, xtal 145 done.
[Rank 10] File 10, xtal 146 done.
[Rank 10] File 10, xtal 147 done.
[Rank 10] File 10, xtal 148 done.
[Rank 10] File 10, xtal 149 done.
[Rank 10] File 10, xtal 150 done.
[Rank 10] File 10, xtal 151 done.
[Rank 10] File 10, xtal 152 done.
[Rank 10] File 10, xtal 153 done.
[Rank 10] File 10, xtal 154 done.
[Rank 10] File 10, xtal 155 done.
[Rank 10] File 10, xtal 156 done.
[Rank 10] File 10, xtal 157 done.
[Rank 10] File 10, xtal 158 done.
[Rank 10] File 10, xtal 159 done.
[Rank 10] File 10, xtal 160 done.
[Rank 10] File 10, xtal 161 done.
[Rank 10] File 10, xtal 162 done.
[Rank 10] File 10, xtal 163 done.
[Rank 10] File 10, xtal 164 done.
[Rank 10] File 10, xtal 165 done.
[Rank 10] File 10, xtal 166 done.
[Rank 10] File 10, xtal 167 done.
[Rank 10] File 10, xtal 168 done.
[Rank 10] File 10, xtal 169 done.
[Rank 10] File 10, xtal 170 done.
[Rank 10] File 10, xtal 171 done.
[Rank 10] File 10, xtal 172 done.
[Rank 10] File 10, xtal 173 done.
[Rank 10] File 10, xtal 174 done.
[Rank 10] File 10, xtal 175 done.
[Rank 10] File 10, xtal 176 done.
[Rank 10] File 10, xtal 177 done.
[Rank 10] File 10, xtal 178 done.
[Rank 10] File 10, xtal 179 done.
[Rank 10] File 10, xtal 180 done.
[Rank 10] File 10, xtal 181 done.
[Rank 10] File 10, xtal 182 done.
[Rank 10] File 10, xtal 183 done.
[Rank 10] File 10, xtal 184 done.
[Rank 10] File 10, xtal 185 done.
[Rank 10] File 10, xtal 186 done.
[Rank 10] File 10, xtal 187 done.
[Rank 10] File 10, xtal 188 done.
[Rank 10] File 10, xtal 189 done.
[Rank 10] File 10, xtal 190 done.
[Rank 10] File 10, xtal 191 done.
[Rank 10] File 10, xtal 192 done.
[Rank 10] File 10, xtal 193 done.
[Rank 10] File 10, xtal 194 done.
[Rank 10] File 10, xtal 195 done.
[Rank 10] File 10, xtal 196 done.
[Rank 10] File 10, xtal 197 done.
[Rank 10] File 10, xtal 198 done.
[Rank 10] File 10, xtal 199 done.
[Rank 10] File 10, xtal 200 done.
[Rank 10] File 10, xtal 201 done.
[Rank 10] File 10, xtal 202 done.
[Rank 10] File 10, xtal 203 done.
[Rank 10] File 10, xtal 204 done.
[Rank 10] File 10, xtal 205 done.
[Rank 10] File 10, xtal 206 done.
[Rank 10] File 10, xtal 207 done.
[Rank 10] File 10, xtal 208 done.
[Rank 10] File 10, xtal 209 done.
[Rank 10] File 10, xtal 210 done.
[Rank 10] File 10, xtal 211 done.
[Rank 10] File 10, xtal 212 done.
[Rank 10] File 10, xtal 213 done.
[Rank 10] File 10, xtal 214 done.
[Rank 10] File 10, xtal 215 done.
[Rank 10] File 10, xtal 216 done.
[Rank 10] File 10, xtal 217 done.
[Rank 10] File 10, xtal 218 done.
[Rank 10] File 10, xtal 219 done.
[Rank 10] File 10, xtal 220 done.
[Rank 10] File 10, xtal 221 done.
[Rank 10] File 10, xtal 222 done.
[Rank 10] File 10, xtal 223 done.
[Rank 10] File 10, xtal 224 done.
[Rank 10] File 10, xtal 225 done.
[Rank 10] File 10, xtal 226 done.
[Rank 10] File 10, xtal 227 done.
[Rank 10] File 10, xtal 228 done.
[Rank 10] File 10, xtal 229 done.
[Rank 10] File 10, xtal 230 done.
[Rank 10] File 10, xtal 231 done.
[Rank 10] File 10, xtal 232 done.
[Rank 10] File 10, xtal 233 done.
[Rank 10] File 10, xtal 234 done.
[Rank 10] File 10, xtal 235 done.
[Rank 10] File 10, xtal 236 done.
[Rank 10] File 10, xtal 237 done.
[Rank 10] File 10, xtal 238 done.
[Rank 10] File 10, xtal 239 done.
[Rank 10] File 10, xtal 240 done.
Saving HDF5 output files to: /vscratch/grp-rutaoyao/Harsh/24_rots_again/sysmats
[Rank 14] File 14, xtal 0 done.
[Rank 14] File 14, xtal 1 done.
[Rank 14] File 14, xtal 2 done.
[Rank 14] File 14, xtal 3 done.
[Rank 14] File 14, xtal 4 done.
[Rank 14] File 14, xtal 5 done.
[Rank 14] File 14, xtal 6 done.
[Rank 14] File 14, xtal 7 done.
[Rank 14] File 14, xtal 8 done.
[Rank 14] File 14, xtal 9 done.
[Rank 14] File 14, xtal 10 done.
[Rank 14] File 14, xtal 11 done.
[Rank 14] File 14, xtal 12 done.
[Rank 14] File 14, xtal 13 done.
[Rank 14] File 14, xtal 14 done.
[Rank 14] File 14, xtal 15 done.
[Rank 14] File 14, xtal 16 done.
[Rank 14] File 14, xtal 17 done.
[Rank 14] File 14, xtal 18 done.
[Rank 14] File 14, xtal 19 done.
[Rank 14] File 14, xtal 20 done.
[Rank 14] File 14, xtal 21 done.
[Rank 14] File 14, xtal 22 done.
[Rank 14] File 14, xtal 23 done.
[Rank 14] File 14, xtal 24 done.
[Rank 14] File 14, xtal 25 done.
[Rank 14] File 14, xtal 26 done.
[Rank 14] File 14, xtal 27 done.
[Rank 14] File 14, xtal 28 done.
[Rank 14] File 14, xtal 29 done.
[Rank 14] File 14, xtal 30 done.
[Rank 14] File 14, xtal 31 done.
[Rank 14] File 14, xtal 32 done.
[Rank 14] File 14, xtal 33 done.
[Rank 14] File 14, xtal 34 done.
[Rank 14] File 14, xtal 35 done.
[Rank 14] File 14, xtal 36 done.
[Rank 14] File 14, xtal 37 done.
[Rank 14] File 14, xtal 38 done.
[Rank 14] File 14, xtal 39 done.
[Rank 14] File 14, xtal 40 done.
[Rank 14] File 14, xtal 41 done.
[Rank 14] File 14, xtal 42 done.
[Rank 14] File 14, xtal 43 done.
[Rank 14] File 14, xtal 44 done.
[Rank 14] File 14, xtal 45 done.
[Rank 14] File 14, xtal 46 done.
[Rank 14] File 14, xtal 47 done.
[Rank 14] File 14, xtal 48 done.
[Rank 14] File 14, xtal 49 done.
[Rank 14] File 14, xtal 50 done.
[Rank 14] File 14, xtal 51 done.
[Rank 14] File 14, xtal 52 done.
[Rank 14] File 14, xtal 53 done.
[Rank 14] File 14, xtal 54 done.
[Rank 14] File 14, xtal 55 done.
[Rank 14] File 14, xtal 56 done.
[Rank 14] File 14, xtal 57 done.
[Rank 14] File 14, xtal 58 done.
[Rank 14] File 14, xtal 59 done.
[Rank 14] File 14, xtal 60 done.
[Rank 14] File 14, xtal 61 done.
[Rank 14] File 14, xtal 62 done.
[Rank 14] File 14, xtal 63 done.
[Rank 14] File 14, xtal 64 done.
[Rank 14] File 14, xtal 65 done.
[Rank 14] File 14, xtal 66 done.
[Rank 14] File 14, xtal 67 done.
[Rank 14] File 14, xtal 68 done.
[Rank 14] File 14, xtal 69 done.
[Rank 14] File 14, xtal 70 done.
[Rank 14] File 14, xtal 71 done.
[Rank 14] File 14, xtal 72 done.
[Rank 14] File 14, xtal 73 done.
[Rank 14] File 14, xtal 74 done.
[Rank 14] File 14, xtal 75 done.
[Rank 14] File 14, xtal 76 done.
[Rank 14] File 14, xtal 77 done.
[Rank 14] File 14, xtal 78 done.
[Rank 14] File 14, xtal 79 done.
[Rank 14] File 14, xtal 80 done.
[Rank 14] File 14, xtal 81 done.
[Rank 14] File 14, xtal 82 done.
[Rank 14] File 14, xtal 83 done.
[Rank 14] File 14, xtal 84 done.
[Rank 14] File 14, xtal 85 done.
[Rank 14] File 14, xtal 86 done.
[Rank 14] File 14, xtal 87 done.
[Rank 14] File 14, xtal 88 done.
[Rank 14] File 14, xtal 89 done.
[Rank 14] File 14, xtal 90 done.
[Rank 14] File 14, xtal 91 done.
[Rank 14] File 14, xtal 92 done.
[Rank 14] File 14, xtal 93 done.
[Rank 14] File 14, xtal 94 done.
[Rank 14] File 14, xtal 95 done.
[Rank 14] File 14, xtal 96 done.
[Rank 14] File 14, xtal 97 done.
[Rank 14] File 14, xtal 98 done.
[Rank 14] File 14, xtal 99 done.
[Rank 14] File 14, xtal 100 done.
[Rank 14] File 14, xtal 101 done.
[Rank 14] File 14, xtal 102 done.
[Rank 14] File 14, xtal 103 done.
[Rank 14] File 14, xtal 104 done.
[Rank 14] File 14, xtal 105 done.
[Rank 14] File 14, xtal 106 done.
[Rank 14] File 14, xtal 107 done.
[Rank 14] File 14, xtal 108 done.
[Rank 14] File 14, xtal 109 done.
[Rank 14] File 14, xtal 110 done.
[Rank 14] File 14, xtal 111 done.
[Rank 14] File 14, xtal 112 done.
[Rank 14] File 14, xtal 113 done.
[Rank 14] File 14, xtal 114 done.
[Rank 14] File 14, xtal 115 done.
[Rank 14] File 14, xtal 116 done.
[Rank 14] File 14, xtal 117 done.
[Rank 14] File 14, xtal 118 done.
[Rank 14] File 14, xtal 119 done.
[Rank 14] File 14, xtal 120 done.
[Rank 14] File 14, xtal 121 done.
[Rank 14] File 14, xtal 122 done.
[Rank 14] File 14, xtal 123 done.
[Rank 14] File 14, xtal 124 done.
[Rank 14] File 14, xtal 125 done.
[Rank 14] File 14, xtal 126 done.
[Rank 14] File 14, xtal 127 done.
[Rank 14] File 14, xtal 128 done.
[Rank 14] File 14, xtal 129 done.
[Rank 14] File 14, xtal 130 done.
[Rank 14] File 14, xtal 131 done.
[Rank 14] File 14, xtal 132 done.
[Rank 14] File 14, xtal 133 done.
[Rank 14] File 14, xtal 134 done.
[Rank 14] File 14, xtal 135 done.
[Rank 14] File 14, xtal 136 done.
[Rank 14] File 14, xtal 137 done.
[Rank 14] File 14, xtal 138 done.
[Rank 14] File 14, xtal 139 done.
[Rank 14] File 14, xtal 140 done.
[Rank 14] File 14, xtal 141 done.
[Rank 14] File 14, xtal 142 done.
[Rank 14] File 14, xtal 143 done.
[Rank 14] File 14, xtal 144 done.
[Rank 14] File 14, xtal 145 done.
[Rank 14] File 14, xtal 146 done.
[Rank 14] File 14, xtal 147 done.
[Rank 14] File 14, xtal 148 done.
[Rank 14] File 14, xtal 149 done.
[Rank 14] File 14, xtal 150 done.
[Rank 14] File 14, xtal 151 done.
[Rank 14] File 14, xtal 152 done.
[Rank 14] File 14, xtal 153 done.
[Rank 14] File 14, xtal 154 done.
[Rank 14] File 14, xtal 155 done.
[Rank 14] File 14, xtal 156 done.
[Rank 14] File 14, xtal 157 done.
[Rank 14] File 14, xtal 158 done.
[Rank 14] File 14, xtal 159 done.
[Rank 14] File 14, xtal 160 done.
[Rank 14] File 14, xtal 161 done.
[Rank 14] File 14, xtal 162 done.
[Rank 14] File 14, xtal 163 done.
[Rank 14] File 14, xtal 164 done.
[Rank 14] File 14, xtal 165 done.
[Rank 14] File 14, xtal 166 done.
[Rank 14] File 14, xtal 167 done.
[Rank 14] File 14, xtal 168 done.
[Rank 14] File 14, xtal 169 done.
[Rank 14] File 14, xtal 170 done.
[Rank 14] File 14, xtal 171 done.
[Rank 14] File 14, xtal 172 done.
[Rank 14] File 14, xtal 173 done.
[Rank 14] File 14, xtal 174 done.
[Rank 14] File 14, xtal 175 done.
[Rank 14] File 14, xtal 176 done.
[Rank 14] File 14, xtal 177 done.
[Rank 14] File 14, xtal 178 done.
[Rank 14] File 14, xtal 179 done.
[Rank 14] File 14, xtal 180 done.
[Rank 14] File 14, xtal 181 done.
[Rank 14] File 14, xtal 182 done.
[Rank 14] File 14, xtal 183 done.
[Rank 14] File 14, xtal 184 done.
[Rank 14] File 14, xtal 185 done.
[Rank 14] File 14, xtal 186 done.
[Rank 14] File 14, xtal 187 done.
[Rank 14] File 14, xtal 188 done.
[Rank 14] File 14, xtal 189 done.
[Rank 14] File 14, xtal 190 done.
[Rank 14] File 14, xtal 191 done.
[Rank 14] File 14, xtal 192 done.
[Rank 14] File 14, xtal 193 done.
[Rank 14] File 14, xtal 194 done.
[Rank 14] File 14, xtal 195 done.
[Rank 14] File 14, xtal 196 done.
[Rank 14] File 14, xtal 197 done.
[Rank 14] File 14, xtal 198 done.
[Rank 14] File 14, xtal 199 done.
[Rank 14] File 14, xtal 200 done.
[Rank 14] File 14, xtal 201 done.
[Rank 14] File 14, xtal 202 done.
[Rank 14] File 14, xtal 203 done.
[Rank 14] File 14, xtal 204 done.
[Rank 14] File 14, xtal 205 done.
[Rank 14] File 14, xtal 206 done.
[Rank 14] File 14, xtal 207 done.
[Rank 14] File 14, xtal 208 done.
[Rank 14] File 14, xtal 209 done.
[Rank 14] File 14, xtal 210 done.
[Rank 14] File 14, xtal 211 done.
[Rank 14] File 14, xtal 212 done.
[Rank 14] File 14, xtal 213 done.
[Rank 14] File 14, xtal 214 done.
[Rank 14] File 14, xtal 215 done.
[Rank 14] File 14, xtal 216 done.
[Rank 14] File 14, xtal 217 done.
[Rank 14] File 14, xtal 218 done.
[Rank 14] File 14, xtal 219 done.
[Rank 14] File 14, xtal 220 done.
[Rank 14] File 14, xtal 221 done.
[Rank 14] File 14, xtal 222 done.
[Rank 14] File 14, xtal 223 done.
[Rank 14] File 14, xtal 224 done.
[Rank 14] File 14, xtal 225 done.
[Rank 14] File 14, xtal 226 done.
[Rank 14] File 14, xtal 227 done.
[Rank 14] File 14, xtal 228 done.
[Rank 14] File 14, xtal 229 done.
[Rank 14] File 14, xtal 230 done.
[Rank 14] File 14, xtal 231 done.
[Rank 14] File 14, xtal 232 done.
[Rank 14] File 14, xtal 233 done.
[Rank 14] File 14, xtal 234 done.
[Rank 14] File 14, xtal 235 done.
[Rank 14] File 14, xtal 236 done.
[Rank 14] File 14, xtal 237 done.
[Rank 14] File 14, xtal 238 done.
[Rank 14] File 14, xtal 239 done.
[Rank 14] File 14, xtal 240 done.
Saving HDF5 output files to: /vscratch/grp-rutaoyao/Harsh/24_rots_again/sysmats
[Rank 13] File 13, xtal 0 done.
[Rank 13] File 13, xtal 1 done.
[Rank 13] File 13, xtal 2 done.
[Rank 13] File 13, xtal 3 done.
[Rank 13] File 13, xtal 4 done.
[Rank 13] File 13, xtal 5 done.
[Rank 13] File 13, xtal 6 done.
[Rank 13] File 13, xtal 7 done.
[Rank 13] File 13, xtal 8 done.
[Rank 13] File 13, xtal 9 done.
[Rank 13] File 13, xtal 10 done.
[Rank 13] File 13, xtal 11 done.
[Rank 13] File 13, xtal 12 done.
[Rank 13] File 13, xtal 13 done.
[Rank 13] File 13, xtal 14 done.
[Rank 13] File 13, xtal 15 done.
[Rank 13] File 13, xtal 16 done.
[Rank 13] File 13, xtal 17 done.
[Rank 13] File 13, xtal 18 done.
[Rank 13] File 13, xtal 19 done.
[Rank 13] File 13, xtal 20 done.
[Rank 13] File 13, xtal 21 done.
[Rank 13] File 13, xtal 22 done.
[Rank 13] File 13, xtal 23 done.
[Rank 13] File 13, xtal 24 done.
[Rank 13] File 13, xtal 25 done.
[Rank 13] File 13, xtal 26 done.
[Rank 13] File 13, xtal 27 done.
[Rank 13] File 13, xtal 28 done.
[Rank 13] File 13, xtal 29 done.
[Rank 13] File 13, xtal 30 done.
[Rank 13] File 13, xtal 31 done.
[Rank 13] File 13, xtal 32 done.
[Rank 13] File 13, xtal 33 done.
[Rank 13] File 13, xtal 34 done.
[Rank 13] File 13, xtal 35 done.
[Rank 13] File 13, xtal 36 done.
[Rank 13] File 13, xtal 37 done.
[Rank 13] File 13, xtal 38 done.
[Rank 13] File 13, xtal 39 done.
[Rank 13] File 13, xtal 40 done.
[Rank 13] File 13, xtal 41 done.
[Rank 13] File 13, xtal 42 done.
[Rank 13] File 13, xtal 43 done.
[Rank 13] File 13, xtal 44 done.
[Rank 13] File 13, xtal 45 done.
[Rank 13] File 13, xtal 46 done.
[Rank 13] File 13, xtal 47 done.
[Rank 13] File 13, xtal 48 done.
[Rank 13] File 13, xtal 49 done.
[Rank 13] File 13, xtal 50 done.
[Rank 13] File 13, xtal 51 done.
[Rank 13] File 13, xtal 52 done.
[Rank 13] File 13, xtal 53 done.
[Rank 13] File 13, xtal 54 done.
[Rank 13] File 13, xtal 55 done.
[Rank 13] File 13, xtal 56 done.
[Rank 13] File 13, xtal 57 done.
[Rank 13] File 13, xtal 58 done.
[Rank 13] File 13, xtal 59 done.
[Rank 13] File 13, xtal 60 done.
[Rank 13] File 13, xtal 61 done.
[Rank 13] File 13, xtal 62 done.
[Rank 13] File 13, xtal 63 done.
[Rank 13] File 13, xtal 64 done.
[Rank 13] File 13, xtal 65 done.
[Rank 13] File 13, xtal 66 done.
[Rank 13] File 13, xtal 67 done.
[Rank 13] File 13, xtal 68 done.
[Rank 13] File 13, xtal 69 done.
[Rank 13] File 13, xtal 70 done.
[Rank 13] File 13, xtal 71 done.
[Rank 13] File 13, xtal 72 done.
[Rank 13] File 13, xtal 73 done.
[Rank 13] File 13, xtal 74 done.
[Rank 13] File 13, xtal 75 done.
[Rank 13] File 13, xtal 76 done.
[Rank 13] File 13, xtal 77 done.
[Rank 13] File 13, xtal 78 done.
[Rank 13] File 13, xtal 79 done.
[Rank 13] File 13, xtal 80 done.
[Rank 13] File 13, xtal 81 done.
[Rank 13] File 13, xtal 82 done.
[Rank 13] File 13, xtal 83 done.
[Rank 13] File 13, xtal 84 done.
[Rank 13] File 13, xtal 85 done.
[Rank 13] File 13, xtal 86 done.
[Rank 13] File 13, xtal 87 done.
[Rank 13] File 13, xtal 88 done.
[Rank 13] File 13, xtal 89 done.
[Rank 13] File 13, xtal 90 done.
[Rank 13] File 13, xtal 91 done.
[Rank 13] File 13, xtal 92 done.
[Rank 13] File 13, xtal 93 done.
[Rank 13] File 13, xtal 94 done.
[Rank 13] File 13, xtal 95 done.
[Rank 13] File 13, xtal 96 done.
[Rank 13] File 13, xtal 97 done.
[Rank 13] File 13, xtal 98 done.
[Rank 13] File 13, xtal 99 done.
[Rank 13] File 13, xtal 100 done.
[Rank 13] File 13, xtal 101 done.
[Rank 13] File 13, xtal 102 done.
[Rank 13] File 13, xtal 103 done.
[Rank 13] File 13, xtal 104 done.
[Rank 13] File 13, xtal 105 done.
[Rank 13] File 13, xtal 106 done.
[Rank 13] File 13, xtal 107 done.
[Rank 13] File 13, xtal 108 done.
[Rank 13] File 13, xtal 109 done.
[Rank 13] File 13, xtal 110 done.
[Rank 13] File 13, xtal 111 done.
[Rank 13] File 13, xtal 112 done.
[Rank 13] File 13, xtal 113 done.
[Rank 13] File 13, xtal 114 done.
[Rank 13] File 13, xtal 115 done.
[Rank 13] File 13, xtal 116 done.
[Rank 13] File 13, xtal 117 done.
[Rank 13] File 13, xtal 118 done.
[Rank 13] File 13, xtal 119 done.
[Rank 13] File 13, xtal 120 done.
[Rank 13] File 13, xtal 121 done.
[Rank 13] File 13, xtal 122 done.
[Rank 13] File 13, xtal 123 done.
[Rank 13] File 13, xtal 124 done.
[Rank 13] File 13, xtal 125 done.
[Rank 13] File 13, xtal 126 done.
[Rank 13] File 13, xtal 127 done.
[Rank 13] File 13, xtal 128 done.
[Rank 13] File 13, xtal 129 done.
[Rank 13] File 13, xtal 130 done.
[Rank 13] File 13, xtal 131 done.
[Rank 13] File 13, xtal 132 done.
[Rank 13] File 13, xtal 133 done.
[Rank 13] File 13, xtal 134 done.
[Rank 13] File 13, xtal 135 done.
[Rank 13] File 13, xtal 136 done.
[Rank 13] File 13, xtal 137 done.
[Rank 13] File 13, xtal 138 done.
[Rank 13] File 13, xtal 139 done.
[Rank 13] File 13, xtal 140 done.
[Rank 13] File 13, xtal 141 done.
[Rank 13] File 13, xtal 142 done.
[Rank 13] File 13, xtal 143 done.
[Rank 13] File 13, xtal 144 done.
[Rank 13] File 13, xtal 145 done.
[Rank 13] File 13, xtal 146 done.
[Rank 13] File 13, xtal 147 done.
[Rank 13] File 13, xtal 148 done.
[Rank 13] File 13, xtal 149 done.
[Rank 13] File 13, xtal 150 done.
[Rank 13] File 13, xtal 151 done.
[Rank 13] File 13, xtal 152 done.
[Rank 13] File 13, xtal 153 done.
[Rank 13] File 13, xtal 154 done.
[Rank 13] File 13, xtal 155 done.
[Rank 13] File 13, xtal 156 done.
[Rank 13] File 13, xtal 157 done.
[Rank 13] File 13, xtal 158 done.
[Rank 13] File 13, xtal 159 done.
[Rank 13] File 13, xtal 160 done.
[Rank 13] File 13, xtal 161 done.
[Rank 13] File 13, xtal 162 done.
[Rank 13] File 13, xtal 163 done.
[Rank 13] File 13, xtal 164 done.
[Rank 13] File 13, xtal 165 done.
[Rank 13] File 13, xtal 166 done.
[Rank 13] File 13, xtal 167 done.
[Rank 13] File 13, xtal 168 done.
[Rank 13] File 13, xtal 169 done.
[Rank 13] File 13, xtal 170 done.
[Rank 13] File 13, xtal 171 done.
[Rank 13] File 13, xtal 172 done.
[Rank 13] File 13, xtal 173 done.
[Rank 13] File 13, xtal 174 done.
[Rank 13] File 13, xtal 175 done.
[Rank 13] File 13, xtal 176 done.
[Rank 13] File 13, xtal 177 done.
[Rank 13] File 13, xtal 178 done.
[Rank 13] File 13, xtal 179 done.
[Rank 13] File 13, xtal 180 done.
[Rank 13] File 13, xtal 181 done.
[Rank 13] File 13, xtal 182 done.
[Rank 13] File 13, xtal 183 done.
[Rank 13] File 13, xtal 184 done.
[Rank 13] File 13, xtal 185 done.
[Rank 13] File 13, xtal 186 done.
[Rank 13] File 13, xtal 187 done.
[Rank 13] File 13, xtal 188 done.
[Rank 13] File 13, xtal 189 done.
[Rank 13] File 13, xtal 190 done.
[Rank 13] File 13, xtal 191 done.
[Rank 13] File 13, xtal 192 done.
[Rank 13] File 13, xtal 193 done.
[Rank 13] File 13, xtal 194 done.
[Rank 13] File 13, xtal 195 done.
[Rank 13] File 13, xtal 196 done.
[Rank 13] File 13, xtal 197 done.
[Rank 13] File 13, xtal 198 done.
[Rank 13] File 13, xtal 199 done.
[Rank 13] File 13, xtal 200 done.
[Rank 13] File 13, xtal 201 done.
[Rank 13] File 13, xtal 202 done.
[Rank 13] File 13, xtal 203 done.
[Rank 13] File 13, xtal 204 done.
[Rank 13] File 13, xtal 205 done.
[Rank 13] File 13, xtal 206 done.
[Rank 13] File 13, xtal 207 done.
[Rank 13] File 13, xtal 208 done.
[Rank 13] File 13, xtal 209 done.
[Rank 13] File 13, xtal 210 done.
[Rank 13] File 13, xtal 211 done.
[Rank 13] File 13, xtal 212 done.
[Rank 13] File 13, xtal 213 done.
[Rank 13] File 13, xtal 214 done.
[Rank 13] File 13, xtal 215 done.
[Rank 13] File 13, xtal 216 done.
[Rank 13] File 13, xtal 217 done.
[Rank 13] File 13, xtal 218 done.
[Rank 13] File 13, xtal 219 done.
[Rank 13] File 13, xtal 220 done.
[Rank 13] File 13, xtal 221 done.
[Rank 13] File 13, xtal 222 done.
[Rank 13] File 13, xtal 223 done.
[Rank 13] File 13, xtal 224 done.
[Rank 13] File 13, xtal 225 done.
[Rank 13] File 13, xtal 226 done.
[Rank 13] File 13, xtal 227 done.
[Rank 13] File 13, xtal 228 done.
[Rank 13] File 13, xtal 229 done.
[Rank 13] File 13, xtal 230 done.
[Rank 13] File 13, xtal 231 done.
[Rank 13] File 13, xtal 232 done.
[Rank 13] File 13, xtal 233 done.
[Rank 13] File 13, xtal 234 done.
[Rank 13] File 13, xtal 235 done.
[Rank 13] File 13, xtal 236 done.
[Rank 13] File 13, xtal 237 done.
[Rank 13] File 13, xtal 238 done.
[Rank 13] File 13, xtal 239 done.
[Rank 13] File 13, xtal 240 done.
Saving HDF5 output files to: /vscratch/grp-rutaoyao/Harsh/24_rots_again/sysmats
[Rank 11] File 11, xtal 0 done.
[Rank 11] File 11, xtal 1 done.
[Rank 11] File 11, xtal 2 done.
[Rank 11] File 11, xtal 3 done.
[Rank 11] File 11, xtal 4 done.
[Rank 11] File 11, xtal 5 done.
[Rank 11] File 11, xtal 6 done.
[Rank 11] File 11, xtal 7 done.
[Rank 11] File 11, xtal 8 done.
[Rank 11] File 11, xtal 9 done.
[Rank 11] File 11, xtal 10 done.
[Rank 11] File 11, xtal 11 done.
[Rank 11] File 11, xtal 12 done.
[Rank 11] File 11, xtal 13 done.
[Rank 11] File 11, xtal 14 done.
[Rank 11] File 11, xtal 15 done.
[Rank 11] File 11, xtal 16 done.
[Rank 11] File 11, xtal 17 done.
[Rank 11] File 11, xtal 18 done.
[Rank 11] File 11, xtal 19 done.
[Rank 11] File 11, xtal 20 done.
[Rank 11] File 11, xtal 21 done.
[Rank 11] File 11, xtal 22 done.
[Rank 11] File 11, xtal 23 done.
[Rank 11] File 11, xtal 24 done.
[Rank 11] File 11, xtal 25 done.
[Rank 11] File 11, xtal 26 done.
[Rank 11] File 11, xtal 27 done.
[Rank 11] File 11, xtal 28 done.
[Rank 11] File 11, xtal 29 done.
[Rank 11] File 11, xtal 30 done.
[Rank 11] File 11, xtal 31 done.
[Rank 11] File 11, xtal 32 done.
[Rank 11] File 11, xtal 33 done.
[Rank 11] File 11, xtal 34 done.
[Rank 11] File 11, xtal 35 done.
[Rank 11] File 11, xtal 36 done.
[Rank 11] File 11, xtal 37 done.
[Rank 11] File 11, xtal 38 done.
[Rank 11] File 11, xtal 39 done.
[Rank 11] File 11, xtal 40 done.
[Rank 11] File 11, xtal 41 done.
[Rank 11] File 11, xtal 42 done.
[Rank 11] File 11, xtal 43 done.
[Rank 11] File 11, xtal 44 done.
[Rank 11] File 11, xtal 45 done.
[Rank 11] File 11, xtal 46 done.
[Rank 11] File 11, xtal 47 done.
[Rank 11] File 11, xtal 48 done.
[Rank 11] File 11, xtal 49 done.
[Rank 11] File 11, xtal 50 done.
[Rank 11] File 11, xtal 51 done.
[Rank 11] File 11, xtal 52 done.
[Rank 11] File 11, xtal 53 done.
[Rank 11] File 11, xtal 54 done.
[Rank 11] File 11, xtal 55 done.
[Rank 11] File 11, xtal 56 done.
[Rank 11] File 11, xtal 57 done.
[Rank 11] File 11, xtal 58 done.
[Rank 11] File 11, xtal 59 done.
[Rank 11] File 11, xtal 60 done.
[Rank 11] File 11, xtal 61 done.
[Rank 11] File 11, xtal 62 done.
[Rank 11] File 11, xtal 63 done.
[Rank 11] File 11, xtal 64 done.
[Rank 11] File 11, xtal 65 done.
[Rank 11] File 11, xtal 66 done.
[Rank 11] File 11, xtal 67 done.
[Rank 11] File 11, xtal 68 done.
[Rank 11] File 11, xtal 69 done.
[Rank 11] File 11, xtal 70 done.
[Rank 11] File 11, xtal 71 done.
[Rank 11] File 11, xtal 72 done.
[Rank 11] File 11, xtal 73 done.
[Rank 11] File 11, xtal 74 done.
[Rank 11] File 11, xtal 75 done.
[Rank 11] File 11, xtal 76 done.
[Rank 11] File 11, xtal 77 done.
[Rank 11] File 11, xtal 78 done.
[Rank 11] File 11, xtal 79 done.
[Rank 11] File 11, xtal 80 done.
[Rank 11] File 11, xtal 81 done.
[Rank 11] File 11, xtal 82 done.
[Rank 11] File 11, xtal 83 done.
[Rank 11] File 11, xtal 84 done.
[Rank 11] File 11, xtal 85 done.
[Rank 11] File 11, xtal 86 done.
[Rank 11] File 11, xtal 87 done.
[Rank 11] File 11, xtal 88 done.
[Rank 11] File 11, xtal 89 done.
[Rank 11] File 11, xtal 90 done.
[Rank 11] File 11, xtal 91 done.
[Rank 11] File 11, xtal 92 done.
[Rank 11] File 11, xtal 93 done.
[Rank 11] File 11, xtal 94 done.
[Rank 11] File 11, xtal 95 done.
[Rank 11] File 11, xtal 96 done.
[Rank 11] File 11, xtal 97 done.
[Rank 11] File 11, xtal 98 done.
[Rank 11] File 11, xtal 99 done.
[Rank 11] File 11, xtal 100 done.
[Rank 11] File 11, xtal 101 done.
[Rank 11] File 11, xtal 102 done.
[Rank 11] File 11, xtal 103 done.
[Rank 11] File 11, xtal 104 done.
[Rank 11] File 11, xtal 105 done.
[Rank 11] File 11, xtal 106 done.
[Rank 11] File 11, xtal 107 done.
[Rank 11] File 11, xtal 108 done.
[Rank 11] File 11, xtal 109 done.
[Rank 11] File 11, xtal 110 done.
[Rank 11] File 11, xtal 111 done.
[Rank 11] File 11, xtal 112 done.
[Rank 11] File 11, xtal 113 done.
[Rank 11] File 11, xtal 114 done.
[Rank 11] File 11, xtal 115 done.
[Rank 11] File 11, xtal 116 done.
[Rank 11] File 11, xtal 117 done.
[Rank 11] File 11, xtal 118 done.
[Rank 11] File 11, xtal 119 done.
[Rank 11] File 11, xtal 120 done.
[Rank 11] File 11, xtal 121 done.
[Rank 11] File 11, xtal 122 done.
[Rank 11] File 11, xtal 123 done.
[Rank 11] File 11, xtal 124 done.
[Rank 11] File 11, xtal 125 done.
[Rank 11] File 11, xtal 126 done.
[Rank 11] File 11, xtal 127 done.
[Rank 11] File 11, xtal 128 done.
[Rank 11] File 11, xtal 129 done.
[Rank 11] File 11, xtal 130 done.
[Rank 11] File 11, xtal 131 done.
[Rank 11] File 11, xtal 132 done.
[Rank 11] File 11, xtal 133 done.
[Rank 11] File 11, xtal 134 done.
[Rank 11] File 11, xtal 135 done.
[Rank 11] File 11, xtal 136 done.
[Rank 11] File 11, xtal 137 done.
[Rank 11] File 11, xtal 138 done.
[Rank 11] File 11, xtal 139 done.
[Rank 11] File 11, xtal 140 done.
[Rank 11] File 11, xtal 141 done.
[Rank 11] File 11, xtal 142 done.
[Rank 11] File 11, xtal 143 done.
[Rank 11] File 11, xtal 144 done.
[Rank 11] File 11, xtal 145 done.
[Rank 11] File 11, xtal 146 done.
[Rank 11] File 11, xtal 147 done.
[Rank 11] File 11, xtal 148 done.
[Rank 11] File 11, xtal 149 done.
[Rank 11] File 11, xtal 150 done.
[Rank 11] File 11, xtal 151 done.
[Rank 11] File 11, xtal 152 done.
[Rank 11] File 11, xtal 153 done.
[Rank 11] File 11, xtal 154 done.
[Rank 11] File 11, xtal 155 done.
[Rank 11] File 11, xtal 156 done.
[Rank 11] File 11, xtal 157 done.
[Rank 11] File 11, xtal 158 done.
[Rank 11] File 11, xtal 159 done.
[Rank 11] File 11, xtal 160 done.
[Rank 11] File 11, xtal 161 done.
[Rank 11] File 11, xtal 162 done.
[Rank 11] File 11, xtal 163 done.
[Rank 11] File 11, xtal 164 done.
[Rank 11] File 11, xtal 165 done.
[Rank 11] File 11, xtal 166 done.
[Rank 11] File 11, xtal 167 done.
[Rank 11] File 11, xtal 168 done.
[Rank 11] File 11, xtal 169 done.
[Rank 11] File 11, xtal 170 done.
[Rank 11] File 11, xtal 171 done.
[Rank 11] File 11, xtal 172 done.
[Rank 11] File 11, xtal 173 done.
[Rank 11] File 11, xtal 174 done.
[Rank 11] File 11, xtal 175 done.
[Rank 11] File 11, xtal 176 done.
[Rank 11] File 11, xtal 177 done.
[Rank 11] File 11, xtal 178 done.
[Rank 11] File 11, xtal 179 done.
[Rank 11] File 11, xtal 180 done.
[Rank 11] File 11, xtal 181 done.
[Rank 11] File 11, xtal 182 done.
[Rank 11] File 11, xtal 183 done.
[Rank 11] File 11, xtal 184 done.
[Rank 11] File 11, xtal 185 done.
[Rank 11] File 11, xtal 186 done.
[Rank 11] File 11, xtal 187 done.
[Rank 11] File 11, xtal 188 done.
[Rank 11] File 11, xtal 189 done.
[Rank 11] File 11, xtal 190 done.
[Rank 11] File 11, xtal 191 done.
[Rank 11] File 11, xtal 192 done.
[Rank 11] File 11, xtal 193 done.
[Rank 11] File 11, xtal 194 done.
[Rank 11] File 11, xtal 195 done.
[Rank 11] File 11, xtal 196 done.
[Rank 11] File 11, xtal 197 done.
[Rank 11] File 11, xtal 198 done.
[Rank 11] File 11, xtal 199 done.
[Rank 11] File 11, xtal 200 done.
[Rank 11] File 11, xtal 201 done.
[Rank 11] File 11, xtal 202 done.
[Rank 11] File 11, xtal 203 done.
[Rank 11] File 11, xtal 204 done.
[Rank 11] File 11, xtal 205 done.
[Rank 11] File 11, xtal 206 done.
[Rank 11] File 11, xtal 207 done.
[Rank 11] File 11, xtal 208 done.
[Rank 11] File 11, xtal 209 done.
[Rank 11] File 11, xtal 210 done.
[Rank 11] File 11, xtal 211 done.
[Rank 11] File 11, xtal 212 done.
[Rank 11] File 11, xtal 213 done.
[Rank 11] File 11, xtal 214 done.
[Rank 11] File 11, xtal 215 done.
[Rank 11] File 11, xtal 216 done.
[Rank 11] File 11, xtal 217 done.
[Rank 11] File 11, xtal 218 done.
[Rank 11] File 11, xtal 219 done.
[Rank 11] File 11, xtal 220 done.
[Rank 11] File 11, xtal 221 done.
[Rank 11] File 11, xtal 222 done.
[Rank 11] File 11, xtal 223 done.
[Rank 11] File 11, xtal 224 done.
[Rank 11] File 11, xtal 225 done.
[Rank 11] File 11, xtal 226 done.
[Rank 11] File 11, xtal 227 done.
[Rank 11] File 11, xtal 228 done.
[Rank 11] File 11, xtal 229 done.
[Rank 11] File 11, xtal 230 done.
[Rank 11] File 11, xtal 231 done.
[Rank 11] File 11, xtal 232 done.
[Rank 11] File 11, xtal 233 done.
[Rank 11] File 11, xtal 234 done.
[Rank 11] File 11, xtal 235 done.
[Rank 11] File 11, xtal 236 done.
[Rank 11] File 11, xtal 237 done.
[Rank 11] File 11, xtal 238 done.
[Rank 11] File 11, xtal 239 done.
[Rank 11] File 11, xtal 240 done.
Saving HDF5 output files to: /vscratch/grp-rutaoyao/Harsh/24_rots_again/sysmats
[Rank 9] File 9, xtal 0 done.
[Rank 9] File 9, xtal 1 done.
[Rank 9] File 9, xtal 2 done.
[Rank 9] File 9, xtal 3 done.
[Rank 9] File 9, xtal 4 done.
[Rank 9] File 9, xtal 5 done.
[Rank 9] File 9, xtal 6 done.
[Rank 9] File 9, xtal 7 done.
[Rank 9] File 9, xtal 8 done.
[Rank 9] File 9, xtal 9 done.
[Rank 9] File 9, xtal 10 done.
[Rank 9] File 9, xtal 11 done.
[Rank 9] File 9, xtal 12 done.
[Rank 9] File 9, xtal 13 done.
[Rank 9] File 9, xtal 14 done.
[Rank 9] File 9, xtal 15 done.
[Rank 9] File 9, xtal 16 done.
[Rank 9] File 9, xtal 17 done.
[Rank 9] File 9, xtal 18 done.
[Rank 9] File 9, xtal 19 done.
[Rank 9] File 9, xtal 20 done.
[Rank 9] File 9, xtal 21 done.
[Rank 9] File 9, xtal 22 done.
[Rank 9] File 9, xtal 23 done.
[Rank 9] File 9, xtal 24 done.
[Rank 9] File 9, xtal 25 done.
[Rank 9] File 9, xtal 26 done.
[Rank 9] File 9, xtal 27 done.
[Rank 9] File 9, xtal 28 done.
[Rank 9] File 9, xtal 29 done.
[Rank 9] File 9, xtal 30 done.
[Rank 9] File 9, xtal 31 done.
[Rank 9] File 9, xtal 32 done.
[Rank 9] File 9, xtal 33 done.
[Rank 9] File 9, xtal 34 done.
[Rank 9] File 9, xtal 35 done.
[Rank 9] File 9, xtal 36 done.
[Rank 9] File 9, xtal 37 done.
[Rank 9] File 9, xtal 38 done.
[Rank 9] File 9, xtal 39 done.
[Rank 9] File 9, xtal 40 done.
[Rank 9] File 9, xtal 41 done.
[Rank 9] File 9, xtal 42 done.
[Rank 9] File 9, xtal 43 done.
[Rank 9] File 9, xtal 44 done.
[Rank 9] File 9, xtal 45 done.
[Rank 9] File 9, xtal 46 done.
[Rank 9] File 9, xtal 47 done.
[Rank 9] File 9, xtal 48 done.
[Rank 9] File 9, xtal 49 done.
[Rank 9] File 9, xtal 50 done.
[Rank 9] File 9, xtal 51 done.
[Rank 9] File 9, xtal 52 done.
[Rank 9] File 9, xtal 53 done.
[Rank 9] File 9, xtal 54 done.
[Rank 9] File 9, xtal 55 done.
[Rank 9] File 9, xtal 56 done.
[Rank 9] File 9, xtal 57 done.
[Rank 9] File 9, xtal 58 done.
[Rank 9] File 9, xtal 59 done.
[Rank 9] File 9, xtal 60 done.
[Rank 9] File 9, xtal 61 done.
[Rank 9] File 9, xtal 62 done.
[Rank 9] File 9, xtal 63 done.
[Rank 9] File 9, xtal 64 done.
[Rank 9] File 9, xtal 65 done.
[Rank 9] File 9, xtal 66 done.
[Rank 9] File 9, xtal 67 done.
[Rank 9] File 9, xtal 68 done.
[Rank 9] File 9, xtal 69 done.
[Rank 9] File 9, xtal 70 done.
[Rank 9] File 9, xtal 71 done.
[Rank 9] File 9, xtal 72 done.
[Rank 9] File 9, xtal 73 done.
[Rank 9] File 9, xtal 74 done.
[Rank 9] File 9, xtal 75 done.
[Rank 9] File 9, xtal 76 done.
[Rank 9] File 9, xtal 77 done.
[Rank 9] File 9, xtal 78 done.
[Rank 9] File 9, xtal 79 done.
[Rank 9] File 9, xtal 80 done.
[Rank 9] File 9, xtal 81 done.
[Rank 9] File 9, xtal 82 done.
[Rank 9] File 9, xtal 83 done.
[Rank 9] File 9, xtal 84 done.
[Rank 9] File 9, xtal 85 done.
[Rank 9] File 9, xtal 86 done.
[Rank 9] File 9, xtal 87 done.
[Rank 9] File 9, xtal 88 done.
[Rank 9] File 9, xtal 89 done.
[Rank 9] File 9, xtal 90 done.
[Rank 9] File 9, xtal 91 done.
[Rank 9] File 9, xtal 92 done.
[Rank 9] File 9, xtal 93 done.
[Rank 9] File 9, xtal 94 done.
[Rank 9] File 9, xtal 95 done.
[Rank 9] File 9, xtal 96 done.
[Rank 9] File 9, xtal 97 done.
[Rank 9] File 9, xtal 98 done.
[Rank 9] File 9, xtal 99 done.
[Rank 9] File 9, xtal 100 done.
[Rank 9] File 9, xtal 101 done.
[Rank 9] File 9, xtal 102 done.
[Rank 9] File 9, xtal 103 done.
[Rank 9] File 9, xtal 104 done.
[Rank 9] File 9, xtal 105 done.
[Rank 9] File 9, xtal 106 done.
[Rank 9] File 9, xtal 107 done.
[Rank 9] File 9, xtal 108 done.
[Rank 9] File 9, xtal 109 done.
[Rank 9] File 9, xtal 110 done.
[Rank 9] File 9, xtal 111 done.
[Rank 9] File 9, xtal 112 done.
[Rank 9] File 9, xtal 113 done.
[Rank 9] File 9, xtal 114 done.
[Rank 9] File 9, xtal 115 done.
[Rank 9] File 9, xtal 116 done.
[Rank 9] File 9, xtal 117 done.
[Rank 9] File 9, xtal 118 done.
[Rank 9] File 9, xtal 119 done.
[Rank 9] File 9, xtal 120 done.
[Rank 9] File 9, xtal 121 done.
[Rank 9] File 9, xtal 122 done.
[Rank 9] File 9, xtal 123 done.
[Rank 9] File 9, xtal 124 done.
[Rank 9] File 9, xtal 125 done.
[Rank 9] File 9, xtal 126 done.
[Rank 9] File 9, xtal 127 done.
[Rank 9] File 9, xtal 128 done.
[Rank 9] File 9, xtal 129 done.
[Rank 9] File 9, xtal 130 done.
[Rank 9] File 9, xtal 131 done.
[Rank 9] File 9, xtal 132 done.
[Rank 9] File 9, xtal 133 done.
[Rank 9] File 9, xtal 134 done.
[Rank 9] File 9, xtal 135 done.
[Rank 9] File 9, xtal 136 done.
[Rank 9] File 9, xtal 137 done.
[Rank 9] File 9, xtal 138 done.
[Rank 9] File 9, xtal 139 done.
[Rank 9] File 9, xtal 140 done.
[Rank 9] File 9, xtal 141 done.
[Rank 9] File 9, xtal 142 done.
[Rank 9] File 9, xtal 143 done.
[Rank 9] File 9, xtal 144 done.
[Rank 9] File 9, xtal 145 done.
[Rank 9] File 9, xtal 146 done.
[Rank 9] File 9, xtal 147 done.
[Rank 9] File 9, xtal 148 done.
[Rank 9] File 9, xtal 149 done.
[Rank 9] File 9, xtal 150 done.
[Rank 9] File 9, xtal 151 done.
[Rank 9] File 9, xtal 152 done.
[Rank 9] File 9, xtal 153 done.
[Rank 9] File 9, xtal 154 done.
[Rank 9] File 9, xtal 155 done.
[Rank 9] File 9, xtal 156 done.
[Rank 9] File 9, xtal 157 done.
[Rank 9] File 9, xtal 158 done.
[Rank 9] File 9, xtal 159 done.
[Rank 9] File 9, xtal 160 done.
[Rank 9] File 9, xtal 161 done.
[Rank 9] File 9, xtal 162 done.
[Rank 9] File 9, xtal 163 done.
[Rank 9] File 9, xtal 164 done.
[Rank 9] File 9, xtal 165 done.
[Rank 9] File 9, xtal 166 done.
[Rank 9] File 9, xtal 167 done.
[Rank 9] File 9, xtal 168 done.
[Rank 9] File 9, xtal 169 done.
[Rank 9] File 9, xtal 170 done.
[Rank 9] File 9, xtal 171 done.
[Rank 9] File 9, xtal 172 done.
[Rank 9] File 9, xtal 173 done.
[Rank 9] File 9, xtal 174 done.
[Rank 9] File 9, xtal 175 done.
[Rank 9] File 9, xtal 176 done.
[Rank 9] File 9, xtal 177 done.
[Rank 9] File 9, xtal 178 done.
[Rank 9] File 9, xtal 179 done.
[Rank 9] File 9, xtal 180 done.
[Rank 9] File 9, xtal 181 done.
[Rank 9] File 9, xtal 182 done.
[Rank 9] File 9, xtal 183 done.
[Rank 9] File 9, xtal 184 done.
[Rank 9] File 9, xtal 185 done.
[Rank 9] File 9, xtal 186 done.
[Rank 9] File 9, xtal 187 done.
[Rank 9] File 9, xtal 188 done.
[Rank 9] File 9, xtal 189 done.
[Rank 9] File 9, xtal 190 done.
[Rank 9] File 9, xtal 191 done.
[Rank 9] File 9, xtal 192 done.
[Rank 9] File 9, xtal 193 done.
[Rank 9] File 9, xtal 194 done.
[Rank 9] File 9, xtal 195 done.
[Rank 9] File 9, xtal 196 done.
[Rank 9] File 9, xtal 197 done.
[Rank 9] File 9, xtal 198 done.
[Rank 9] File 9, xtal 199 done.
[Rank 9] File 9, xtal 200 done.
[Rank 9] File 9, xtal 201 done.
[Rank 9] File 9, xtal 202 done.
[Rank 9] File 9, xtal 203 done.
[Rank 9] File 9, xtal 204 done.
[Rank 9] File 9, xtal 205 done.
[Rank 9] File 9, xtal 206 done.
[Rank 9] File 9, xtal 207 done.
[Rank 9] File 9, xtal 208 done.
[Rank 9] File 9, xtal 209 done.
[Rank 9] File 9, xtal 210 done.
[Rank 9] File 9, xtal 211 done.
[Rank 9] File 9, xtal 212 done.
[Rank 9] File 9, xtal 213 done.
[Rank 9] File 9, xtal 214 done.
[Rank 9] File 9, xtal 215 done.
[Rank 9] File 9, xtal 216 done.
[Rank 9] File 9, xtal 217 done.
[Rank 9] File 9, xtal 218 done.
[Rank 9] File 9, xtal 219 done.
[Rank 9] File 9, xtal 220 done.
[Rank 9] File 9, xtal 221 done.
[Rank 9] File 9, xtal 222 done.
[Rank 9] File 9, xtal 223 done.
[Rank 9] File 9, xtal 224 done.
[Rank 9] File 9, xtal 225 done.
[Rank 9] File 9, xtal 226 done.
[Rank 9] File 9, xtal 227 done.
[Rank 9] File 9, xtal 228 done.
[Rank 9] File 9, xtal 229 done.
[Rank 9] File 9, xtal 230 done.
[Rank 9] File 9, xtal 231 done.
[Rank 9] File 9, xtal 232 done.
[Rank 9] File 9, xtal 233 done.
[Rank 9] File 9, xtal 234 done.
[Rank 9] File 9, xtal 235 done.
[Rank 9] File 9, xtal 236 done.
[Rank 9] File 9, xtal 237 done.
[Rank 9] File 9, xtal 238 done.
[Rank 9] File 9, xtal 239 done.
[Rank 9] File 9, xtal 240 done.
[Rank 9] File 9, xtal 241 done.
[Rank 9] File 9, xtal 242 done.
[Rank 9] File 9, xtal 243 done.
[Rank 9] File 9, xtal 244 done.
[Rank 9] File 9, xtal 245 done.
[Rank 9] File 9, xtal 246 done.
[Rank 9] File 9, xtal 247 done.
[Rank 9] File 9, xtal 248 done.
[Rank 9] File 9, xtal 249 done.
[Rank 9] File 9, xtal 250 done.
[Rank 9] File 9, xtal 251 done.
[Rank 9] File 9, xtal 252 done.
[Rank 9] File 9, xtal 253 done.
[Rank 9] File 9, xtal 254 done.
[Rank 9] File 9, xtal 255 done.
Saving HDF5 output files to: /vscratch/grp-rutaoyao/Harsh/24_rots_again/sysmats
[Rank 0] File 0, xtal 0 done.
[Rank 0] File 0, xtal 1 done.
[Rank 0] File 0, xtal 2 done.
[Rank 0] File 0, xtal 3 done.
[Rank 0] File 0, xtal 4 done.
[Rank 0] File 0, xtal 5 done.
[Rank 0] File 0, xtal 6 done.
[Rank 0] File 0, xtal 7 done.
[Rank 0] File 0, xtal 8 done.
[Rank 0] File 0, xtal 9 done.
[Rank 0] File 0, xtal 10 done.
[Rank 0] File 0, xtal 11 done.
[Rank 0] File 0, xtal 12 done.
[Rank 0] File 0, xtal 13 done.
[Rank 0] File 0, xtal 14 done.
[Rank 0] File 0, xtal 15 done.
[Rank 0] File 0, xtal 16 done.
[Rank 0] File 0, xtal 17 done.
[Rank 0] File 0, xtal 18 done.
[Rank 0] File 0, xtal 19 done.
[Rank 0] File 0, xtal 20 done.
[Rank 0] File 0, xtal 21 done.
[Rank 0] File 0, xtal 22 done.
[Rank 0] File 0, xtal 23 done.
[Rank 0] File 0, xtal 24 done.
[Rank 0] File 0, xtal 25 done.
[Rank 0] File 0, xtal 26 done.
[Rank 0] File 0, xtal 27 done.
[Rank 0] File 0, xtal 28 done.
[Rank 0] File 0, xtal 29 done.
[Rank 0] File 0, xtal 30 done.
[Rank 0] File 0, xtal 31 done.
[Rank 0] File 0, xtal 32 done.
[Rank 0] File 0, xtal 33 done.
[Rank 0] File 0, xtal 34 done.
[Rank 0] File 0, xtal 35 done.
[Rank 0] File 0, xtal 36 done.
[Rank 0] File 0, xtal 37 done.
[Rank 0] File 0, xtal 38 done.
[Rank 0] File 0, xtal 39 done.
[Rank 0] File 0, xtal 40 done.
[Rank 0] File 0, xtal 41 done.
[Rank 0] File 0, xtal 42 done.
[Rank 0] File 0, xtal 43 done.
[Rank 0] File 0, xtal 44 done.
[Rank 0] File 0, xtal 45 done.
[Rank 0] File 0, xtal 46 done.
[Rank 0] File 0, xtal 47 done.
[Rank 0] File 0, xtal 48 done.
[Rank 0] File 0, xtal 49 done.
[Rank 0] File 0, xtal 50 done.
[Rank 0] File 0, xtal 51 done.
[Rank 0] File 0, xtal 52 done.
[Rank 0] File 0, xtal 53 done.
[Rank 0] File 0, xtal 54 done.
[Rank 0] File 0, xtal 55 done.
[Rank 0] File 0, xtal 56 done.
[Rank 0] File 0, xtal 57 done.
[Rank 0] File 0, xtal 58 done.
[Rank 0] File 0, xtal 59 done.
[Rank 0] File 0, xtal 60 done.
[Rank 0] File 0, xtal 61 done.
[Rank 0] File 0, xtal 62 done.
[Rank 0] File 0, xtal 63 done.
[Rank 0] File 0, xtal 64 done.
[Rank 0] File 0, xtal 65 done.
[Rank 0] File 0, xtal 66 done.
[Rank 0] File 0, xtal 67 done.
[Rank 0] File 0, xtal 68 done.
[Rank 0] File 0, xtal 69 done.
[Rank 0] File 0, xtal 70 done.
[Rank 0] File 0, xtal 71 done.
[Rank 0] File 0, xtal 72 done.
[Rank 0] File 0, xtal 73 done.
[Rank 0] File 0, xtal 74 done.
[Rank 0] File 0, xtal 75 done.
[Rank 0] File 0, xtal 76 done.
[Rank 0] File 0, xtal 77 done.
[Rank 0] File 0, xtal 78 done.
[Rank 0] File 0, xtal 79 done.
[Rank 0] File 0, xtal 80 done.
[Rank 0] File 0, xtal 81 done.
[Rank 0] File 0, xtal 82 done.
[Rank 0] File 0, xtal 83 done.
[Rank 0] File 0, xtal 84 done.
[Rank 0] File 0, xtal 85 done.
[Rank 0] File 0, xtal 86 done.
[Rank 0] File 0, xtal 87 done.
[Rank 0] File 0, xtal 88 done.
[Rank 0] File 0, xtal 89 done.
[Rank 0] File 0, xtal 90 done.
[Rank 0] File 0, xtal 91 done.
[Rank 0] File 0, xtal 92 done.
[Rank 0] File 0, xtal 93 done.
[Rank 0] File 0, xtal 94 done.
[Rank 0] File 0, xtal 95 done.
[Rank 0] File 0, xtal 96 done.
[Rank 0] File 0, xtal 97 done.
[Rank 0] File 0, xtal 98 done.
[Rank 0] File 0, xtal 99 done.
[Rank 0] File 0, xtal 100 done.
[Rank 0] File 0, xtal 101 done.
[Rank 0] File 0, xtal 102 done.
[Rank 0] File 0, xtal 103 done.
[Rank 0] File 0, xtal 104 done.
[Rank 0] File 0, xtal 105 done.
[Rank 0] File 0, xtal 106 done.
[Rank 0] File 0, xtal 107 done.
[Rank 0] File 0, xtal 108 done.
[Rank 0] File 0, xtal 109 done.
[Rank 0] File 0, xtal 110 done.
[Rank 0] File 0, xtal 111 done.
[Rank 0] File 0, xtal 112 done.
[Rank 0] File 0, xtal 113 done.
[Rank 0] File 0, xtal 114 done.
[Rank 0] File 0, xtal 115 done.
[Rank 0] File 0, xtal 116 done.
[Rank 0] File 0, xtal 117 done.
[Rank 0] File 0, xtal 118 done.
[Rank 0] File 0, xtal 119 done.
[Rank 0] File 0, xtal 120 done.
[Rank 0] File 0, xtal 121 done.
[Rank 0] File 0, xtal 122 done.
[Rank 0] File 0, xtal 123 done.
[Rank 0] File 0, xtal 124 done.
[Rank 0] File 0, xtal 125 done.
[Rank 0] File 0, xtal 126 done.
[Rank 0] File 0, xtal 127 done.
[Rank 0] File 0, xtal 128 done.
[Rank 0] File 0, xtal 129 done.
[Rank 0] File 0, xtal 130 done.
[Rank 0] File 0, xtal 131 done.
[Rank 0] File 0, xtal 132 done.
[Rank 0] File 0, xtal 133 done.
[Rank 0] File 0, xtal 134 done.
[Rank 0] File 0, xtal 135 done.
[Rank 0] File 0, xtal 136 done.
[Rank 0] File 0, xtal 137 done.
[Rank 0] File 0, xtal 138 done.
[Rank 0] File 0, xtal 139 done.
[Rank 0] File 0, xtal 140 done.
[Rank 0] File 0, xtal 141 done.
[Rank 0] File 0, xtal 142 done.
[Rank 0] File 0, xtal 143 done.
[Rank 0] File 0, xtal 144 done.
[Rank 0] File 0, xtal 145 done.
[Rank 0] File 0, xtal 146 done.
[Rank 0] File 0, xtal 147 done.
[Rank 0] File 0, xtal 148 done.
[Rank 0] File 0, xtal 149 done.
[Rank 0] File 0, xtal 150 done.
[Rank 0] File 0, xtal 151 done.
[Rank 0] File 0, xtal 152 done.
[Rank 0] File 0, xtal 153 done.
[Rank 0] File 0, xtal 154 done.
[Rank 0] File 0, xtal 155 done.
[Rank 0] File 0, xtal 156 done.
[Rank 0] File 0, xtal 157 done.
[Rank 0] File 0, xtal 158 done.
[Rank 0] File 0, xtal 159 done.
[Rank 0] File 0, xtal 160 done.
[Rank 0] File 0, xtal 161 done.
[Rank 0] File 0, xtal 162 done.
[Rank 0] File 0, xtal 163 done.
[Rank 0] File 0, xtal 164 done.
[Rank 0] File 0, xtal 165 done.
[Rank 0] File 0, xtal 166 done.
[Rank 0] File 0, xtal 167 done.
[Rank 0] File 0, xtal 168 done.
[Rank 0] File 0, xtal 169 done.
[Rank 0] File 0, xtal 170 done.
[Rank 0] File 0, xtal 171 done.
[Rank 0] File 0, xtal 172 done.
[Rank 0] File 0, xtal 173 done.
[Rank 0] File 0, xtal 174 done.
[Rank 0] File 0, xtal 175 done.
[Rank 0] File 0, xtal 176 done.
[Rank 0] File 0, xtal 177 done.
[Rank 0] File 0, xtal 178 done.
[Rank 0] File 0, xtal 179 done.
[Rank 0] File 0, xtal 180 done.
[Rank 0] File 0, xtal 181 done.
[Rank 0] File 0, xtal 182 done.
[Rank 0] File 0, xtal 183 done.
[Rank 0] File 0, xtal 184 done.
[Rank 0] File 0, xtal 185 done.
[Rank 0] File 0, xtal 186 done.
[Rank 0] File 0, xtal 187 done.
[Rank 0] File 0, xtal 188 done.
[Rank 0] File 0, xtal 189 done.
[Rank 0] File 0, xtal 190 done.
[Rank 0] File 0, xtal 191 done.
[Rank 0] File 0, xtal 192 done.
[Rank 0] File 0, xtal 193 done.
[Rank 0] File 0, xtal 194 done.
[Rank 0] File 0, xtal 195 done.
[Rank 0] File 0, xtal 196 done.
[Rank 0] File 0, xtal 197 done.
[Rank 0] File 0, xtal 198 done.
[Rank 0] File 0, xtal 199 done.
[Rank 0] File 0, xtal 200 done.
[Rank 0] File 0, xtal 201 done.
[Rank 0] File 0, xtal 202 done.
[Rank 0] File 0, xtal 203 done.
[Rank 0] File 0, xtal 204 done.
[Rank 0] File 0, xtal 205 done.
[Rank 0] File 0, xtal 206 done.
[Rank 0] File 0, xtal 207 done.
[Rank 0] File 0, xtal 208 done.
[Rank 0] File 0, xtal 209 done.
[Rank 0] File 0, xtal 210 done.
[Rank 0] File 0, xtal 211 done.
[Rank 0] File 0, xtal 212 done.
[Rank 0] File 0, xtal 213 done.
[Rank 0] File 0, xtal 214 done.
[Rank 0] File 0, xtal 215 done.
[Rank 0] File 0, xtal 216 done.
[Rank 0] File 0, xtal 217 done.
[Rank 0] File 0, xtal 218 done.
[Rank 0] File 0, xtal 219 done.
[Rank 0] File 0, xtal 220 done.
[Rank 0] File 0, xtal 221 done.
[Rank 0] File 0, xtal 222 done.
[Rank 0] File 0, xtal 223 done.
[Rank 0] File 0, xtal 224 done.
[Rank 0] File 0, xtal 225 done.
[Rank 0] File 0, xtal 226 done.
[Rank 0] File 0, xtal 227 done.
[Rank 0] File 0, xtal 228 done.
[Rank 0] File 0, xtal 229 done.
[Rank 0] File 0, xtal 230 done.
[Rank 0] File 0, xtal 231 done.
[Rank 0] File 0, xtal 232 done.
[Rank 0] File 0, xtal 233 done.
[Rank 0] File 0, xtal 234 done.
[Rank 0] File 0, xtal 235 done.
[Rank 0] File 0, xtal 236 done.
[Rank 0] File 0, xtal 237 done.
[Rank 0] File 0, xtal 238 done.
[Rank 0] File 0, xtal 239 done.
[Rank 0] File 0, xtal 240 done.
[Rank 0] File 0, xtal 241 done.
[Rank 0] File 0, xtal 242 done.
[Rank 0] File 0, xtal 243 done.
[Rank 0] File 0, xtal 244 done.
[Rank 0] File 0, xtal 245 done.
[Rank 0] File 0, xtal 246 done.
[Rank 0] File 0, xtal 247 done.
[Rank 0] File 0, xtal 248 done.
[Rank 0] File 0, xtal 249 done.
[Rank 0] File 0, xtal 250 done.
[Rank 0] File 0, xtal 251 done.
[Rank 0] File 0, xtal 252 done.
[Rank 0] File 0, xtal 253 done.
[Rank 0] File 0, xtal 254 done.
[Rank 0] File 0, xtal 255 done.
Saving HDF5 output files to: /vscratch/grp-rutaoyao/Harsh/24_rots_again/sysmats
[Rank 1] File 1, xtal 0 done.
[Rank 1] File 1, xtal 1 done.
[Rank 1] File 1, xtal 2 done.
[Rank 1] File 1, xtal 3 done.
[Rank 1] File 1, xtal 4 done.
[Rank 1] File 1, xtal 5 done.
[Rank 1] File 1, xtal 6 done.
[Rank 1] File 1, xtal 7 done.
[Rank 1] File 1, xtal 8 done.
[Rank 1] File 1, xtal 9 done.
[Rank 1] File 1, xtal 10 done.
[Rank 1] File 1, xtal 11 done.
[Rank 1] File 1, xtal 12 done.
[Rank 1] File 1, xtal 13 done.
[Rank 1] File 1, xtal 14 done.
[Rank 1] File 1, xtal 15 done.
[Rank 1] File 1, xtal 16 done.
[Rank 1] File 1, xtal 17 done.
[Rank 1] File 1, xtal 18 done.
[Rank 1] File 1, xtal 19 done.
[Rank 1] File 1, xtal 20 done.
[Rank 1] File 1, xtal 21 done.
[Rank 1] File 1, xtal 22 done.
[Rank 1] File 1, xtal 23 done.
[Rank 1] File 1, xtal 24 done.
[Rank 1] File 1, xtal 25 done.
[Rank 1] File 1, xtal 26 done.
[Rank 1] File 1, xtal 27 done.
[Rank 1] File 1, xtal 28 done.
[Rank 1] File 1, xtal 29 done.
[Rank 1] File 1, xtal 30 done.
[Rank 1] File 1, xtal 31 done.
[Rank 1] File 1, xtal 32 done.
[Rank 1] File 1, xtal 33 done.
[Rank 1] File 1, xtal 34 done.
[Rank 1] File 1, xtal 35 done.
[Rank 1] File 1, xtal 36 done.
[Rank 1] File 1, xtal 37 done.
[Rank 1] File 1, xtal 38 done.
[Rank 1] File 1, xtal 39 done.
[Rank 1] File 1, xtal 40 done.
[Rank 1] File 1, xtal 41 done.
[Rank 1] File 1, xtal 42 done.
[Rank 1] File 1, xtal 43 done.
[Rank 1] File 1, xtal 44 done.
[Rank 1] File 1, xtal 45 done.
[Rank 1] File 1, xtal 46 done.
[Rank 1] File 1, xtal 47 done.
[Rank 1] File 1, xtal 48 done.
[Rank 1] File 1, xtal 49 done.
[Rank 1] File 1, xtal 50 done.
[Rank 1] File 1, xtal 51 done.
[Rank 1] File 1, xtal 52 done.
[Rank 1] File 1, xtal 53 done.
[Rank 1] File 1, xtal 54 done.
[Rank 1] File 1, xtal 55 done.
[Rank 1] File 1, xtal 56 done.
[Rank 1] File 1, xtal 57 done.
[Rank 1] File 1, xtal 58 done.
[Rank 1] File 1, xtal 59 done.
[Rank 1] File 1, xtal 60 done.
[Rank 1] File 1, xtal 61 done.
[Rank 1] File 1, xtal 62 done.
[Rank 1] File 1, xtal 63 done.
[Rank 1] File 1, xtal 64 done.
[Rank 1] File 1, xtal 65 done.
[Rank 1] File 1, xtal 66 done.
[Rank 1] File 1, xtal 67 done.
[Rank 1] File 1, xtal 68 done.
[Rank 1] File 1, xtal 69 done.
[Rank 1] File 1, xtal 70 done.
[Rank 1] File 1, xtal 71 done.
[Rank 1] File 1, xtal 72 done.
[Rank 1] File 1, xtal 73 done.
[Rank 1] File 1, xtal 74 done.
[Rank 1] File 1, xtal 75 done.
[Rank 1] File 1, xtal 76 done.
[Rank 1] File 1, xtal 77 done.
[Rank 1] File 1, xtal 78 done.
[Rank 1] File 1, xtal 79 done.
[Rank 1] File 1, xtal 80 done.
[Rank 1] File 1, xtal 81 done.
[Rank 1] File 1, xtal 82 done.
[Rank 1] File 1, xtal 83 done.
[Rank 1] File 1, xtal 84 done.
[Rank 1] File 1, xtal 85 done.
[Rank 1] File 1, xtal 86 done.
[Rank 1] File 1, xtal 87 done.
[Rank 1] File 1, xtal 88 done.
[Rank 1] File 1, xtal 89 done.
[Rank 1] File 1, xtal 90 done.
[Rank 1] File 1, xtal 91 done.
[Rank 1] File 1, xtal 92 done.
[Rank 1] File 1, xtal 93 done.
[Rank 1] File 1, xtal 94 done.
[Rank 1] File 1, xtal 95 done.
[Rank 1] File 1, xtal 96 done.
[Rank 1] File 1, xtal 97 done.
[Rank 1] File 1, xtal 98 done.
[Rank 1] File 1, xtal 99 done.
[Rank 1] File 1, xtal 100 done.
[Rank 1] File 1, xtal 101 done.
[Rank 1] File 1, xtal 102 done.
[Rank 1] File 1, xtal 103 done.
[Rank 1] File 1, xtal 104 done.
[Rank 1] File 1, xtal 105 done.
[Rank 1] File 1, xtal 106 done.
[Rank 1] File 1, xtal 107 done.
[Rank 1] File 1, xtal 108 done.
[Rank 1] File 1, xtal 109 done.
[Rank 1] File 1, xtal 110 done.
[Rank 1] File 1, xtal 111 done.
[Rank 1] File 1, xtal 112 done.
[Rank 1] File 1, xtal 113 done.
[Rank 1] File 1, xtal 114 done.
[Rank 1] File 1, xtal 115 done.
[Rank 1] File 1, xtal 116 done.
[Rank 1] File 1, xtal 117 done.
[Rank 1] File 1, xtal 118 done.
[Rank 1] File 1, xtal 119 done.
[Rank 1] File 1, xtal 120 done.
[Rank 1] File 1, xtal 121 done.
[Rank 1] File 1, xtal 122 done.
[Rank 1] File 1, xtal 123 done.
[Rank 1] File 1, xtal 124 done.
[Rank 1] File 1, xtal 125 done.
[Rank 1] File 1, xtal 126 done.
[Rank 1] File 1, xtal 127 done.
[Rank 1] File 1, xtal 128 done.
[Rank 1] File 1, xtal 129 done.
[Rank 1] File 1, xtal 130 done.
[Rank 1] File 1, xtal 131 done.
[Rank 1] File 1, xtal 132 done.
[Rank 1] File 1, xtal 133 done.
[Rank 1] File 1, xtal 134 done.
[Rank 1] File 1, xtal 135 done.
[Rank 1] File 1, xtal 136 done.
[Rank 1] File 1, xtal 137 done.
[Rank 1] File 1, xtal 138 done.
[Rank 1] File 1, xtal 139 done.
[Rank 1] File 1, xtal 140 done.
[Rank 1] File 1, xtal 141 done.
[Rank 1] File 1, xtal 142 done.
[Rank 1] File 1, xtal 143 done.
[Rank 1] File 1, xtal 144 done.
[Rank 1] File 1, xtal 145 done.
[Rank 1] File 1, xtal 146 done.
[Rank 1] File 1, xtal 147 done.
[Rank 1] File 1, xtal 148 done.
[Rank 1] File 1, xtal 149 done.
[Rank 1] File 1, xtal 150 done.
[Rank 1] File 1, xtal 151 done.
[Rank 1] File 1, xtal 152 done.
[Rank 1] File 1, xtal 153 done.
[Rank 1] File 1, xtal 154 done.
[Rank 1] File 1, xtal 155 done.
[Rank 1] File 1, xtal 156 done.
[Rank 1] File 1, xtal 157 done.
[Rank 1] File 1, xtal 158 done.
[Rank 1] File 1, xtal 159 done.
[Rank 1] File 1, xtal 160 done.
[Rank 1] File 1, xtal 161 done.
[Rank 1] File 1, xtal 162 done.
[Rank 1] File 1, xtal 163 done.
[Rank 1] File 1, xtal 164 done.
[Rank 1] File 1, xtal 165 done.
[Rank 1] File 1, xtal 166 done.
[Rank 1] File 1, xtal 167 done.
[Rank 1] File 1, xtal 168 done.
[Rank 1] File 1, xtal 169 done.
[Rank 1] File 1, xtal 170 done.
[Rank 1] File 1, xtal 171 done.
[Rank 1] File 1, xtal 172 done.
[Rank 1] File 1, xtal 173 done.
[Rank 1] File 1, xtal 174 done.
[Rank 1] File 1, xtal 175 done.
[Rank 1] File 1, xtal 176 done.
[Rank 1] File 1, xtal 177 done.
[Rank 1] File 1, xtal 178 done.
[Rank 1] File 1, xtal 179 done.
[Rank 1] File 1, xtal 180 done.
[Rank 1] File 1, xtal 181 done.
[Rank 1] File 1, xtal 182 done.
[Rank 1] File 1, xtal 183 done.
[Rank 1] File 1, xtal 184 done.
[Rank 1] File 1, xtal 185 done.
[Rank 1] File 1, xtal 186 done.
[Rank 1] File 1, xtal 187 done.
[Rank 1] File 1, xtal 188 done.
[Rank 1] File 1, xtal 189 done.
[Rank 1] File 1, xtal 190 done.
[Rank 1] File 1, xtal 191 done.
[Rank 1] File 1, xtal 192 done.
[Rank 1] File 1, xtal 193 done.
[Rank 1] File 1, xtal 194 done.
[Rank 1] File 1, xtal 195 done.
[Rank 1] File 1, xtal 196 done.
[Rank 1] File 1, xtal 197 done.
[Rank 1] File 1, xtal 198 done.
[Rank 1] File 1, xtal 199 done.
[Rank 1] File 1, xtal 200 done.
[Rank 1] File 1, xtal 201 done.
[Rank 1] File 1, xtal 202 done.
[Rank 1] File 1, xtal 203 done.
[Rank 1] File 1, xtal 204 done.
[Rank 1] File 1, xtal 205 done.
[Rank 1] File 1, xtal 206 done.
[Rank 1] File 1, xtal 207 done.
[Rank 1] File 1, xtal 208 done.
[Rank 1] File 1, xtal 209 done.
[Rank 1] File 1, xtal 210 done.
[Rank 1] File 1, xtal 211 done.
[Rank 1] File 1, xtal 212 done.
[Rank 1] File 1, xtal 213 done.
[Rank 1] File 1, xtal 214 done.
[Rank 1] File 1, xtal 215 done.
[Rank 1] File 1, xtal 216 done.
[Rank 1] File 1, xtal 217 done.
[Rank 1] File 1, xtal 218 done.
[Rank 1] File 1, xtal 219 done.
[Rank 1] File 1, xtal 220 done.
[Rank 1] File 1, xtal 221 done.
[Rank 1] File 1, xtal 222 done.
[Rank 1] File 1, xtal 223 done.
[Rank 1] File 1, xtal 224 done.
[Rank 1] File 1, xtal 225 done.
[Rank 1] File 1, xtal 226 done.
[Rank 1] File 1, xtal 227 done.
[Rank 1] File 1, xtal 228 done.
[Rank 1] File 1, xtal 229 done.
[Rank 1] File 1, xtal 230 done.
[Rank 1] File 1, xtal 231 done.
[Rank 1] File 1, xtal 232 done.
[Rank 1] File 1, xtal 233 done.
[Rank 1] File 1, xtal 234 done.
[Rank 1] File 1, xtal 235 done.
[Rank 1] File 1, xtal 236 done.
[Rank 1] File 1, xtal 237 done.
[Rank 1] File 1, xtal 238 done.
[Rank 1] File 1, xtal 239 done.
[Rank 1] File 1, xtal 240 done.
[Rank 1] File 1, xtal 241 done.
[Rank 1] File 1, xtal 242 done.
[Rank 1] File 1, xtal 243 done.
[Rank 1] File 1, xtal 244 done.
[Rank 1] File 1, xtal 245 done.
[Rank 1] File 1, xtal 246 done.
[Rank 1] File 1, xtal 247 done.
[Rank 1] File 1, xtal 248 done.
[Rank 1] File 1, xtal 249 done.
[Rank 1] File 1, xtal 250 done.
[Rank 1] File 1, xtal 251 done.
[Rank 1] File 1, xtal 252 done.
[Rank 1] File 1, xtal 253 done.
[Rank 1] File 1, xtal 254 done.
[Rank 1] File 1, xtal 255 done.
Saving HDF5 output files to: /vscratch/grp-rutaoyao/Harsh/24_rots_again/sysmats
[Rank 2] File 2, xtal 0 done.
[Rank 2] File 2, xtal 1 done.
[Rank 2] File 2, xtal 2 done.
[Rank 2] File 2, xtal 3 done.
[Rank 2] File 2, xtal 4 done.
[Rank 2] File 2, xtal 5 done.
[Rank 2] File 2, xtal 6 done.
[Rank 2] File 2, xtal 7 done.
[Rank 2] File 2, xtal 8 done.
[Rank 2] File 2, xtal 9 done.
[Rank 2] File 2, xtal 10 done.
[Rank 2] File 2, xtal 11 done.
[Rank 2] File 2, xtal 12 done.
[Rank 2] File 2, xtal 13 done.
[Rank 2] File 2, xtal 14 done.
[Rank 2] File 2, xtal 15 done.
[Rank 2] File 2, xtal 16 done.
[Rank 2] File 2, xtal 17 done.
[Rank 2] File 2, xtal 18 done.
[Rank 2] File 2, xtal 19 done.
[Rank 2] File 2, xtal 20 done.
[Rank 2] File 2, xtal 21 done.
[Rank 2] File 2, xtal 22 done.
[Rank 2] File 2, xtal 23 done.
[Rank 2] File 2, xtal 24 done.
[Rank 2] File 2, xtal 25 done.
[Rank 2] File 2, xtal 26 done.
[Rank 2] File 2, xtal 27 done.
[Rank 2] File 2, xtal 28 done.
[Rank 2] File 2, xtal 29 done.
[Rank 2] File 2, xtal 30 done.
[Rank 2] File 2, xtal 31 done.
[Rank 2] File 2, xtal 32 done.
[Rank 2] File 2, xtal 33 done.
[Rank 2] File 2, xtal 34 done.
[Rank 2] File 2, xtal 35 done.
[Rank 2] File 2, xtal 36 done.
[Rank 2] File 2, xtal 37 done.
[Rank 2] File 2, xtal 38 done.
[Rank 2] File 2, xtal 39 done.
[Rank 2] File 2, xtal 40 done.
[Rank 2] File 2, xtal 41 done.
[Rank 2] File 2, xtal 42 done.
[Rank 2] File 2, xtal 43 done.
[Rank 2] File 2, xtal 44 done.
[Rank 2] File 2, xtal 45 done.
[Rank 2] File 2, xtal 46 done.
[Rank 2] File 2, xtal 47 done.
[Rank 2] File 2, xtal 48 done.
[Rank 2] File 2, xtal 49 done.
[Rank 2] File 2, xtal 50 done.
[Rank 2] File 2, xtal 51 done.
[Rank 2] File 2, xtal 52 done.
[Rank 2] File 2, xtal 53 done.
[Rank 2] File 2, xtal 54 done.
[Rank 2] File 2, xtal 55 done.
[Rank 2] File 2, xtal 56 done.
[Rank 2] File 2, xtal 57 done.
[Rank 2] File 2, xtal 58 done.
[Rank 2] File 2, xtal 59 done.
[Rank 2] File 2, xtal 60 done.
[Rank 2] File 2, xtal 61 done.
[Rank 2] File 2, xtal 62 done.
[Rank 2] File 2, xtal 63 done.
[Rank 2] File 2, xtal 64 done.
[Rank 2] File 2, xtal 65 done.
[Rank 2] File 2, xtal 66 done.
[Rank 2] File 2, xtal 67 done.
[Rank 2] File 2, xtal 68 done.
[Rank 2] File 2, xtal 69 done.
[Rank 2] File 2, xtal 70 done.
[Rank 2] File 2, xtal 71 done.
[Rank 2] File 2, xtal 72 done.
[Rank 2] File 2, xtal 73 done.
[Rank 2] File 2, xtal 74 done.
[Rank 2] File 2, xtal 75 done.
[Rank 2] File 2, xtal 76 done.
[Rank 2] File 2, xtal 77 done.
[Rank 2] File 2, xtal 78 done.
[Rank 2] File 2, xtal 79 done.
[Rank 2] File 2, xtal 80 done.
[Rank 2] File 2, xtal 81 done.
[Rank 2] File 2, xtal 82 done.
[Rank 2] File 2, xtal 83 done.
[Rank 2] File 2, xtal 84 done.
[Rank 2] File 2, xtal 85 done.
[Rank 2] File 2, xtal 86 done.
[Rank 2] File 2, xtal 87 done.
[Rank 2] File 2, xtal 88 done.
[Rank 2] File 2, xtal 89 done.
[Rank 2] File 2, xtal 90 done.
[Rank 2] File 2, xtal 91 done.
[Rank 2] File 2, xtal 92 done.
[Rank 2] File 2, xtal 93 done.
[Rank 2] File 2, xtal 94 done.
[Rank 2] File 2, xtal 95 done.
[Rank 2] File 2, xtal 96 done.
[Rank 2] File 2, xtal 97 done.
[Rank 2] File 2, xtal 98 done.
[Rank 2] File 2, xtal 99 done.
[Rank 2] File 2, xtal 100 done.
[Rank 2] File 2, xtal 101 done.
[Rank 2] File 2, xtal 102 done.
[Rank 2] File 2, xtal 103 done.
[Rank 2] File 2, xtal 104 done.
[Rank 2] File 2, xtal 105 done.
[Rank 2] File 2, xtal 106 done.
[Rank 2] File 2, xtal 107 done.
[Rank 2] File 2, xtal 108 done.
[Rank 2] File 2, xtal 109 done.
[Rank 2] File 2, xtal 110 done.
[Rank 2] File 2, xtal 111 done.
[Rank 2] File 2, xtal 112 done.
[Rank 2] File 2, xtal 113 done.
[Rank 2] File 2, xtal 114 done.
[Rank 2] File 2, xtal 115 done.
[Rank 2] File 2, xtal 116 done.
[Rank 2] File 2, xtal 117 done.
[Rank 2] File 2, xtal 118 done.
[Rank 2] File 2, xtal 119 done.
[Rank 2] File 2, xtal 120 done.
[Rank 2] File 2, xtal 121 done.
[Rank 2] File 2, xtal 122 done.
[Rank 2] File 2, xtal 123 done.
[Rank 2] File 2, xtal 124 done.
[Rank 2] File 2, xtal 125 done.
[Rank 2] File 2, xtal 126 done.
[Rank 2] File 2, xtal 127 done.
[Rank 2] File 2, xtal 128 done.
[Rank 2] File 2, xtal 129 done.
[Rank 2] File 2, xtal 130 done.
[Rank 2] File 2, xtal 131 done.
[Rank 2] File 2, xtal 132 done.
[Rank 2] File 2, xtal 133 done.
[Rank 2] File 2, xtal 134 done.
[Rank 2] File 2, xtal 135 done.
[Rank 2] File 2, xtal 136 done.
[Rank 2] File 2, xtal 137 done.
[Rank 2] File 2, xtal 138 done.
[Rank 2] File 2, xtal 139 done.
[Rank 2] File 2, xtal 140 done.
[Rank 2] File 2, xtal 141 done.
[Rank 2] File 2, xtal 142 done.
[Rank 2] File 2, xtal 143 done.
[Rank 2] File 2, xtal 144 done.
[Rank 2] File 2, xtal 145 done.
[Rank 2] File 2, xtal 146 done.
[Rank 2] File 2, xtal 147 done.
[Rank 2] File 2, xtal 148 done.
[Rank 2] File 2, xtal 149 done.
[Rank 2] File 2, xtal 150 done.
[Rank 2] File 2, xtal 151 done.
[Rank 2] File 2, xtal 152 done.
[Rank 2] File 2, xtal 153 done.
[Rank 2] File 2, xtal 154 done.
[Rank 2] File 2, xtal 155 done.
[Rank 2] File 2, xtal 156 done.
[Rank 2] File 2, xtal 157 done.
[Rank 2] File 2, xtal 158 done.
[Rank 2] File 2, xtal 159 done.
[Rank 2] File 2, xtal 160 done.
[Rank 2] File 2, xtal 161 done.
[Rank 2] File 2, xtal 162 done.
[Rank 2] File 2, xtal 163 done.
[Rank 2] File 2, xtal 164 done.
[Rank 2] File 2, xtal 165 done.
[Rank 2] File 2, xtal 166 done.
[Rank 2] File 2, xtal 167 done.
[Rank 2] File 2, xtal 168 done.
[Rank 2] File 2, xtal 169 done.
[Rank 2] File 2, xtal 170 done.
[Rank 2] File 2, xtal 171 done.
[Rank 2] File 2, xtal 172 done.
[Rank 2] File 2, xtal 173 done.
[Rank 2] File 2, xtal 174 done.
[Rank 2] File 2, xtal 175 done.
[Rank 2] File 2, xtal 176 done.
[Rank 2] File 2, xtal 177 done.
[Rank 2] File 2, xtal 178 done.
[Rank 2] File 2, xtal 179 done.
[Rank 2] File 2, xtal 180 done.
[Rank 2] File 2, xtal 181 done.
[Rank 2] File 2, xtal 182 done.
[Rank 2] File 2, xtal 183 done.
[Rank 2] File 2, xtal 184 done.
[Rank 2] File 2, xtal 185 done.
[Rank 2] File 2, xtal 186 done.
[Rank 2] File 2, xtal 187 done.
[Rank 2] File 2, xtal 188 done.
[Rank 2] File 2, xtal 189 done.
[Rank 2] File 2, xtal 190 done.
[Rank 2] File 2, xtal 191 done.
[Rank 2] File 2, xtal 192 done.
[Rank 2] File 2, xtal 193 done.
[Rank 2] File 2, xtal 194 done.
[Rank 2] File 2, xtal 195 done.
[Rank 2] File 2, xtal 196 done.
[Rank 2] File 2, xtal 197 done.
[Rank 2] File 2, xtal 198 done.
[Rank 2] File 2, xtal 199 done.
[Rank 2] File 2, xtal 200 done.
[Rank 2] File 2, xtal 201 done.
[Rank 2] File 2, xtal 202 done.
[Rank 2] File 2, xtal 203 done.
[Rank 2] File 2, xtal 204 done.
[Rank 2] File 2, xtal 205 done.
[Rank 2] File 2, xtal 206 done.
[Rank 2] File 2, xtal 207 done.
[Rank 2] File 2, xtal 208 done.
[Rank 2] File 2, xtal 209 done.
[Rank 2] File 2, xtal 210 done.
[Rank 2] File 2, xtal 211 done.
[Rank 2] File 2, xtal 212 done.
[Rank 2] File 2, xtal 213 done.
[Rank 2] File 2, xtal 214 done.
[Rank 2] File 2, xtal 215 done.
[Rank 2] File 2, xtal 216 done.
[Rank 2] File 2, xtal 217 done.
[Rank 2] File 2, xtal 218 done.
[Rank 2] File 2, xtal 219 done.
[Rank 2] File 2, xtal 220 done.
[Rank 2] File 2, xtal 221 done.
[Rank 2] File 2, xtal 222 done.
[Rank 2] File 2, xtal 223 done.
[Rank 2] File 2, xtal 224 done.
[Rank 2] File 2, xtal 225 done.
[Rank 2] File 2, xtal 226 done.
[Rank 2] File 2, xtal 227 done.
[Rank 2] File 2, xtal 228 done.
[Rank 2] File 2, xtal 229 done.
[Rank 2] File 2, xtal 230 done.
[Rank 2] File 2, xtal 231 done.
[Rank 2] File 2, xtal 232 done.
[Rank 2] File 2, xtal 233 done.
[Rank 2] File 2, xtal 234 done.
[Rank 2] File 2, xtal 235 done.
[Rank 2] File 2, xtal 236 done.
[Rank 2] File 2, xtal 237 done.
[Rank 2] File 2, xtal 238 done.
[Rank 2] File 2, xtal 239 done.
[Rank 2] File 2, xtal 240 done.
[Rank 2] File 2, xtal 241 done.
[Rank 2] File 2, xtal 242 done.
[Rank 2] File 2, xtal 243 done.
[Rank 2] File 2, xtal 244 done.
[Rank 2] File 2, xtal 245 done.
[Rank 2] File 2, xtal 246 done.
[Rank 2] File 2, xtal 247 done.
[Rank 2] File 2, xtal 248 done.
[Rank 2] File 2, xtal 249 done.
[Rank 2] File 2, xtal 250 done.
[Rank 2] File 2, xtal 251 done.
[Rank 2] File 2, xtal 252 done.
[Rank 2] File 2, xtal 253 done.
[Rank 2] File 2, xtal 254 done.
[Rank 2] File 2, xtal 255 done.
Saving HDF5 output files to: /vscratch/grp-rutaoyao/Harsh/24_rots_again/sysmats
[Rank 8] File 8, xtal 0 done.
[Rank 8] File 8, xtal 1 done.
[Rank 8] File 8, xtal 2 done.
[Rank 8] File 8, xtal 3 done.
[Rank 8] File 8, xtal 4 done.
[Rank 8] File 8, xtal 5 done.
[Rank 8] File 8, xtal 6 done.
[Rank 8] File 8, xtal 7 done.
[Rank 8] File 8, xtal 8 done.
[Rank 8] File 8, xtal 9 done.
[Rank 8] File 8, xtal 10 done.
[Rank 8] File 8, xtal 11 done.
[Rank 8] File 8, xtal 12 done.
[Rank 8] File 8, xtal 13 done.
[Rank 8] File 8, xtal 14 done.
[Rank 8] File 8, xtal 15 done.
[Rank 8] File 8, xtal 16 done.
[Rank 8] File 8, xtal 17 done.
[Rank 8] File 8, xtal 18 done.
[Rank 8] File 8, xtal 19 done.
[Rank 8] File 8, xtal 20 done.
[Rank 8] File 8, xtal 21 done.
[Rank 8] File 8, xtal 22 done.
[Rank 8] File 8, xtal 23 done.
[Rank 8] File 8, xtal 24 done.
[Rank 8] File 8, xtal 25 done.
[Rank 8] File 8, xtal 26 done.
[Rank 8] File 8, xtal 27 done.
[Rank 8] File 8, xtal 28 done.
[Rank 8] File 8, xtal 29 done.
[Rank 8] File 8, xtal 30 done.
[Rank 8] File 8, xtal 31 done.
[Rank 8] File 8, xtal 32 done.
[Rank 8] File 8, xtal 33 done.
[Rank 8] File 8, xtal 34 done.
[Rank 8] File 8, xtal 35 done.
[Rank 8] File 8, xtal 36 done.
[Rank 8] File 8, xtal 37 done.
[Rank 8] File 8, xtal 38 done.
[Rank 8] File 8, xtal 39 done.
[Rank 8] File 8, xtal 40 done.
[Rank 8] File 8, xtal 41 done.
[Rank 8] File 8, xtal 42 done.
[Rank 8] File 8, xtal 43 done.
[Rank 8] File 8, xtal 44 done.
[Rank 8] File 8, xtal 45 done.
[Rank 8] File 8, xtal 46 done.
[Rank 8] File 8, xtal 47 done.
[Rank 8] File 8, xtal 48 done.
[Rank 8] File 8, xtal 49 done.
[Rank 8] File 8, xtal 50 done.
[Rank 8] File 8, xtal 51 done.
[Rank 8] File 8, xtal 52 done.
[Rank 8] File 8, xtal 53 done.
[Rank 8] File 8, xtal 54 done.
[Rank 8] File 8, xtal 55 done.
[Rank 8] File 8, xtal 56 done.
[Rank 8] File 8, xtal 57 done.
[Rank 8] File 8, xtal 58 done.
[Rank 8] File 8, xtal 59 done.
[Rank 8] File 8, xtal 60 done.
[Rank 8] File 8, xtal 61 done.
[Rank 8] File 8, xtal 62 done.
[Rank 8] File 8, xtal 63 done.
[Rank 8] File 8, xtal 64 done.
[Rank 8] File 8, xtal 65 done.
[Rank 8] File 8, xtal 66 done.
[Rank 8] File 8, xtal 67 done.
[Rank 8] File 8, xtal 68 done.
[Rank 8] File 8, xtal 69 done.
[Rank 8] File 8, xtal 70 done.
[Rank 8] File 8, xtal 71 done.
[Rank 8] File 8, xtal 72 done.
[Rank 8] File 8, xtal 73 done.
[Rank 8] File 8, xtal 74 done.
[Rank 8] File 8, xtal 75 done.
[Rank 8] File 8, xtal 76 done.
[Rank 8] File 8, xtal 77 done.
[Rank 8] File 8, xtal 78 done.
[Rank 8] File 8, xtal 79 done.
[Rank 8] File 8, xtal 80 done.
[Rank 8] File 8, xtal 81 done.
[Rank 8] File 8, xtal 82 done.
[Rank 8] File 8, xtal 83 done.
[Rank 8] File 8, xtal 84 done.
[Rank 8] File 8, xtal 85 done.
[Rank 8] File 8, xtal 86 done.
[Rank 8] File 8, xtal 87 done.
[Rank 8] File 8, xtal 88 done.
[Rank 8] File 8, xtal 89 done.
[Rank 8] File 8, xtal 90 done.
[Rank 8] File 8, xtal 91 done.
[Rank 8] File 8, xtal 92 done.
[Rank 8] File 8, xtal 93 done.
[Rank 8] File 8, xtal 94 done.
[Rank 8] File 8, xtal 95 done.
[Rank 8] File 8, xtal 96 done.
[Rank 8] File 8, xtal 97 done.
[Rank 8] File 8, xtal 98 done.
[Rank 8] File 8, xtal 99 done.
[Rank 8] File 8, xtal 100 done.
[Rank 8] File 8, xtal 101 done.
[Rank 8] File 8, xtal 102 done.
[Rank 8] File 8, xtal 103 done.
[Rank 8] File 8, xtal 104 done.
[Rank 8] File 8, xtal 105 done.
[Rank 8] File 8, xtal 106 done.
[Rank 8] File 8, xtal 107 done.
[Rank 8] File 8, xtal 108 done.
[Rank 8] File 8, xtal 109 done.
[Rank 8] File 8, xtal 110 done.
[Rank 8] File 8, xtal 111 done.
[Rank 8] File 8, xtal 112 done.
[Rank 8] File 8, xtal 113 done.
[Rank 8] File 8, xtal 114 done.
[Rank 8] File 8, xtal 115 done.
[Rank 8] File 8, xtal 116 done.
[Rank 8] File 8, xtal 117 done.
[Rank 8] File 8, xtal 118 done.
[Rank 8] File 8, xtal 119 done.
[Rank 8] File 8, xtal 120 done.
[Rank 8] File 8, xtal 121 done.
[Rank 8] File 8, xtal 122 done.
[Rank 8] File 8, xtal 123 done.
[Rank 8] File 8, xtal 124 done.
[Rank 8] File 8, xtal 125 done.
[Rank 8] File 8, xtal 126 done.
[Rank 8] File 8, xtal 127 done.
[Rank 8] File 8, xtal 128 done.
[Rank 8] File 8, xtal 129 done.
[Rank 8] File 8, xtal 130 done.
[Rank 8] File 8, xtal 131 done.
[Rank 8] File 8, xtal 132 done.
[Rank 8] File 8, xtal 133 done.
[Rank 8] File 8, xtal 134 done.
[Rank 8] File 8, xtal 135 done.
[Rank 8] File 8, xtal 136 done.
[Rank 8] File 8, xtal 137 done.
[Rank 8] File 8, xtal 138 done.
[Rank 8] File 8, xtal 139 done.
[Rank 8] File 8, xtal 140 done.
[Rank 8] File 8, xtal 141 done.
[Rank 8] File 8, xtal 142 done.
[Rank 8] File 8, xtal 143 done.
[Rank 8] File 8, xtal 144 done.
[Rank 8] File 8, xtal 145 done.
[Rank 8] File 8, xtal 146 done.
[Rank 8] File 8, xtal 147 done.
[Rank 8] File 8, xtal 148 done.
[Rank 8] File 8, xtal 149 done.
[Rank 8] File 8, xtal 150 done.
[Rank 8] File 8, xtal 151 done.
[Rank 8] File 8, xtal 152 done.
[Rank 8] File 8, xtal 153 done.
[Rank 8] File 8, xtal 154 done.
[Rank 8] File 8, xtal 155 done.
[Rank 8] File 8, xtal 156 done.
[Rank 8] File 8, xtal 157 done.
[Rank 8] File 8, xtal 158 done.
[Rank 8] File 8, xtal 159 done.
[Rank 8] File 8, xtal 160 done.
[Rank 8] File 8, xtal 161 done.
[Rank 8] File 8, xtal 162 done.
[Rank 8] File 8, xtal 163 done.
[Rank 8] File 8, xtal 164 done.
[Rank 8] File 8, xtal 165 done.
[Rank 8] File 8, xtal 166 done.
[Rank 8] File 8, xtal 167 done.
[Rank 8] File 8, xtal 168 done.
[Rank 8] File 8, xtal 169 done.
[Rank 8] File 8, xtal 170 done.
[Rank 8] File 8, xtal 171 done.
[Rank 8] File 8, xtal 172 done.
[Rank 8] File 8, xtal 173 done.
[Rank 8] File 8, xtal 174 done.
[Rank 8] File 8, xtal 175 done.
[Rank 8] File 8, xtal 176 done.
[Rank 8] File 8, xtal 177 done.
[Rank 8] File 8, xtal 178 done.
[Rank 8] File 8, xtal 179 done.
[Rank 8] File 8, xtal 180 done.
[Rank 8] File 8, xtal 181 done.
[Rank 8] File 8, xtal 182 done.
[Rank 8] File 8, xtal 183 done.
[Rank 8] File 8, xtal 184 done.
[Rank 8] File 8, xtal 185 done.
[Rank 8] File 8, xtal 186 done.
[Rank 8] File 8, xtal 187 done.
[Rank 8] File 8, xtal 188 done.
[Rank 8] File 8, xtal 189 done.
[Rank 8] File 8, xtal 190 done.
[Rank 8] File 8, xtal 191 done.
[Rank 8] File 8, xtal 192 done.
[Rank 8] File 8, xtal 193 done.
[Rank 8] File 8, xtal 194 done.
[Rank 8] File 8, xtal 195 done.
[Rank 8] File 8, xtal 196 done.
[Rank 8] File 8, xtal 197 done.
[Rank 8] File 8, xtal 198 done.
[Rank 8] File 8, xtal 199 done.
[Rank 8] File 8, xtal 200 done.
[Rank 8] File 8, xtal 201 done.
[Rank 8] File 8, xtal 202 done.
[Rank 8] File 8, xtal 203 done.
[Rank 8] File 8, xtal 204 done.
[Rank 8] File 8, xtal 205 done.
[Rank 8] File 8, xtal 206 done.
[Rank 8] File 8, xtal 207 done.
[Rank 8] File 8, xtal 208 done.
[Rank 8] File 8, xtal 209 done.
[Rank 8] File 8, xtal 210 done.
[Rank 8] File 8, xtal 211 done.
[Rank 8] File 8, xtal 212 done.
[Rank 8] File 8, xtal 213 done.
[Rank 8] File 8, xtal 214 done.
[Rank 8] File 8, xtal 215 done.
[Rank 8] File 8, xtal 216 done.
[Rank 8] File 8, xtal 217 done.
[Rank 8] File 8, xtal 218 done.
[Rank 8] File 8, xtal 219 done.
[Rank 8] File 8, xtal 220 done.
[Rank 8] File 8, xtal 221 done.
[Rank 8] File 8, xtal 222 done.
[Rank 8] File 8, xtal 223 done.
[Rank 8] File 8, xtal 224 done.
[Rank 8] File 8, xtal 225 done.
[Rank 8] File 8, xtal 226 done.
[Rank 8] File 8, xtal 227 done.
[Rank 8] File 8, xtal 228 done.
[Rank 8] File 8, xtal 229 done.
[Rank 8] File 8, xtal 230 done.
[Rank 8] File 8, xtal 231 done.
[Rank 8] File 8, xtal 232 done.
[Rank 8] File 8, xtal 233 done.
[Rank 8] File 8, xtal 234 done.
[Rank 8] File 8, xtal 235 done.
[Rank 8] File 8, xtal 236 done.
[Rank 8] File 8, xtal 237 done.
[Rank 8] File 8, xtal 238 done.
[Rank 8] File 8, xtal 239 done.
[Rank 8] File 8, xtal 240 done.
[Rank 8] File 8, xtal 241 done.
[Rank 8] File 8, xtal 242 done.
[Rank 8] File 8, xtal 243 done.
[Rank 8] File 8, xtal 244 done.
[Rank 8] File 8, xtal 245 done.
[Rank 8] File 8, xtal 246 done.
[Rank 8] File 8, xtal 247 done.
[Rank 8] File 8, xtal 248 done.
[Rank 8] File 8, xtal 249 done.
[Rank 8] File 8, xtal 250 done.
[Rank 8] File 8, xtal 251 done.
[Rank 8] File 8, xtal 252 done.
[Rank 8] File 8, xtal 253 done.
[Rank 8] File 8, xtal 254 done.
[Rank 8] File 8, xtal 255 done.
Saving HDF5 output files to: /vscratch/grp-rutaoyao/Harsh/24_rots_again/sysmats
[Rank 7] File 7, xtal 0 done.
[Rank 7] File 7, xtal 1 done.
[Rank 7] File 7, xtal 2 done.
[Rank 7] File 7, xtal 3 done.
[Rank 7] File 7, xtal 4 done.
[Rank 7] File 7, xtal 5 done.
[Rank 7] File 7, xtal 6 done.
[Rank 7] File 7, xtal 7 done.
[Rank 7] File 7, xtal 8 done.
[Rank 7] File 7, xtal 9 done.
[Rank 7] File 7, xtal 10 done.
[Rank 7] File 7, xtal 11 done.
[Rank 7] File 7, xtal 12 done.
[Rank 7] File 7, xtal 13 done.
[Rank 7] File 7, xtal 14 done.
[Rank 7] File 7, xtal 15 done.
[Rank 7] File 7, xtal 16 done.
[Rank 7] File 7, xtal 17 done.
[Rank 7] File 7, xtal 18 done.
[Rank 7] File 7, xtal 19 done.
[Rank 7] File 7, xtal 20 done.
[Rank 7] File 7, xtal 21 done.
[Rank 7] File 7, xtal 22 done.
[Rank 7] File 7, xtal 23 done.
[Rank 7] File 7, xtal 24 done.
[Rank 7] File 7, xtal 25 done.
[Rank 7] File 7, xtal 26 done.
[Rank 7] File 7, xtal 27 done.
[Rank 7] File 7, xtal 28 done.
[Rank 7] File 7, xtal 29 done.
[Rank 7] File 7, xtal 30 done.
[Rank 7] File 7, xtal 31 done.
[Rank 7] File 7, xtal 32 done.
[Rank 7] File 7, xtal 33 done.
[Rank 7] File 7, xtal 34 done.
[Rank 7] File 7, xtal 35 done.
[Rank 7] File 7, xtal 36 done.
[Rank 7] File 7, xtal 37 done.
[Rank 7] File 7, xtal 38 done.
[Rank 7] File 7, xtal 39 done.
[Rank 7] File 7, xtal 40 done.
[Rank 7] File 7, xtal 41 done.
[Rank 7] File 7, xtal 42 done.
[Rank 7] File 7, xtal 43 done.
[Rank 7] File 7, xtal 44 done.
[Rank 7] File 7, xtal 45 done.
[Rank 7] File 7, xtal 46 done.
[Rank 7] File 7, xtal 47 done.
[Rank 7] File 7, xtal 48 done.
[Rank 7] File 7, xtal 49 done.
[Rank 7] File 7, xtal 50 done.
[Rank 7] File 7, xtal 51 done.
[Rank 7] File 7, xtal 52 done.
[Rank 7] File 7, xtal 53 done.
[Rank 7] File 7, xtal 54 done.
[Rank 7] File 7, xtal 55 done.
[Rank 7] File 7, xtal 56 done.
[Rank 7] File 7, xtal 57 done.
[Rank 7] File 7, xtal 58 done.
[Rank 7] File 7, xtal 59 done.
[Rank 7] File 7, xtal 60 done.
[Rank 7] File 7, xtal 61 done.
[Rank 7] File 7, xtal 62 done.
[Rank 7] File 7, xtal 63 done.
[Rank 7] File 7, xtal 64 done.
[Rank 7] File 7, xtal 65 done.
[Rank 7] File 7, xtal 66 done.
[Rank 7] File 7, xtal 67 done.
[Rank 7] File 7, xtal 68 done.
[Rank 7] File 7, xtal 69 done.
[Rank 7] File 7, xtal 70 done.
[Rank 7] File 7, xtal 71 done.
[Rank 7] File 7, xtal 72 done.
[Rank 7] File 7, xtal 73 done.
[Rank 7] File 7, xtal 74 done.
[Rank 7] File 7, xtal 75 done.
[Rank 7] File 7, xtal 76 done.
[Rank 7] File 7, xtal 77 done.
[Rank 7] File 7, xtal 78 done.
[Rank 7] File 7, xtal 79 done.
[Rank 7] File 7, xtal 80 done.
[Rank 7] File 7, xtal 81 done.
[Rank 7] File 7, xtal 82 done.
[Rank 7] File 7, xtal 83 done.
[Rank 7] File 7, xtal 84 done.
[Rank 7] File 7, xtal 85 done.
[Rank 7] File 7, xtal 86 done.
[Rank 7] File 7, xtal 87 done.
[Rank 7] File 7, xtal 88 done.
[Rank 7] File 7, xtal 89 done.
[Rank 7] File 7, xtal 90 done.
[Rank 7] File 7, xtal 91 done.
[Rank 7] File 7, xtal 92 done.
[Rank 7] File 7, xtal 93 done.
[Rank 7] File 7, xtal 94 done.
[Rank 7] File 7, xtal 95 done.
[Rank 7] File 7, xtal 96 done.
[Rank 7] File 7, xtal 97 done.
[Rank 7] File 7, xtal 98 done.
[Rank 7] File 7, xtal 99 done.
[Rank 7] File 7, xtal 100 done.
[Rank 7] File 7, xtal 101 done.
[Rank 7] File 7, xtal 102 done.
[Rank 7] File 7, xtal 103 done.
[Rank 7] File 7, xtal 104 done.
[Rank 7] File 7, xtal 105 done.
[Rank 7] File 7, xtal 106 done.
[Rank 7] File 7, xtal 107 done.
[Rank 7] File 7, xtal 108 done.
[Rank 7] File 7, xtal 109 done.
[Rank 7] File 7, xtal 110 done.
[Rank 7] File 7, xtal 111 done.
[Rank 7] File 7, xtal 112 done.
[Rank 7] File 7, xtal 113 done.
[Rank 7] File 7, xtal 114 done.
[Rank 7] File 7, xtal 115 done.
[Rank 7] File 7, xtal 116 done.
[Rank 7] File 7, xtal 117 done.
[Rank 7] File 7, xtal 118 done.
[Rank 7] File 7, xtal 119 done.
[Rank 7] File 7, xtal 120 done.
[Rank 7] File 7, xtal 121 done.
[Rank 7] File 7, xtal 122 done.
[Rank 7] File 7, xtal 123 done.
[Rank 7] File 7, xtal 124 done.
[Rank 7] File 7, xtal 125 done.
[Rank 7] File 7, xtal 126 done.
[Rank 7] File 7, xtal 127 done.
[Rank 7] File 7, xtal 128 done.
[Rank 7] File 7, xtal 129 done.
[Rank 7] File 7, xtal 130 done.
[Rank 7] File 7, xtal 131 done.
[Rank 7] File 7, xtal 132 done.
[Rank 7] File 7, xtal 133 done.
[Rank 7] File 7, xtal 134 done.
[Rank 7] File 7, xtal 135 done.
[Rank 7] File 7, xtal 136 done.
[Rank 7] File 7, xtal 137 done.
[Rank 7] File 7, xtal 138 done.
[Rank 7] File 7, xtal 139 done.
[Rank 7] File 7, xtal 140 done.
[Rank 7] File 7, xtal 141 done.
[Rank 7] File 7, xtal 142 done.
[Rank 7] File 7, xtal 143 done.
[Rank 7] File 7, xtal 144 done.
[Rank 7] File 7, xtal 145 done.
[Rank 7] File 7, xtal 146 done.
[Rank 7] File 7, xtal 147 done.
[Rank 7] File 7, xtal 148 done.
[Rank 7] File 7, xtal 149 done.
[Rank 7] File 7, xtal 150 done.
[Rank 7] File 7, xtal 151 done.
[Rank 7] File 7, xtal 152 done.
[Rank 7] File 7, xtal 153 done.
[Rank 7] File 7, xtal 154 done.
[Rank 7] File 7, xtal 155 done.
[Rank 7] File 7, xtal 156 done.
[Rank 7] File 7, xtal 157 done.
[Rank 7] File 7, xtal 158 done.
[Rank 7] File 7, xtal 159 done.
[Rank 7] File 7, xtal 160 done.
[Rank 7] File 7, xtal 161 done.
[Rank 7] File 7, xtal 162 done.
[Rank 7] File 7, xtal 163 done.
[Rank 7] File 7, xtal 164 done.
[Rank 7] File 7, xtal 165 done.
[Rank 7] File 7, xtal 166 done.
[Rank 7] File 7, xtal 167 done.
[Rank 7] File 7, xtal 168 done.
[Rank 7] File 7, xtal 169 done.
[Rank 7] File 7, xtal 170 done.
[Rank 7] File 7, xtal 171 done.
[Rank 7] File 7, xtal 172 done.
[Rank 7] File 7, xtal 173 done.
[Rank 7] File 7, xtal 174 done.
[Rank 7] File 7, xtal 175 done.
[Rank 7] File 7, xtal 176 done.
[Rank 7] File 7, xtal 177 done.
[Rank 7] File 7, xtal 178 done.
[Rank 7] File 7, xtal 179 done.
[Rank 7] File 7, xtal 180 done.
[Rank 7] File 7, xtal 181 done.
[Rank 7] File 7, xtal 182 done.
[Rank 7] File 7, xtal 183 done.
[Rank 7] File 7, xtal 184 done.
[Rank 7] File 7, xtal 185 done.
[Rank 7] File 7, xtal 186 done.
[Rank 7] File 7, xtal 187 done.
[Rank 7] File 7, xtal 188 done.
[Rank 7] File 7, xtal 189 done.
[Rank 7] File 7, xtal 190 done.
[Rank 7] File 7, xtal 191 done.
[Rank 7] File 7, xtal 192 done.
[Rank 7] File 7, xtal 193 done.
[Rank 7] File 7, xtal 194 done.
[Rank 7] File 7, xtal 195 done.
[Rank 7] File 7, xtal 196 done.
[Rank 7] File 7, xtal 197 done.
[Rank 7] File 7, xtal 198 done.
[Rank 7] File 7, xtal 199 done.
[Rank 7] File 7, xtal 200 done.
[Rank 7] File 7, xtal 201 done.
[Rank 7] File 7, xtal 202 done.
[Rank 7] File 7, xtal 203 done.
[Rank 7] File 7, xtal 204 done.
[Rank 7] File 7, xtal 205 done.
[Rank 7] File 7, xtal 206 done.
[Rank 7] File 7, xtal 207 done.
[Rank 7] File 7, xtal 208 done.
[Rank 7] File 7, xtal 209 done.
[Rank 7] File 7, xtal 210 done.
[Rank 7] File 7, xtal 211 done.
[Rank 7] File 7, xtal 212 done.
[Rank 7] File 7, xtal 213 done.
[Rank 7] File 7, xtal 214 done.
[Rank 7] File 7, xtal 215 done.
[Rank 7] File 7, xtal 216 done.
[Rank 7] File 7, xtal 217 done.
[Rank 7] File 7, xtal 218 done.
[Rank 7] File 7, xtal 219 done.
[Rank 7] File 7, xtal 220 done.
[Rank 7] File 7, xtal 221 done.
[Rank 7] File 7, xtal 222 done.
[Rank 7] File 7, xtal 223 done.
[Rank 7] File 7, xtal 224 done.
[Rank 7] File 7, xtal 225 done.
[Rank 7] File 7, xtal 226 done.
[Rank 7] File 7, xtal 227 done.
[Rank 7] File 7, xtal 228 done.
[Rank 7] File 7, xtal 229 done.
[Rank 7] File 7, xtal 230 done.
[Rank 7] File 7, xtal 231 done.
[Rank 7] File 7, xtal 232 done.
[Rank 7] File 7, xtal 233 done.
[Rank 7] File 7, xtal 234 done.
[Rank 7] File 7, xtal 235 done.
[Rank 7] File 7, xtal 236 done.
[Rank 7] File 7, xtal 237 done.
[Rank 7] File 7, xtal 238 done.
[Rank 7] File 7, xtal 239 done.
[Rank 7] File 7, xtal 240 done.
[Rank 7] File 7, xtal 241 done.
[Rank 7] File 7, xtal 242 done.
[Rank 7] File 7, xtal 243 done.
[Rank 7] File 7, xtal 244 done.
[Rank 7] File 7, xtal 245 done.
[Rank 7] File 7, xtal 246 done.
[Rank 7] File 7, xtal 247 done.
[Rank 7] File 7, xtal 248 done.
[Rank 7] File 7, xtal 249 done.
[Rank 7] File 7, xtal 250 done.
[Rank 7] File 7, xtal 251 done.
[Rank 7] File 7, xtal 252 done.
[Rank 7] File 7, xtal 253 done.
[Rank 7] File 7, xtal 254 done.
[Rank 7] File 7, xtal 255 done.
Saving HDF5 output files to: /vscratch/grp-rutaoyao/Harsh/24_rots_again/sysmats
[Rank 6] File 6, xtal 0 done.
[Rank 6] File 6, xtal 1 done.
[Rank 6] File 6, xtal 2 done.
[Rank 6] File 6, xtal 3 done.
[Rank 6] File 6, xtal 4 done.
[Rank 6] File 6, xtal 5 done.
[Rank 6] File 6, xtal 6 done.
[Rank 6] File 6, xtal 7 done.
[Rank 6] File 6, xtal 8 done.
[Rank 6] File 6, xtal 9 done.
[Rank 6] File 6, xtal 10 done.
[Rank 6] File 6, xtal 11 done.
[Rank 6] File 6, xtal 12 done.
[Rank 6] File 6, xtal 13 done.
[Rank 6] File 6, xtal 14 done.
[Rank 6] File 6, xtal 15 done.
[Rank 6] File 6, xtal 16 done.
[Rank 6] File 6, xtal 17 done.
[Rank 6] File 6, xtal 18 done.
[Rank 6] File 6, xtal 19 done.
[Rank 6] File 6, xtal 20 done.
[Rank 6] File 6, xtal 21 done.
[Rank 6] File 6, xtal 22 done.
[Rank 6] File 6, xtal 23 done.
[Rank 6] File 6, xtal 24 done.
[Rank 6] File 6, xtal 25 done.
[Rank 6] File 6, xtal 26 done.
[Rank 6] File 6, xtal 27 done.
[Rank 6] File 6, xtal 28 done.
[Rank 6] File 6, xtal 29 done.
[Rank 6] File 6, xtal 30 done.
[Rank 6] File 6, xtal 31 done.
[Rank 6] File 6, xtal 32 done.
[Rank 6] File 6, xtal 33 done.
[Rank 6] File 6, xtal 34 done.
[Rank 6] File 6, xtal 35 done.
[Rank 6] File 6, xtal 36 done.
[Rank 6] File 6, xtal 37 done.
[Rank 6] File 6, xtal 38 done.
[Rank 6] File 6, xtal 39 done.
[Rank 6] File 6, xtal 40 done.
[Rank 6] File 6, xtal 41 done.
[Rank 6] File 6, xtal 42 done.
[Rank 6] File 6, xtal 43 done.
[Rank 6] File 6, xtal 44 done.
[Rank 6] File 6, xtal 45 done.
[Rank 6] File 6, xtal 46 done.
[Rank 6] File 6, xtal 47 done.
[Rank 6] File 6, xtal 48 done.
[Rank 6] File 6, xtal 49 done.
[Rank 6] File 6, xtal 50 done.
[Rank 6] File 6, xtal 51 done.
[Rank 6] File 6, xtal 52 done.
[Rank 6] File 6, xtal 53 done.
[Rank 6] File 6, xtal 54 done.
[Rank 6] File 6, xtal 55 done.
[Rank 6] File 6, xtal 56 done.
[Rank 6] File 6, xtal 57 done.
[Rank 6] File 6, xtal 58 done.
[Rank 6] File 6, xtal 59 done.
[Rank 6] File 6, xtal 60 done.
[Rank 6] File 6, xtal 61 done.
[Rank 6] File 6, xtal 62 done.
[Rank 6] File 6, xtal 63 done.
[Rank 6] File 6, xtal 64 done.
[Rank 6] File 6, xtal 65 done.
[Rank 6] File 6, xtal 66 done.
[Rank 6] File 6, xtal 67 done.
[Rank 6] File 6, xtal 68 done.
[Rank 6] File 6, xtal 69 done.
[Rank 6] File 6, xtal 70 done.
[Rank 6] File 6, xtal 71 done.
[Rank 6] File 6, xtal 72 done.
[Rank 6] File 6, xtal 73 done.
[Rank 6] File 6, xtal 74 done.
[Rank 6] File 6, xtal 75 done.
[Rank 6] File 6, xtal 76 done.
[Rank 6] File 6, xtal 77 done.
[Rank 6] File 6, xtal 78 done.
[Rank 6] File 6, xtal 79 done.
[Rank 6] File 6, xtal 80 done.
[Rank 6] File 6, xtal 81 done.
[Rank 6] File 6, xtal 82 done.
[Rank 6] File 6, xtal 83 done.
[Rank 6] File 6, xtal 84 done.
[Rank 6] File 6, xtal 85 done.
[Rank 6] File 6, xtal 86 done.
[Rank 6] File 6, xtal 87 done.
[Rank 6] File 6, xtal 88 done.
[Rank 6] File 6, xtal 89 done.
[Rank 6] File 6, xtal 90 done.
[Rank 6] File 6, xtal 91 done.
[Rank 6] File 6, xtal 92 done.
[Rank 6] File 6, xtal 93 done.
[Rank 6] File 6, xtal 94 done.
[Rank 6] File 6, xtal 95 done.
[Rank 6] File 6, xtal 96 done.
[Rank 6] File 6, xtal 97 done.
[Rank 6] File 6, xtal 98 done.
[Rank 6] File 6, xtal 99 done.
[Rank 6] File 6, xtal 100 done.
[Rank 6] File 6, xtal 101 done.
[Rank 6] File 6, xtal 102 done.
[Rank 6] File 6, xtal 103 done.
[Rank 6] File 6, xtal 104 done.
[Rank 6] File 6, xtal 105 done.
[Rank 6] File 6, xtal 106 done.
[Rank 6] File 6, xtal 107 done.
[Rank 6] File 6, xtal 108 done.
[Rank 6] File 6, xtal 109 done.
[Rank 6] File 6, xtal 110 done.
[Rank 6] File 6, xtal 111 done.
[Rank 6] File 6, xtal 112 done.
[Rank 6] File 6, xtal 113 done.
[Rank 6] File 6, xtal 114 done.
[Rank 6] File 6, xtal 115 done.
[Rank 6] File 6, xtal 116 done.
[Rank 6] File 6, xtal 117 done.
[Rank 6] File 6, xtal 118 done.
[Rank 6] File 6, xtal 119 done.
[Rank 6] File 6, xtal 120 done.
[Rank 6] File 6, xtal 121 done.
[Rank 6] File 6, xtal 122 done.
[Rank 6] File 6, xtal 123 done.
[Rank 6] File 6, xtal 124 done.
[Rank 6] File 6, xtal 125 done.
[Rank 6] File 6, xtal 126 done.
[Rank 6] File 6, xtal 127 done.
[Rank 6] File 6, xtal 128 done.
[Rank 6] File 6, xtal 129 done.
[Rank 6] File 6, xtal 130 done.
[Rank 6] File 6, xtal 131 done.
[Rank 6] File 6, xtal 132 done.
[Rank 6] File 6, xtal 133 done.
[Rank 6] File 6, xtal 134 done.
[Rank 6] File 6, xtal 135 done.
[Rank 6] File 6, xtal 136 done.
[Rank 6] File 6, xtal 137 done.
[Rank 6] File 6, xtal 138 done.
[Rank 6] File 6, xtal 139 done.
[Rank 6] File 6, xtal 140 done.
[Rank 6] File 6, xtal 141 done.
[Rank 6] File 6, xtal 142 done.
[Rank 6] File 6, xtal 143 done.
[Rank 6] File 6, xtal 144 done.
[Rank 6] File 6, xtal 145 done.
[Rank 6] File 6, xtal 146 done.
[Rank 6] File 6, xtal 147 done.
[Rank 6] File 6, xtal 148 done.
[Rank 6] File 6, xtal 149 done.
[Rank 6] File 6, xtal 150 done.
[Rank 6] File 6, xtal 151 done.
[Rank 6] File 6, xtal 152 done.
[Rank 6] File 6, xtal 153 done.
[Rank 6] File 6, xtal 154 done.
[Rank 6] File 6, xtal 155 done.
[Rank 6] File 6, xtal 156 done.
[Rank 6] File 6, xtal 157 done.
[Rank 6] File 6, xtal 158 done.
[Rank 6] File 6, xtal 159 done.
[Rank 6] File 6, xtal 160 done.
[Rank 6] File 6, xtal 161 done.
[Rank 6] File 6, xtal 162 done.
[Rank 6] File 6, xtal 163 done.
[Rank 6] File 6, xtal 164 done.
[Rank 6] File 6, xtal 165 done.
[Rank 6] File 6, xtal 166 done.
[Rank 6] File 6, xtal 167 done.
[Rank 6] File 6, xtal 168 done.
[Rank 6] File 6, xtal 169 done.
[Rank 6] File 6, xtal 170 done.
[Rank 6] File 6, xtal 171 done.
[Rank 6] File 6, xtal 172 done.
[Rank 6] File 6, xtal 173 done.
[Rank 6] File 6, xtal 174 done.
[Rank 6] File 6, xtal 175 done.
[Rank 6] File 6, xtal 176 done.
[Rank 6] File 6, xtal 177 done.
[Rank 6] File 6, xtal 178 done.
[Rank 6] File 6, xtal 179 done.
[Rank 6] File 6, xtal 180 done.
[Rank 6] File 6, xtal 181 done.
[Rank 6] File 6, xtal 182 done.
[Rank 6] File 6, xtal 183 done.
[Rank 6] File 6, xtal 184 done.
[Rank 6] File 6, xtal 185 done.
[Rank 6] File 6, xtal 186 done.
[Rank 6] File 6, xtal 187 done.
[Rank 6] File 6, xtal 188 done.
[Rank 6] File 6, xtal 189 done.
[Rank 6] File 6, xtal 190 done.
[Rank 6] File 6, xtal 191 done.
[Rank 6] File 6, xtal 192 done.
[Rank 6] File 6, xtal 193 done.
[Rank 6] File 6, xtal 194 done.
[Rank 6] File 6, xtal 195 done.
[Rank 6] File 6, xtal 196 done.
[Rank 6] File 6, xtal 197 done.
[Rank 6] File 6, xtal 198 done.
[Rank 6] File 6, xtal 199 done.
[Rank 6] File 6, xtal 200 done.
[Rank 6] File 6, xtal 201 done.
[Rank 6] File 6, xtal 202 done.
[Rank 6] File 6, xtal 203 done.
[Rank 6] File 6, xtal 204 done.
[Rank 6] File 6, xtal 205 done.
[Rank 6] File 6, xtal 206 done.
[Rank 6] File 6, xtal 207 done.
[Rank 6] File 6, xtal 208 done.
[Rank 6] File 6, xtal 209 done.
[Rank 6] File 6, xtal 210 done.
[Rank 6] File 6, xtal 211 done.
[Rank 6] File 6, xtal 212 done.
[Rank 6] File 6, xtal 213 done.
[Rank 6] File 6, xtal 214 done.
[Rank 6] File 6, xtal 215 done.
[Rank 6] File 6, xtal 216 done.
[Rank 6] File 6, xtal 217 done.
[Rank 6] File 6, xtal 218 done.
[Rank 6] File 6, xtal 219 done.
[Rank 6] File 6, xtal 220 done.
[Rank 6] File 6, xtal 221 done.
[Rank 6] File 6, xtal 222 done.
[Rank 6] File 6, xtal 223 done.
[Rank 6] File 6, xtal 224 done.
[Rank 6] File 6, xtal 225 done.
[Rank 6] File 6, xtal 226 done.
[Rank 6] File 6, xtal 227 done.
[Rank 6] File 6, xtal 228 done.
[Rank 6] File 6, xtal 229 done.
[Rank 6] File 6, xtal 230 done.
[Rank 6] File 6, xtal 231 done.
[Rank 6] File 6, xtal 232 done.
[Rank 6] File 6, xtal 233 done.
[Rank 6] File 6, xtal 234 done.
[Rank 6] File 6, xtal 235 done.
[Rank 6] File 6, xtal 236 done.
[Rank 6] File 6, xtal 237 done.
[Rank 6] File 6, xtal 238 done.
[Rank 6] File 6, xtal 239 done.
[Rank 6] File 6, xtal 240 done.
[Rank 6] File 6, xtal 241 done.
[Rank 6] File 6, xtal 242 done.
[Rank 6] File 6, xtal 243 done.
[Rank 6] File 6, xtal 244 done.
[Rank 6] File 6, xtal 245 done.
[Rank 6] File 6, xtal 246 done.
[Rank 6] File 6, xtal 247 done.
[Rank 6] File 6, xtal 248 done.
[Rank 6] File 6, xtal 249 done.
[Rank 6] File 6, xtal 250 done.
[Rank 6] File 6, xtal 251 done.
[Rank 6] File 6, xtal 252 done.
[Rank 6] File 6, xtal 253 done.
[Rank 6] File 6, xtal 254 done.
[Rank 6] File 6, xtal 255 done.
Saving HDF5 output files to: /vscratch/grp-rutaoyao/Harsh/24_rots_again/sysmats
[Rank 3] File 3, xtal 0 done.
[Rank 3] File 3, xtal 1 done.
[Rank 3] File 3, xtal 2 done.
[Rank 3] File 3, xtal 3 done.
[Rank 3] File 3, xtal 4 done.
[Rank 3] File 3, xtal 5 done.
[Rank 3] File 3, xtal 6 done.
[Rank 3] File 3, xtal 7 done.
[Rank 3] File 3, xtal 8 done.
[Rank 3] File 3, xtal 9 done.
[Rank 3] File 3, xtal 10 done.
[Rank 3] File 3, xtal 11 done.
[Rank 3] File 3, xtal 12 done.
[Rank 3] File 3, xtal 13 done.
[Rank 3] File 3, xtal 14 done.
[Rank 3] File 3, xtal 15 done.
[Rank 3] File 3, xtal 16 done.
[Rank 3] File 3, xtal 17 done.
[Rank 3] File 3, xtal 18 done.
[Rank 3] File 3, xtal 19 done.
[Rank 3] File 3, xtal 20 done.
[Rank 3] File 3, xtal 21 done.
[Rank 3] File 3, xtal 22 done.
[Rank 3] File 3, xtal 23 done.
[Rank 3] File 3, xtal 24 done.
[Rank 3] File 3, xtal 25 done.
[Rank 3] File 3, xtal 26 done.
[Rank 3] File 3, xtal 27 done.
[Rank 3] File 3, xtal 28 done.
[Rank 3] File 3, xtal 29 done.
[Rank 3] File 3, xtal 30 done.
[Rank 3] File 3, xtal 31 done.
[Rank 3] File 3, xtal 32 done.
[Rank 3] File 3, xtal 33 done.
[Rank 3] File 3, xtal 34 done.
[Rank 3] File 3, xtal 35 done.
[Rank 3] File 3, xtal 36 done.
[Rank 3] File 3, xtal 37 done.
[Rank 3] File 3, xtal 38 done.
[Rank 3] File 3, xtal 39 done.
[Rank 3] File 3, xtal 40 done.
[Rank 3] File 3, xtal 41 done.
[Rank 3] File 3, xtal 42 done.
[Rank 3] File 3, xtal 43 done.
[Rank 3] File 3, xtal 44 done.
[Rank 3] File 3, xtal 45 done.
[Rank 3] File 3, xtal 46 done.
[Rank 3] File 3, xtal 47 done.
[Rank 3] File 3, xtal 48 done.
[Rank 3] File 3, xtal 49 done.
[Rank 3] File 3, xtal 50 done.
[Rank 3] File 3, xtal 51 done.
[Rank 3] File 3, xtal 52 done.
[Rank 3] File 3, xtal 53 done.
[Rank 3] File 3, xtal 54 done.
[Rank 3] File 3, xtal 55 done.
[Rank 3] File 3, xtal 56 done.
[Rank 3] File 3, xtal 57 done.
[Rank 3] File 3, xtal 58 done.
[Rank 3] File 3, xtal 59 done.
[Rank 3] File 3, xtal 60 done.
[Rank 3] File 3, xtal 61 done.
[Rank 3] File 3, xtal 62 done.
[Rank 3] File 3, xtal 63 done.
[Rank 3] File 3, xtal 64 done.
[Rank 3] File 3, xtal 65 done.
[Rank 3] File 3, xtal 66 done.
[Rank 3] File 3, xtal 67 done.
[Rank 3] File 3, xtal 68 done.
[Rank 3] File 3, xtal 69 done.
[Rank 3] File 3, xtal 70 done.
[Rank 3] File 3, xtal 71 done.
[Rank 3] File 3, xtal 72 done.
[Rank 3] File 3, xtal 73 done.
[Rank 3] File 3, xtal 74 done.
[Rank 3] File 3, xtal 75 done.
[Rank 3] File 3, xtal 76 done.
[Rank 3] File 3, xtal 77 done.
[Rank 3] File 3, xtal 78 done.
[Rank 3] File 3, xtal 79 done.
[Rank 3] File 3, xtal 80 done.
[Rank 3] File 3, xtal 81 done.
[Rank 3] File 3, xtal 82 done.
[Rank 3] File 3, xtal 83 done.
[Rank 3] File 3, xtal 84 done.
[Rank 3] File 3, xtal 85 done.
[Rank 3] File 3, xtal 86 done.
[Rank 3] File 3, xtal 87 done.
[Rank 3] File 3, xtal 88 done.
[Rank 3] File 3, xtal 89 done.
[Rank 3] File 3, xtal 90 done.
[Rank 3] File 3, xtal 91 done.
[Rank 3] File 3, xtal 92 done.
[Rank 3] File 3, xtal 93 done.
[Rank 3] File 3, xtal 94 done.
[Rank 3] File 3, xtal 95 done.
[Rank 3] File 3, xtal 96 done.
[Rank 3] File 3, xtal 97 done.
[Rank 3] File 3, xtal 98 done.
[Rank 3] File 3, xtal 99 done.
[Rank 3] File 3, xtal 100 done.
[Rank 3] File 3, xtal 101 done.
[Rank 3] File 3, xtal 102 done.
[Rank 3] File 3, xtal 103 done.
[Rank 3] File 3, xtal 104 done.
[Rank 3] File 3, xtal 105 done.
[Rank 3] File 3, xtal 106 done.
[Rank 3] File 3, xtal 107 done.
[Rank 3] File 3, xtal 108 done.
[Rank 3] File 3, xtal 109 done.
[Rank 3] File 3, xtal 110 done.
[Rank 3] File 3, xtal 111 done.
[Rank 3] File 3, xtal 112 done.
[Rank 3] File 3, xtal 113 done.
[Rank 3] File 3, xtal 114 done.
[Rank 3] File 3, xtal 115 done.
[Rank 3] File 3, xtal 116 done.
[Rank 3] File 3, xtal 117 done.
[Rank 3] File 3, xtal 118 done.
[Rank 3] File 3, xtal 119 done.
[Rank 3] File 3, xtal 120 done.
[Rank 3] File 3, xtal 121 done.
[Rank 3] File 3, xtal 122 done.
[Rank 3] File 3, xtal 123 done.
[Rank 3] File 3, xtal 124 done.
[Rank 3] File 3, xtal 125 done.
[Rank 3] File 3, xtal 126 done.
[Rank 3] File 3, xtal 127 done.
[Rank 3] File 3, xtal 128 done.
[Rank 3] File 3, xtal 129 done.
[Rank 3] File 3, xtal 130 done.
[Rank 3] File 3, xtal 131 done.
[Rank 3] File 3, xtal 132 done.
[Rank 3] File 3, xtal 133 done.
[Rank 3] File 3, xtal 134 done.
[Rank 3] File 3, xtal 135 done.
[Rank 3] File 3, xtal 136 done.
[Rank 3] File 3, xtal 137 done.
[Rank 3] File 3, xtal 138 done.
[Rank 3] File 3, xtal 139 done.
[Rank 3] File 3, xtal 140 done.
[Rank 3] File 3, xtal 141 done.
[Rank 3] File 3, xtal 142 done.
[Rank 3] File 3, xtal 143 done.
[Rank 3] File 3, xtal 144 done.
[Rank 3] File 3, xtal 145 done.
[Rank 3] File 3, xtal 146 done.
[Rank 3] File 3, xtal 147 done.
[Rank 3] File 3, xtal 148 done.
[Rank 3] File 3, xtal 149 done.
[Rank 3] File 3, xtal 150 done.
[Rank 3] File 3, xtal 151 done.
[Rank 3] File 3, xtal 152 done.
[Rank 3] File 3, xtal 153 done.
[Rank 3] File 3, xtal 154 done.
[Rank 3] File 3, xtal 155 done.
[Rank 3] File 3, xtal 156 done.
[Rank 3] File 3, xtal 157 done.
[Rank 3] File 3, xtal 158 done.
[Rank 3] File 3, xtal 159 done.
[Rank 3] File 3, xtal 160 done.
[Rank 3] File 3, xtal 161 done.
[Rank 3] File 3, xtal 162 done.
[Rank 3] File 3, xtal 163 done.
[Rank 3] File 3, xtal 164 done.
[Rank 3] File 3, xtal 165 done.
[Rank 3] File 3, xtal 166 done.
[Rank 3] File 3, xtal 167 done.
[Rank 3] File 3, xtal 168 done.
[Rank 3] File 3, xtal 169 done.
[Rank 3] File 3, xtal 170 done.
[Rank 3] File 3, xtal 171 done.
[Rank 3] File 3, xtal 172 done.
[Rank 3] File 3, xtal 173 done.
[Rank 3] File 3, xtal 174 done.
[Rank 3] File 3, xtal 175 done.
[Rank 3] File 3, xtal 176 done.
[Rank 3] File 3, xtal 177 done.
[Rank 3] File 3, xtal 178 done.
[Rank 3] File 3, xtal 179 done.
[Rank 3] File 3, xtal 180 done.
[Rank 3] File 3, xtal 181 done.
[Rank 3] File 3, xtal 182 done.
[Rank 3] File 3, xtal 183 done.
[Rank 3] File 3, xtal 184 done.
[Rank 3] File 3, xtal 185 done.
[Rank 3] File 3, xtal 186 done.
[Rank 3] File 3, xtal 187 done.
[Rank 3] File 3, xtal 188 done.
[Rank 3] File 3, xtal 189 done.
[Rank 3] File 3, xtal 190 done.
[Rank 3] File 3, xtal 191 done.
[Rank 3] File 3, xtal 192 done.
[Rank 3] File 3, xtal 193 done.
[Rank 3] File 3, xtal 194 done.
[Rank 3] File 3, xtal 195 done.
[Rank 3] File 3, xtal 196 done.
[Rank 3] File 3, xtal 197 done.
[Rank 3] File 3, xtal 198 done.
[Rank 3] File 3, xtal 199 done.
[Rank 3] File 3, xtal 200 done.
[Rank 3] File 3, xtal 201 done.
[Rank 3] File 3, xtal 202 done.
[Rank 3] File 3, xtal 203 done.
[Rank 3] File 3, xtal 204 done.
[Rank 3] File 3, xtal 205 done.
[Rank 3] File 3, xtal 206 done.
[Rank 3] File 3, xtal 207 done.
[Rank 3] File 3, xtal 208 done.
[Rank 3] File 3, xtal 209 done.
[Rank 3] File 3, xtal 210 done.
[Rank 3] File 3, xtal 211 done.
[Rank 3] File 3, xtal 212 done.
[Rank 3] File 3, xtal 213 done.
[Rank 3] File 3, xtal 214 done.
[Rank 3] File 3, xtal 215 done.
[Rank 3] File 3, xtal 216 done.
[Rank 3] File 3, xtal 217 done.
[Rank 3] File 3, xtal 218 done.
[Rank 3] File 3, xtal 219 done.
[Rank 3] File 3, xtal 220 done.
[Rank 3] File 3, xtal 221 done.
[Rank 3] File 3, xtal 222 done.
[Rank 3] File 3, xtal 223 done.
[Rank 3] File 3, xtal 224 done.
[Rank 3] File 3, xtal 225 done.
[Rank 3] File 3, xtal 226 done.
[Rank 3] File 3, xtal 227 done.
[Rank 3] File 3, xtal 228 done.
[Rank 3] File 3, xtal 229 done.
[Rank 3] File 3, xtal 230 done.
[Rank 3] File 3, xtal 231 done.
[Rank 3] File 3, xtal 232 done.
[Rank 3] File 3, xtal 233 done.
[Rank 3] File 3, xtal 234 done.
[Rank 3] File 3, xtal 235 done.
[Rank 3] File 3, xtal 236 done.
[Rank 3] File 3, xtal 237 done.
[Rank 3] File 3, xtal 238 done.
[Rank 3] File 3, xtal 239 done.
[Rank 3] File 3, xtal 240 done.
[Rank 3] File 3, xtal 241 done.
[Rank 3] File 3, xtal 242 done.
[Rank 3] File 3, xtal 243 done.
[Rank 3] File 3, xtal 244 done.
[Rank 3] File 3, xtal 245 done.
[Rank 3] File 3, xtal 246 done.
[Rank 3] File 3, xtal 247 done.
[Rank 3] File 3, xtal 248 done.
[Rank 3] File 3, xtal 249 done.
[Rank 3] File 3, xtal 250 done.
[Rank 3] File 3, xtal 251 done.
[Rank 3] File 3, xtal 252 done.
[Rank 3] File 3, xtal 253 done.
[Rank 3] File 3, xtal 254 done.
[Rank 3] File 3, xtal 255 done.
Saving HDF5 output files to: /vscratch/grp-rutaoyao/Harsh/24_rots_again/sysmats
[Rank 5] File 5, xtal 0 done.
[Rank 5] File 5, xtal 1 done.
[Rank 5] File 5, xtal 2 done.
[Rank 5] File 5, xtal 3 done.
[Rank 5] File 5, xtal 4 done.
[Rank 5] File 5, xtal 5 done.
[Rank 5] File 5, xtal 6 done.
[Rank 5] File 5, xtal 7 done.
[Rank 5] File 5, xtal 8 done.
[Rank 5] File 5, xtal 9 done.
[Rank 5] File 5, xtal 10 done.
[Rank 5] File 5, xtal 11 done.
[Rank 5] File 5, xtal 12 done.
[Rank 5] File 5, xtal 13 done.
[Rank 5] File 5, xtal 14 done.
[Rank 5] File 5, xtal 15 done.
[Rank 5] File 5, xtal 16 done.
[Rank 5] File 5, xtal 17 done.
[Rank 5] File 5, xtal 18 done.
[Rank 5] File 5, xtal 19 done.
[Rank 5] File 5, xtal 20 done.
[Rank 5] File 5, xtal 21 done.
[Rank 5] File 5, xtal 22 done.
[Rank 5] File 5, xtal 23 done.
[Rank 5] File 5, xtal 24 done.
[Rank 5] File 5, xtal 25 done.
[Rank 5] File 5, xtal 26 done.
[Rank 5] File 5, xtal 27 done.
[Rank 5] File 5, xtal 28 done.
[Rank 5] File 5, xtal 29 done.
[Rank 5] File 5, xtal 30 done.
[Rank 5] File 5, xtal 31 done.
[Rank 5] File 5, xtal 32 done.
[Rank 5] File 5, xtal 33 done.
[Rank 5] File 5, xtal 34 done.
[Rank 5] File 5, xtal 35 done.
[Rank 5] File 5, xtal 36 done.
[Rank 5] File 5, xtal 37 done.
[Rank 5] File 5, xtal 38 done.
[Rank 5] File 5, xtal 39 done.
[Rank 5] File 5, xtal 40 done.
[Rank 5] File 5, xtal 41 done.
[Rank 5] File 5, xtal 42 done.
[Rank 5] File 5, xtal 43 done.
[Rank 5] File 5, xtal 44 done.
[Rank 5] File 5, xtal 45 done.
[Rank 5] File 5, xtal 46 done.
[Rank 5] File 5, xtal 47 done.
[Rank 5] File 5, xtal 48 done.
[Rank 5] File 5, xtal 49 done.
[Rank 5] File 5, xtal 50 done.
[Rank 5] File 5, xtal 51 done.
[Rank 5] File 5, xtal 52 done.
[Rank 5] File 5, xtal 53 done.
[Rank 5] File 5, xtal 54 done.
[Rank 5] File 5, xtal 55 done.
[Rank 5] File 5, xtal 56 done.
[Rank 5] File 5, xtal 57 done.
[Rank 5] File 5, xtal 58 done.
[Rank 5] File 5, xtal 59 done.
[Rank 5] File 5, xtal 60 done.
[Rank 5] File 5, xtal 61 done.
[Rank 5] File 5, xtal 62 done.
[Rank 5] File 5, xtal 63 done.
[Rank 5] File 5, xtal 64 done.
[Rank 5] File 5, xtal 65 done.
[Rank 5] File 5, xtal 66 done.
[Rank 5] File 5, xtal 67 done.
[Rank 5] File 5, xtal 68 done.
[Rank 5] File 5, xtal 69 done.
[Rank 5] File 5, xtal 70 done.
[Rank 5] File 5, xtal 71 done.
[Rank 5] File 5, xtal 72 done.
[Rank 5] File 5, xtal 73 done.
[Rank 5] File 5, xtal 74 done.
[Rank 5] File 5, xtal 75 done.
[Rank 5] File 5, xtal 76 done.
[Rank 5] File 5, xtal 77 done.
[Rank 5] File 5, xtal 78 done.
[Rank 5] File 5, xtal 79 done.
[Rank 5] File 5, xtal 80 done.
[Rank 5] File 5, xtal 81 done.
[Rank 5] File 5, xtal 82 done.
[Rank 5] File 5, xtal 83 done.
[Rank 5] File 5, xtal 84 done.
[Rank 5] File 5, xtal 85 done.
[Rank 5] File 5, xtal 86 done.
[Rank 5] File 5, xtal 87 done.
[Rank 5] File 5, xtal 88 done.
[Rank 5] File 5, xtal 89 done.
[Rank 5] File 5, xtal 90 done.
[Rank 5] File 5, xtal 91 done.
[Rank 5] File 5, xtal 92 done.
[Rank 5] File 5, xtal 93 done.
[Rank 5] File 5, xtal 94 done.
[Rank 5] File 5, xtal 95 done.
[Rank 5] File 5, xtal 96 done.
[Rank 5] File 5, xtal 97 done.
[Rank 5] File 5, xtal 98 done.
[Rank 5] File 5, xtal 99 done.
[Rank 5] File 5, xtal 100 done.
[Rank 5] File 5, xtal 101 done.
[Rank 5] File 5, xtal 102 done.
[Rank 5] File 5, xtal 103 done.
[Rank 5] File 5, xtal 104 done.
[Rank 5] File 5, xtal 105 done.
[Rank 5] File 5, xtal 106 done.
[Rank 5] File 5, xtal 107 done.
[Rank 5] File 5, xtal 108 done.
[Rank 5] File 5, xtal 109 done.
[Rank 5] File 5, xtal 110 done.
[Rank 5] File 5, xtal 111 done.
[Rank 5] File 5, xtal 112 done.
[Rank 5] File 5, xtal 113 done.
[Rank 5] File 5, xtal 114 done.
[Rank 5] File 5, xtal 115 done.
[Rank 5] File 5, xtal 116 done.
[Rank 5] File 5, xtal 117 done.
[Rank 5] File 5, xtal 118 done.
[Rank 5] File 5, xtal 119 done.
[Rank 5] File 5, xtal 120 done.
[Rank 5] File 5, xtal 121 done.
[Rank 5] File 5, xtal 122 done.
[Rank 5] File 5, xtal 123 done.
[Rank 5] File 5, xtal 124 done.
[Rank 5] File 5, xtal 125 done.
[Rank 5] File 5, xtal 126 done.
[Rank 5] File 5, xtal 127 done.
[Rank 5] File 5, xtal 128 done.
[Rank 5] File 5, xtal 129 done.
[Rank 5] File 5, xtal 130 done.
[Rank 5] File 5, xtal 131 done.
[Rank 5] File 5, xtal 132 done.
[Rank 5] File 5, xtal 133 done.
[Rank 5] File 5, xtal 134 done.
[Rank 5] File 5, xtal 135 done.
[Rank 5] File 5, xtal 136 done.
[Rank 5] File 5, xtal 137 done.
[Rank 5] File 5, xtal 138 done.
[Rank 5] File 5, xtal 139 done.
[Rank 5] File 5, xtal 140 done.
[Rank 5] File 5, xtal 141 done.
[Rank 5] File 5, xtal 142 done.
[Rank 5] File 5, xtal 143 done.
[Rank 5] File 5, xtal 144 done.
[Rank 5] File 5, xtal 145 done.
[Rank 5] File 5, xtal 146 done.
[Rank 5] File 5, xtal 147 done.
[Rank 5] File 5, xtal 148 done.
[Rank 5] File 5, xtal 149 done.
[Rank 5] File 5, xtal 150 done.
[Rank 5] File 5, xtal 151 done.
[Rank 5] File 5, xtal 152 done.
[Rank 5] File 5, xtal 153 done.
[Rank 5] File 5, xtal 154 done.
[Rank 5] File 5, xtal 155 done.
[Rank 5] File 5, xtal 156 done.
[Rank 5] File 5, xtal 157 done.
[Rank 5] File 5, xtal 158 done.
[Rank 5] File 5, xtal 159 done.
[Rank 5] File 5, xtal 160 done.
[Rank 5] File 5, xtal 161 done.
[Rank 5] File 5, xtal 162 done.
[Rank 5] File 5, xtal 163 done.
[Rank 5] File 5, xtal 164 done.
[Rank 5] File 5, xtal 165 done.
[Rank 5] File 5, xtal 166 done.
[Rank 5] File 5, xtal 167 done.
[Rank 5] File 5, xtal 168 done.
[Rank 5] File 5, xtal 169 done.
[Rank 5] File 5, xtal 170 done.
[Rank 5] File 5, xtal 171 done.
[Rank 5] File 5, xtal 172 done.
[Rank 5] File 5, xtal 173 done.
[Rank 5] File 5, xtal 174 done.
[Rank 5] File 5, xtal 175 done.
[Rank 5] File 5, xtal 176 done.
[Rank 5] File 5, xtal 177 done.
[Rank 5] File 5, xtal 178 done.
[Rank 5] File 5, xtal 179 done.
[Rank 5] File 5, xtal 180 done.
[Rank 5] File 5, xtal 181 done.
[Rank 5] File 5, xtal 182 done.
[Rank 5] File 5, xtal 183 done.
[Rank 5] File 5, xtal 184 done.
[Rank 5] File 5, xtal 185 done.
[Rank 5] File 5, xtal 186 done.
[Rank 5] File 5, xtal 187 done.
[Rank 5] File 5, xtal 188 done.
[Rank 5] File 5, xtal 189 done.
[Rank 5] File 5, xtal 190 done.
[Rank 5] File 5, xtal 191 done.
[Rank 5] File 5, xtal 192 done.
[Rank 5] File 5, xtal 193 done.
[Rank 5] File 5, xtal 194 done.
[Rank 5] File 5, xtal 195 done.
[Rank 5] File 5, xtal 196 done.
[Rank 5] File 5, xtal 197 done.
[Rank 5] File 5, xtal 198 done.
[Rank 5] File 5, xtal 199 done.
[Rank 5] File 5, xtal 200 done.
[Rank 5] File 5, xtal 201 done.
[Rank 5] File 5, xtal 202 done.
[Rank 5] File 5, xtal 203 done.
[Rank 5] File 5, xtal 204 done.
[Rank 5] File 5, xtal 205 done.
[Rank 5] File 5, xtal 206 done.
[Rank 5] File 5, xtal 207 done.
[Rank 5] File 5, xtal 208 done.
[Rank 5] File 5, xtal 209 done.
[Rank 5] File 5, xtal 210 done.
[Rank 5] File 5, xtal 211 done.
[Rank 5] File 5, xtal 212 done.
[Rank 5] File 5, xtal 213 done.
[Rank 5] File 5, xtal 214 done.
[Rank 5] File 5, xtal 215 done.
[Rank 5] File 5, xtal 216 done.
[Rank 5] File 5, xtal 217 done.
[Rank 5] File 5, xtal 218 done.
[Rank 5] File 5, xtal 219 done.
[Rank 5] File 5, xtal 220 done.
[Rank 5] File 5, xtal 221 done.
[Rank 5] File 5, xtal 222 done.
[Rank 5] File 5, xtal 223 done.
[Rank 5] File 5, xtal 224 done.
[Rank 5] File 5, xtal 225 done.
[Rank 5] File 5, xtal 226 done.
[Rank 5] File 5, xtal 227 done.
[Rank 5] File 5, xtal 228 done.
[Rank 5] File 5, xtal 229 done.
[Rank 5] File 5, xtal 230 done.
[Rank 5] File 5, xtal 231 done.
[Rank 5] File 5, xtal 232 done.
[Rank 5] File 5, xtal 233 done.
[Rank 5] File 5, xtal 234 done.
[Rank 5] File 5, xtal 235 done.
[Rank 5] File 5, xtal 236 done.
[Rank 5] File 5, xtal 237 done.
[Rank 5] File 5, xtal 238 done.
[Rank 5] File 5, xtal 239 done.
[Rank 5] File 5, xtal 240 done.
[Rank 5] File 5, xtal 241 done.
[Rank 5] File 5, xtal 242 done.
[Rank 5] File 5, xtal 243 done.
[Rank 5] File 5, xtal 244 done.
[Rank 5] File 5, xtal 245 done.
[Rank 5] File 5, xtal 246 done.
[Rank 5] File 5, xtal 247 done.
[Rank 5] File 5, xtal 248 done.
[Rank 5] File 5, xtal 249 done.
[Rank 5] File 5, xtal 250 done.
[Rank 5] File 5, xtal 251 done.
[Rank 5] File 5, xtal 252 done.
[Rank 5] File 5, xtal 253 done.
[Rank 5] File 5, xtal 254 done.
[Rank 5] File 5, xtal 255 done.
Saving HDF5 output files to: /vscratch/grp-rutaoyao/Harsh/24_rots_again/sysmats
[Rank 4] File 4, xtal 0 done.
[Rank 4] File 4, xtal 1 done.
[Rank 4] File 4, xtal 2 done.
[Rank 4] File 4, xtal 3 done.
[Rank 4] File 4, xtal 4 done.
[Rank 4] File 4, xtal 5 done.
[Rank 4] File 4, xtal 6 done.
[Rank 4] File 4, xtal 7 done.
[Rank 4] File 4, xtal 8 done.
[Rank 4] File 4, xtal 9 done.
[Rank 4] File 4, xtal 10 done.
[Rank 4] File 4, xtal 11 done.
[Rank 4] File 4, xtal 12 done.
[Rank 4] File 4, xtal 13 done.
[Rank 4] File 4, xtal 14 done.
[Rank 4] File 4, xtal 15 done.
[Rank 4] File 4, xtal 16 done.
[Rank 4] File 4, xtal 17 done.
[Rank 4] File 4, xtal 18 done.
[Rank 4] File 4, xtal 19 done.
[Rank 4] File 4, xtal 20 done.
[Rank 4] File 4, xtal 21 done.
[Rank 4] File 4, xtal 22 done.
[Rank 4] File 4, xtal 23 done.
[Rank 4] File 4, xtal 24 done.
[Rank 4] File 4, xtal 25 done.
[Rank 4] File 4, xtal 26 done.
[Rank 4] File 4, xtal 27 done.
[Rank 4] File 4, xtal 28 done.
[Rank 4] File 4, xtal 29 done.
[Rank 4] File 4, xtal 30 done.
[Rank 4] File 4, xtal 31 done.
[Rank 4] File 4, xtal 32 done.
[Rank 4] File 4, xtal 33 done.
[Rank 4] File 4, xtal 34 done.
[Rank 4] File 4, xtal 35 done.
[Rank 4] File 4, xtal 36 done.
[Rank 4] File 4, xtal 37 done.
[Rank 4] File 4, xtal 38 done.
[Rank 4] File 4, xtal 39 done.
[Rank 4] File 4, xtal 40 done.
[Rank 4] File 4, xtal 41 done.
[Rank 4] File 4, xtal 42 done.
[Rank 4] File 4, xtal 43 done.
[Rank 4] File 4, xtal 44 done.
[Rank 4] File 4, xtal 45 done.
[Rank 4] File 4, xtal 46 done.
[Rank 4] File 4, xtal 47 done.
[Rank 4] File 4, xtal 48 done.
[Rank 4] File 4, xtal 49 done.
[Rank 4] File 4, xtal 50 done.
[Rank 4] File 4, xtal 51 done.
[Rank 4] File 4, xtal 52 done.
[Rank 4] File 4, xtal 53 done.
[Rank 4] File 4, xtal 54 done.
[Rank 4] File 4, xtal 55 done.
[Rank 4] File 4, xtal 56 done.
[Rank 4] File 4, xtal 57 done.
[Rank 4] File 4, xtal 58 done.
[Rank 4] File 4, xtal 59 done.
[Rank 4] File 4, xtal 60 done.
[Rank 4] File 4, xtal 61 done.
[Rank 4] File 4, xtal 62 done.
[Rank 4] File 4, xtal 63 done.
[Rank 4] File 4, xtal 64 done.
[Rank 4] File 4, xtal 65 done.
[Rank 4] File 4, xtal 66 done.
[Rank 4] File 4, xtal 67 done.
[Rank 4] File 4, xtal 68 done.
[Rank 4] File 4, xtal 69 done.
[Rank 4] File 4, xtal 70 done.
[Rank 4] File 4, xtal 71 done.
[Rank 4] File 4, xtal 72 done.
[Rank 4] File 4, xtal 73 done.
[Rank 4] File 4, xtal 74 done.
[Rank 4] File 4, xtal 75 done.
[Rank 4] File 4, xtal 76 done.
[Rank 4] File 4, xtal 77 done.
[Rank 4] File 4, xtal 78 done.
[Rank 4] File 4, xtal 79 done.
[Rank 4] File 4, xtal 80 done.
[Rank 4] File 4, xtal 81 done.
[Rank 4] File 4, xtal 82 done.
[Rank 4] File 4, xtal 83 done.
[Rank 4] File 4, xtal 84 done.
[Rank 4] File 4, xtal 85 done.
[Rank 4] File 4, xtal 86 done.
[Rank 4] File 4, xtal 87 done.
[Rank 4] File 4, xtal 88 done.
[Rank 4] File 4, xtal 89 done.
[Rank 4] File 4, xtal 90 done.
[Rank 4] File 4, xtal 91 done.
[Rank 4] File 4, xtal 92 done.
[Rank 4] File 4, xtal 93 done.
[Rank 4] File 4, xtal 94 done.
[Rank 4] File 4, xtal 95 done.
[Rank 4] File 4, xtal 96 done.
[Rank 4] File 4, xtal 97 done.
[Rank 4] File 4, xtal 98 done.
[Rank 4] File 4, xtal 99 done.
[Rank 4] File 4, xtal 100 done.
[Rank 4] File 4, xtal 101 done.
[Rank 4] File 4, xtal 102 done.
[Rank 4] File 4, xtal 103 done.
[Rank 4] File 4, xtal 104 done.
[Rank 4] File 4, xtal 105 done.
[Rank 4] File 4, xtal 106 done.
[Rank 4] File 4, xtal 107 done.
[Rank 4] File 4, xtal 108 done.
[Rank 4] File 4, xtal 109 done.
[Rank 4] File 4, xtal 110 done.
[Rank 4] File 4, xtal 111 done.
[Rank 4] File 4, xtal 112 done.
[Rank 4] File 4, xtal 113 done.
[Rank 4] File 4, xtal 114 done.
[Rank 4] File 4, xtal 115 done.
[Rank 4] File 4, xtal 116 done.
[Rank 4] File 4, xtal 117 done.
[Rank 4] File 4, xtal 118 done.
[Rank 4] File 4, xtal 119 done.
[Rank 4] File 4, xtal 120 done.
[Rank 4] File 4, xtal 121 done.
[Rank 4] File 4, xtal 122 done.
[Rank 4] File 4, xtal 123 done.
[Rank 4] File 4, xtal 124 done.
[Rank 4] File 4, xtal 125 done.
[Rank 4] File 4, xtal 126 done.
[Rank 4] File 4, xtal 127 done.
[Rank 4] File 4, xtal 128 done.
[Rank 4] File 4, xtal 129 done.
[Rank 4] File 4, xtal 130 done.
[Rank 4] File 4, xtal 131 done.
[Rank 4] File 4, xtal 132 done.
[Rank 4] File 4, xtal 133 done.
[Rank 4] File 4, xtal 134 done.
[Rank 4] File 4, xtal 135 done.
[Rank 4] File 4, xtal 136 done.
[Rank 4] File 4, xtal 137 done.
[Rank 4] File 4, xtal 138 done.
[Rank 4] File 4, xtal 139 done.
[Rank 4] File 4, xtal 140 done.
[Rank 4] File 4, xtal 141 done.
[Rank 4] File 4, xtal 142 done.
[Rank 4] File 4, xtal 143 done.
[Rank 4] File 4, xtal 144 done.
[Rank 4] File 4, xtal 145 done.
[Rank 4] File 4, xtal 146 done.
[Rank 4] File 4, xtal 147 done.
[Rank 4] File 4, xtal 148 done.
[Rank 4] File 4, xtal 149 done.
[Rank 4] File 4, xtal 150 done.
[Rank 4] File 4, xtal 151 done.
[Rank 4] File 4, xtal 152 done.
[Rank 4] File 4, xtal 153 done.
[Rank 4] File 4, xtal 154 done.
[Rank 4] File 4, xtal 155 done.
[Rank 4] File 4, xtal 156 done.
[Rank 4] File 4, xtal 157 done.
[Rank 4] File 4, xtal 158 done.
[Rank 4] File 4, xtal 159 done.
[Rank 4] File 4, xtal 160 done.
[Rank 4] File 4, xtal 161 done.
[Rank 4] File 4, xtal 162 done.
[Rank 4] File 4, xtal 163 done.
[Rank 4] File 4, xtal 164 done.
[Rank 4] File 4, xtal 165 done.
[Rank 4] File 4, xtal 166 done.
[Rank 4] File 4, xtal 167 done.
[Rank 4] File 4, xtal 168 done.
[Rank 4] File 4, xtal 169 done.
[Rank 4] File 4, xtal 170 done.
[Rank 4] File 4, xtal 171 done.
[Rank 4] File 4, xtal 172 done.
[Rank 4] File 4, xtal 173 done.
[Rank 4] File 4, xtal 174 done.
[Rank 4] File 4, xtal 175 done.
[Rank 4] File 4, xtal 176 done.
[Rank 4] File 4, xtal 177 done.
[Rank 4] File 4, xtal 178 done.
[Rank 4] File 4, xtal 179 done.
[Rank 4] File 4, xtal 180 done.
[Rank 4] File 4, xtal 181 done.
[Rank 4] File 4, xtal 182 done.
[Rank 4] File 4, xtal 183 done.
[Rank 4] File 4, xtal 184 done.
[Rank 4] File 4, xtal 185 done.
[Rank 4] File 4, xtal 186 done.
[Rank 4] File 4, xtal 187 done.
[Rank 4] File 4, xtal 188 done.
[Rank 4] File 4, xtal 189 done.
[Rank 4] File 4, xtal 190 done.
[Rank 4] File 4, xtal 191 done.
[Rank 4] File 4, xtal 192 done.
[Rank 4] File 4, xtal 193 done.
[Rank 4] File 4, xtal 194 done.
[Rank 4] File 4, xtal 195 done.
[Rank 4] File 4, xtal 196 done.
[Rank 4] File 4, xtal 197 done.
[Rank 4] File 4, xtal 198 done.
[Rank 4] File 4, xtal 199 done.
[Rank 4] File 4, xtal 200 done.
[Rank 4] File 4, xtal 201 done.
[Rank 4] File 4, xtal 202 done.
[Rank 4] File 4, xtal 203 done.
[Rank 4] File 4, xtal 204 done.
[Rank 4] File 4, xtal 205 done.
[Rank 4] File 4, xtal 206 done.
[Rank 4] File 4, xtal 207 done.
[Rank 4] File 4, xtal 208 done.
[Rank 4] File 4, xtal 209 done.
[Rank 4] File 4, xtal 210 done.
[Rank 4] File 4, xtal 211 done.
[Rank 4] File 4, xtal 212 done.
[Rank 4] File 4, xtal 213 done.
[Rank 4] File 4, xtal 214 done.
[Rank 4] File 4, xtal 215 done.
[Rank 4] File 4, xtal 216 done.
[Rank 4] File 4, xtal 217 done.
[Rank 4] File 4, xtal 218 done.
[Rank 4] File 4, xtal 219 done.
[Rank 4] File 4, xtal 220 done.
[Rank 4] File 4, xtal 221 done.
[Rank 4] File 4, xtal 222 done.
[Rank 4] File 4, xtal 223 done.
[Rank 4] File 4, xtal 224 done.
[Rank 4] File 4, xtal 225 done.
[Rank 4] File 4, xtal 226 done.
[Rank 4] File 4, xtal 227 done.
[Rank 4] File 4, xtal 228 done.
[Rank 4] File 4, xtal 229 done.
[Rank 4] File 4, xtal 230 done.
[Rank 4] File 4, xtal 231 done.
[Rank 4] File 4, xtal 232 done.
[Rank 4] File 4, xtal 233 done.
[Rank 4] File 4, xtal 234 done.
[Rank 4] File 4, xtal 235 done.
[Rank 4] File 4, xtal 236 done.
[Rank 4] File 4, xtal 237 done.
[Rank 4] File 4, xtal 238 done.
[Rank 4] File 4, xtal 239 done.
[Rank 4] File 4, xtal 240 done.
[Rank 4] File 4, xtal 241 done.
[Rank 4] File 4, xtal 242 done.
[Rank 4] File 4, xtal 243 done.
[Rank 4] File 4, xtal 244 done.
[Rank 4] File 4, xtal 245 done.
[Rank 4] File 4, xtal 246 done.
[Rank 4] File 4, xtal 247 done.
[Rank 4] File 4, xtal 248 done.
[Rank 4] File 4, xtal 249 done.
[Rank 4] File 4, xtal 250 done.
[Rank 4] File 4, xtal 251 done.
[Rank 4] File 4, xtal 252 done.
[Rank 4] File 4, xtal 253 done.
[Rank 4] File 4, xtal 254 done.
[Rank 4] File 4, xtal 255 done.
Saving HDF5 output files to: /vscratch/grp-rutaoyao/Harsh/24_rots_again/sysmats
[Rank 21] File 21, xtal 0 done.
[Rank 21] File 21, xtal 1 done.
[Rank 21] File 21, xtal 2 done.
[Rank 21] File 21, xtal 3 done.
[Rank 21] File 21, xtal 4 done.
[Rank 21] File 21, xtal 5 done.
[Rank 21] File 21, xtal 6 done.
[Rank 21] File 21, xtal 7 done.
[Rank 21] File 21, xtal 8 done.
[Rank 21] File 21, xtal 9 done.
[Rank 21] File 21, xtal 10 done.
[Rank 21] File 21, xtal 11 done.
[Rank 21] File 21, xtal 12 done.
[Rank 21] File 21, xtal 13 done.
[Rank 21] File 21, xtal 14 done.
[Rank 21] File 21, xtal 15 done.
[Rank 21] File 21, xtal 16 done.
[Rank 21] File 21, xtal 17 done.
[Rank 21] File 21, xtal 18 done.
[Rank 21] File 21, xtal 19 done.
[Rank 21] File 21, xtal 20 done.
[Rank 21] File 21, xtal 21 done.
[Rank 21] File 21, xtal 22 done.
[Rank 21] File 21, xtal 23 done.
[Rank 21] File 21, xtal 24 done.
[Rank 21] File 21, xtal 25 done.
[Rank 21] File 21, xtal 26 done.
[Rank 21] File 21, xtal 27 done.
[Rank 21] File 21, xtal 28 done.
[Rank 21] File 21, xtal 29 done.
[Rank 21] File 21, xtal 30 done.
[Rank 21] File 21, xtal 31 done.
[Rank 21] File 21, xtal 32 done.
[Rank 21] File 21, xtal 33 done.
[Rank 21] File 21, xtal 34 done.
[Rank 21] File 21, xtal 35 done.
[Rank 21] File 21, xtal 36 done.
[Rank 21] File 21, xtal 37 done.
[Rank 21] File 21, xtal 38 done.
[Rank 21] File 21, xtal 39 done.
[Rank 21] File 21, xtal 40 done.
[Rank 21] File 21, xtal 41 done.
[Rank 21] File 21, xtal 42 done.
[Rank 21] File 21, xtal 43 done.
[Rank 21] File 21, xtal 44 done.
[Rank 21] File 21, xtal 45 done.
[Rank 21] File 21, xtal 46 done.
[Rank 21] File 21, xtal 47 done.
[Rank 21] File 21, xtal 48 done.
[Rank 21] File 21, xtal 49 done.
[Rank 21] File 21, xtal 50 done.
[Rank 21] File 21, xtal 51 done.
[Rank 21] File 21, xtal 52 done.
[Rank 21] File 21, xtal 53 done.
[Rank 21] File 21, xtal 54 done.
[Rank 21] File 21, xtal 55 done.
[Rank 21] File 21, xtal 56 done.
[Rank 21] File 21, xtal 57 done.
[Rank 21] File 21, xtal 58 done.
[Rank 21] File 21, xtal 59 done.
[Rank 21] File 21, xtal 60 done.
[Rank 21] File 21, xtal 61 done.
[Rank 21] File 21, xtal 62 done.
[Rank 21] File 21, xtal 63 done.
[Rank 21] File 21, xtal 64 done.
[Rank 21] File 21, xtal 65 done.
[Rank 21] File 21, xtal 66 done.
[Rank 21] File 21, xtal 67 done.
[Rank 21] File 21, xtal 68 done.
[Rank 21] File 21, xtal 69 done.
[Rank 21] File 21, xtal 70 done.
[Rank 21] File 21, xtal 71 done.
[Rank 21] File 21, xtal 72 done.
[Rank 21] File 21, xtal 73 done.
[Rank 21] File 21, xtal 74 done.
[Rank 21] File 21, xtal 75 done.
[Rank 21] File 21, xtal 76 done.
[Rank 21] File 21, xtal 77 done.
[Rank 21] File 21, xtal 78 done.
[Rank 21] File 21, xtal 79 done.
[Rank 21] File 21, xtal 80 done.
[Rank 21] File 21, xtal 81 done.
[Rank 21] File 21, xtal 82 done.
[Rank 21] File 21, xtal 83 done.
[Rank 21] File 21, xtal 84 done.
[Rank 21] File 21, xtal 85 done.
[Rank 21] File 21, xtal 86 done.
[Rank 21] File 21, xtal 87 done.
[Rank 21] File 21, xtal 88 done.
[Rank 21] File 21, xtal 89 done.
[Rank 21] File 21, xtal 90 done.
[Rank 21] File 21, xtal 91 done.
[Rank 21] File 21, xtal 92 done.
[Rank 21] File 21, xtal 93 done.
[Rank 21] File 21, xtal 94 done.
[Rank 21] File 21, xtal 95 done.
[Rank 21] File 21, xtal 96 done.
[Rank 21] File 21, xtal 97 done.
[Rank 21] File 21, xtal 98 done.
[Rank 21] File 21, xtal 99 done.
[Rank 21] File 21, xtal 100 done.
[Rank 21] File 21, xtal 101 done.
[Rank 21] File 21, xtal 102 done.
[Rank 21] File 21, xtal 103 done.
[Rank 21] File 21, xtal 104 done.
[Rank 21] File 21, xtal 105 done.
[Rank 21] File 21, xtal 106 done.
[Rank 21] File 21, xtal 107 done.
[Rank 21] File 21, xtal 108 done.
[Rank 21] File 21, xtal 109 done.
[Rank 21] File 21, xtal 110 done.
[Rank 21] File 21, xtal 111 done.
[Rank 21] File 21, xtal 112 done.
[Rank 21] File 21, xtal 113 done.
[Rank 21] File 21, xtal 114 done.
[Rank 21] File 21, xtal 115 done.
[Rank 21] File 21, xtal 116 done.
[Rank 21] File 21, xtal 117 done.
[Rank 21] File 21, xtal 118 done.
[Rank 21] File 21, xtal 119 done.
[Rank 21] File 21, xtal 120 done.
[Rank 21] File 21, xtal 121 done.
[Rank 21] File 21, xtal 122 done.
[Rank 21] File 21, xtal 123 done.
[Rank 21] File 21, xtal 124 done.
[Rank 21] File 21, xtal 125 done.
[Rank 21] File 21, xtal 126 done.
[Rank 21] File 21, xtal 127 done.
[Rank 21] File 21, xtal 128 done.
[Rank 21] File 21, xtal 129 done.
[Rank 21] File 21, xtal 130 done.
[Rank 21] File 21, xtal 131 done.
[Rank 21] File 21, xtal 132 done.
[Rank 21] File 21, xtal 133 done.
[Rank 21] File 21, xtal 134 done.
[Rank 21] File 21, xtal 135 done.
[Rank 21] File 21, xtal 136 done.
[Rank 21] File 21, xtal 137 done.
[Rank 21] File 21, xtal 138 done.
[Rank 21] File 21, xtal 139 done.
[Rank 21] File 21, xtal 140 done.
[Rank 21] File 21, xtal 141 done.
[Rank 21] File 21, xtal 142 done.
[Rank 21] File 21, xtal 143 done.
[Rank 21] File 21, xtal 144 done.
[Rank 21] File 21, xtal 145 done.
[Rank 21] File 21, xtal 146 done.
[Rank 21] File 21, xtal 147 done.
[Rank 21] File 21, xtal 148 done.
[Rank 21] File 21, xtal 149 done.
[Rank 21] File 21, xtal 150 done.
[Rank 21] File 21, xtal 151 done.
[Rank 21] File 21, xtal 152 done.
[Rank 21] File 21, xtal 153 done.
[Rank 21] File 21, xtal 154 done.
[Rank 21] File 21, xtal 155 done.
[Rank 21] File 21, xtal 156 done.
[Rank 21] File 21, xtal 157 done.
[Rank 21] File 21, xtal 158 done.
[Rank 21] File 21, xtal 159 done.
[Rank 21] File 21, xtal 160 done.
[Rank 21] File 21, xtal 161 done.
[Rank 21] File 21, xtal 162 done.
[Rank 21] File 21, xtal 163 done.
[Rank 21] File 21, xtal 164 done.
[Rank 21] File 21, xtal 165 done.
[Rank 21] File 21, xtal 166 done.
[Rank 21] File 21, xtal 167 done.
[Rank 21] File 21, xtal 168 done.
[Rank 21] File 21, xtal 169 done.
[Rank 21] File 21, xtal 170 done.
[Rank 21] File 21, xtal 171 done.
[Rank 21] File 21, xtal 172 done.
[Rank 21] File 21, xtal 173 done.
[Rank 21] File 21, xtal 174 done.
[Rank 21] File 21, xtal 175 done.
[Rank 21] File 21, xtal 176 done.
[Rank 21] File 21, xtal 177 done.
[Rank 21] File 21, xtal 178 done.
[Rank 21] File 21, xtal 179 done.
[Rank 21] File 21, xtal 180 done.
[Rank 21] File 21, xtal 181 done.
[Rank 21] File 21, xtal 182 done.
[Rank 21] File 21, xtal 183 done.
[Rank 21] File 21, xtal 184 done.
[Rank 21] File 21, xtal 185 done.
[Rank 21] File 21, xtal 186 done.
[Rank 21] File 21, xtal 187 done.
[Rank 21] File 21, xtal 188 done.
[Rank 21] File 21, xtal 189 done.
[Rank 21] File 21, xtal 190 done.
[Rank 21] File 21, xtal 191 done.
[Rank 21] File 21, xtal 192 done.
[Rank 21] File 21, xtal 193 done.
[Rank 21] File 21, xtal 194 done.
[Rank 21] File 21, xtal 195 done.
[Rank 21] File 21, xtal 196 done.
[Rank 21] File 21, xtal 197 done.
[Rank 21] File 21, xtal 198 done.
[Rank 21] File 21, xtal 199 done.
[Rank 21] File 21, xtal 200 done.
[Rank 21] File 21, xtal 201 done.
[Rank 21] File 21, xtal 202 done.
[Rank 21] File 21, xtal 203 done.
[Rank 21] File 21, xtal 204 done.
[Rank 21] File 21, xtal 205 done.
[Rank 21] File 21, xtal 206 done.
[Rank 21] File 21, xtal 207 done.
[Rank 21] File 21, xtal 208 done.
[Rank 21] File 21, xtal 209 done.
[Rank 21] File 21, xtal 210 done.
[Rank 21] File 21, xtal 211 done.
[Rank 21] File 21, xtal 212 done.
[Rank 21] File 21, xtal 213 done.
[Rank 21] File 21, xtal 214 done.
[Rank 21] File 21, xtal 215 done.
[Rank 21] File 21, xtal 216 done.
[Rank 21] File 21, xtal 217 done.
[Rank 21] File 21, xtal 218 done.
[Rank 21] File 21, xtal 219 done.
[Rank 21] File 21, xtal 220 done.
[Rank 21] File 21, xtal 221 done.
[Rank 21] File 21, xtal 222 done.
[Rank 21] File 21, xtal 223 done.
[Rank 21] File 21, xtal 224 done.
[Rank 21] File 21, xtal 225 done.
[Rank 21] File 21, xtal 226 done.
[Rank 21] File 21, xtal 227 done.
[Rank 21] File 21, xtal 228 done.
[Rank 21] File 21, xtal 229 done.
[Rank 21] File 21, xtal 230 done.
[Rank 21] File 21, xtal 231 done.
[Rank 21] File 21, xtal 232 done.
[Rank 21] File 21, xtal 233 done.
[Rank 21] File 21, xtal 234 done.
[Rank 21] File 21, xtal 235 done.
[Rank 21] File 21, xtal 236 done.
[Rank 21] File 21, xtal 237 done.
[Rank 21] File 21, xtal 238 done.
[Rank 21] File 21, xtal 239 done.
[Rank 21] File 21, xtal 240 done.
[Rank 22] File 22, xtal 241 done.
[Rank 22] File 22, xtal 242 done.
[Rank 22] File 22, xtal 243 done.
[Rank 22] File 22, xtal 244 done.
[Rank 22] File 22, xtal 245 done.
[Rank 22] File 22, xtal 246 done.
[Rank 22] File 22, xtal 247 done.
[Rank 22] File 22, xtal 248 done.
[Rank 22] File 22, xtal 249 done.
[Rank 22] File 22, xtal 250 done.
[Rank 22] File 22, xtal 251 done.
[Rank 22] File 22, xtal 252 done.
[Rank 22] File 22, xtal 253 done.
[Rank 22] File 22, xtal 254 done.
[Rank 22] File 22, xtal 255 done.
[Rank 22] File 22, xtal 256 done.
[Rank 22] File 22, xtal 257 done.
[Rank 22] File 22, xtal 258 done.
[Rank 22] File 22, xtal 259 done.
[Rank 22] File 22, xtal 260 done.
[Rank 22] File 22, xtal 261 done.
[Rank 22] File 22, xtal 262 done.
[Rank 22] File 22, xtal 263 done.
[Rank 22] File 22, xtal 264 done.
[Rank 22] File 22, xtal 265 done.
[Rank 22] File 22, xtal 266 done.
[Rank 22] File 22, xtal 267 done.
[Rank 22] File 22, xtal 268 done.
[Rank 22] File 22, xtal 269 done.
[Rank 22] File 22, xtal 270 done.
[Rank 22] File 22, xtal 271 done.
[Rank 22] File 22, xtal 272 done.
[Rank 22] File 22, xtal 273 done.
[Rank 22] File 22, xtal 274 done.
[Rank 22] File 22, xtal 275 done.
[Rank 22] File 22, xtal 276 done.
[Rank 22] File 22, xtal 277 done.
[Rank 22] File 22, xtal 278 done.
[Rank 22] File 22, xtal 279 done.
[Rank 22] File 22, xtal 280 done.
[Rank 22] File 22, xtal 281 done.
[Rank 22] File 22, xtal 282 done.
[Rank 22] File 22, xtal 283 done.
[Rank 22] File 22, xtal 284 done.
[Rank 22] File 22, xtal 285 done.
[Rank 22] File 22, xtal 286 done.
[Rank 22] File 22, xtal 287 done.
[Rank 22] File 22, xtal 288 done.
[Rank 22] File 22, xtal 289 done.
[Rank 22] File 22, xtal 290 done.
[Rank 22] File 22, xtal 291 done.
[Rank 22] File 22, xtal 292 done.
[Rank 22] File 22, xtal 293 done.
[Rank 22] File 22, xtal 294 done.
[Rank 22] File 22, xtal 295 done.
[Rank 22] File 22, xtal 296 done.
[Rank 22] File 22, xtal 297 done.
[Rank 22] File 22, xtal 298 done.
[Rank 22] File 22, xtal 299 done.
[Rank 22] File 22, xtal 300 done.
[Rank 22] File 22, xtal 301 done.
[Rank 22] File 22, xtal 302 done.
[Rank 22] File 22, xtal 303 done.
[Rank 22] File 22, xtal 304 done.
[Rank 22] File 22, xtal 305 done.
[Rank 22] File 22, xtal 306 done.
[Rank 22] File 22, xtal 307 done.
[Rank 22] File 22, xtal 308 done.
[Rank 22] File 22, xtal 309 done.
[Rank 22] File 22, xtal 310 done.
[Rank 22] File 22, xtal 311 done.
[Rank 22] File 22, xtal 312 done.
[Rank 22] File 22, xtal 313 done.
[Rank 22] File 22, xtal 314 done.
[Rank 22] File 22, xtal 315 done.
[Rank 22] File 22, xtal 316 done.
[Rank 22] File 22, xtal 317 done.
[Rank 22] File 22, xtal 318 done.
[Rank 22] File 22, xtal 319 done.
[Rank 22] File 22, xtal 320 done.
[Rank 22] File 22, xtal 321 done.
[Rank 22] File 22, xtal 322 done.
[Rank 22] File 22, xtal 323 done.
[Rank 22] File 22, xtal 324 done.
[Rank 22] File 22, xtal 325 done.
[Rank 22] File 22, xtal 326 done.
[Rank 22] File 22, xtal 327 done.
[Rank 22] File 22, xtal 328 done.
[Rank 22] File 22, xtal 329 done.
[Rank 22] File 22, xtal 330 done.
[Rank 22] File 22, xtal 331 done.
[Rank 22] File 22, xtal 332 done.
[Rank 22] File 22, xtal 333 done.
[Rank 22] File 22, xtal 334 done.
[Rank 22] File 22, xtal 335 done.
[Rank 22] File 22, xtal 336 done.
[Rank 22] File 22, xtal 337 done.
[Rank 22] File 22, xtal 338 done.
[Rank 22] File 22, xtal 339 done.
[Rank 22] File 22, xtal 340 done.
[Rank 22] File 22, xtal 341 done.
[Rank 22] File 22, xtal 342 done.
[Rank 22] File 22, xtal 343 done.
[Rank 22] File 22, xtal 344 done.
[Rank 22] File 22, xtal 345 done.
[Rank 22] File 22, xtal 346 done.
[Rank 22] File 22, xtal 347 done.
[Rank 22] File 22, xtal 348 done.
[Rank 22] File 22, xtal 349 done.
[Rank 22] File 22, xtal 350 done.
[Rank 22] File 22, xtal 351 done.
[Rank 22] File 22, xtal 352 done.
[Rank 22] File 22, xtal 353 done.
[Rank 22] File 22, xtal 354 done.
[Rank 22] File 22, xtal 355 done.
[Rank 22] File 22, xtal 356 done.
[Rank 22] File 22, xtal 357 done.
[Rank 22] File 22, xtal 358 done.
[Rank 22] File 22, xtal 359 done.
[Rank 22] File 22, xtal 360 done.
[Rank 22] File 22, xtal 361 done.
[Rank 22] File 22, xtal 362 done.
[Rank 22] File 22, xtal 363 done.
[Rank 22] File 22, xtal 364 done.
[Rank 22] File 22, xtal 365 done.
[Rank 22] File 22, xtal 366 done.
[Rank 22] File 22, xtal 367 done.
[Rank 22] File 22, xtal 368 done.
[Rank 22] File 22, xtal 369 done.
[Rank 22] File 22, xtal 370 done.
[Rank 22] File 22, xtal 371 done.
[Rank 22] File 22, xtal 372 done.
[Rank 22] File 22, xtal 373 done.
[Rank 22] File 22, xtal 374 done.
[Rank 22] File 22, xtal 375 done.
[Rank 22] File 22, xtal 376 done.
[Rank 22] File 22, xtal 377 done.
[Rank 22] File 22, xtal 378 done.
[Rank 22] File 22, xtal 379 done.
[Rank 22] File 22, xtal 380 done.
[Rank 22] File 22, xtal 381 done.
[Rank 22] File 22, xtal 382 done.
[Rank 22] File 22, xtal 383 done.
[Rank 22] File 22, xtal 384 done.
[Rank 22] File 22, xtal 385 done.
[Rank 22] File 22, xtal 386 done.
[Rank 22] File 22, xtal 387 done.
[Rank 22] File 22, xtal 388 done.
[Rank 22] File 22, xtal 389 done.
[Rank 22] File 22, xtal 390 done.
[Rank 22] File 22, xtal 391 done.
[Rank 22] File 22, xtal 392 done.
[Rank 22] File 22, xtal 393 done.
[Rank 22] File 22, xtal 394 done.
[Rank 22] File 22, xtal 395 done.
[Rank 22] File 22, xtal 396 done.
[Rank 22] File 22, xtal 397 done.
[Rank 22] File 22, xtal 398 done.
[Rank 22] File 22, xtal 399 done.
[Rank 22] File 22, xtal 400 done.
[Rank 22] File 22, xtal 401 done.
[Rank 22] File 22, xtal 402 done.
[Rank 22] File 22, xtal 403 done.
[Rank 22] File 22, xtal 404 done.
[Rank 22] File 22, xtal 405 done.
[Rank 22] File 22, xtal 406 done.
[Rank 22] File 22, xtal 407 done.
[Rank 22] File 22, xtal 408 done.
[Rank 22] File 22, xtal 409 done.
[Rank 22] File 22, xtal 410 done.
[Rank 22] File 22, xtal 411 done.
[Rank 22] File 22, xtal 412 done.
[Rank 22] File 22, xtal 413 done.
[Rank 22] File 22, xtal 414 done.
[Rank 22] File 22, xtal 415 done.
[Rank 22] File 22, xtal 416 done.
[Rank 22] File 22, xtal 417 done.
[Rank 22] File 22, xtal 418 done.
[Rank 22] File 22, xtal 419 done.
[Rank 22] File 22, xtal 420 done.
[Rank 22] File 22, xtal 421 done.
[Rank 22] File 22, xtal 422 done.
[Rank 22] File 22, xtal 423 done.
[Rank 22] File 22, xtal 424 done.
[Rank 22] File 22, xtal 425 done.
[Rank 22] File 22, xtal 426 done.
[Rank 22] File 22, xtal 427 done.
[Rank 22] File 22, xtal 428 done.
[Rank 22] File 22, xtal 429 done.
[Rank 22] File 22, xtal 430 done.
[Rank 22] File 22, xtal 431 done.
[Rank 22] File 22, xtal 432 done.
[Rank 22] File 22, xtal 433 done.
[Rank 22] File 22, xtal 434 done.
[Rank 22] File 22, xtal 435 done.
[Rank 22] File 22, xtal 436 done.
[Rank 22] File 22, xtal 437 done.
[Rank 22] File 22, xtal 438 done.
[Rank 22] File 22, xtal 439 done.
[Rank 22] File 22, xtal 440 done.
[Rank 22] File 22, xtal 441 done.
[Rank 22] File 22, xtal 442 done.
[Rank 22] File 22, xtal 443 done.
[Rank 22] File 22, xtal 444 done.
[Rank 22] File 22, xtal 445 done.
[Rank 22] File 22, xtal 446 done.
[Rank 22] File 22, xtal 447 done.
[Rank 22] File 22, xtal 448 done.
[Rank 22] File 22, xtal 449 done.
[Rank 22] File 22, xtal 450 done.
[Rank 22] File 22, xtal 451 done.
[Rank 22] File 22, xtal 452 done.
[Rank 22] File 22, xtal 453 done.
[Rank 22] File 22, xtal 454 done.
[Rank 22] File 22, xtal 455 done.
[Rank 22] File 22, xtal 456 done.
[Rank 22] File 22, xtal 457 done.
[Rank 22] File 22, xtal 458 done.
[Rank 22] File 22, xtal 459 done.
[Rank 22] File 22, xtal 460 done.
[Rank 22] File 22, xtal 461 done.
[Rank 22] File 22, xtal 462 done.
[Rank 22] File 22, xtal 463 done.
[Rank 22] File 22, xtal 464 done.
[Rank 22] File 22, xtal 465 done.
[Rank 22] File 22, xtal 466 done.
[Rank 22] File 22, xtal 467 done.
[Rank 22] File 22, xtal 468 done.
[Rank 22] File 22, xtal 469 done.
[Rank 22] File 22, xtal 470 done.
[Rank 22] File 22, xtal 471 done.
[Rank 22] File 22, xtal 472 done.
[Rank 22] File 22, xtal 473 done.
[Rank 22] File 22, xtal 474 done.
[Rank 22] File 22, xtal 475 done.
[Rank 22] File 22, xtal 476 done.
[Rank 22] File 22, xtal 477 done.
[Rank 22] File 22, xtal 478 done.
[Rank 22] File 22, xtal 479 done.
[Rank 22] File 22, xtal 480 done.
[Rank 23] File 23, xtal 241 done.
[Rank 23] File 23, xtal 242 done.
[Rank 23] File 23, xtal 243 done.
[Rank 23] File 23, xtal 244 done.
[Rank 23] File 23, xtal 245 done.
[Rank 23] File 23, xtal 246 done.
[Rank 23] File 23, xtal 247 done.
[Rank 23] File 23, xtal 248 done.
[Rank 23] File 23, xtal 249 done.
[Rank 23] File 23, xtal 250 done.
[Rank 23] File 23, xtal 251 done.
[Rank 23] File 23, xtal 252 done.
[Rank 23] File 23, xtal 253 done.
[Rank 23] File 23, xtal 254 done.
[Rank 23] File 23, xtal 255 done.
[Rank 23] File 23, xtal 256 done.
[Rank 23] File 23, xtal 257 done.
[Rank 23] File 23, xtal 258 done.
[Rank 23] File 23, xtal 259 done.
[Rank 23] File 23, xtal 260 done.
[Rank 23] File 23, xtal 261 done.
[Rank 23] File 23, xtal 262 done.
[Rank 23] File 23, xtal 263 done.
[Rank 23] File 23, xtal 264 done.
[Rank 23] File 23, xtal 265 done.
[Rank 23] File 23, xtal 266 done.
[Rank 23] File 23, xtal 267 done.
[Rank 23] File 23, xtal 268 done.
[Rank 23] File 23, xtal 269 done.
[Rank 23] File 23, xtal 270 done.
[Rank 23] File 23, xtal 271 done.
[Rank 23] File 23, xtal 272 done.
[Rank 23] File 23, xtal 273 done.
[Rank 23] File 23, xtal 274 done.
[Rank 23] File 23, xtal 275 done.
[Rank 23] File 23, xtal 276 done.
[Rank 23] File 23, xtal 277 done.
[Rank 23] File 23, xtal 278 done.
[Rank 23] File 23, xtal 279 done.
[Rank 23] File 23, xtal 280 done.
[Rank 23] File 23, xtal 281 done.
[Rank 23] File 23, xtal 282 done.
[Rank 23] File 23, xtal 283 done.
[Rank 23] File 23, xtal 284 done.
[Rank 23] File 23, xtal 285 done.
[Rank 23] File 23, xtal 286 done.
[Rank 23] File 23, xtal 287 done.
[Rank 23] File 23, xtal 288 done.
[Rank 23] File 23, xtal 289 done.
[Rank 23] File 23, xtal 290 done.
[Rank 23] File 23, xtal 291 done.
[Rank 23] File 23, xtal 292 done.
[Rank 23] File 23, xtal 293 done.
[Rank 23] File 23, xtal 294 done.
[Rank 23] File 23, xtal 295 done.
[Rank 23] File 23, xtal 296 done.
[Rank 23] File 23, xtal 297 done.
[Rank 23] File 23, xtal 298 done.
[Rank 23] File 23, xtal 299 done.
[Rank 23] File 23, xtal 300 done.
[Rank 23] File 23, xtal 301 done.
[Rank 23] File 23, xtal 302 done.
[Rank 23] File 23, xtal 303 done.
[Rank 23] File 23, xtal 304 done.
[Rank 23] File 23, xtal 305 done.
[Rank 23] File 23, xtal 306 done.
[Rank 23] File 23, xtal 307 done.
[Rank 23] File 23, xtal 308 done.
[Rank 23] File 23, xtal 309 done.
[Rank 23] File 23, xtal 310 done.
[Rank 23] File 23, xtal 311 done.
[Rank 23] File 23, xtal 312 done.
[Rank 23] File 23, xtal 313 done.
[Rank 23] File 23, xtal 314 done.
[Rank 23] File 23, xtal 315 done.
[Rank 23] File 23, xtal 316 done.
[Rank 23] File 23, xtal 317 done.
[Rank 23] File 23, xtal 318 done.
[Rank 23] File 23, xtal 319 done.
[Rank 23] File 23, xtal 320 done.
[Rank 23] File 23, xtal 321 done.
[Rank 23] File 23, xtal 322 done.
[Rank 23] File 23, xtal 323 done.
[Rank 23] File 23, xtal 324 done.
[Rank 23] File 23, xtal 325 done.
[Rank 23] File 23, xtal 326 done.
[Rank 23] File 23, xtal 327 done.
[Rank 23] File 23, xtal 328 done.
[Rank 23] File 23, xtal 329 done.
[Rank 23] File 23, xtal 330 done.
[Rank 23] File 23, xtal 331 done.
[Rank 23] File 23, xtal 332 done.
[Rank 23] File 23, xtal 333 done.
[Rank 23] File 23, xtal 334 done.
[Rank 23] File 23, xtal 335 done.
[Rank 23] File 23, xtal 336 done.
[Rank 23] File 23, xtal 337 done.
[Rank 23] File 23, xtal 338 done.
[Rank 23] File 23, xtal 339 done.
[Rank 23] File 23, xtal 340 done.
[Rank 23] File 23, xtal 341 done.
[Rank 23] File 23, xtal 342 done.
[Rank 23] File 23, xtal 343 done.
[Rank 23] File 23, xtal 344 done.
[Rank 23] File 23, xtal 345 done.
[Rank 23] File 23, xtal 346 done.
[Rank 23] File 23, xtal 347 done.
[Rank 23] File 23, xtal 348 done.
[Rank 23] File 23, xtal 349 done.
[Rank 23] File 23, xtal 350 done.
[Rank 23] File 23, xtal 351 done.
[Rank 23] File 23, xtal 352 done.
[Rank 23] File 23, xtal 353 done.
[Rank 23] File 23, xtal 354 done.
[Rank 23] File 23, xtal 355 done.
[Rank 23] File 23, xtal 356 done.
[Rank 23] File 23, xtal 357 done.
[Rank 23] File 23, xtal 358 done.
[Rank 23] File 23, xtal 359 done.
[Rank 23] File 23, xtal 360 done.
[Rank 23] File 23, xtal 361 done.
[Rank 23] File 23, xtal 362 done.
[Rank 23] File 23, xtal 363 done.
[Rank 23] File 23, xtal 364 done.
[Rank 23] File 23, xtal 365 done.
[Rank 23] File 23, xtal 366 done.
[Rank 23] File 23, xtal 367 done.
[Rank 23] File 23, xtal 368 done.
[Rank 23] File 23, xtal 369 done.
[Rank 23] File 23, xtal 370 done.
[Rank 23] File 23, xtal 371 done.
[Rank 23] File 23, xtal 372 done.
[Rank 23] File 23, xtal 373 done.
[Rank 23] File 23, xtal 374 done.
[Rank 23] File 23, xtal 375 done.
[Rank 23] File 23, xtal 376 done.
[Rank 23] File 23, xtal 377 done.
[Rank 23] File 23, xtal 378 done.
[Rank 23] File 23, xtal 379 done.
[Rank 23] File 23, xtal 380 done.
[Rank 23] File 23, xtal 381 done.
[Rank 23] File 23, xtal 382 done.
[Rank 23] File 23, xtal 383 done.
[Rank 23] File 23, xtal 384 done.
[Rank 23] File 23, xtal 385 done.
[Rank 23] File 23, xtal 386 done.
[Rank 23] File 23, xtal 387 done.
[Rank 23] File 23, xtal 388 done.
[Rank 23] File 23, xtal 389 done.
[Rank 23] File 23, xtal 390 done.
[Rank 23] File 23, xtal 391 done.
[Rank 23] File 23, xtal 392 done.
[Rank 23] File 23, xtal 393 done.
[Rank 23] File 23, xtal 394 done.
[Rank 23] File 23, xtal 395 done.
[Rank 23] File 23, xtal 396 done.
[Rank 23] File 23, xtal 397 done.
[Rank 23] File 23, xtal 398 done.
[Rank 23] File 23, xtal 399 done.
[Rank 23] File 23, xtal 400 done.
[Rank 23] File 23, xtal 401 done.
[Rank 23] File 23, xtal 402 done.
[Rank 23] File 23, xtal 403 done.
[Rank 23] File 23, xtal 404 done.
[Rank 23] File 23, xtal 405 done.
[Rank 23] File 23, xtal 406 done.
[Rank 23] File 23, xtal 407 done.
[Rank 23] File 23, xtal 408 done.
[Rank 23] File 23, xtal 409 done.
[Rank 23] File 23, xtal 410 done.
[Rank 23] File 23, xtal 411 done.
[Rank 23] File 23, xtal 412 done.
[Rank 23] File 23, xtal 413 done.
[Rank 23] File 23, xtal 414 done.
[Rank 23] File 23, xtal 415 done.
[Rank 23] File 23, xtal 416 done.
[Rank 23] File 23, xtal 417 done.
[Rank 23] File 23, xtal 418 done.
[Rank 23] File 23, xtal 419 done.
[Rank 23] File 23, xtal 420 done.
[Rank 23] File 23, xtal 421 done.
[Rank 23] File 23, xtal 422 done.
[Rank 23] File 23, xtal 423 done.
[Rank 23] File 23, xtal 424 done.
[Rank 23] File 23, xtal 425 done.
[Rank 23] File 23, xtal 426 done.
[Rank 23] File 23, xtal 427 done.
[Rank 23] File 23, xtal 428 done.
[Rank 23] File 23, xtal 429 done.
[Rank 23] File 23, xtal 430 done.
[Rank 23] File 23, xtal 431 done.
[Rank 23] File 23, xtal 432 done.
[Rank 23] File 23, xtal 433 done.
[Rank 23] File 23, xtal 434 done.
[Rank 23] File 23, xtal 435 done.
[Rank 23] File 23, xtal 436 done.
[Rank 23] File 23, xtal 437 done.
[Rank 23] File 23, xtal 438 done.
[Rank 23] File 23, xtal 439 done.
[Rank 23] File 23, xtal 440 done.
[Rank 23] File 23, xtal 441 done.
[Rank 23] File 23, xtal 442 done.
[Rank 23] File 23, xtal 443 done.
[Rank 23] File 23, xtal 444 done.
[Rank 23] File 23, xtal 445 done.
[Rank 23] File 23, xtal 446 done.
[Rank 23] File 23, xtal 447 done.
[Rank 23] File 23, xtal 448 done.
[Rank 23] File 23, xtal 449 done.
[Rank 23] File 23, xtal 450 done.
[Rank 23] File 23, xtal 451 done.
[Rank 23] File 23, xtal 452 done.
[Rank 23] File 23, xtal 453 done.
[Rank 23] File 23, xtal 454 done.
[Rank 23] File 23, xtal 455 done.
[Rank 23] File 23, xtal 456 done.
[Rank 23] File 23, xtal 457 done.
[Rank 23] File 23, xtal 458 done.
[Rank 23] File 23, xtal 459 done.
[Rank 23] File 23, xtal 460 done.
[Rank 23] File 23, xtal 461 done.
[Rank 23] File 23, xtal 462 done.
[Rank 23] File 23, xtal 463 done.
[Rank 23] File 23, xtal 464 done.
[Rank 23] File 23, xtal 465 done.
[Rank 23] File 23, xtal 466 done.
[Rank 23] File 23, xtal 467 done.
[Rank 23] File 23, xtal 468 done.
[Rank 23] File 23, xtal 469 done.
[Rank 23] File 23, xtal 470 done.
[Rank 23] File 23, xtal 471 done.
[Rank 23] File 23, xtal 472 done.
[Rank 23] File 23, xtal 473 done.
[Rank 23] File 23, xtal 474 done.
[Rank 23] File 23, xtal 475 done.
[Rank 23] File 23, xtal 476 done.
[Rank 23] File 23, xtal 477 done.
[Rank 23] File 23, xtal 478 done.
[Rank 23] File 23, xtal 479 done.
[Rank 23] File 23, xtal 480 done.
[Rank 12] File 12, xtal 241 done.
[Rank 12] File 12, xtal 242 done.
[Rank 12] File 12, xtal 243 done.
[Rank 12] File 12, xtal 244 done.
[Rank 12] File 12, xtal 245 done.
[Rank 12] File 12, xtal 246 done.
[Rank 12] File 12, xtal 247 done.
[Rank 12] File 12, xtal 248 done.
[Rank 12] File 12, xtal 249 done.
[Rank 12] File 12, xtal 250 done.
[Rank 12] File 12, xtal 251 done.
[Rank 12] File 12, xtal 252 done.
[Rank 12] File 12, xtal 253 done.
[Rank 12] File 12, xtal 254 done.
[Rank 12] File 12, xtal 255 done.
[Rank 12] File 12, xtal 256 done.
[Rank 12] File 12, xtal 257 done.
[Rank 12] File 12, xtal 258 done.
[Rank 12] File 12, xtal 259 done.
[Rank 12] File 12, xtal 260 done.
[Rank 12] File 12, xtal 261 done.
[Rank 12] File 12, xtal 262 done.
[Rank 12] File 12, xtal 263 done.
[Rank 12] File 12, xtal 264 done.
[Rank 12] File 12, xtal 265 done.
[Rank 12] File 12, xtal 266 done.
[Rank 12] File 12, xtal 267 done.
[Rank 12] File 12, xtal 268 done.
[Rank 12] File 12, xtal 269 done.
[Rank 12] File 12, xtal 270 done.
[Rank 12] File 12, xtal 271 done.
[Rank 12] File 12, xtal 272 done.
[Rank 12] File 12, xtal 273 done.
[Rank 12] File 12, xtal 274 done.
[Rank 12] File 12, xtal 275 done.
[Rank 12] File 12, xtal 276 done.
[Rank 12] File 12, xtal 277 done.
[Rank 12] File 12, xtal 278 done.
[Rank 12] File 12, xtal 279 done.
[Rank 12] File 12, xtal 280 done.
[Rank 12] File 12, xtal 281 done.
[Rank 12] File 12, xtal 282 done.
[Rank 12] File 12, xtal 283 done.
[Rank 12] File 12, xtal 284 done.
[Rank 12] File 12, xtal 285 done.
[Rank 12] File 12, xtal 286 done.
[Rank 12] File 12, xtal 287 done.
[Rank 12] File 12, xtal 288 done.
[Rank 12] File 12, xtal 289 done.
[Rank 12] File 12, xtal 290 done.
[Rank 12] File 12, xtal 291 done.
[Rank 12] File 12, xtal 292 done.
[Rank 12] File 12, xtal 293 done.
[Rank 12] File 12, xtal 294 done.
[Rank 12] File 12, xtal 295 done.
[Rank 12] File 12, xtal 296 done.
[Rank 12] File 12, xtal 297 done.
[Rank 12] File 12, xtal 298 done.
[Rank 12] File 12, xtal 299 done.
[Rank 12] File 12, xtal 300 done.
[Rank 12] File 12, xtal 301 done.
[Rank 12] File 12, xtal 302 done.
[Rank 12] File 12, xtal 303 done.
[Rank 12] File 12, xtal 304 done.
[Rank 12] File 12, xtal 305 done.
[Rank 12] File 12, xtal 306 done.
[Rank 12] File 12, xtal 307 done.
[Rank 12] File 12, xtal 308 done.
[Rank 12] File 12, xtal 309 done.
[Rank 12] File 12, xtal 310 done.
[Rank 12] File 12, xtal 311 done.
[Rank 12] File 12, xtal 312 done.
[Rank 12] File 12, xtal 313 done.
[Rank 12] File 12, xtal 314 done.
[Rank 12] File 12, xtal 315 done.
[Rank 12] File 12, xtal 316 done.
[Rank 12] File 12, xtal 317 done.
[Rank 12] File 12, xtal 318 done.
[Rank 12] File 12, xtal 319 done.
[Rank 12] File 12, xtal 320 done.
[Rank 12] File 12, xtal 321 done.
[Rank 12] File 12, xtal 322 done.
[Rank 12] File 12, xtal 323 done.
[Rank 12] File 12, xtal 324 done.
[Rank 12] File 12, xtal 325 done.
[Rank 12] File 12, xtal 326 done.
[Rank 12] File 12, xtal 327 done.
[Rank 12] File 12, xtal 328 done.
[Rank 12] File 12, xtal 329 done.
[Rank 12] File 12, xtal 330 done.
[Rank 12] File 12, xtal 331 done.
[Rank 12] File 12, xtal 332 done.
[Rank 12] File 12, xtal 333 done.
[Rank 12] File 12, xtal 334 done.
[Rank 12] File 12, xtal 335 done.
[Rank 12] File 12, xtal 336 done.
[Rank 12] File 12, xtal 337 done.
[Rank 12] File 12, xtal 338 done.
[Rank 12] File 12, xtal 339 done.
[Rank 12] File 12, xtal 340 done.
[Rank 12] File 12, xtal 341 done.
[Rank 12] File 12, xtal 342 done.
[Rank 12] File 12, xtal 343 done.
[Rank 12] File 12, xtal 344 done.
[Rank 12] File 12, xtal 345 done.
[Rank 12] File 12, xtal 346 done.
[Rank 12] File 12, xtal 347 done.
[Rank 12] File 12, xtal 348 done.
[Rank 12] File 12, xtal 349 done.
[Rank 12] File 12, xtal 350 done.
[Rank 12] File 12, xtal 351 done.
[Rank 12] File 12, xtal 352 done.
[Rank 12] File 12, xtal 353 done.
[Rank 12] File 12, xtal 354 done.
[Rank 12] File 12, xtal 355 done.
[Rank 12] File 12, xtal 356 done.
[Rank 12] File 12, xtal 357 done.
[Rank 12] File 12, xtal 358 done.
[Rank 12] File 12, xtal 359 done.
[Rank 12] File 12, xtal 360 done.
[Rank 12] File 12, xtal 361 done.
[Rank 12] File 12, xtal 362 done.
[Rank 12] File 12, xtal 363 done.
[Rank 12] File 12, xtal 364 done.
[Rank 12] File 12, xtal 365 done.
[Rank 12] File 12, xtal 366 done.
[Rank 12] File 12, xtal 367 done.
[Rank 12] File 12, xtal 368 done.
[Rank 12] File 12, xtal 369 done.
[Rank 12] File 12, xtal 370 done.
[Rank 12] File 12, xtal 371 done.
[Rank 12] File 12, xtal 372 done.
[Rank 12] File 12, xtal 373 done.
[Rank 12] File 12, xtal 374 done.
[Rank 12] File 12, xtal 375 done.
[Rank 12] File 12, xtal 376 done.
[Rank 12] File 12, xtal 377 done.
[Rank 12] File 12, xtal 378 done.
[Rank 12] File 12, xtal 379 done.
[Rank 12] File 12, xtal 380 done.
[Rank 12] File 12, xtal 381 done.
[Rank 12] File 12, xtal 382 done.
[Rank 12] File 12, xtal 383 done.
[Rank 12] File 12, xtal 384 done.
[Rank 12] File 12, xtal 385 done.
[Rank 12] File 12, xtal 386 done.
[Rank 12] File 12, xtal 387 done.
[Rank 12] File 12, xtal 388 done.
[Rank 12] File 12, xtal 389 done.
[Rank 12] File 12, xtal 390 done.
[Rank 12] File 12, xtal 391 done.
[Rank 12] File 12, xtal 392 done.
[Rank 12] File 12, xtal 393 done.
[Rank 12] File 12, xtal 394 done.
[Rank 12] File 12, xtal 395 done.
[Rank 12] File 12, xtal 396 done.
[Rank 12] File 12, xtal 397 done.
[Rank 12] File 12, xtal 398 done.
[Rank 12] File 12, xtal 399 done.
[Rank 12] File 12, xtal 400 done.
[Rank 12] File 12, xtal 401 done.
[Rank 12] File 12, xtal 402 done.
[Rank 12] File 12, xtal 403 done.
[Rank 12] File 12, xtal 404 done.
[Rank 12] File 12, xtal 405 done.
[Rank 12] File 12, xtal 406 done.
[Rank 12] File 12, xtal 407 done.
[Rank 12] File 12, xtal 408 done.
[Rank 12] File 12, xtal 409 done.
[Rank 12] File 12, xtal 410 done.
[Rank 12] File 12, xtal 411 done.
[Rank 12] File 12, xtal 412 done.
[Rank 12] File 12, xtal 413 done.
[Rank 12] File 12, xtal 414 done.
[Rank 12] File 12, xtal 415 done.
[Rank 12] File 12, xtal 416 done.
[Rank 12] File 12, xtal 417 done.
[Rank 12] File 12, xtal 418 done.
[Rank 12] File 12, xtal 419 done.
[Rank 12] File 12, xtal 420 done.
[Rank 12] File 12, xtal 421 done.
[Rank 12] File 12, xtal 422 done.
[Rank 12] File 12, xtal 423 done.
[Rank 12] File 12, xtal 424 done.
[Rank 12] File 12, xtal 425 done.
[Rank 12] File 12, xtal 426 done.
[Rank 12] File 12, xtal 427 done.
[Rank 12] File 12, xtal 428 done.
[Rank 12] File 12, xtal 429 done.
[Rank 12] File 12, xtal 430 done.
[Rank 12] File 12, xtal 431 done.
[Rank 12] File 12, xtal 432 done.
[Rank 12] File 12, xtal 433 done.
[Rank 12] File 12, xtal 434 done.
[Rank 12] File 12, xtal 435 done.
[Rank 12] File 12, xtal 436 done.
[Rank 12] File 12, xtal 437 done.
[Rank 12] File 12, xtal 438 done.
[Rank 12] File 12, xtal 439 done.
[Rank 12] File 12, xtal 440 done.
[Rank 12] File 12, xtal 441 done.
[Rank 12] File 12, xtal 442 done.
[Rank 12] File 12, xtal 443 done.
[Rank 12] File 12, xtal 444 done.
[Rank 12] File 12, xtal 445 done.
[Rank 12] File 12, xtal 446 done.
[Rank 12] File 12, xtal 447 done.
[Rank 12] File 12, xtal 448 done.
[Rank 12] File 12, xtal 449 done.
[Rank 12] File 12, xtal 450 done.
[Rank 12] File 12, xtal 451 done.
[Rank 12] File 12, xtal 452 done.
[Rank 12] File 12, xtal 453 done.
[Rank 12] File 12, xtal 454 done.
[Rank 12] File 12, xtal 455 done.
[Rank 12] File 12, xtal 456 done.
[Rank 12] File 12, xtal 457 done.
[Rank 12] File 12, xtal 458 done.
[Rank 12] File 12, xtal 459 done.
[Rank 12] File 12, xtal 460 done.
[Rank 12] File 12, xtal 461 done.
[Rank 12] File 12, xtal 462 done.
[Rank 12] File 12, xtal 463 done.
[Rank 12] File 12, xtal 464 done.
[Rank 12] File 12, xtal 465 done.
[Rank 12] File 12, xtal 466 done.
[Rank 12] File 12, xtal 467 done.
[Rank 12] File 12, xtal 468 done.
[Rank 12] File 12, xtal 469 done.
[Rank 12] File 12, xtal 470 done.
[Rank 12] File 12, xtal 471 done.
[Rank 12] File 12, xtal 472 done.
[Rank 12] File 12, xtal 473 done.
[Rank 12] File 12, xtal 474 done.
[Rank 12] File 12, xtal 475 done.
[Rank 12] File 12, xtal 476 done.
[Rank 12] File 12, xtal 477 done.
[Rank 12] File 12, xtal 478 done.
[Rank 12] File 12, xtal 479 done.
[Rank 12] File 12, xtal 480 done.
[Rank 19] File 19, xtal 241 done.
[Rank 19] File 19, xtal 242 done.
[Rank 19] File 19, xtal 243 done.
[Rank 19] File 19, xtal 244 done.
[Rank 19] File 19, xtal 245 done.
[Rank 19] File 19, xtal 246 done.
[Rank 19] File 19, xtal 247 done.
[Rank 19] File 19, xtal 248 done.
[Rank 19] File 19, xtal 249 done.
[Rank 19] File 19, xtal 250 done.
[Rank 19] File 19, xtal 251 done.
[Rank 19] File 19, xtal 252 done.
[Rank 19] File 19, xtal 253 done.
[Rank 19] File 19, xtal 254 done.
[Rank 19] File 19, xtal 255 done.
[Rank 19] File 19, xtal 256 done.
[Rank 19] File 19, xtal 257 done.
[Rank 19] File 19, xtal 258 done.
[Rank 19] File 19, xtal 259 done.
[Rank 19] File 19, xtal 260 done.
[Rank 19] File 19, xtal 261 done.
[Rank 19] File 19, xtal 262 done.
[Rank 19] File 19, xtal 263 done.
[Rank 19] File 19, xtal 264 done.
[Rank 19] File 19, xtal 265 done.
[Rank 19] File 19, xtal 266 done.
[Rank 19] File 19, xtal 267 done.
[Rank 19] File 19, xtal 268 done.
[Rank 19] File 19, xtal 269 done.
[Rank 19] File 19, xtal 270 done.
[Rank 19] File 19, xtal 271 done.
[Rank 19] File 19, xtal 272 done.
[Rank 19] File 19, xtal 273 done.
[Rank 19] File 19, xtal 274 done.
[Rank 19] File 19, xtal 275 done.
[Rank 19] File 19, xtal 276 done.
[Rank 19] File 19, xtal 277 done.
[Rank 19] File 19, xtal 278 done.
[Rank 19] File 19, xtal 279 done.
[Rank 19] File 19, xtal 280 done.
[Rank 19] File 19, xtal 281 done.
[Rank 19] File 19, xtal 282 done.
[Rank 19] File 19, xtal 283 done.
[Rank 19] File 19, xtal 284 done.
[Rank 19] File 19, xtal 285 done.
[Rank 19] File 19, xtal 286 done.
[Rank 19] File 19, xtal 287 done.
[Rank 19] File 19, xtal 288 done.
[Rank 19] File 19, xtal 289 done.
[Rank 19] File 19, xtal 290 done.
[Rank 19] File 19, xtal 291 done.
[Rank 19] File 19, xtal 292 done.
[Rank 19] File 19, xtal 293 done.
[Rank 19] File 19, xtal 294 done.
[Rank 19] File 19, xtal 295 done.
[Rank 19] File 19, xtal 296 done.
[Rank 19] File 19, xtal 297 done.
[Rank 19] File 19, xtal 298 done.
[Rank 19] File 19, xtal 299 done.
[Rank 19] File 19, xtal 300 done.
[Rank 19] File 19, xtal 301 done.
[Rank 19] File 19, xtal 302 done.
[Rank 19] File 19, xtal 303 done.
[Rank 19] File 19, xtal 304 done.
[Rank 19] File 19, xtal 305 done.
[Rank 19] File 19, xtal 306 done.
[Rank 19] File 19, xtal 307 done.
[Rank 19] File 19, xtal 308 done.
[Rank 19] File 19, xtal 309 done.
[Rank 19] File 19, xtal 310 done.
[Rank 19] File 19, xtal 311 done.
[Rank 19] File 19, xtal 312 done.
[Rank 19] File 19, xtal 313 done.
[Rank 19] File 19, xtal 314 done.
[Rank 19] File 19, xtal 315 done.
[Rank 19] File 19, xtal 316 done.
[Rank 19] File 19, xtal 317 done.
[Rank 19] File 19, xtal 318 done.
[Rank 19] File 19, xtal 319 done.
[Rank 19] File 19, xtal 320 done.
[Rank 19] File 19, xtal 321 done.
[Rank 19] File 19, xtal 322 done.
[Rank 19] File 19, xtal 323 done.
[Rank 19] File 19, xtal 324 done.
[Rank 19] File 19, xtal 325 done.
[Rank 19] File 19, xtal 326 done.
[Rank 19] File 19, xtal 327 done.
[Rank 19] File 19, xtal 328 done.
[Rank 19] File 19, xtal 329 done.
[Rank 19] File 19, xtal 330 done.
[Rank 19] File 19, xtal 331 done.
[Rank 19] File 19, xtal 332 done.
[Rank 19] File 19, xtal 333 done.
[Rank 19] File 19, xtal 334 done.
[Rank 19] File 19, xtal 335 done.
[Rank 19] File 19, xtal 336 done.
[Rank 19] File 19, xtal 337 done.
[Rank 19] File 19, xtal 338 done.
[Rank 19] File 19, xtal 339 done.
[Rank 19] File 19, xtal 340 done.
[Rank 19] File 19, xtal 341 done.
[Rank 19] File 19, xtal 342 done.
[Rank 19] File 19, xtal 343 done.
[Rank 19] File 19, xtal 344 done.
[Rank 19] File 19, xtal 345 done.
[Rank 19] File 19, xtal 346 done.
[Rank 19] File 19, xtal 347 done.
[Rank 19] File 19, xtal 348 done.
[Rank 19] File 19, xtal 349 done.
[Rank 19] File 19, xtal 350 done.
[Rank 19] File 19, xtal 351 done.
[Rank 19] File 19, xtal 352 done.
[Rank 19] File 19, xtal 353 done.
[Rank 19] File 19, xtal 354 done.
[Rank 19] File 19, xtal 355 done.
[Rank 19] File 19, xtal 356 done.
[Rank 19] File 19, xtal 357 done.
[Rank 19] File 19, xtal 358 done.
[Rank 19] File 19, xtal 359 done.
[Rank 19] File 19, xtal 360 done.
[Rank 19] File 19, xtal 361 done.
[Rank 19] File 19, xtal 362 done.
[Rank 19] File 19, xtal 363 done.
[Rank 19] File 19, xtal 364 done.
[Rank 19] File 19, xtal 365 done.
[Rank 19] File 19, xtal 366 done.
[Rank 19] File 19, xtal 367 done.
[Rank 19] File 19, xtal 368 done.
[Rank 19] File 19, xtal 369 done.
[Rank 19] File 19, xtal 370 done.
[Rank 19] File 19, xtal 371 done.
[Rank 19] File 19, xtal 372 done.
[Rank 19] File 19, xtal 373 done.
[Rank 19] File 19, xtal 374 done.
[Rank 19] File 19, xtal 375 done.
[Rank 19] File 19, xtal 376 done.
[Rank 19] File 19, xtal 377 done.
[Rank 19] File 19, xtal 378 done.
[Rank 19] File 19, xtal 379 done.
[Rank 19] File 19, xtal 380 done.
[Rank 19] File 19, xtal 381 done.
[Rank 19] File 19, xtal 382 done.
[Rank 19] File 19, xtal 383 done.
[Rank 19] File 19, xtal 384 done.
[Rank 19] File 19, xtal 385 done.
[Rank 19] File 19, xtal 386 done.
[Rank 19] File 19, xtal 387 done.
[Rank 19] File 19, xtal 388 done.
[Rank 19] File 19, xtal 389 done.
[Rank 19] File 19, xtal 390 done.
[Rank 19] File 19, xtal 391 done.
[Rank 19] File 19, xtal 392 done.
[Rank 19] File 19, xtal 393 done.
[Rank 19] File 19, xtal 394 done.
[Rank 19] File 19, xtal 395 done.
[Rank 19] File 19, xtal 396 done.
[Rank 19] File 19, xtal 397 done.
[Rank 19] File 19, xtal 398 done.
[Rank 19] File 19, xtal 399 done.
[Rank 19] File 19, xtal 400 done.
[Rank 19] File 19, xtal 401 done.
[Rank 19] File 19, xtal 402 done.
[Rank 19] File 19, xtal 403 done.
[Rank 19] File 19, xtal 404 done.
[Rank 19] File 19, xtal 405 done.
[Rank 19] File 19, xtal 406 done.
[Rank 19] File 19, xtal 407 done.
[Rank 19] File 19, xtal 408 done.
[Rank 19] File 19, xtal 409 done.
[Rank 19] File 19, xtal 410 done.
[Rank 19] File 19, xtal 411 done.
[Rank 19] File 19, xtal 412 done.
[Rank 19] File 19, xtal 413 done.
[Rank 19] File 19, xtal 414 done.
[Rank 19] File 19, xtal 415 done.
[Rank 19] File 19, xtal 416 done.
[Rank 19] File 19, xtal 417 done.
[Rank 19] File 19, xtal 418 done.
[Rank 19] File 19, xtal 419 done.
[Rank 19] File 19, xtal 420 done.
[Rank 19] File 19, xtal 421 done.
[Rank 19] File 19, xtal 422 done.
[Rank 19] File 19, xtal 423 done.
[Rank 19] File 19, xtal 424 done.
[Rank 19] File 19, xtal 425 done.
[Rank 19] File 19, xtal 426 done.
[Rank 19] File 19, xtal 427 done.
[Rank 19] File 19, xtal 428 done.
[Rank 19] File 19, xtal 429 done.
[Rank 19] File 19, xtal 430 done.
[Rank 19] File 19, xtal 431 done.
[Rank 19] File 19, xtal 432 done.
[Rank 19] File 19, xtal 433 done.
[Rank 19] File 19, xtal 434 done.
[Rank 19] File 19, xtal 435 done.
[Rank 19] File 19, xtal 436 done.
[Rank 19] File 19, xtal 437 done.
[Rank 19] File 19, xtal 438 done.
[Rank 19] File 19, xtal 439 done.
[Rank 19] File 19, xtal 440 done.
[Rank 19] File 19, xtal 441 done.
[Rank 19] File 19, xtal 442 done.
[Rank 19] File 19, xtal 443 done.
[Rank 19] File 19, xtal 444 done.
[Rank 19] File 19, xtal 445 done.
[Rank 19] File 19, xtal 446 done.
[Rank 19] File 19, xtal 447 done.
[Rank 19] File 19, xtal 448 done.
[Rank 19] File 19, xtal 449 done.
[Rank 19] File 19, xtal 450 done.
[Rank 19] File 19, xtal 451 done.
[Rank 19] File 19, xtal 452 done.
[Rank 19] File 19, xtal 453 done.
[Rank 19] File 19, xtal 454 done.
[Rank 19] File 19, xtal 455 done.
[Rank 19] File 19, xtal 456 done.
[Rank 19] File 19, xtal 457 done.
[Rank 19] File 19, xtal 458 done.
[Rank 19] File 19, xtal 459 done.
[Rank 19] File 19, xtal 460 done.
[Rank 19] File 19, xtal 461 done.
[Rank 19] File 19, xtal 462 done.
[Rank 19] File 19, xtal 463 done.
[Rank 19] File 19, xtal 464 done.
[Rank 19] File 19, xtal 465 done.
[Rank 19] File 19, xtal 466 done.
[Rank 19] File 19, xtal 467 done.
[Rank 19] File 19, xtal 468 done.
[Rank 19] File 19, xtal 469 done.
[Rank 19] File 19, xtal 470 done.
[Rank 19] File 19, xtal 471 done.
[Rank 19] File 19, xtal 472 done.
[Rank 19] File 19, xtal 473 done.
[Rank 19] File 19, xtal 474 done.
[Rank 19] File 19, xtal 475 done.
[Rank 19] File 19, xtal 476 done.
[Rank 19] File 19, xtal 477 done.
[Rank 19] File 19, xtal 478 done.
[Rank 19] File 19, xtal 479 done.
[Rank 19] File 19, xtal 480 done.
[Rank 16] File 16, xtal 241 done.
[Rank 16] File 16, xtal 242 done.
[Rank 16] File 16, xtal 243 done.
[Rank 16] File 16, xtal 244 done.
[Rank 16] File 16, xtal 245 done.
[Rank 16] File 16, xtal 246 done.
[Rank 16] File 16, xtal 247 done.
[Rank 16] File 16, xtal 248 done.
[Rank 16] File 16, xtal 249 done.
[Rank 16] File 16, xtal 250 done.
[Rank 16] File 16, xtal 251 done.
[Rank 16] File 16, xtal 252 done.
[Rank 16] File 16, xtal 253 done.
[Rank 16] File 16, xtal 254 done.
[Rank 16] File 16, xtal 255 done.
[Rank 16] File 16, xtal 256 done.
[Rank 16] File 16, xtal 257 done.
[Rank 16] File 16, xtal 258 done.
[Rank 16] File 16, xtal 259 done.
[Rank 16] File 16, xtal 260 done.
[Rank 16] File 16, xtal 261 done.
[Rank 16] File 16, xtal 262 done.
[Rank 16] File 16, xtal 263 done.
[Rank 16] File 16, xtal 264 done.
[Rank 16] File 16, xtal 265 done.
[Rank 16] File 16, xtal 266 done.
[Rank 16] File 16, xtal 267 done.
[Rank 16] File 16, xtal 268 done.
[Rank 16] File 16, xtal 269 done.
[Rank 16] File 16, xtal 270 done.
[Rank 16] File 16, xtal 271 done.
[Rank 16] File 16, xtal 272 done.
[Rank 16] File 16, xtal 273 done.
[Rank 16] File 16, xtal 274 done.
[Rank 16] File 16, xtal 275 done.
[Rank 16] File 16, xtal 276 done.
[Rank 16] File 16, xtal 277 done.
[Rank 16] File 16, xtal 278 done.
[Rank 16] File 16, xtal 279 done.
[Rank 16] File 16, xtal 280 done.
[Rank 16] File 16, xtal 281 done.
[Rank 16] File 16, xtal 282 done.
[Rank 16] File 16, xtal 283 done.
[Rank 16] File 16, xtal 284 done.
[Rank 16] File 16, xtal 285 done.
[Rank 16] File 16, xtal 286 done.
[Rank 16] File 16, xtal 287 done.
[Rank 16] File 16, xtal 288 done.
[Rank 16] File 16, xtal 289 done.
[Rank 16] File 16, xtal 290 done.
[Rank 16] File 16, xtal 291 done.
[Rank 16] File 16, xtal 292 done.
[Rank 16] File 16, xtal 293 done.
[Rank 16] File 16, xtal 294 done.
[Rank 16] File 16, xtal 295 done.
[Rank 16] File 16, xtal 296 done.
[Rank 16] File 16, xtal 297 done.
[Rank 16] File 16, xtal 298 done.
[Rank 16] File 16, xtal 299 done.
[Rank 16] File 16, xtal 300 done.
[Rank 16] File 16, xtal 301 done.
[Rank 16] File 16, xtal 302 done.
[Rank 16] File 16, xtal 303 done.
[Rank 16] File 16, xtal 304 done.
[Rank 16] File 16, xtal 305 done.
[Rank 16] File 16, xtal 306 done.
[Rank 16] File 16, xtal 307 done.
[Rank 16] File 16, xtal 308 done.
[Rank 16] File 16, xtal 309 done.
[Rank 16] File 16, xtal 310 done.
[Rank 16] File 16, xtal 311 done.
[Rank 16] File 16, xtal 312 done.
[Rank 16] File 16, xtal 313 done.
[Rank 16] File 16, xtal 314 done.
[Rank 16] File 16, xtal 315 done.
[Rank 16] File 16, xtal 316 done.
[Rank 16] File 16, xtal 317 done.
[Rank 16] File 16, xtal 318 done.
[Rank 16] File 16, xtal 319 done.
[Rank 16] File 16, xtal 320 done.
[Rank 16] File 16, xtal 321 done.
[Rank 16] File 16, xtal 322 done.
[Rank 16] File 16, xtal 323 done.
[Rank 16] File 16, xtal 324 done.
[Rank 16] File 16, xtal 325 done.
[Rank 16] File 16, xtal 326 done.
[Rank 16] File 16, xtal 327 done.
[Rank 16] File 16, xtal 328 done.
[Rank 16] File 16, xtal 329 done.
[Rank 16] File 16, xtal 330 done.
[Rank 16] File 16, xtal 331 done.
[Rank 16] File 16, xtal 332 done.
[Rank 16] File 16, xtal 333 done.
[Rank 16] File 16, xtal 334 done.
[Rank 16] File 16, xtal 335 done.
[Rank 16] File 16, xtal 336 done.
[Rank 16] File 16, xtal 337 done.
[Rank 16] File 16, xtal 338 done.
[Rank 16] File 16, xtal 339 done.
[Rank 16] File 16, xtal 340 done.
[Rank 16] File 16, xtal 341 done.
[Rank 16] File 16, xtal 342 done.
[Rank 16] File 16, xtal 343 done.
[Rank 16] File 16, xtal 344 done.
[Rank 16] File 16, xtal 345 done.
[Rank 16] File 16, xtal 346 done.
[Rank 16] File 16, xtal 347 done.
[Rank 16] File 16, xtal 348 done.
[Rank 16] File 16, xtal 349 done.
[Rank 16] File 16, xtal 350 done.
[Rank 16] File 16, xtal 351 done.
[Rank 16] File 16, xtal 352 done.
[Rank 16] File 16, xtal 353 done.
[Rank 16] File 16, xtal 354 done.
[Rank 16] File 16, xtal 355 done.
[Rank 16] File 16, xtal 356 done.
[Rank 16] File 16, xtal 357 done.
[Rank 16] File 16, xtal 358 done.
[Rank 16] File 16, xtal 359 done.
[Rank 16] File 16, xtal 360 done.
[Rank 16] File 16, xtal 361 done.
[Rank 16] File 16, xtal 362 done.
[Rank 16] File 16, xtal 363 done.
[Rank 16] File 16, xtal 364 done.
[Rank 16] File 16, xtal 365 done.
[Rank 16] File 16, xtal 366 done.
[Rank 16] File 16, xtal 367 done.
[Rank 16] File 16, xtal 368 done.
[Rank 16] File 16, xtal 369 done.
[Rank 16] File 16, xtal 370 done.
[Rank 16] File 16, xtal 371 done.
[Rank 16] File 16, xtal 372 done.
[Rank 16] File 16, xtal 373 done.
[Rank 16] File 16, xtal 374 done.
[Rank 16] File 16, xtal 375 done.
[Rank 16] File 16, xtal 376 done.
[Rank 16] File 16, xtal 377 done.
[Rank 16] File 16, xtal 378 done.
[Rank 16] File 16, xtal 379 done.
[Rank 16] File 16, xtal 380 done.
[Rank 16] File 16, xtal 381 done.
[Rank 16] File 16, xtal 382 done.
[Rank 16] File 16, xtal 383 done.
[Rank 16] File 16, xtal 384 done.
[Rank 16] File 16, xtal 385 done.
[Rank 16] File 16, xtal 386 done.
[Rank 16] File 16, xtal 387 done.
[Rank 16] File 16, xtal 388 done.
[Rank 16] File 16, xtal 389 done.
[Rank 16] File 16, xtal 390 done.
[Rank 16] File 16, xtal 391 done.
[Rank 16] File 16, xtal 392 done.
[Rank 16] File 16, xtal 393 done.
[Rank 16] File 16, xtal 394 done.
[Rank 16] File 16, xtal 395 done.
[Rank 16] File 16, xtal 396 done.
[Rank 16] File 16, xtal 397 done.
[Rank 16] File 16, xtal 398 done.
[Rank 16] File 16, xtal 399 done.
[Rank 16] File 16, xtal 400 done.
[Rank 16] File 16, xtal 401 done.
[Rank 16] File 16, xtal 402 done.
[Rank 16] File 16, xtal 403 done.
[Rank 16] File 16, xtal 404 done.
[Rank 16] File 16, xtal 405 done.
[Rank 16] File 16, xtal 406 done.
[Rank 16] File 16, xtal 407 done.
[Rank 16] File 16, xtal 408 done.
[Rank 16] File 16, xtal 409 done.
[Rank 16] File 16, xtal 410 done.
[Rank 16] File 16, xtal 411 done.
[Rank 16] File 16, xtal 412 done.
[Rank 16] File 16, xtal 413 done.
[Rank 16] File 16, xtal 414 done.
[Rank 16] File 16, xtal 415 done.
[Rank 16] File 16, xtal 416 done.
[Rank 16] File 16, xtal 417 done.
[Rank 16] File 16, xtal 418 done.
[Rank 16] File 16, xtal 419 done.
[Rank 16] File 16, xtal 420 done.
[Rank 16] File 16, xtal 421 done.
[Rank 16] File 16, xtal 422 done.
[Rank 16] File 16, xtal 423 done.
[Rank 16] File 16, xtal 424 done.
[Rank 16] File 16, xtal 425 done.
[Rank 16] File 16, xtal 426 done.
[Rank 16] File 16, xtal 427 done.
[Rank 16] File 16, xtal 428 done.
[Rank 16] File 16, xtal 429 done.
[Rank 16] File 16, xtal 430 done.
[Rank 16] File 16, xtal 431 done.
[Rank 16] File 16, xtal 432 done.
[Rank 16] File 16, xtal 433 done.
[Rank 16] File 16, xtal 434 done.
[Rank 16] File 16, xtal 435 done.
[Rank 16] File 16, xtal 436 done.
[Rank 16] File 16, xtal 437 done.
[Rank 16] File 16, xtal 438 done.
[Rank 16] File 16, xtal 439 done.
[Rank 16] File 16, xtal 440 done.
[Rank 16] File 16, xtal 441 done.
[Rank 16] File 16, xtal 442 done.
[Rank 16] File 16, xtal 443 done.
[Rank 16] File 16, xtal 444 done.
[Rank 16] File 16, xtal 445 done.
[Rank 16] File 16, xtal 446 done.
[Rank 16] File 16, xtal 447 done.
[Rank 16] File 16, xtal 448 done.
[Rank 16] File 16, xtal 449 done.
[Rank 16] File 16, xtal 450 done.
[Rank 16] File 16, xtal 451 done.
[Rank 16] File 16, xtal 452 done.
[Rank 16] File 16, xtal 453 done.
[Rank 16] File 16, xtal 454 done.
[Rank 16] File 16, xtal 455 done.
[Rank 16] File 16, xtal 456 done.
[Rank 16] File 16, xtal 457 done.
[Rank 16] File 16, xtal 458 done.
[Rank 16] File 16, xtal 459 done.
[Rank 16] File 16, xtal 460 done.
[Rank 16] File 16, xtal 461 done.
[Rank 16] File 16, xtal 462 done.
[Rank 16] File 16, xtal 463 done.
[Rank 16] File 16, xtal 464 done.
[Rank 16] File 16, xtal 465 done.
[Rank 16] File 16, xtal 466 done.
[Rank 16] File 16, xtal 467 done.
[Rank 16] File 16, xtal 468 done.
[Rank 16] File 16, xtal 469 done.
[Rank 16] File 16, xtal 470 done.
[Rank 16] File 16, xtal 471 done.
[Rank 16] File 16, xtal 472 done.
[Rank 16] File 16, xtal 473 done.
[Rank 16] File 16, xtal 474 done.
[Rank 16] File 16, xtal 475 done.
[Rank 16] File 16, xtal 476 done.
[Rank 16] File 16, xtal 477 done.
[Rank 16] File 16, xtal 478 done.
[Rank 16] File 16, xtal 479 done.
[Rank 16] File 16, xtal 480 done.
[Rank 18] File 18, xtal 241 done.
[Rank 18] File 18, xtal 242 done.
[Rank 18] File 18, xtal 243 done.
[Rank 18] File 18, xtal 244 done.
[Rank 18] File 18, xtal 245 done.
[Rank 18] File 18, xtal 246 done.
[Rank 18] File 18, xtal 247 done.
[Rank 18] File 18, xtal 248 done.
[Rank 18] File 18, xtal 249 done.
[Rank 18] File 18, xtal 250 done.
[Rank 18] File 18, xtal 251 done.
[Rank 18] File 18, xtal 252 done.
[Rank 18] File 18, xtal 253 done.
[Rank 18] File 18, xtal 254 done.
[Rank 18] File 18, xtal 255 done.
[Rank 18] File 18, xtal 256 done.
[Rank 18] File 18, xtal 257 done.
[Rank 18] File 18, xtal 258 done.
[Rank 18] File 18, xtal 259 done.
[Rank 18] File 18, xtal 260 done.
[Rank 18] File 18, xtal 261 done.
[Rank 18] File 18, xtal 262 done.
[Rank 18] File 18, xtal 263 done.
[Rank 18] File 18, xtal 264 done.
[Rank 18] File 18, xtal 265 done.
[Rank 18] File 18, xtal 266 done.
[Rank 18] File 18, xtal 267 done.
[Rank 18] File 18, xtal 268 done.
[Rank 18] File 18, xtal 269 done.
[Rank 18] File 18, xtal 270 done.
[Rank 18] File 18, xtal 271 done.
[Rank 18] File 18, xtal 272 done.
[Rank 18] File 18, xtal 273 done.
[Rank 18] File 18, xtal 274 done.
[Rank 18] File 18, xtal 275 done.
[Rank 18] File 18, xtal 276 done.
[Rank 18] File 18, xtal 277 done.
[Rank 18] File 18, xtal 278 done.
[Rank 18] File 18, xtal 279 done.
[Rank 18] File 18, xtal 280 done.
[Rank 18] File 18, xtal 281 done.
[Rank 18] File 18, xtal 282 done.
[Rank 18] File 18, xtal 283 done.
[Rank 18] File 18, xtal 284 done.
[Rank 18] File 18, xtal 285 done.
[Rank 18] File 18, xtal 286 done.
[Rank 18] File 18, xtal 287 done.
[Rank 18] File 18, xtal 288 done.
[Rank 18] File 18, xtal 289 done.
[Rank 18] File 18, xtal 290 done.
[Rank 18] File 18, xtal 291 done.
[Rank 18] File 18, xtal 292 done.
[Rank 18] File 18, xtal 293 done.
[Rank 18] File 18, xtal 294 done.
[Rank 18] File 18, xtal 295 done.
[Rank 18] File 18, xtal 296 done.
[Rank 18] File 18, xtal 297 done.
[Rank 18] File 18, xtal 298 done.
[Rank 18] File 18, xtal 299 done.
[Rank 18] File 18, xtal 300 done.
[Rank 18] File 18, xtal 301 done.
[Rank 18] File 18, xtal 302 done.
[Rank 18] File 18, xtal 303 done.
[Rank 18] File 18, xtal 304 done.
[Rank 18] File 18, xtal 305 done.
[Rank 18] File 18, xtal 306 done.
[Rank 18] File 18, xtal 307 done.
[Rank 18] File 18, xtal 308 done.
[Rank 18] File 18, xtal 309 done.
[Rank 18] File 18, xtal 310 done.
[Rank 18] File 18, xtal 311 done.
[Rank 18] File 18, xtal 312 done.
[Rank 18] File 18, xtal 313 done.
[Rank 18] File 18, xtal 314 done.
[Rank 18] File 18, xtal 315 done.
[Rank 18] File 18, xtal 316 done.
[Rank 18] File 18, xtal 317 done.
[Rank 18] File 18, xtal 318 done.
[Rank 18] File 18, xtal 319 done.
[Rank 18] File 18, xtal 320 done.
[Rank 18] File 18, xtal 321 done.
[Rank 18] File 18, xtal 322 done.
[Rank 18] File 18, xtal 323 done.
[Rank 18] File 18, xtal 324 done.
[Rank 18] File 18, xtal 325 done.
[Rank 18] File 18, xtal 326 done.
[Rank 18] File 18, xtal 327 done.
[Rank 18] File 18, xtal 328 done.
[Rank 18] File 18, xtal 329 done.
[Rank 18] File 18, xtal 330 done.
[Rank 18] File 18, xtal 331 done.
[Rank 18] File 18, xtal 332 done.
[Rank 18] File 18, xtal 333 done.
[Rank 18] File 18, xtal 334 done.
[Rank 18] File 18, xtal 335 done.
[Rank 18] File 18, xtal 336 done.
[Rank 18] File 18, xtal 337 done.
[Rank 18] File 18, xtal 338 done.
[Rank 18] File 18, xtal 339 done.
[Rank 18] File 18, xtal 340 done.
[Rank 18] File 18, xtal 341 done.
[Rank 18] File 18, xtal 342 done.
[Rank 18] File 18, xtal 343 done.
[Rank 18] File 18, xtal 344 done.
[Rank 18] File 18, xtal 345 done.
[Rank 18] File 18, xtal 346 done.
[Rank 18] File 18, xtal 347 done.
[Rank 18] File 18, xtal 348 done.
[Rank 18] File 18, xtal 349 done.
[Rank 18] File 18, xtal 350 done.
[Rank 18] File 18, xtal 351 done.
[Rank 18] File 18, xtal 352 done.
[Rank 18] File 18, xtal 353 done.
[Rank 18] File 18, xtal 354 done.
[Rank 18] File 18, xtal 355 done.
[Rank 18] File 18, xtal 356 done.
[Rank 18] File 18, xtal 357 done.
[Rank 18] File 18, xtal 358 done.
[Rank 18] File 18, xtal 359 done.
[Rank 18] File 18, xtal 360 done.
[Rank 18] File 18, xtal 361 done.
[Rank 18] File 18, xtal 362 done.
[Rank 18] File 18, xtal 363 done.
[Rank 18] File 18, xtal 364 done.
[Rank 18] File 18, xtal 365 done.
[Rank 18] File 18, xtal 366 done.
[Rank 18] File 18, xtal 367 done.
[Rank 18] File 18, xtal 368 done.
[Rank 18] File 18, xtal 369 done.
[Rank 18] File 18, xtal 370 done.
[Rank 18] File 18, xtal 371 done.
[Rank 18] File 18, xtal 372 done.
[Rank 18] File 18, xtal 373 done.
[Rank 18] File 18, xtal 374 done.
[Rank 18] File 18, xtal 375 done.
[Rank 18] File 18, xtal 376 done.
[Rank 18] File 18, xtal 377 done.
[Rank 18] File 18, xtal 378 done.
[Rank 18] File 18, xtal 379 done.
[Rank 18] File 18, xtal 380 done.
[Rank 18] File 18, xtal 381 done.
[Rank 18] File 18, xtal 382 done.
[Rank 18] File 18, xtal 383 done.
[Rank 18] File 18, xtal 384 done.
[Rank 18] File 18, xtal 385 done.
[Rank 18] File 18, xtal 386 done.
[Rank 18] File 18, xtal 387 done.
[Rank 18] File 18, xtal 388 done.
[Rank 18] File 18, xtal 389 done.
[Rank 18] File 18, xtal 390 done.
[Rank 18] File 18, xtal 391 done.
[Rank 18] File 18, xtal 392 done.
[Rank 18] File 18, xtal 393 done.
[Rank 18] File 18, xtal 394 done.
[Rank 18] File 18, xtal 395 done.
[Rank 18] File 18, xtal 396 done.
[Rank 18] File 18, xtal 397 done.
[Rank 18] File 18, xtal 398 done.
[Rank 18] File 18, xtal 399 done.
[Rank 18] File 18, xtal 400 done.
[Rank 18] File 18, xtal 401 done.
[Rank 18] File 18, xtal 402 done.
[Rank 18] File 18, xtal 403 done.
[Rank 18] File 18, xtal 404 done.
[Rank 18] File 18, xtal 405 done.
[Rank 18] File 18, xtal 406 done.
[Rank 18] File 18, xtal 407 done.
[Rank 18] File 18, xtal 408 done.
[Rank 18] File 18, xtal 409 done.
[Rank 18] File 18, xtal 410 done.
[Rank 18] File 18, xtal 411 done.
[Rank 18] File 18, xtal 412 done.
[Rank 18] File 18, xtal 413 done.
[Rank 18] File 18, xtal 414 done.
[Rank 18] File 18, xtal 415 done.
[Rank 18] File 18, xtal 416 done.
[Rank 18] File 18, xtal 417 done.
[Rank 18] File 18, xtal 418 done.
[Rank 18] File 18, xtal 419 done.
[Rank 18] File 18, xtal 420 done.
[Rank 18] File 18, xtal 421 done.
[Rank 18] File 18, xtal 422 done.
[Rank 18] File 18, xtal 423 done.
[Rank 18] File 18, xtal 424 done.
[Rank 18] File 18, xtal 425 done.
[Rank 18] File 18, xtal 426 done.
[Rank 18] File 18, xtal 427 done.
[Rank 18] File 18, xtal 428 done.
[Rank 18] File 18, xtal 429 done.
[Rank 18] File 18, xtal 430 done.
[Rank 18] File 18, xtal 431 done.
[Rank 18] File 18, xtal 432 done.
[Rank 18] File 18, xtal 433 done.
[Rank 18] File 18, xtal 434 done.
[Rank 18] File 18, xtal 435 done.
[Rank 18] File 18, xtal 436 done.
[Rank 18] File 18, xtal 437 done.
[Rank 18] File 18, xtal 438 done.
[Rank 18] File 18, xtal 439 done.
[Rank 18] File 18, xtal 440 done.
[Rank 18] File 18, xtal 441 done.
[Rank 18] File 18, xtal 442 done.
[Rank 18] File 18, xtal 443 done.
[Rank 18] File 18, xtal 444 done.
[Rank 18] File 18, xtal 445 done.
[Rank 18] File 18, xtal 446 done.
[Rank 18] File 18, xtal 447 done.
[Rank 18] File 18, xtal 448 done.
[Rank 18] File 18, xtal 449 done.
[Rank 18] File 18, xtal 450 done.
[Rank 18] File 18, xtal 451 done.
[Rank 18] File 18, xtal 452 done.
[Rank 18] File 18, xtal 453 done.
[Rank 18] File 18, xtal 454 done.
[Rank 18] File 18, xtal 455 done.
[Rank 18] File 18, xtal 456 done.
[Rank 18] File 18, xtal 457 done.
[Rank 18] File 18, xtal 458 done.
[Rank 18] File 18, xtal 459 done.
[Rank 18] File 18, xtal 460 done.
[Rank 18] File 18, xtal 461 done.
[Rank 18] File 18, xtal 462 done.
[Rank 18] File 18, xtal 463 done.
[Rank 18] File 18, xtal 464 done.
[Rank 18] File 18, xtal 465 done.
[Rank 18] File 18, xtal 466 done.
[Rank 18] File 18, xtal 467 done.
[Rank 18] File 18, xtal 468 done.
[Rank 18] File 18, xtal 469 done.
[Rank 18] File 18, xtal 470 done.
[Rank 18] File 18, xtal 471 done.
[Rank 18] File 18, xtal 472 done.
[Rank 18] File 18, xtal 473 done.
[Rank 18] File 18, xtal 474 done.
[Rank 18] File 18, xtal 475 done.
[Rank 18] File 18, xtal 476 done.
[Rank 18] File 18, xtal 477 done.
[Rank 18] File 18, xtal 478 done.
[Rank 18] File 18, xtal 479 done.
[Rank 18] File 18, xtal 480 done.
[Rank 20] File 20, xtal 241 done.
[Rank 20] File 20, xtal 242 done.
[Rank 20] File 20, xtal 243 done.
[Rank 20] File 20, xtal 244 done.
[Rank 20] File 20, xtal 245 done.
[Rank 20] File 20, xtal 246 done.
[Rank 20] File 20, xtal 247 done.
[Rank 20] File 20, xtal 248 done.
[Rank 20] File 20, xtal 249 done.
[Rank 20] File 20, xtal 250 done.
[Rank 20] File 20, xtal 251 done.
[Rank 20] File 20, xtal 252 done.
[Rank 20] File 20, xtal 253 done.
[Rank 20] File 20, xtal 254 done.
[Rank 20] File 20, xtal 255 done.
[Rank 20] File 20, xtal 256 done.
[Rank 20] File 20, xtal 257 done.
[Rank 20] File 20, xtal 258 done.
[Rank 20] File 20, xtal 259 done.
[Rank 20] File 20, xtal 260 done.
[Rank 20] File 20, xtal 261 done.
[Rank 20] File 20, xtal 262 done.
[Rank 20] File 20, xtal 263 done.
[Rank 20] File 20, xtal 264 done.
[Rank 20] File 20, xtal 265 done.
[Rank 20] File 20, xtal 266 done.
[Rank 20] File 20, xtal 267 done.
[Rank 20] File 20, xtal 268 done.
[Rank 20] File 20, xtal 269 done.
[Rank 20] File 20, xtal 270 done.
[Rank 20] File 20, xtal 271 done.
[Rank 20] File 20, xtal 272 done.
[Rank 20] File 20, xtal 273 done.
[Rank 20] File 20, xtal 274 done.
[Rank 20] File 20, xtal 275 done.
[Rank 20] File 20, xtal 276 done.
[Rank 20] File 20, xtal 277 done.
[Rank 20] File 20, xtal 278 done.
[Rank 20] File 20, xtal 279 done.
[Rank 20] File 20, xtal 280 done.
[Rank 20] File 20, xtal 281 done.
[Rank 20] File 20, xtal 282 done.
[Rank 20] File 20, xtal 283 done.
[Rank 20] File 20, xtal 284 done.
[Rank 20] File 20, xtal 285 done.
[Rank 20] File 20, xtal 286 done.
[Rank 20] File 20, xtal 287 done.
[Rank 20] File 20, xtal 288 done.
[Rank 20] File 20, xtal 289 done.
[Rank 20] File 20, xtal 290 done.
[Rank 20] File 20, xtal 291 done.
[Rank 20] File 20, xtal 292 done.
[Rank 20] File 20, xtal 293 done.
[Rank 20] File 20, xtal 294 done.
[Rank 20] File 20, xtal 295 done.
[Rank 20] File 20, xtal 296 done.
[Rank 20] File 20, xtal 297 done.
[Rank 20] File 20, xtal 298 done.
[Rank 20] File 20, xtal 299 done.
[Rank 20] File 20, xtal 300 done.
[Rank 20] File 20, xtal 301 done.
[Rank 20] File 20, xtal 302 done.
[Rank 20] File 20, xtal 303 done.
[Rank 20] File 20, xtal 304 done.
[Rank 20] File 20, xtal 305 done.
[Rank 20] File 20, xtal 306 done.
[Rank 20] File 20, xtal 307 done.
[Rank 20] File 20, xtal 308 done.
[Rank 20] File 20, xtal 309 done.
[Rank 20] File 20, xtal 310 done.
[Rank 20] File 20, xtal 311 done.
[Rank 20] File 20, xtal 312 done.
[Rank 20] File 20, xtal 313 done.
[Rank 20] File 20, xtal 314 done.
[Rank 20] File 20, xtal 315 done.
[Rank 20] File 20, xtal 316 done.
[Rank 20] File 20, xtal 317 done.
[Rank 20] File 20, xtal 318 done.
[Rank 20] File 20, xtal 319 done.
[Rank 20] File 20, xtal 320 done.
[Rank 20] File 20, xtal 321 done.
[Rank 20] File 20, xtal 322 done.
[Rank 20] File 20, xtal 323 done.
[Rank 20] File 20, xtal 324 done.
[Rank 20] File 20, xtal 325 done.
[Rank 20] File 20, xtal 326 done.
[Rank 20] File 20, xtal 327 done.
[Rank 20] File 20, xtal 328 done.
[Rank 20] File 20, xtal 329 done.
[Rank 20] File 20, xtal 330 done.
[Rank 20] File 20, xtal 331 done.
[Rank 20] File 20, xtal 332 done.
[Rank 20] File 20, xtal 333 done.
[Rank 20] File 20, xtal 334 done.
[Rank 20] File 20, xtal 335 done.
[Rank 20] File 20, xtal 336 done.
[Rank 20] File 20, xtal 337 done.
[Rank 20] File 20, xtal 338 done.
[Rank 20] File 20, xtal 339 done.
[Rank 20] File 20, xtal 340 done.
[Rank 20] File 20, xtal 341 done.
[Rank 20] File 20, xtal 342 done.
[Rank 20] File 20, xtal 343 done.
[Rank 20] File 20, xtal 344 done.
[Rank 20] File 20, xtal 345 done.
[Rank 20] File 20, xtal 346 done.
[Rank 20] File 20, xtal 347 done.
[Rank 20] File 20, xtal 348 done.
[Rank 20] File 20, xtal 349 done.
[Rank 20] File 20, xtal 350 done.
[Rank 20] File 20, xtal 351 done.
[Rank 20] File 20, xtal 352 done.
[Rank 20] File 20, xtal 353 done.
[Rank 20] File 20, xtal 354 done.
[Rank 20] File 20, xtal 355 done.
[Rank 20] File 20, xtal 356 done.
[Rank 20] File 20, xtal 357 done.
[Rank 20] File 20, xtal 358 done.
[Rank 20] File 20, xtal 359 done.
[Rank 20] File 20, xtal 360 done.
[Rank 20] File 20, xtal 361 done.
[Rank 20] File 20, xtal 362 done.
[Rank 20] File 20, xtal 363 done.
[Rank 20] File 20, xtal 364 done.
[Rank 20] File 20, xtal 365 done.
[Rank 20] File 20, xtal 366 done.
[Rank 20] File 20, xtal 367 done.
[Rank 20] File 20, xtal 368 done.
[Rank 20] File 20, xtal 369 done.
[Rank 20] File 20, xtal 370 done.
[Rank 20] File 20, xtal 371 done.
[Rank 20] File 20, xtal 372 done.
[Rank 20] File 20, xtal 373 done.
[Rank 20] File 20, xtal 374 done.
[Rank 20] File 20, xtal 375 done.
[Rank 20] File 20, xtal 376 done.
[Rank 20] File 20, xtal 377 done.
[Rank 20] File 20, xtal 378 done.
[Rank 20] File 20, xtal 379 done.
[Rank 20] File 20, xtal 380 done.
[Rank 20] File 20, xtal 381 done.
[Rank 20] File 20, xtal 382 done.
[Rank 20] File 20, xtal 383 done.
[Rank 20] File 20, xtal 384 done.
[Rank 20] File 20, xtal 385 done.
[Rank 20] File 20, xtal 386 done.
[Rank 20] File 20, xtal 387 done.
[Rank 20] File 20, xtal 388 done.
[Rank 20] File 20, xtal 389 done.
[Rank 20] File 20, xtal 390 done.
[Rank 20] File 20, xtal 391 done.
[Rank 20] File 20, xtal 392 done.
[Rank 20] File 20, xtal 393 done.
[Rank 20] File 20, xtal 394 done.
[Rank 20] File 20, xtal 395 done.
[Rank 20] File 20, xtal 396 done.
[Rank 20] File 20, xtal 397 done.
[Rank 20] File 20, xtal 398 done.
[Rank 20] File 20, xtal 399 done.
[Rank 20] File 20, xtal 400 done.
[Rank 20] File 20, xtal 401 done.
[Rank 20] File 20, xtal 402 done.
[Rank 20] File 20, xtal 403 done.
[Rank 20] File 20, xtal 404 done.
[Rank 20] File 20, xtal 405 done.
[Rank 20] File 20, xtal 406 done.
[Rank 20] File 20, xtal 407 done.
[Rank 20] File 20, xtal 408 done.
[Rank 20] File 20, xtal 409 done.
[Rank 20] File 20, xtal 410 done.
[Rank 20] File 20, xtal 411 done.
[Rank 20] File 20, xtal 412 done.
[Rank 20] File 20, xtal 413 done.
[Rank 20] File 20, xtal 414 done.
[Rank 20] File 20, xtal 415 done.
[Rank 20] File 20, xtal 416 done.
[Rank 20] File 20, xtal 417 done.
[Rank 20] File 20, xtal 418 done.
[Rank 20] File 20, xtal 419 done.
[Rank 20] File 20, xtal 420 done.
[Rank 20] File 20, xtal 421 done.
[Rank 20] File 20, xtal 422 done.
[Rank 20] File 20, xtal 423 done.
[Rank 20] File 20, xtal 424 done.
[Rank 20] File 20, xtal 425 done.
[Rank 20] File 20, xtal 426 done.
[Rank 20] File 20, xtal 427 done.
[Rank 20] File 20, xtal 428 done.
[Rank 20] File 20, xtal 429 done.
[Rank 20] File 20, xtal 430 done.
[Rank 20] File 20, xtal 431 done.
[Rank 20] File 20, xtal 432 done.
[Rank 20] File 20, xtal 433 done.
[Rank 20] File 20, xtal 434 done.
[Rank 20] File 20, xtal 435 done.
[Rank 20] File 20, xtal 436 done.
[Rank 20] File 20, xtal 437 done.
[Rank 20] File 20, xtal 438 done.
[Rank 20] File 20, xtal 439 done.
[Rank 20] File 20, xtal 440 done.
[Rank 20] File 20, xtal 441 done.
[Rank 20] File 20, xtal 442 done.
[Rank 20] File 20, xtal 443 done.
[Rank 20] File 20, xtal 444 done.
[Rank 20] File 20, xtal 445 done.
[Rank 20] File 20, xtal 446 done.
[Rank 20] File 20, xtal 447 done.
[Rank 20] File 20, xtal 448 done.
[Rank 20] File 20, xtal 449 done.
[Rank 20] File 20, xtal 450 done.
[Rank 20] File 20, xtal 451 done.
[Rank 20] File 20, xtal 452 done.
[Rank 20] File 20, xtal 453 done.
[Rank 20] File 20, xtal 454 done.
[Rank 20] File 20, xtal 455 done.
[Rank 20] File 20, xtal 456 done.
[Rank 20] File 20, xtal 457 done.
[Rank 20] File 20, xtal 458 done.
[Rank 20] File 20, xtal 459 done.
[Rank 20] File 20, xtal 460 done.
[Rank 20] File 20, xtal 461 done.
[Rank 20] File 20, xtal 462 done.
[Rank 20] File 20, xtal 463 done.
[Rank 20] File 20, xtal 464 done.
[Rank 20] File 20, xtal 465 done.
[Rank 20] File 20, xtal 466 done.
[Rank 20] File 20, xtal 467 done.
[Rank 20] File 20, xtal 468 done.
[Rank 20] File 20, xtal 469 done.
[Rank 20] File 20, xtal 470 done.
[Rank 20] File 20, xtal 471 done.
[Rank 20] File 20, xtal 472 done.
[Rank 20] File 20, xtal 473 done.
[Rank 20] File 20, xtal 474 done.
[Rank 20] File 20, xtal 475 done.
[Rank 20] File 20, xtal 476 done.
[Rank 20] File 20, xtal 477 done.
[Rank 20] File 20, xtal 478 done.
[Rank 20] File 20, xtal 479 done.
[Rank 20] File 20, xtal 480 done.
[Rank 17] File 17, xtal 241 done.
[Rank 17] File 17, xtal 242 done.
[Rank 17] File 17, xtal 243 done.
[Rank 17] File 17, xtal 244 done.
[Rank 17] File 17, xtal 245 done.
[Rank 17] File 17, xtal 246 done.
[Rank 17] File 17, xtal 247 done.
[Rank 17] File 17, xtal 248 done.
[Rank 17] File 17, xtal 249 done.
[Rank 17] File 17, xtal 250 done.
[Rank 17] File 17, xtal 251 done.
[Rank 17] File 17, xtal 252 done.
[Rank 17] File 17, xtal 253 done.
[Rank 17] File 17, xtal 254 done.
[Rank 17] File 17, xtal 255 done.
[Rank 17] File 17, xtal 256 done.
[Rank 17] File 17, xtal 257 done.
[Rank 17] File 17, xtal 258 done.
[Rank 17] File 17, xtal 259 done.
[Rank 17] File 17, xtal 260 done.
[Rank 17] File 17, xtal 261 done.
[Rank 17] File 17, xtal 262 done.
[Rank 17] File 17, xtal 263 done.
[Rank 17] File 17, xtal 264 done.
[Rank 17] File 17, xtal 265 done.
[Rank 17] File 17, xtal 266 done.
[Rank 17] File 17, xtal 267 done.
[Rank 17] File 17, xtal 268 done.
[Rank 17] File 17, xtal 269 done.
[Rank 17] File 17, xtal 270 done.
[Rank 17] File 17, xtal 271 done.
[Rank 17] File 17, xtal 272 done.
[Rank 17] File 17, xtal 273 done.
[Rank 17] File 17, xtal 274 done.
[Rank 17] File 17, xtal 275 done.
[Rank 17] File 17, xtal 276 done.
[Rank 17] File 17, xtal 277 done.
[Rank 17] File 17, xtal 278 done.
[Rank 17] File 17, xtal 279 done.
[Rank 17] File 17, xtal 280 done.
[Rank 17] File 17, xtal 281 done.
[Rank 17] File 17, xtal 282 done.
[Rank 17] File 17, xtal 283 done.
[Rank 17] File 17, xtal 284 done.
[Rank 17] File 17, xtal 285 done.
[Rank 17] File 17, xtal 286 done.
[Rank 17] File 17, xtal 287 done.
[Rank 17] File 17, xtal 288 done.
[Rank 17] File 17, xtal 289 done.
[Rank 17] File 17, xtal 290 done.
[Rank 17] File 17, xtal 291 done.
[Rank 17] File 17, xtal 292 done.
[Rank 17] File 17, xtal 293 done.
[Rank 17] File 17, xtal 294 done.
[Rank 17] File 17, xtal 295 done.
[Rank 17] File 17, xtal 296 done.
[Rank 17] File 17, xtal 297 done.
[Rank 17] File 17, xtal 298 done.
[Rank 17] File 17, xtal 299 done.
[Rank 17] File 17, xtal 300 done.
[Rank 17] File 17, xtal 301 done.
[Rank 17] File 17, xtal 302 done.
[Rank 17] File 17, xtal 303 done.
[Rank 17] File 17, xtal 304 done.
[Rank 17] File 17, xtal 305 done.
[Rank 17] File 17, xtal 306 done.
[Rank 17] File 17, xtal 307 done.
[Rank 17] File 17, xtal 308 done.
[Rank 17] File 17, xtal 309 done.
[Rank 17] File 17, xtal 310 done.
[Rank 17] File 17, xtal 311 done.
[Rank 17] File 17, xtal 312 done.
[Rank 17] File 17, xtal 313 done.
[Rank 17] File 17, xtal 314 done.
[Rank 17] File 17, xtal 315 done.
[Rank 17] File 17, xtal 316 done.
[Rank 17] File 17, xtal 317 done.
[Rank 17] File 17, xtal 318 done.
[Rank 17] File 17, xtal 319 done.
[Rank 17] File 17, xtal 320 done.
[Rank 17] File 17, xtal 321 done.
[Rank 17] File 17, xtal 322 done.
[Rank 17] File 17, xtal 323 done.
[Rank 17] File 17, xtal 324 done.
[Rank 17] File 17, xtal 325 done.
[Rank 17] File 17, xtal 326 done.
[Rank 17] File 17, xtal 327 done.
[Rank 17] File 17, xtal 328 done.
[Rank 17] File 17, xtal 329 done.
[Rank 17] File 17, xtal 330 done.
[Rank 17] File 17, xtal 331 done.
[Rank 17] File 17, xtal 332 done.
[Rank 17] File 17, xtal 333 done.
[Rank 17] File 17, xtal 334 done.
[Rank 17] File 17, xtal 335 done.
[Rank 17] File 17, xtal 336 done.
[Rank 17] File 17, xtal 337 done.
[Rank 17] File 17, xtal 338 done.
[Rank 17] File 17, xtal 339 done.
[Rank 17] File 17, xtal 340 done.
[Rank 17] File 17, xtal 341 done.
[Rank 17] File 17, xtal 342 done.
[Rank 17] File 17, xtal 343 done.
[Rank 17] File 17, xtal 344 done.
[Rank 17] File 17, xtal 345 done.
[Rank 17] File 17, xtal 346 done.
[Rank 17] File 17, xtal 347 done.
[Rank 17] File 17, xtal 348 done.
[Rank 17] File 17, xtal 349 done.
[Rank 17] File 17, xtal 350 done.
[Rank 17] File 17, xtal 351 done.
[Rank 17] File 17, xtal 352 done.
[Rank 17] File 17, xtal 353 done.
[Rank 17] File 17, xtal 354 done.
[Rank 17] File 17, xtal 355 done.
[Rank 17] File 17, xtal 356 done.
[Rank 17] File 17, xtal 357 done.
[Rank 17] File 17, xtal 358 done.
[Rank 17] File 17, xtal 359 done.
[Rank 17] File 17, xtal 360 done.
[Rank 17] File 17, xtal 361 done.
[Rank 17] File 17, xtal 362 done.
[Rank 17] File 17, xtal 363 done.
[Rank 17] File 17, xtal 364 done.
[Rank 17] File 17, xtal 365 done.
[Rank 17] File 17, xtal 366 done.
[Rank 17] File 17, xtal 367 done.
[Rank 17] File 17, xtal 368 done.
[Rank 17] File 17, xtal 369 done.
[Rank 17] File 17, xtal 370 done.
[Rank 17] File 17, xtal 371 done.
[Rank 17] File 17, xtal 372 done.
[Rank 17] File 17, xtal 373 done.
[Rank 17] File 17, xtal 374 done.
[Rank 17] File 17, xtal 375 done.
[Rank 17] File 17, xtal 376 done.
[Rank 17] File 17, xtal 377 done.
[Rank 17] File 17, xtal 378 done.
[Rank 17] File 17, xtal 379 done.
[Rank 17] File 17, xtal 380 done.
[Rank 17] File 17, xtal 381 done.
[Rank 17] File 17, xtal 382 done.
[Rank 17] File 17, xtal 383 done.
[Rank 17] File 17, xtal 384 done.
[Rank 17] File 17, xtal 385 done.
[Rank 17] File 17, xtal 386 done.
[Rank 17] File 17, xtal 387 done.
[Rank 17] File 17, xtal 388 done.
[Rank 17] File 17, xtal 389 done.
[Rank 17] File 17, xtal 390 done.
[Rank 17] File 17, xtal 391 done.
[Rank 17] File 17, xtal 392 done.
[Rank 17] File 17, xtal 393 done.
[Rank 17] File 17, xtal 394 done.
[Rank 17] File 17, xtal 395 done.
[Rank 17] File 17, xtal 396 done.
[Rank 17] File 17, xtal 397 done.
[Rank 17] File 17, xtal 398 done.
[Rank 17] File 17, xtal 399 done.
[Rank 17] File 17, xtal 400 done.
[Rank 17] File 17, xtal 401 done.
[Rank 17] File 17, xtal 402 done.
[Rank 17] File 17, xtal 403 done.
[Rank 17] File 17, xtal 404 done.
[Rank 17] File 17, xtal 405 done.
[Rank 17] File 17, xtal 406 done.
[Rank 17] File 17, xtal 407 done.
[Rank 17] File 17, xtal 408 done.
[Rank 17] File 17, xtal 409 done.
[Rank 17] File 17, xtal 410 done.
[Rank 17] File 17, xtal 411 done.
[Rank 17] File 17, xtal 412 done.
[Rank 17] File 17, xtal 413 done.
[Rank 17] File 17, xtal 414 done.
[Rank 17] File 17, xtal 415 done.
[Rank 17] File 17, xtal 416 done.
[Rank 17] File 17, xtal 417 done.
[Rank 17] File 17, xtal 418 done.
[Rank 17] File 17, xtal 419 done.
[Rank 17] File 17, xtal 420 done.
[Rank 17] File 17, xtal 421 done.
[Rank 17] File 17, xtal 422 done.
[Rank 17] File 17, xtal 423 done.
[Rank 17] File 17, xtal 424 done.
[Rank 17] File 17, xtal 425 done.
[Rank 17] File 17, xtal 426 done.
[Rank 17] File 17, xtal 427 done.
[Rank 17] File 17, xtal 428 done.
[Rank 17] File 17, xtal 429 done.
[Rank 17] File 17, xtal 430 done.
[Rank 17] File 17, xtal 431 done.
[Rank 17] File 17, xtal 432 done.
[Rank 17] File 17, xtal 433 done.
[Rank 17] File 17, xtal 434 done.
[Rank 17] File 17, xtal 435 done.
[Rank 17] File 17, xtal 436 done.
[Rank 17] File 17, xtal 437 done.
[Rank 17] File 17, xtal 438 done.
[Rank 17] File 17, xtal 439 done.
[Rank 17] File 17, xtal 440 done.
[Rank 17] File 17, xtal 441 done.
[Rank 17] File 17, xtal 442 done.
[Rank 17] File 17, xtal 443 done.
[Rank 17] File 17, xtal 444 done.
[Rank 17] File 17, xtal 445 done.
[Rank 17] File 17, xtal 446 done.
[Rank 17] File 17, xtal 447 done.
[Rank 17] File 17, xtal 448 done.
[Rank 17] File 17, xtal 449 done.
[Rank 17] File 17, xtal 450 done.
[Rank 17] File 17, xtal 451 done.
[Rank 17] File 17, xtal 452 done.
[Rank 17] File 17, xtal 453 done.
[Rank 17] File 17, xtal 454 done.
[Rank 17] File 17, xtal 455 done.
[Rank 17] File 17, xtal 456 done.
[Rank 17] File 17, xtal 457 done.
[Rank 17] File 17, xtal 458 done.
[Rank 17] File 17, xtal 459 done.
[Rank 17] File 17, xtal 460 done.
[Rank 17] File 17, xtal 461 done.
[Rank 17] File 17, xtal 462 done.
[Rank 17] File 17, xtal 463 done.
[Rank 17] File 17, xtal 464 done.
[Rank 17] File 17, xtal 465 done.
[Rank 17] File 17, xtal 466 done.
[Rank 17] File 17, xtal 467 done.
[Rank 17] File 17, xtal 468 done.
[Rank 17] File 17, xtal 469 done.
[Rank 17] File 17, xtal 470 done.
[Rank 17] File 17, xtal 471 done.
[Rank 17] File 17, xtal 472 done.
[Rank 17] File 17, xtal 473 done.
[Rank 17] File 17, xtal 474 done.
[Rank 17] File 17, xtal 475 done.
[Rank 17] File 17, xtal 476 done.
[Rank 17] File 17, xtal 477 done.
[Rank 17] File 17, xtal 478 done.
[Rank 17] File 17, xtal 479 done.
[Rank 17] File 17, xtal 480 done.
[Rank 15] File 15, xtal 241 done.
[Rank 15] File 15, xtal 242 done.
[Rank 15] File 15, xtal 243 done.
[Rank 15] File 15, xtal 244 done.
[Rank 15] File 15, xtal 245 done.
[Rank 15] File 15, xtal 246 done.
[Rank 15] File 15, xtal 247 done.
[Rank 15] File 15, xtal 248 done.
[Rank 15] File 15, xtal 249 done.
[Rank 15] File 15, xtal 250 done.
[Rank 15] File 15, xtal 251 done.
[Rank 15] File 15, xtal 252 done.
[Rank 15] File 15, xtal 253 done.
[Rank 15] File 15, xtal 254 done.
[Rank 15] File 15, xtal 255 done.
[Rank 15] File 15, xtal 256 done.
[Rank 15] File 15, xtal 257 done.
[Rank 15] File 15, xtal 258 done.
[Rank 15] File 15, xtal 259 done.
[Rank 15] File 15, xtal 260 done.
[Rank 15] File 15, xtal 261 done.
[Rank 15] File 15, xtal 262 done.
[Rank 15] File 15, xtal 263 done.
[Rank 15] File 15, xtal 264 done.
[Rank 15] File 15, xtal 265 done.
[Rank 15] File 15, xtal 266 done.
[Rank 15] File 15, xtal 267 done.
[Rank 15] File 15, xtal 268 done.
[Rank 15] File 15, xtal 269 done.
[Rank 15] File 15, xtal 270 done.
[Rank 15] File 15, xtal 271 done.
[Rank 15] File 15, xtal 272 done.
[Rank 15] File 15, xtal 273 done.
[Rank 15] File 15, xtal 274 done.
[Rank 15] File 15, xtal 275 done.
[Rank 15] File 15, xtal 276 done.
[Rank 15] File 15, xtal 277 done.
[Rank 15] File 15, xtal 278 done.
[Rank 15] File 15, xtal 279 done.
[Rank 15] File 15, xtal 280 done.
[Rank 15] File 15, xtal 281 done.
[Rank 15] File 15, xtal 282 done.
[Rank 15] File 15, xtal 283 done.
[Rank 15] File 15, xtal 284 done.
[Rank 15] File 15, xtal 285 done.
[Rank 15] File 15, xtal 286 done.
[Rank 15] File 15, xtal 287 done.
[Rank 15] File 15, xtal 288 done.
[Rank 15] File 15, xtal 289 done.
[Rank 15] File 15, xtal 290 done.
[Rank 15] File 15, xtal 291 done.
[Rank 15] File 15, xtal 292 done.
[Rank 15] File 15, xtal 293 done.
[Rank 15] File 15, xtal 294 done.
[Rank 15] File 15, xtal 295 done.
[Rank 15] File 15, xtal 296 done.
[Rank 15] File 15, xtal 297 done.
[Rank 15] File 15, xtal 298 done.
[Rank 15] File 15, xtal 299 done.
[Rank 15] File 15, xtal 300 done.
[Rank 15] File 15, xtal 301 done.
[Rank 15] File 15, xtal 302 done.
[Rank 15] File 15, xtal 303 done.
[Rank 15] File 15, xtal 304 done.
[Rank 15] File 15, xtal 305 done.
[Rank 15] File 15, xtal 306 done.
[Rank 15] File 15, xtal 307 done.
[Rank 15] File 15, xtal 308 done.
[Rank 15] File 15, xtal 309 done.
[Rank 15] File 15, xtal 310 done.
[Rank 15] File 15, xtal 311 done.
[Rank 15] File 15, xtal 312 done.
[Rank 15] File 15, xtal 313 done.
[Rank 15] File 15, xtal 314 done.
[Rank 15] File 15, xtal 315 done.
[Rank 15] File 15, xtal 316 done.
[Rank 15] File 15, xtal 317 done.
[Rank 15] File 15, xtal 318 done.
[Rank 15] File 15, xtal 319 done.
[Rank 15] File 15, xtal 320 done.
[Rank 15] File 15, xtal 321 done.
[Rank 15] File 15, xtal 322 done.
[Rank 15] File 15, xtal 323 done.
[Rank 15] File 15, xtal 324 done.
[Rank 15] File 15, xtal 325 done.
[Rank 15] File 15, xtal 326 done.
[Rank 15] File 15, xtal 327 done.
[Rank 15] File 15, xtal 328 done.
[Rank 15] File 15, xtal 329 done.
[Rank 15] File 15, xtal 330 done.
[Rank 15] File 15, xtal 331 done.
[Rank 15] File 15, xtal 332 done.
[Rank 15] File 15, xtal 333 done.
[Rank 15] File 15, xtal 334 done.
[Rank 15] File 15, xtal 335 done.
[Rank 15] File 15, xtal 336 done.
[Rank 15] File 15, xtal 337 done.
[Rank 15] File 15, xtal 338 done.
[Rank 15] File 15, xtal 339 done.
[Rank 15] File 15, xtal 340 done.
[Rank 15] File 15, xtal 341 done.
[Rank 15] File 15, xtal 342 done.
[Rank 15] File 15, xtal 343 done.
[Rank 15] File 15, xtal 344 done.
[Rank 15] File 15, xtal 345 done.
[Rank 15] File 15, xtal 346 done.
[Rank 15] File 15, xtal 347 done.
[Rank 15] File 15, xtal 348 done.
[Rank 15] File 15, xtal 349 done.
[Rank 15] File 15, xtal 350 done.
[Rank 15] File 15, xtal 351 done.
[Rank 15] File 15, xtal 352 done.
[Rank 15] File 15, xtal 353 done.
[Rank 15] File 15, xtal 354 done.
[Rank 15] File 15, xtal 355 done.
[Rank 15] File 15, xtal 356 done.
[Rank 15] File 15, xtal 357 done.
[Rank 15] File 15, xtal 358 done.
[Rank 15] File 15, xtal 359 done.
[Rank 15] File 15, xtal 360 done.
[Rank 15] File 15, xtal 361 done.
[Rank 15] File 15, xtal 362 done.
[Rank 15] File 15, xtal 363 done.
[Rank 15] File 15, xtal 364 done.
[Rank 15] File 15, xtal 365 done.
[Rank 15] File 15, xtal 366 done.
[Rank 15] File 15, xtal 367 done.
[Rank 15] File 15, xtal 368 done.
[Rank 15] File 15, xtal 369 done.
[Rank 15] File 15, xtal 370 done.
[Rank 15] File 15, xtal 371 done.
[Rank 15] File 15, xtal 372 done.
[Rank 15] File 15, xtal 373 done.
[Rank 15] File 15, xtal 374 done.
[Rank 15] File 15, xtal 375 done.
[Rank 15] File 15, xtal 376 done.
[Rank 15] File 15, xtal 377 done.
[Rank 15] File 15, xtal 378 done.
[Rank 15] File 15, xtal 379 done.
[Rank 15] File 15, xtal 380 done.
[Rank 15] File 15, xtal 381 done.
[Rank 15] File 15, xtal 382 done.
[Rank 15] File 15, xtal 383 done.
[Rank 15] File 15, xtal 384 done.
[Rank 15] File 15, xtal 385 done.
[Rank 15] File 15, xtal 386 done.
[Rank 15] File 15, xtal 387 done.
[Rank 15] File 15, xtal 388 done.
[Rank 15] File 15, xtal 389 done.
[Rank 15] File 15, xtal 390 done.
[Rank 15] File 15, xtal 391 done.
[Rank 15] File 15, xtal 392 done.
[Rank 15] File 15, xtal 393 done.
[Rank 15] File 15, xtal 394 done.
[Rank 15] File 15, xtal 395 done.
[Rank 15] File 15, xtal 396 done.
[Rank 15] File 15, xtal 397 done.
[Rank 15] File 15, xtal 398 done.
[Rank 15] File 15, xtal 399 done.
[Rank 15] File 15, xtal 400 done.
[Rank 15] File 15, xtal 401 done.
[Rank 15] File 15, xtal 402 done.
[Rank 15] File 15, xtal 403 done.
[Rank 15] File 15, xtal 404 done.
[Rank 15] File 15, xtal 405 done.
[Rank 15] File 15, xtal 406 done.
[Rank 15] File 15, xtal 407 done.
[Rank 15] File 15, xtal 408 done.
[Rank 15] File 15, xtal 409 done.
[Rank 15] File 15, xtal 410 done.
[Rank 15] File 15, xtal 411 done.
[Rank 15] File 15, xtal 412 done.
[Rank 15] File 15, xtal 413 done.
[Rank 15] File 15, xtal 414 done.
[Rank 15] File 15, xtal 415 done.
[Rank 15] File 15, xtal 416 done.
[Rank 15] File 15, xtal 417 done.
[Rank 15] File 15, xtal 418 done.
[Rank 15] File 15, xtal 419 done.
[Rank 15] File 15, xtal 420 done.
[Rank 15] File 15, xtal 421 done.
[Rank 15] File 15, xtal 422 done.
[Rank 15] File 15, xtal 423 done.
[Rank 15] File 15, xtal 424 done.
[Rank 15] File 15, xtal 425 done.
[Rank 15] File 15, xtal 426 done.
[Rank 15] File 15, xtal 427 done.
[Rank 15] File 15, xtal 428 done.
[Rank 15] File 15, xtal 429 done.
[Rank 15] File 15, xtal 430 done.
[Rank 15] File 15, xtal 431 done.
[Rank 15] File 15, xtal 432 done.
[Rank 15] File 15, xtal 433 done.
[Rank 15] File 15, xtal 434 done.
[Rank 15] File 15, xtal 435 done.
[Rank 15] File 15, xtal 436 done.
[Rank 15] File 15, xtal 437 done.
[Rank 15] File 15, xtal 438 done.
[Rank 15] File 15, xtal 439 done.
[Rank 15] File 15, xtal 440 done.
[Rank 15] File 15, xtal 441 done.
[Rank 15] File 15, xtal 442 done.
[Rank 15] File 15, xtal 443 done.
[Rank 15] File 15, xtal 444 done.
[Rank 15] File 15, xtal 445 done.
[Rank 15] File 15, xtal 446 done.
[Rank 15] File 15, xtal 447 done.
[Rank 15] File 15, xtal 448 done.
[Rank 15] File 15, xtal 449 done.
[Rank 15] File 15, xtal 450 done.
[Rank 15] File 15, xtal 451 done.
[Rank 15] File 15, xtal 452 done.
[Rank 15] File 15, xtal 453 done.
[Rank 15] File 15, xtal 454 done.
[Rank 15] File 15, xtal 455 done.
[Rank 15] File 15, xtal 456 done.
[Rank 15] File 15, xtal 457 done.
[Rank 15] File 15, xtal 458 done.
[Rank 15] File 15, xtal 459 done.
[Rank 15] File 15, xtal 460 done.
[Rank 15] File 15, xtal 461 done.
[Rank 15] File 15, xtal 462 done.
[Rank 15] File 15, xtal 463 done.
[Rank 15] File 15, xtal 464 done.
[Rank 15] File 15, xtal 465 done.
[Rank 15] File 15, xtal 466 done.
[Rank 15] File 15, xtal 467 done.
[Rank 15] File 15, xtal 468 done.
[Rank 15] File 15, xtal 469 done.
[Rank 15] File 15, xtal 470 done.
[Rank 15] File 15, xtal 471 done.
[Rank 15] File 15, xtal 472 done.
[Rank 15] File 15, xtal 473 done.
[Rank 15] File 15, xtal 474 done.
[Rank 15] File 15, xtal 475 done.
[Rank 15] File 15, xtal 476 done.
[Rank 15] File 15, xtal 477 done.
[Rank 15] File 15, xtal 478 done.
[Rank 15] File 15, xtal 479 done.
[Rank 15] File 15, xtal 480 done.
[Rank 10] File 10, xtal 241 done.
[Rank 10] File 10, xtal 242 done.
[Rank 10] File 10, xtal 243 done.
[Rank 10] File 10, xtal 244 done.
[Rank 10] File 10, xtal 245 done.
[Rank 10] File 10, xtal 246 done.
[Rank 10] File 10, xtal 247 done.
[Rank 10] File 10, xtal 248 done.
[Rank 10] File 10, xtal 249 done.
[Rank 10] File 10, xtal 250 done.
[Rank 10] File 10, xtal 251 done.
[Rank 10] File 10, xtal 252 done.
[Rank 10] File 10, xtal 253 done.
[Rank 10] File 10, xtal 254 done.
[Rank 10] File 10, xtal 255 done.
[Rank 10] File 10, xtal 256 done.
[Rank 10] File 10, xtal 257 done.
[Rank 10] File 10, xtal 258 done.
[Rank 10] File 10, xtal 259 done.
[Rank 10] File 10, xtal 260 done.
[Rank 10] File 10, xtal 261 done.
[Rank 10] File 10, xtal 262 done.
[Rank 10] File 10, xtal 263 done.
[Rank 10] File 10, xtal 264 done.
[Rank 10] File 10, xtal 265 done.
[Rank 10] File 10, xtal 266 done.
[Rank 10] File 10, xtal 267 done.
[Rank 10] File 10, xtal 268 done.
[Rank 10] File 10, xtal 269 done.
[Rank 10] File 10, xtal 270 done.
[Rank 10] File 10, xtal 271 done.
[Rank 10] File 10, xtal 272 done.
[Rank 10] File 10, xtal 273 done.
[Rank 10] File 10, xtal 274 done.
[Rank 10] File 10, xtal 275 done.
[Rank 10] File 10, xtal 276 done.
[Rank 10] File 10, xtal 277 done.
[Rank 10] File 10, xtal 278 done.
[Rank 10] File 10, xtal 279 done.
[Rank 10] File 10, xtal 280 done.
[Rank 10] File 10, xtal 281 done.
[Rank 10] File 10, xtal 282 done.
[Rank 10] File 10, xtal 283 done.
[Rank 10] File 10, xtal 284 done.
[Rank 10] File 10, xtal 285 done.
[Rank 10] File 10, xtal 286 done.
[Rank 10] File 10, xtal 287 done.
[Rank 10] File 10, xtal 288 done.
[Rank 10] File 10, xtal 289 done.
[Rank 10] File 10, xtal 290 done.
[Rank 10] File 10, xtal 291 done.
[Rank 10] File 10, xtal 292 done.
[Rank 10] File 10, xtal 293 done.
[Rank 10] File 10, xtal 294 done.
[Rank 10] File 10, xtal 295 done.
[Rank 10] File 10, xtal 296 done.
[Rank 10] File 10, xtal 297 done.
[Rank 10] File 10, xtal 298 done.
[Rank 10] File 10, xtal 299 done.
[Rank 10] File 10, xtal 300 done.
[Rank 10] File 10, xtal 301 done.
[Rank 10] File 10, xtal 302 done.
[Rank 10] File 10, xtal 303 done.
[Rank 10] File 10, xtal 304 done.
[Rank 10] File 10, xtal 305 done.
[Rank 10] File 10, xtal 306 done.
[Rank 10] File 10, xtal 307 done.
[Rank 10] File 10, xtal 308 done.
[Rank 10] File 10, xtal 309 done.
[Rank 10] File 10, xtal 310 done.
[Rank 10] File 10, xtal 311 done.
[Rank 10] File 10, xtal 312 done.
[Rank 10] File 10, xtal 313 done.
[Rank 10] File 10, xtal 314 done.
[Rank 10] File 10, xtal 315 done.
[Rank 10] File 10, xtal 316 done.
[Rank 10] File 10, xtal 317 done.
[Rank 10] File 10, xtal 318 done.
[Rank 10] File 10, xtal 319 done.
[Rank 10] File 10, xtal 320 done.
[Rank 10] File 10, xtal 321 done.
[Rank 10] File 10, xtal 322 done.
[Rank 10] File 10, xtal 323 done.
[Rank 10] File 10, xtal 324 done.
[Rank 10] File 10, xtal 325 done.
[Rank 10] File 10, xtal 326 done.
[Rank 10] File 10, xtal 327 done.
[Rank 10] File 10, xtal 328 done.
[Rank 10] File 10, xtal 329 done.
[Rank 10] File 10, xtal 330 done.
[Rank 10] File 10, xtal 331 done.
[Rank 10] File 10, xtal 332 done.
[Rank 10] File 10, xtal 333 done.
[Rank 10] File 10, xtal 334 done.
[Rank 10] File 10, xtal 335 done.
[Rank 10] File 10, xtal 336 done.
[Rank 10] File 10, xtal 337 done.
[Rank 10] File 10, xtal 338 done.
[Rank 10] File 10, xtal 339 done.
[Rank 10] File 10, xtal 340 done.
[Rank 10] File 10, xtal 341 done.
[Rank 10] File 10, xtal 342 done.
[Rank 10] File 10, xtal 343 done.
[Rank 10] File 10, xtal 344 done.
[Rank 10] File 10, xtal 345 done.
[Rank 10] File 10, xtal 346 done.
[Rank 10] File 10, xtal 347 done.
[Rank 10] File 10, xtal 348 done.
[Rank 10] File 10, xtal 349 done.
[Rank 10] File 10, xtal 350 done.
[Rank 10] File 10, xtal 351 done.
[Rank 10] File 10, xtal 352 done.
[Rank 10] File 10, xtal 353 done.
[Rank 10] File 10, xtal 354 done.
[Rank 10] File 10, xtal 355 done.
[Rank 10] File 10, xtal 356 done.
[Rank 10] File 10, xtal 357 done.
[Rank 10] File 10, xtal 358 done.
[Rank 10] File 10, xtal 359 done.
[Rank 10] File 10, xtal 360 done.
[Rank 10] File 10, xtal 361 done.
[Rank 10] File 10, xtal 362 done.
[Rank 10] File 10, xtal 363 done.
[Rank 10] File 10, xtal 364 done.
[Rank 10] File 10, xtal 365 done.
[Rank 10] File 10, xtal 366 done.
[Rank 10] File 10, xtal 367 done.
[Rank 10] File 10, xtal 368 done.
[Rank 10] File 10, xtal 369 done.
[Rank 10] File 10, xtal 370 done.
[Rank 10] File 10, xtal 371 done.
[Rank 10] File 10, xtal 372 done.
[Rank 10] File 10, xtal 373 done.
[Rank 10] File 10, xtal 374 done.
[Rank 10] File 10, xtal 375 done.
[Rank 10] File 10, xtal 376 done.
[Rank 10] File 10, xtal 377 done.
[Rank 10] File 10, xtal 378 done.
[Rank 10] File 10, xtal 379 done.
[Rank 10] File 10, xtal 380 done.
[Rank 10] File 10, xtal 381 done.
[Rank 10] File 10, xtal 382 done.
[Rank 10] File 10, xtal 383 done.
[Rank 10] File 10, xtal 384 done.
[Rank 10] File 10, xtal 385 done.
[Rank 10] File 10, xtal 386 done.
[Rank 10] File 10, xtal 387 done.
[Rank 10] File 10, xtal 388 done.
[Rank 10] File 10, xtal 389 done.
[Rank 10] File 10, xtal 390 done.
[Rank 10] File 10, xtal 391 done.
[Rank 10] File 10, xtal 392 done.
[Rank 10] File 10, xtal 393 done.
[Rank 10] File 10, xtal 394 done.
[Rank 10] File 10, xtal 395 done.
[Rank 10] File 10, xtal 396 done.
[Rank 10] File 10, xtal 397 done.
[Rank 10] File 10, xtal 398 done.
[Rank 10] File 10, xtal 399 done.
[Rank 10] File 10, xtal 400 done.
[Rank 10] File 10, xtal 401 done.
[Rank 10] File 10, xtal 402 done.
[Rank 10] File 10, xtal 403 done.
[Rank 10] File 10, xtal 404 done.
[Rank 10] File 10, xtal 405 done.
[Rank 10] File 10, xtal 406 done.
[Rank 10] File 10, xtal 407 done.
[Rank 10] File 10, xtal 408 done.
[Rank 10] File 10, xtal 409 done.
[Rank 10] File 10, xtal 410 done.
[Rank 10] File 10, xtal 411 done.
[Rank 10] File 10, xtal 412 done.
[Rank 10] File 10, xtal 413 done.
[Rank 10] File 10, xtal 414 done.
[Rank 10] File 10, xtal 415 done.
[Rank 10] File 10, xtal 416 done.
[Rank 10] File 10, xtal 417 done.
[Rank 10] File 10, xtal 418 done.
[Rank 10] File 10, xtal 419 done.
[Rank 10] File 10, xtal 420 done.
[Rank 10] File 10, xtal 421 done.
[Rank 10] File 10, xtal 422 done.
[Rank 10] File 10, xtal 423 done.
[Rank 10] File 10, xtal 424 done.
[Rank 10] File 10, xtal 425 done.
[Rank 10] File 10, xtal 426 done.
[Rank 10] File 10, xtal 427 done.
[Rank 10] File 10, xtal 428 done.
[Rank 10] File 10, xtal 429 done.
[Rank 10] File 10, xtal 430 done.
[Rank 10] File 10, xtal 431 done.
[Rank 10] File 10, xtal 432 done.
[Rank 10] File 10, xtal 433 done.
[Rank 10] File 10, xtal 434 done.
[Rank 10] File 10, xtal 435 done.
[Rank 10] File 10, xtal 436 done.
[Rank 10] File 10, xtal 437 done.
[Rank 10] File 10, xtal 438 done.
[Rank 10] File 10, xtal 439 done.
[Rank 10] File 10, xtal 440 done.
[Rank 10] File 10, xtal 441 done.
[Rank 10] File 10, xtal 442 done.
[Rank 10] File 10, xtal 443 done.
[Rank 10] File 10, xtal 444 done.
[Rank 10] File 10, xtal 445 done.
[Rank 10] File 10, xtal 446 done.
[Rank 10] File 10, xtal 447 done.
[Rank 10] File 10, xtal 448 done.
[Rank 10] File 10, xtal 449 done.
[Rank 10] File 10, xtal 450 done.
[Rank 10] File 10, xtal 451 done.
[Rank 10] File 10, xtal 452 done.
[Rank 10] File 10, xtal 453 done.
[Rank 10] File 10, xtal 454 done.
[Rank 10] File 10, xtal 455 done.
[Rank 10] File 10, xtal 456 done.
[Rank 10] File 10, xtal 457 done.
[Rank 10] File 10, xtal 458 done.
[Rank 10] File 10, xtal 459 done.
[Rank 10] File 10, xtal 460 done.
[Rank 10] File 10, xtal 461 done.
[Rank 10] File 10, xtal 462 done.
[Rank 10] File 10, xtal 463 done.
[Rank 10] File 10, xtal 464 done.
[Rank 10] File 10, xtal 465 done.
[Rank 10] File 10, xtal 466 done.
[Rank 10] File 10, xtal 467 done.
[Rank 10] File 10, xtal 468 done.
[Rank 10] File 10, xtal 469 done.
[Rank 10] File 10, xtal 470 done.
[Rank 10] File 10, xtal 471 done.
[Rank 10] File 10, xtal 472 done.
[Rank 10] File 10, xtal 473 done.
[Rank 10] File 10, xtal 474 done.
[Rank 10] File 10, xtal 475 done.
[Rank 10] File 10, xtal 476 done.
[Rank 10] File 10, xtal 477 done.
[Rank 10] File 10, xtal 478 done.
[Rank 10] File 10, xtal 479 done.
[Rank 10] File 10, xtal 480 done.
[Rank 14] File 14, xtal 241 done.
[Rank 14] File 14, xtal 242 done.
[Rank 14] File 14, xtal 243 done.
[Rank 14] File 14, xtal 244 done.
[Rank 14] File 14, xtal 245 done.
[Rank 14] File 14, xtal 246 done.
[Rank 14] File 14, xtal 247 done.
[Rank 14] File 14, xtal 248 done.
[Rank 14] File 14, xtal 249 done.
[Rank 14] File 14, xtal 250 done.
[Rank 14] File 14, xtal 251 done.
[Rank 14] File 14, xtal 252 done.
[Rank 14] File 14, xtal 253 done.
[Rank 14] File 14, xtal 254 done.
[Rank 14] File 14, xtal 255 done.
[Rank 14] File 14, xtal 256 done.
[Rank 14] File 14, xtal 257 done.
[Rank 14] File 14, xtal 258 done.
[Rank 14] File 14, xtal 259 done.
[Rank 14] File 14, xtal 260 done.
[Rank 14] File 14, xtal 261 done.
[Rank 14] File 14, xtal 262 done.
[Rank 14] File 14, xtal 263 done.
[Rank 14] File 14, xtal 264 done.
[Rank 14] File 14, xtal 265 done.
[Rank 14] File 14, xtal 266 done.
[Rank 14] File 14, xtal 267 done.
[Rank 14] File 14, xtal 268 done.
[Rank 14] File 14, xtal 269 done.
[Rank 14] File 14, xtal 270 done.
[Rank 14] File 14, xtal 271 done.
[Rank 14] File 14, xtal 272 done.
[Rank 14] File 14, xtal 273 done.
[Rank 14] File 14, xtal 274 done.
[Rank 14] File 14, xtal 275 done.
[Rank 14] File 14, xtal 276 done.
[Rank 14] File 14, xtal 277 done.
[Rank 14] File 14, xtal 278 done.
[Rank 14] File 14, xtal 279 done.
[Rank 14] File 14, xtal 280 done.
[Rank 14] File 14, xtal 281 done.
[Rank 14] File 14, xtal 282 done.
[Rank 14] File 14, xtal 283 done.
[Rank 14] File 14, xtal 284 done.
[Rank 14] File 14, xtal 285 done.
[Rank 14] File 14, xtal 286 done.
[Rank 14] File 14, xtal 287 done.
[Rank 14] File 14, xtal 288 done.
[Rank 14] File 14, xtal 289 done.
[Rank 14] File 14, xtal 290 done.
[Rank 14] File 14, xtal 291 done.
[Rank 14] File 14, xtal 292 done.
[Rank 14] File 14, xtal 293 done.
[Rank 14] File 14, xtal 294 done.
[Rank 14] File 14, xtal 295 done.
[Rank 14] File 14, xtal 296 done.
[Rank 14] File 14, xtal 297 done.
[Rank 14] File 14, xtal 298 done.
[Rank 14] File 14, xtal 299 done.
[Rank 14] File 14, xtal 300 done.
[Rank 14] File 14, xtal 301 done.
[Rank 14] File 14, xtal 302 done.
[Rank 14] File 14, xtal 303 done.
[Rank 14] File 14, xtal 304 done.
[Rank 14] File 14, xtal 305 done.
[Rank 14] File 14, xtal 306 done.
[Rank 14] File 14, xtal 307 done.
[Rank 14] File 14, xtal 308 done.
[Rank 14] File 14, xtal 309 done.
[Rank 14] File 14, xtal 310 done.
[Rank 14] File 14, xtal 311 done.
[Rank 14] File 14, xtal 312 done.
[Rank 14] File 14, xtal 313 done.
[Rank 14] File 14, xtal 314 done.
[Rank 14] File 14, xtal 315 done.
[Rank 14] File 14, xtal 316 done.
[Rank 14] File 14, xtal 317 done.
[Rank 14] File 14, xtal 318 done.
[Rank 14] File 14, xtal 319 done.
[Rank 14] File 14, xtal 320 done.
[Rank 14] File 14, xtal 321 done.
[Rank 14] File 14, xtal 322 done.
[Rank 14] File 14, xtal 323 done.
[Rank 14] File 14, xtal 324 done.
[Rank 14] File 14, xtal 325 done.
[Rank 14] File 14, xtal 326 done.
[Rank 14] File 14, xtal 327 done.
[Rank 14] File 14, xtal 328 done.
[Rank 14] File 14, xtal 329 done.
[Rank 14] File 14, xtal 330 done.
[Rank 14] File 14, xtal 331 done.
[Rank 14] File 14, xtal 332 done.
[Rank 14] File 14, xtal 333 done.
[Rank 14] File 14, xtal 334 done.
[Rank 14] File 14, xtal 335 done.
[Rank 14] File 14, xtal 336 done.
[Rank 14] File 14, xtal 337 done.
[Rank 14] File 14, xtal 338 done.
[Rank 14] File 14, xtal 339 done.
[Rank 14] File 14, xtal 340 done.
[Rank 14] File 14, xtal 341 done.
[Rank 14] File 14, xtal 342 done.
[Rank 14] File 14, xtal 343 done.
[Rank 14] File 14, xtal 344 done.
[Rank 14] File 14, xtal 345 done.
[Rank 14] File 14, xtal 346 done.
[Rank 14] File 14, xtal 347 done.
[Rank 14] File 14, xtal 348 done.
[Rank 14] File 14, xtal 349 done.
[Rank 14] File 14, xtal 350 done.
[Rank 14] File 14, xtal 351 done.
[Rank 14] File 14, xtal 352 done.
[Rank 14] File 14, xtal 353 done.
[Rank 14] File 14, xtal 354 done.
[Rank 14] File 14, xtal 355 done.
[Rank 14] File 14, xtal 356 done.
[Rank 14] File 14, xtal 357 done.
[Rank 14] File 14, xtal 358 done.
[Rank 14] File 14, xtal 359 done.
[Rank 14] File 14, xtal 360 done.
[Rank 14] File 14, xtal 361 done.
[Rank 14] File 14, xtal 362 done.
[Rank 14] File 14, xtal 363 done.
[Rank 14] File 14, xtal 364 done.
[Rank 14] File 14, xtal 365 done.
[Rank 14] File 14, xtal 366 done.
[Rank 14] File 14, xtal 367 done.
[Rank 14] File 14, xtal 368 done.
[Rank 14] File 14, xtal 369 done.
[Rank 14] File 14, xtal 370 done.
[Rank 14] File 14, xtal 371 done.
[Rank 14] File 14, xtal 372 done.
[Rank 14] File 14, xtal 373 done.
[Rank 14] File 14, xtal 374 done.
[Rank 14] File 14, xtal 375 done.
[Rank 14] File 14, xtal 376 done.
[Rank 14] File 14, xtal 377 done.
[Rank 14] File 14, xtal 378 done.
[Rank 14] File 14, xtal 379 done.
[Rank 14] File 14, xtal 380 done.
[Rank 14] File 14, xtal 381 done.
[Rank 14] File 14, xtal 382 done.
[Rank 14] File 14, xtal 383 done.
[Rank 14] File 14, xtal 384 done.
[Rank 14] File 14, xtal 385 done.
[Rank 14] File 14, xtal 386 done.
[Rank 14] File 14, xtal 387 done.
[Rank 14] File 14, xtal 388 done.
[Rank 14] File 14, xtal 389 done.
[Rank 14] File 14, xtal 390 done.
[Rank 14] File 14, xtal 391 done.
[Rank 14] File 14, xtal 392 done.
[Rank 14] File 14, xtal 393 done.
[Rank 14] File 14, xtal 394 done.
[Rank 14] File 14, xtal 395 done.
[Rank 14] File 14, xtal 396 done.
[Rank 14] File 14, xtal 397 done.
[Rank 14] File 14, xtal 398 done.
[Rank 14] File 14, xtal 399 done.
[Rank 14] File 14, xtal 400 done.
[Rank 14] File 14, xtal 401 done.
[Rank 14] File 14, xtal 402 done.
[Rank 14] File 14, xtal 403 done.
[Rank 14] File 14, xtal 404 done.
[Rank 14] File 14, xtal 405 done.
[Rank 14] File 14, xtal 406 done.
[Rank 14] File 14, xtal 407 done.
[Rank 14] File 14, xtal 408 done.
[Rank 14] File 14, xtal 409 done.
[Rank 14] File 14, xtal 410 done.
[Rank 14] File 14, xtal 411 done.
[Rank 14] File 14, xtal 412 done.
[Rank 14] File 14, xtal 413 done.
[Rank 14] File 14, xtal 414 done.
[Rank 14] File 14, xtal 415 done.
[Rank 14] File 14, xtal 416 done.
[Rank 14] File 14, xtal 417 done.
[Rank 14] File 14, xtal 418 done.
[Rank 14] File 14, xtal 419 done.
[Rank 14] File 14, xtal 420 done.
[Rank 14] File 14, xtal 421 done.
[Rank 14] File 14, xtal 422 done.
[Rank 14] File 14, xtal 423 done.
[Rank 14] File 14, xtal 424 done.
[Rank 14] File 14, xtal 425 done.
[Rank 14] File 14, xtal 426 done.
[Rank 14] File 14, xtal 427 done.
[Rank 14] File 14, xtal 428 done.
[Rank 14] File 14, xtal 429 done.
[Rank 14] File 14, xtal 430 done.
[Rank 14] File 14, xtal 431 done.
[Rank 14] File 14, xtal 432 done.
[Rank 14] File 14, xtal 433 done.
[Rank 14] File 14, xtal 434 done.
[Rank 14] File 14, xtal 435 done.
[Rank 14] File 14, xtal 436 done.
[Rank 14] File 14, xtal 437 done.
[Rank 14] File 14, xtal 438 done.
[Rank 14] File 14, xtal 439 done.
[Rank 14] File 14, xtal 440 done.
[Rank 14] File 14, xtal 441 done.
[Rank 14] File 14, xtal 442 done.
[Rank 14] File 14, xtal 443 done.
[Rank 14] File 14, xtal 444 done.
[Rank 14] File 14, xtal 445 done.
[Rank 14] File 14, xtal 446 done.
[Rank 14] File 14, xtal 447 done.
[Rank 14] File 14, xtal 448 done.
[Rank 14] File 14, xtal 449 done.
[Rank 14] File 14, xtal 450 done.
[Rank 14] File 14, xtal 451 done.
[Rank 14] File 14, xtal 452 done.
[Rank 14] File 14, xtal 453 done.
[Rank 14] File 14, xtal 454 done.
[Rank 14] File 14, xtal 455 done.
[Rank 14] File 14, xtal 456 done.
[Rank 14] File 14, xtal 457 done.
[Rank 14] File 14, xtal 458 done.
[Rank 14] File 14, xtal 459 done.
[Rank 14] File 14, xtal 460 done.
[Rank 14] File 14, xtal 461 done.
[Rank 14] File 14, xtal 462 done.
[Rank 14] File 14, xtal 463 done.
[Rank 14] File 14, xtal 464 done.
[Rank 14] File 14, xtal 465 done.
[Rank 14] File 14, xtal 466 done.
[Rank 14] File 14, xtal 467 done.
[Rank 14] File 14, xtal 468 done.
[Rank 14] File 14, xtal 469 done.
[Rank 14] File 14, xtal 470 done.
[Rank 14] File 14, xtal 471 done.
[Rank 14] File 14, xtal 472 done.
[Rank 14] File 14, xtal 473 done.
[Rank 14] File 14, xtal 474 done.
[Rank 14] File 14, xtal 475 done.
[Rank 14] File 14, xtal 476 done.
[Rank 14] File 14, xtal 477 done.
[Rank 14] File 14, xtal 478 done.
[Rank 14] File 14, xtal 479 done.
[Rank 14] File 14, xtal 480 done.
[Rank 9] File 9, xtal 256 done.
[Rank 9] File 9, xtal 257 done.
[Rank 9] File 9, xtal 258 done.
[Rank 9] File 9, xtal 259 done.
[Rank 9] File 9, xtal 260 done.
[Rank 9] File 9, xtal 261 done.
[Rank 9] File 9, xtal 262 done.
[Rank 9] File 9, xtal 263 done.
[Rank 9] File 9, xtal 264 done.
[Rank 9] File 9, xtal 265 done.
[Rank 9] File 9, xtal 266 done.
[Rank 9] File 9, xtal 267 done.
[Rank 9] File 9, xtal 268 done.
[Rank 9] File 9, xtal 269 done.
[Rank 9] File 9, xtal 270 done.
[Rank 9] File 9, xtal 271 done.
[Rank 9] File 9, xtal 272 done.
[Rank 9] File 9, xtal 273 done.
[Rank 9] File 9, xtal 274 done.
[Rank 9] File 9, xtal 275 done.
[Rank 9] File 9, xtal 276 done.
[Rank 9] File 9, xtal 277 done.
[Rank 9] File 9, xtal 278 done.
[Rank 9] File 9, xtal 279 done.
[Rank 9] File 9, xtal 280 done.
[Rank 9] File 9, xtal 281 done.
[Rank 9] File 9, xtal 282 done.
[Rank 9] File 9, xtal 283 done.
[Rank 9] File 9, xtal 284 done.
[Rank 9] File 9, xtal 285 done.
[Rank 9] File 9, xtal 286 done.
[Rank 9] File 9, xtal 287 done.
[Rank 9] File 9, xtal 288 done.
[Rank 9] File 9, xtal 289 done.
[Rank 9] File 9, xtal 290 done.
[Rank 9] File 9, xtal 291 done.
[Rank 9] File 9, xtal 292 done.
[Rank 9] File 9, xtal 293 done.
[Rank 9] File 9, xtal 294 done.
[Rank 9] File 9, xtal 295 done.
[Rank 9] File 9, xtal 296 done.
[Rank 9] File 9, xtal 297 done.
[Rank 9] File 9, xtal 298 done.
[Rank 9] File 9, xtal 299 done.
[Rank 9] File 9, xtal 300 done.
[Rank 9] File 9, xtal 301 done.
[Rank 9] File 9, xtal 302 done.
[Rank 9] File 9, xtal 303 done.
[Rank 9] File 9, xtal 304 done.
[Rank 9] File 9, xtal 305 done.
[Rank 9] File 9, xtal 306 done.
[Rank 9] File 9, xtal 307 done.
[Rank 9] File 9, xtal 308 done.
[Rank 9] File 9, xtal 309 done.
[Rank 9] File 9, xtal 310 done.
[Rank 9] File 9, xtal 311 done.
[Rank 9] File 9, xtal 312 done.
[Rank 9] File 9, xtal 313 done.
[Rank 9] File 9, xtal 314 done.
[Rank 9] File 9, xtal 315 done.
[Rank 9] File 9, xtal 316 done.
[Rank 9] File 9, xtal 317 done.
[Rank 9] File 9, xtal 318 done.
[Rank 9] File 9, xtal 319 done.
[Rank 9] File 9, xtal 320 done.
[Rank 9] File 9, xtal 321 done.
[Rank 9] File 9, xtal 322 done.
[Rank 9] File 9, xtal 323 done.
[Rank 9] File 9, xtal 324 done.
[Rank 9] File 9, xtal 325 done.
[Rank 9] File 9, xtal 326 done.
[Rank 9] File 9, xtal 327 done.
[Rank 9] File 9, xtal 328 done.
[Rank 9] File 9, xtal 329 done.
[Rank 9] File 9, xtal 330 done.
[Rank 9] File 9, xtal 331 done.
[Rank 9] File 9, xtal 332 done.
[Rank 9] File 9, xtal 333 done.
[Rank 9] File 9, xtal 334 done.
[Rank 9] File 9, xtal 335 done.
[Rank 9] File 9, xtal 336 done.
[Rank 9] File 9, xtal 337 done.
[Rank 9] File 9, xtal 338 done.
[Rank 9] File 9, xtal 339 done.
[Rank 9] File 9, xtal 340 done.
[Rank 9] File 9, xtal 341 done.
[Rank 9] File 9, xtal 342 done.
[Rank 9] File 9, xtal 343 done.
[Rank 9] File 9, xtal 344 done.
[Rank 9] File 9, xtal 345 done.
[Rank 9] File 9, xtal 346 done.
[Rank 9] File 9, xtal 347 done.
[Rank 9] File 9, xtal 348 done.
[Rank 9] File 9, xtal 349 done.
[Rank 9] File 9, xtal 350 done.
[Rank 9] File 9, xtal 351 done.
[Rank 9] File 9, xtal 352 done.
[Rank 9] File 9, xtal 353 done.
[Rank 9] File 9, xtal 354 done.
[Rank 9] File 9, xtal 355 done.
[Rank 9] File 9, xtal 356 done.
[Rank 9] File 9, xtal 357 done.
[Rank 9] File 9, xtal 358 done.
[Rank 9] File 9, xtal 359 done.
[Rank 9] File 9, xtal 360 done.
[Rank 9] File 9, xtal 361 done.
[Rank 9] File 9, xtal 362 done.
[Rank 9] File 9, xtal 363 done.
[Rank 9] File 9, xtal 364 done.
[Rank 9] File 9, xtal 365 done.
[Rank 9] File 9, xtal 366 done.
[Rank 9] File 9, xtal 367 done.
[Rank 9] File 9, xtal 368 done.
[Rank 9] File 9, xtal 369 done.
[Rank 9] File 9, xtal 370 done.
[Rank 9] File 9, xtal 371 done.
[Rank 9] File 9, xtal 372 done.
[Rank 9] File 9, xtal 373 done.
[Rank 9] File 9, xtal 374 done.
[Rank 9] File 9, xtal 375 done.
[Rank 9] File 9, xtal 376 done.
[Rank 9] File 9, xtal 377 done.
[Rank 9] File 9, xtal 378 done.
[Rank 9] File 9, xtal 379 done.
[Rank 9] File 9, xtal 380 done.
[Rank 9] File 9, xtal 381 done.
[Rank 9] File 9, xtal 382 done.
[Rank 9] File 9, xtal 383 done.
[Rank 9] File 9, xtal 384 done.
[Rank 9] File 9, xtal 385 done.
[Rank 9] File 9, xtal 386 done.
[Rank 9] File 9, xtal 387 done.
[Rank 9] File 9, xtal 388 done.
[Rank 9] File 9, xtal 389 done.
[Rank 9] File 9, xtal 390 done.
[Rank 9] File 9, xtal 391 done.
[Rank 9] File 9, xtal 392 done.
[Rank 9] File 9, xtal 393 done.
[Rank 9] File 9, xtal 394 done.
[Rank 9] File 9, xtal 395 done.
[Rank 9] File 9, xtal 396 done.
[Rank 9] File 9, xtal 397 done.
[Rank 9] File 9, xtal 398 done.
[Rank 9] File 9, xtal 399 done.
[Rank 9] File 9, xtal 400 done.
[Rank 9] File 9, xtal 401 done.
[Rank 9] File 9, xtal 402 done.
[Rank 9] File 9, xtal 403 done.
[Rank 9] File 9, xtal 404 done.
[Rank 9] File 9, xtal 405 done.
[Rank 9] File 9, xtal 406 done.
[Rank 9] File 9, xtal 407 done.
[Rank 9] File 9, xtal 408 done.
[Rank 9] File 9, xtal 409 done.
[Rank 9] File 9, xtal 410 done.
[Rank 9] File 9, xtal 411 done.
[Rank 9] File 9, xtal 412 done.
[Rank 9] File 9, xtal 413 done.
[Rank 9] File 9, xtal 414 done.
[Rank 9] File 9, xtal 415 done.
[Rank 9] File 9, xtal 416 done.
[Rank 9] File 9, xtal 417 done.
[Rank 9] File 9, xtal 418 done.
[Rank 9] File 9, xtal 419 done.
[Rank 9] File 9, xtal 420 done.
[Rank 9] File 9, xtal 421 done.
[Rank 9] File 9, xtal 422 done.
[Rank 9] File 9, xtal 423 done.
[Rank 9] File 9, xtal 424 done.
[Rank 9] File 9, xtal 425 done.
[Rank 9] File 9, xtal 426 done.
[Rank 9] File 9, xtal 427 done.
[Rank 9] File 9, xtal 428 done.
[Rank 9] File 9, xtal 429 done.
[Rank 9] File 9, xtal 430 done.
[Rank 9] File 9, xtal 431 done.
[Rank 9] File 9, xtal 432 done.
[Rank 9] File 9, xtal 433 done.
[Rank 9] File 9, xtal 434 done.
[Rank 9] File 9, xtal 435 done.
[Rank 9] File 9, xtal 436 done.
[Rank 9] File 9, xtal 437 done.
[Rank 9] File 9, xtal 438 done.
[Rank 9] File 9, xtal 439 done.
[Rank 9] File 9, xtal 440 done.
[Rank 9] File 9, xtal 441 done.
[Rank 9] File 9, xtal 442 done.
[Rank 9] File 9, xtal 443 done.
[Rank 9] File 9, xtal 444 done.
[Rank 9] File 9, xtal 445 done.
[Rank 9] File 9, xtal 446 done.
[Rank 9] File 9, xtal 447 done.
[Rank 9] File 9, xtal 448 done.
[Rank 9] File 9, xtal 449 done.
[Rank 9] File 9, xtal 450 done.
[Rank 9] File 9, xtal 451 done.
[Rank 9] File 9, xtal 452 done.
[Rank 9] File 9, xtal 453 done.
[Rank 9] File 9, xtal 454 done.
[Rank 9] File 9, xtal 455 done.
[Rank 9] File 9, xtal 456 done.
[Rank 9] File 9, xtal 457 done.
[Rank 9] File 9, xtal 458 done.
[Rank 9] File 9, xtal 459 done.
[Rank 9] File 9, xtal 460 done.
[Rank 9] File 9, xtal 461 done.
[Rank 9] File 9, xtal 462 done.
[Rank 9] File 9, xtal 463 done.
[Rank 9] File 9, xtal 464 done.
[Rank 9] File 9, xtal 465 done.
[Rank 9] File 9, xtal 466 done.
[Rank 9] File 9, xtal 467 done.
[Rank 9] File 9, xtal 468 done.
[Rank 9] File 9, xtal 469 done.
[Rank 9] File 9, xtal 470 done.
[Rank 9] File 9, xtal 471 done.
[Rank 9] File 9, xtal 472 done.
[Rank 9] File 9, xtal 473 done.
[Rank 9] File 9, xtal 474 done.
[Rank 9] File 9, xtal 475 done.
[Rank 9] File 9, xtal 476 done.
[Rank 9] File 9, xtal 477 done.
[Rank 9] File 9, xtal 478 done.
[Rank 9] File 9, xtal 479 done.
[Rank 9] File 9, xtal 480 done.
[Rank 9] File 9, xtal 481 done.
[Rank 9] File 9, xtal 482 done.
[Rank 9] File 9, xtal 483 done.
[Rank 9] File 9, xtal 484 done.
[Rank 9] File 9, xtal 485 done.
[Rank 9] File 9, xtal 486 done.
[Rank 9] File 9, xtal 487 done.
[Rank 9] File 9, xtal 488 done.
[Rank 9] File 9, xtal 489 done.
[Rank 9] File 9, xtal 490 done.
[Rank 9] File 9, xtal 491 done.
[Rank 9] File 9, xtal 492 done.
[Rank 9] File 9, xtal 493 done.
[Rank 9] File 9, xtal 494 done.
[Rank 9] File 9, xtal 495 done.
[Rank 9] File 9, xtal 496 done.
[Rank 9] File 9, xtal 497 done.
[Rank 9] File 9, xtal 498 done.
[Rank 9] File 9, xtal 499 done.
[Rank 9] File 9, xtal 500 done.
[Rank 9] File 9, xtal 501 done.
[Rank 9] File 9, xtal 502 done.
[Rank 9] File 9, xtal 503 done.
[Rank 9] File 9, xtal 504 done.
[Rank 9] File 9, xtal 505 done.
[Rank 9] File 9, xtal 506 done.
[Rank 9] File 9, xtal 507 done.
[Rank 9] File 9, xtal 508 done.
[Rank 9] File 9, xtal 509 done.
[Rank 9] File 9, xtal 510 done.
[Rank 9] File 9, xtal 511 done.
[Rank 0] File 0, xtal 256 done.
[Rank 0] File 0, xtal 257 done.
[Rank 0] File 0, xtal 258 done.
[Rank 0] File 0, xtal 259 done.
[Rank 0] File 0, xtal 260 done.
[Rank 0] File 0, xtal 261 done.
[Rank 0] File 0, xtal 262 done.
[Rank 0] File 0, xtal 263 done.
[Rank 0] File 0, xtal 264 done.
[Rank 0] File 0, xtal 265 done.
[Rank 0] File 0, xtal 266 done.
[Rank 0] File 0, xtal 267 done.
[Rank 0] File 0, xtal 268 done.
[Rank 0] File 0, xtal 269 done.
[Rank 0] File 0, xtal 270 done.
[Rank 0] File 0, xtal 271 done.
[Rank 0] File 0, xtal 272 done.
[Rank 0] File 0, xtal 273 done.
[Rank 0] File 0, xtal 274 done.
[Rank 0] File 0, xtal 275 done.
[Rank 0] File 0, xtal 276 done.
[Rank 0] File 0, xtal 277 done.
[Rank 0] File 0, xtal 278 done.
[Rank 0] File 0, xtal 279 done.
[Rank 0] File 0, xtal 280 done.
[Rank 0] File 0, xtal 281 done.
[Rank 0] File 0, xtal 282 done.
[Rank 0] File 0, xtal 283 done.
[Rank 0] File 0, xtal 284 done.
[Rank 0] File 0, xtal 285 done.
[Rank 0] File 0, xtal 286 done.
[Rank 0] File 0, xtal 287 done.
[Rank 0] File 0, xtal 288 done.
[Rank 0] File 0, xtal 289 done.
[Rank 0] File 0, xtal 290 done.
[Rank 0] File 0, xtal 291 done.
[Rank 0] File 0, xtal 292 done.
[Rank 0] File 0, xtal 293 done.
[Rank 0] File 0, xtal 294 done.
[Rank 0] File 0, xtal 295 done.
[Rank 0] File 0, xtal 296 done.
[Rank 0] File 0, xtal 297 done.
[Rank 0] File 0, xtal 298 done.
[Rank 0] File 0, xtal 299 done.
[Rank 0] File 0, xtal 300 done.
[Rank 0] File 0, xtal 301 done.
[Rank 0] File 0, xtal 302 done.
[Rank 0] File 0, xtal 303 done.
[Rank 0] File 0, xtal 304 done.
[Rank 0] File 0, xtal 305 done.
[Rank 0] File 0, xtal 306 done.
[Rank 0] File 0, xtal 307 done.
[Rank 0] File 0, xtal 308 done.
[Rank 0] File 0, xtal 309 done.
[Rank 0] File 0, xtal 310 done.
[Rank 0] File 0, xtal 311 done.
[Rank 0] File 0, xtal 312 done.
[Rank 0] File 0, xtal 313 done.
[Rank 0] File 0, xtal 314 done.
[Rank 0] File 0, xtal 315 done.
[Rank 0] File 0, xtal 316 done.
[Rank 0] File 0, xtal 317 done.
[Rank 0] File 0, xtal 318 done.
[Rank 0] File 0, xtal 319 done.
[Rank 0] File 0, xtal 320 done.
[Rank 0] File 0, xtal 321 done.
[Rank 0] File 0, xtal 322 done.
[Rank 0] File 0, xtal 323 done.
[Rank 0] File 0, xtal 324 done.
[Rank 0] File 0, xtal 325 done.
[Rank 0] File 0, xtal 326 done.
[Rank 0] File 0, xtal 327 done.
[Rank 0] File 0, xtal 328 done.
[Rank 0] File 0, xtal 329 done.
[Rank 0] File 0, xtal 330 done.
[Rank 0] File 0, xtal 331 done.
[Rank 0] File 0, xtal 332 done.
[Rank 0] File 0, xtal 333 done.
[Rank 0] File 0, xtal 334 done.
[Rank 0] File 0, xtal 335 done.
[Rank 0] File 0, xtal 336 done.
[Rank 0] File 0, xtal 337 done.
[Rank 0] File 0, xtal 338 done.
[Rank 0] File 0, xtal 339 done.
[Rank 0] File 0, xtal 340 done.
[Rank 0] File 0, xtal 341 done.
[Rank 0] File 0, xtal 342 done.
[Rank 0] File 0, xtal 343 done.
[Rank 0] File 0, xtal 344 done.
[Rank 0] File 0, xtal 345 done.
[Rank 0] File 0, xtal 346 done.
[Rank 0] File 0, xtal 347 done.
[Rank 0] File 0, xtal 348 done.
[Rank 0] File 0, xtal 349 done.
[Rank 0] File 0, xtal 350 done.
[Rank 0] File 0, xtal 351 done.
[Rank 0] File 0, xtal 352 done.
[Rank 0] File 0, xtal 353 done.
[Rank 0] File 0, xtal 354 done.
[Rank 0] File 0, xtal 355 done.
[Rank 0] File 0, xtal 356 done.
[Rank 0] File 0, xtal 357 done.
[Rank 0] File 0, xtal 358 done.
[Rank 0] File 0, xtal 359 done.
[Rank 0] File 0, xtal 360 done.
[Rank 0] File 0, xtal 361 done.
[Rank 0] File 0, xtal 362 done.
[Rank 0] File 0, xtal 363 done.
[Rank 0] File 0, xtal 364 done.
[Rank 0] File 0, xtal 365 done.
[Rank 0] File 0, xtal 366 done.
[Rank 0] File 0, xtal 367 done.
[Rank 0] File 0, xtal 368 done.
[Rank 0] File 0, xtal 369 done.
[Rank 0] File 0, xtal 370 done.
[Rank 0] File 0, xtal 371 done.
[Rank 0] File 0, xtal 372 done.
[Rank 0] File 0, xtal 373 done.
[Rank 0] File 0, xtal 374 done.
[Rank 0] File 0, xtal 375 done.
[Rank 0] File 0, xtal 376 done.
[Rank 0] File 0, xtal 377 done.
[Rank 0] File 0, xtal 378 done.
[Rank 0] File 0, xtal 379 done.
[Rank 0] File 0, xtal 380 done.
[Rank 0] File 0, xtal 381 done.
[Rank 0] File 0, xtal 382 done.
[Rank 0] File 0, xtal 383 done.
[Rank 0] File 0, xtal 384 done.
[Rank 0] File 0, xtal 385 done.
[Rank 0] File 0, xtal 386 done.
[Rank 0] File 0, xtal 387 done.
[Rank 0] File 0, xtal 388 done.
[Rank 0] File 0, xtal 389 done.
[Rank 0] File 0, xtal 390 done.
[Rank 0] File 0, xtal 391 done.
[Rank 0] File 0, xtal 392 done.
[Rank 0] File 0, xtal 393 done.
[Rank 0] File 0, xtal 394 done.
[Rank 0] File 0, xtal 395 done.
[Rank 0] File 0, xtal 396 done.
[Rank 0] File 0, xtal 397 done.
[Rank 0] File 0, xtal 398 done.
[Rank 0] File 0, xtal 399 done.
[Rank 0] File 0, xtal 400 done.
[Rank 0] File 0, xtal 401 done.
[Rank 0] File 0, xtal 402 done.
[Rank 0] File 0, xtal 403 done.
[Rank 0] File 0, xtal 404 done.
[Rank 0] File 0, xtal 405 done.
[Rank 0] File 0, xtal 406 done.
[Rank 0] File 0, xtal 407 done.
[Rank 0] File 0, xtal 408 done.
[Rank 0] File 0, xtal 409 done.
[Rank 0] File 0, xtal 410 done.
[Rank 0] File 0, xtal 411 done.
[Rank 0] File 0, xtal 412 done.
[Rank 0] File 0, xtal 413 done.
[Rank 0] File 0, xtal 414 done.
[Rank 0] File 0, xtal 415 done.
[Rank 0] File 0, xtal 416 done.
[Rank 0] File 0, xtal 417 done.
[Rank 0] File 0, xtal 418 done.
[Rank 0] File 0, xtal 419 done.
[Rank 0] File 0, xtal 420 done.
[Rank 0] File 0, xtal 421 done.
[Rank 0] File 0, xtal 422 done.
[Rank 0] File 0, xtal 423 done.
[Rank 0] File 0, xtal 424 done.
[Rank 0] File 0, xtal 425 done.
[Rank 0] File 0, xtal 426 done.
[Rank 0] File 0, xtal 427 done.
[Rank 0] File 0, xtal 428 done.
[Rank 0] File 0, xtal 429 done.
[Rank 0] File 0, xtal 430 done.
[Rank 0] File 0, xtal 431 done.
[Rank 0] File 0, xtal 432 done.
[Rank 0] File 0, xtal 433 done.
[Rank 0] File 0, xtal 434 done.
[Rank 0] File 0, xtal 435 done.
[Rank 0] File 0, xtal 436 done.
[Rank 0] File 0, xtal 437 done.
[Rank 0] File 0, xtal 438 done.
[Rank 0] File 0, xtal 439 done.
[Rank 0] File 0, xtal 440 done.
[Rank 0] File 0, xtal 441 done.
[Rank 0] File 0, xtal 442 done.
[Rank 0] File 0, xtal 443 done.
[Rank 0] File 0, xtal 444 done.
[Rank 0] File 0, xtal 445 done.
[Rank 0] File 0, xtal 446 done.
[Rank 0] File 0, xtal 447 done.
[Rank 0] File 0, xtal 448 done.
[Rank 0] File 0, xtal 449 done.
[Rank 0] File 0, xtal 450 done.
[Rank 0] File 0, xtal 451 done.
[Rank 0] File 0, xtal 452 done.
[Rank 0] File 0, xtal 453 done.
[Rank 0] File 0, xtal 454 done.
[Rank 0] File 0, xtal 455 done.
[Rank 0] File 0, xtal 456 done.
[Rank 0] File 0, xtal 457 done.
[Rank 0] File 0, xtal 458 done.
[Rank 0] File 0, xtal 459 done.
[Rank 0] File 0, xtal 460 done.
[Rank 0] File 0, xtal 461 done.
[Rank 0] File 0, xtal 462 done.
[Rank 0] File 0, xtal 463 done.
[Rank 0] File 0, xtal 464 done.
[Rank 0] File 0, xtal 465 done.
[Rank 0] File 0, xtal 466 done.
[Rank 0] File 0, xtal 467 done.
[Rank 0] File 0, xtal 468 done.
[Rank 0] File 0, xtal 469 done.
[Rank 0] File 0, xtal 470 done.
[Rank 0] File 0, xtal 471 done.
[Rank 0] File 0, xtal 472 done.
[Rank 0] File 0, xtal 473 done.
[Rank 0] File 0, xtal 474 done.
[Rank 0] File 0, xtal 475 done.
[Rank 0] File 0, xtal 476 done.
[Rank 0] File 0, xtal 477 done.
[Rank 0] File 0, xtal 478 done.
[Rank 0] File 0, xtal 479 done.
[Rank 0] File 0, xtal 480 done.
[Rank 0] File 0, xtal 481 done.
[Rank 0] File 0, xtal 482 done.
[Rank 0] File 0, xtal 483 done.
[Rank 0] File 0, xtal 484 done.
[Rank 0] File 0, xtal 485 done.
[Rank 0] File 0, xtal 486 done.
[Rank 0] File 0, xtal 487 done.
[Rank 0] File 0, xtal 488 done.
[Rank 0] File 0, xtal 489 done.
[Rank 0] File 0, xtal 490 done.
[Rank 0] File 0, xtal 491 done.
[Rank 0] File 0, xtal 492 done.
[Rank 0] File 0, xtal 493 done.
[Rank 0] File 0, xtal 494 done.
[Rank 0] File 0, xtal 495 done.
[Rank 0] File 0, xtal 496 done.
[Rank 0] File 0, xtal 497 done.
[Rank 0] File 0, xtal 498 done.
[Rank 0] File 0, xtal 499 done.
[Rank 0] File 0, xtal 500 done.
[Rank 0] File 0, xtal 501 done.
[Rank 0] File 0, xtal 502 done.
[Rank 0] File 0, xtal 503 done.
[Rank 0] File 0, xtal 504 done.
[Rank 0] File 0, xtal 505 done.
[Rank 0] File 0, xtal 506 done.
[Rank 0] File 0, xtal 507 done.
[Rank 0] File 0, xtal 508 done.
[Rank 0] File 0, xtal 509 done.
[Rank 0] File 0, xtal 510 done.
[Rank 0] File 0, xtal 511 done.
[Rank 1] File 1, xtal 256 done.
[Rank 1] File 1, xtal 257 done.
[Rank 1] File 1, xtal 258 done.
[Rank 1] File 1, xtal 259 done.
[Rank 1] File 1, xtal 260 done.
[Rank 1] File 1, xtal 261 done.
[Rank 1] File 1, xtal 262 done.
[Rank 1] File 1, xtal 263 done.
[Rank 1] File 1, xtal 264 done.
[Rank 1] File 1, xtal 265 done.
[Rank 1] File 1, xtal 266 done.
[Rank 1] File 1, xtal 267 done.
[Rank 1] File 1, xtal 268 done.
[Rank 1] File 1, xtal 269 done.
[Rank 1] File 1, xtal 270 done.
[Rank 1] File 1, xtal 271 done.
[Rank 1] File 1, xtal 272 done.
[Rank 1] File 1, xtal 273 done.
[Rank 1] File 1, xtal 274 done.
[Rank 1] File 1, xtal 275 done.
[Rank 1] File 1, xtal 276 done.
[Rank 1] File 1, xtal 277 done.
[Rank 1] File 1, xtal 278 done.
[Rank 1] File 1, xtal 279 done.
[Rank 1] File 1, xtal 280 done.
[Rank 1] File 1, xtal 281 done.
[Rank 1] File 1, xtal 282 done.
[Rank 1] File 1, xtal 283 done.
[Rank 1] File 1, xtal 284 done.
[Rank 1] File 1, xtal 285 done.
[Rank 1] File 1, xtal 286 done.
[Rank 1] File 1, xtal 287 done.
[Rank 1] File 1, xtal 288 done.
[Rank 1] File 1, xtal 289 done.
[Rank 1] File 1, xtal 290 done.
[Rank 1] File 1, xtal 291 done.
[Rank 1] File 1, xtal 292 done.
[Rank 1] File 1, xtal 293 done.
[Rank 1] File 1, xtal 294 done.
[Rank 1] File 1, xtal 295 done.
[Rank 1] File 1, xtal 296 done.
[Rank 1] File 1, xtal 297 done.
[Rank 1] File 1, xtal 298 done.
[Rank 1] File 1, xtal 299 done.
[Rank 1] File 1, xtal 300 done.
[Rank 1] File 1, xtal 301 done.
[Rank 1] File 1, xtal 302 done.
[Rank 1] File 1, xtal 303 done.
[Rank 1] File 1, xtal 304 done.
[Rank 1] File 1, xtal 305 done.
[Rank 1] File 1, xtal 306 done.
[Rank 1] File 1, xtal 307 done.
[Rank 1] File 1, xtal 308 done.
[Rank 1] File 1, xtal 309 done.
[Rank 1] File 1, xtal 310 done.
[Rank 1] File 1, xtal 311 done.
[Rank 1] File 1, xtal 312 done.
[Rank 1] File 1, xtal 313 done.
[Rank 1] File 1, xtal 314 done.
[Rank 1] File 1, xtal 315 done.
[Rank 1] File 1, xtal 316 done.
[Rank 1] File 1, xtal 317 done.
[Rank 1] File 1, xtal 318 done.
[Rank 1] File 1, xtal 319 done.
[Rank 1] File 1, xtal 320 done.
[Rank 1] File 1, xtal 321 done.
[Rank 1] File 1, xtal 322 done.
[Rank 1] File 1, xtal 323 done.
[Rank 1] File 1, xtal 324 done.
[Rank 1] File 1, xtal 325 done.
[Rank 1] File 1, xtal 326 done.
[Rank 1] File 1, xtal 327 done.
[Rank 1] File 1, xtal 328 done.
[Rank 1] File 1, xtal 329 done.
[Rank 1] File 1, xtal 330 done.
[Rank 1] File 1, xtal 331 done.
[Rank 1] File 1, xtal 332 done.
[Rank 1] File 1, xtal 333 done.
[Rank 1] File 1, xtal 334 done.
[Rank 1] File 1, xtal 335 done.
[Rank 1] File 1, xtal 336 done.
[Rank 1] File 1, xtal 337 done.
[Rank 1] File 1, xtal 338 done.
[Rank 1] File 1, xtal 339 done.
[Rank 1] File 1, xtal 340 done.
[Rank 1] File 1, xtal 341 done.
[Rank 1] File 1, xtal 342 done.
[Rank 1] File 1, xtal 343 done.
[Rank 1] File 1, xtal 344 done.
[Rank 1] File 1, xtal 345 done.
[Rank 1] File 1, xtal 346 done.
[Rank 1] File 1, xtal 347 done.
[Rank 1] File 1, xtal 348 done.
[Rank 1] File 1, xtal 349 done.
[Rank 1] File 1, xtal 350 done.
[Rank 1] File 1, xtal 351 done.
[Rank 1] File 1, xtal 352 done.
[Rank 1] File 1, xtal 353 done.
[Rank 1] File 1, xtal 354 done.
[Rank 1] File 1, xtal 355 done.
[Rank 1] File 1, xtal 356 done.
[Rank 1] File 1, xtal 357 done.
[Rank 1] File 1, xtal 358 done.
[Rank 1] File 1, xtal 359 done.
[Rank 1] File 1, xtal 360 done.
[Rank 1] File 1, xtal 361 done.
[Rank 1] File 1, xtal 362 done.
[Rank 1] File 1, xtal 363 done.
[Rank 1] File 1, xtal 364 done.
[Rank 1] File 1, xtal 365 done.
[Rank 1] File 1, xtal 366 done.
[Rank 1] File 1, xtal 367 done.
[Rank 1] File 1, xtal 368 done.
[Rank 1] File 1, xtal 369 done.
[Rank 1] File 1, xtal 370 done.
[Rank 1] File 1, xtal 371 done.
[Rank 1] File 1, xtal 372 done.
[Rank 1] File 1, xtal 373 done.
[Rank 1] File 1, xtal 374 done.
[Rank 1] File 1, xtal 375 done.
[Rank 1] File 1, xtal 376 done.
[Rank 1] File 1, xtal 377 done.
[Rank 1] File 1, xtal 378 done.
[Rank 1] File 1, xtal 379 done.
[Rank 1] File 1, xtal 380 done.
[Rank 1] File 1, xtal 381 done.
[Rank 1] File 1, xtal 382 done.
[Rank 1] File 1, xtal 383 done.
[Rank 1] File 1, xtal 384 done.
[Rank 1] File 1, xtal 385 done.
[Rank 1] File 1, xtal 386 done.
[Rank 1] File 1, xtal 387 done.
[Rank 1] File 1, xtal 388 done.
[Rank 1] File 1, xtal 389 done.
[Rank 1] File 1, xtal 390 done.
[Rank 1] File 1, xtal 391 done.
[Rank 1] File 1, xtal 392 done.
[Rank 1] File 1, xtal 393 done.
[Rank 1] File 1, xtal 394 done.
[Rank 1] File 1, xtal 395 done.
[Rank 1] File 1, xtal 396 done.
[Rank 1] File 1, xtal 397 done.
[Rank 1] File 1, xtal 398 done.
[Rank 1] File 1, xtal 399 done.
[Rank 1] File 1, xtal 400 done.
[Rank 1] File 1, xtal 401 done.
[Rank 1] File 1, xtal 402 done.
[Rank 1] File 1, xtal 403 done.
[Rank 1] File 1, xtal 404 done.
[Rank 1] File 1, xtal 405 done.
[Rank 1] File 1, xtal 406 done.
[Rank 1] File 1, xtal 407 done.
[Rank 1] File 1, xtal 408 done.
[Rank 1] File 1, xtal 409 done.
[Rank 1] File 1, xtal 410 done.
[Rank 1] File 1, xtal 411 done.
[Rank 1] File 1, xtal 412 done.
[Rank 1] File 1, xtal 413 done.
[Rank 1] File 1, xtal 414 done.
[Rank 1] File 1, xtal 415 done.
[Rank 1] File 1, xtal 416 done.
[Rank 1] File 1, xtal 417 done.
[Rank 1] File 1, xtal 418 done.
[Rank 1] File 1, xtal 419 done.
[Rank 1] File 1, xtal 420 done.
[Rank 1] File 1, xtal 421 done.
[Rank 1] File 1, xtal 422 done.
[Rank 1] File 1, xtal 423 done.
[Rank 1] File 1, xtal 424 done.
[Rank 1] File 1, xtal 425 done.
[Rank 1] File 1, xtal 426 done.
[Rank 1] File 1, xtal 427 done.
[Rank 1] File 1, xtal 428 done.
[Rank 1] File 1, xtal 429 done.
[Rank 1] File 1, xtal 430 done.
[Rank 1] File 1, xtal 431 done.
[Rank 1] File 1, xtal 432 done.
[Rank 1] File 1, xtal 433 done.
[Rank 1] File 1, xtal 434 done.
[Rank 1] File 1, xtal 435 done.
[Rank 1] File 1, xtal 436 done.
[Rank 1] File 1, xtal 437 done.
[Rank 1] File 1, xtal 438 done.
[Rank 1] File 1, xtal 439 done.
[Rank 1] File 1, xtal 440 done.
[Rank 1] File 1, xtal 441 done.
[Rank 1] File 1, xtal 442 done.
[Rank 1] File 1, xtal 443 done.
[Rank 1] File 1, xtal 444 done.
[Rank 1] File 1, xtal 445 done.
[Rank 1] File 1, xtal 446 done.
[Rank 1] File 1, xtal 447 done.
[Rank 1] File 1, xtal 448 done.
[Rank 1] File 1, xtal 449 done.
[Rank 1] File 1, xtal 450 done.
[Rank 1] File 1, xtal 451 done.
[Rank 1] File 1, xtal 452 done.
[Rank 1] File 1, xtal 453 done.
[Rank 1] File 1, xtal 454 done.
[Rank 1] File 1, xtal 455 done.
[Rank 1] File 1, xtal 456 done.
[Rank 1] File 1, xtal 457 done.
[Rank 1] File 1, xtal 458 done.
[Rank 1] File 1, xtal 459 done.
[Rank 1] File 1, xtal 460 done.
[Rank 1] File 1, xtal 461 done.
[Rank 1] File 1, xtal 462 done.
[Rank 1] File 1, xtal 463 done.
[Rank 1] File 1, xtal 464 done.
[Rank 1] File 1, xtal 465 done.
[Rank 1] File 1, xtal 466 done.
[Rank 1] File 1, xtal 467 done.
[Rank 1] File 1, xtal 468 done.
[Rank 1] File 1, xtal 469 done.
[Rank 1] File 1, xtal 470 done.
[Rank 1] File 1, xtal 471 done.
[Rank 1] File 1, xtal 472 done.
[Rank 1] File 1, xtal 473 done.
[Rank 1] File 1, xtal 474 done.
[Rank 1] File 1, xtal 475 done.
[Rank 1] File 1, xtal 476 done.
[Rank 1] File 1, xtal 477 done.
[Rank 1] File 1, xtal 478 done.
[Rank 1] File 1, xtal 479 done.
[Rank 1] File 1, xtal 480 done.
[Rank 1] File 1, xtal 481 done.
[Rank 1] File 1, xtal 482 done.
[Rank 1] File 1, xtal 483 done.
[Rank 1] File 1, xtal 484 done.
[Rank 1] File 1, xtal 485 done.
[Rank 1] File 1, xtal 486 done.
[Rank 1] File 1, xtal 487 done.
[Rank 1] File 1, xtal 488 done.
[Rank 1] File 1, xtal 489 done.
[Rank 1] File 1, xtal 490 done.
[Rank 1] File 1, xtal 491 done.
[Rank 1] File 1, xtal 492 done.
[Rank 1] File 1, xtal 493 done.
[Rank 1] File 1, xtal 494 done.
[Rank 1] File 1, xtal 495 done.
[Rank 1] File 1, xtal 496 done.
[Rank 1] File 1, xtal 497 done.
[Rank 1] File 1, xtal 498 done.
[Rank 1] File 1, xtal 499 done.
[Rank 1] File 1, xtal 500 done.
[Rank 1] File 1, xtal 501 done.
[Rank 1] File 1, xtal 502 done.
[Rank 1] File 1, xtal 503 done.
[Rank 1] File 1, xtal 504 done.
[Rank 1] File 1, xtal 505 done.
[Rank 1] File 1, xtal 506 done.
[Rank 1] File 1, xtal 507 done.
[Rank 1] File 1, xtal 508 done.
[Rank 1] File 1, xtal 509 done.
[Rank 1] File 1, xtal 510 done.
[Rank 1] File 1, xtal 511 done.
[Rank 13] File 13, xtal 241 done.
[Rank 13] File 13, xtal 242 done.
[Rank 13] File 13, xtal 243 done.
[Rank 13] File 13, xtal 244 done.
[Rank 13] File 13, xtal 245 done.
[Rank 13] File 13, xtal 246 done.
[Rank 13] File 13, xtal 247 done.
[Rank 13] File 13, xtal 248 done.
[Rank 13] File 13, xtal 249 done.
[Rank 13] File 13, xtal 250 done.
[Rank 13] File 13, xtal 251 done.
[Rank 13] File 13, xtal 252 done.
[Rank 13] File 13, xtal 253 done.
[Rank 13] File 13, xtal 254 done.
[Rank 13] File 13, xtal 255 done.
[Rank 13] File 13, xtal 256 done.
[Rank 13] File 13, xtal 257 done.
[Rank 13] File 13, xtal 258 done.
[Rank 13] File 13, xtal 259 done.
[Rank 13] File 13, xtal 260 done.
[Rank 13] File 13, xtal 261 done.
[Rank 13] File 13, xtal 262 done.
[Rank 13] File 13, xtal 263 done.
[Rank 13] File 13, xtal 264 done.
[Rank 13] File 13, xtal 265 done.
[Rank 13] File 13, xtal 266 done.
[Rank 13] File 13, xtal 267 done.
[Rank 13] File 13, xtal 268 done.
[Rank 13] File 13, xtal 269 done.
[Rank 13] File 13, xtal 270 done.
[Rank 13] File 13, xtal 271 done.
[Rank 13] File 13, xtal 272 done.
[Rank 13] File 13, xtal 273 done.
[Rank 13] File 13, xtal 274 done.
[Rank 13] File 13, xtal 275 done.
[Rank 13] File 13, xtal 276 done.
[Rank 13] File 13, xtal 277 done.
[Rank 13] File 13, xtal 278 done.
[Rank 13] File 13, xtal 279 done.
[Rank 13] File 13, xtal 280 done.
[Rank 13] File 13, xtal 281 done.
[Rank 13] File 13, xtal 282 done.
[Rank 13] File 13, xtal 283 done.
[Rank 13] File 13, xtal 284 done.
[Rank 13] File 13, xtal 285 done.
[Rank 13] File 13, xtal 286 done.
[Rank 13] File 13, xtal 287 done.
[Rank 13] File 13, xtal 288 done.
[Rank 13] File 13, xtal 289 done.
[Rank 13] File 13, xtal 290 done.
[Rank 13] File 13, xtal 291 done.
[Rank 13] File 13, xtal 292 done.
[Rank 13] File 13, xtal 293 done.
[Rank 13] File 13, xtal 294 done.
[Rank 13] File 13, xtal 295 done.
[Rank 13] File 13, xtal 296 done.
[Rank 13] File 13, xtal 297 done.
[Rank 13] File 13, xtal 298 done.
[Rank 13] File 13, xtal 299 done.
[Rank 13] File 13, xtal 300 done.
[Rank 13] File 13, xtal 301 done.
[Rank 13] File 13, xtal 302 done.
[Rank 13] File 13, xtal 303 done.
[Rank 13] File 13, xtal 304 done.
[Rank 13] File 13, xtal 305 done.
[Rank 13] File 13, xtal 306 done.
[Rank 13] File 13, xtal 307 done.
[Rank 13] File 13, xtal 308 done.
[Rank 13] File 13, xtal 309 done.
[Rank 13] File 13, xtal 310 done.
[Rank 13] File 13, xtal 311 done.
[Rank 13] File 13, xtal 312 done.
[Rank 13] File 13, xtal 313 done.
[Rank 13] File 13, xtal 314 done.
[Rank 13] File 13, xtal 315 done.
[Rank 13] File 13, xtal 316 done.
[Rank 13] File 13, xtal 317 done.
[Rank 13] File 13, xtal 318 done.
[Rank 13] File 13, xtal 319 done.
[Rank 13] File 13, xtal 320 done.
[Rank 13] File 13, xtal 321 done.
[Rank 13] File 13, xtal 322 done.
[Rank 13] File 13, xtal 323 done.
[Rank 13] File 13, xtal 324 done.
[Rank 13] File 13, xtal 325 done.
[Rank 13] File 13, xtal 326 done.
[Rank 13] File 13, xtal 327 done.
[Rank 13] File 13, xtal 328 done.
[Rank 13] File 13, xtal 329 done.
[Rank 13] File 13, xtal 330 done.
[Rank 13] File 13, xtal 331 done.
[Rank 13] File 13, xtal 332 done.
[Rank 13] File 13, xtal 333 done.
[Rank 13] File 13, xtal 334 done.
[Rank 13] File 13, xtal 335 done.
[Rank 13] File 13, xtal 336 done.
[Rank 13] File 13, xtal 337 done.
[Rank 13] File 13, xtal 338 done.
[Rank 13] File 13, xtal 339 done.
[Rank 13] File 13, xtal 340 done.
[Rank 13] File 13, xtal 341 done.
[Rank 13] File 13, xtal 342 done.
[Rank 13] File 13, xtal 343 done.
[Rank 13] File 13, xtal 344 done.
[Rank 13] File 13, xtal 345 done.
[Rank 13] File 13, xtal 346 done.
[Rank 13] File 13, xtal 347 done.
[Rank 13] File 13, xtal 348 done.
[Rank 13] File 13, xtal 349 done.
[Rank 13] File 13, xtal 350 done.
[Rank 13] File 13, xtal 351 done.
[Rank 13] File 13, xtal 352 done.
[Rank 13] File 13, xtal 353 done.
[Rank 13] File 13, xtal 354 done.
[Rank 13] File 13, xtal 355 done.
[Rank 13] File 13, xtal 356 done.
[Rank 13] File 13, xtal 357 done.
[Rank 13] File 13, xtal 358 done.
[Rank 13] File 13, xtal 359 done.
[Rank 13] File 13, xtal 360 done.
[Rank 13] File 13, xtal 361 done.
[Rank 13] File 13, xtal 362 done.
[Rank 13] File 13, xtal 363 done.
[Rank 13] File 13, xtal 364 done.
[Rank 13] File 13, xtal 365 done.
[Rank 13] File 13, xtal 366 done.
[Rank 13] File 13, xtal 367 done.
[Rank 13] File 13, xtal 368 done.
[Rank 13] File 13, xtal 369 done.
[Rank 13] File 13, xtal 370 done.
[Rank 13] File 13, xtal 371 done.
[Rank 13] File 13, xtal 372 done.
[Rank 13] File 13, xtal 373 done.
[Rank 13] File 13, xtal 374 done.
[Rank 13] File 13, xtal 375 done.
[Rank 13] File 13, xtal 376 done.
[Rank 13] File 13, xtal 377 done.
[Rank 13] File 13, xtal 378 done.
[Rank 13] File 13, xtal 379 done.
[Rank 13] File 13, xtal 380 done.
[Rank 13] File 13, xtal 381 done.
[Rank 13] File 13, xtal 382 done.
[Rank 13] File 13, xtal 383 done.
[Rank 13] File 13, xtal 384 done.
[Rank 13] File 13, xtal 385 done.
[Rank 13] File 13, xtal 386 done.
[Rank 13] File 13, xtal 387 done.
[Rank 13] File 13, xtal 388 done.
[Rank 13] File 13, xtal 389 done.
[Rank 13] File 13, xtal 390 done.
[Rank 13] File 13, xtal 391 done.
[Rank 13] File 13, xtal 392 done.
[Rank 13] File 13, xtal 393 done.
[Rank 13] File 13, xtal 394 done.
[Rank 13] File 13, xtal 395 done.
[Rank 13] File 13, xtal 396 done.
[Rank 13] File 13, xtal 397 done.
[Rank 13] File 13, xtal 398 done.
[Rank 13] File 13, xtal 399 done.
[Rank 13] File 13, xtal 400 done.
[Rank 13] File 13, xtal 401 done.
[Rank 13] File 13, xtal 402 done.
[Rank 13] File 13, xtal 403 done.
[Rank 13] File 13, xtal 404 done.
[Rank 13] File 13, xtal 405 done.
[Rank 13] File 13, xtal 406 done.
[Rank 13] File 13, xtal 407 done.
[Rank 13] File 13, xtal 408 done.
[Rank 13] File 13, xtal 409 done.
[Rank 13] File 13, xtal 410 done.
[Rank 13] File 13, xtal 411 done.
[Rank 13] File 13, xtal 412 done.
[Rank 13] File 13, xtal 413 done.
[Rank 13] File 13, xtal 414 done.
[Rank 13] File 13, xtal 415 done.
[Rank 13] File 13, xtal 416 done.
[Rank 13] File 13, xtal 417 done.
[Rank 13] File 13, xtal 418 done.
[Rank 13] File 13, xtal 419 done.
[Rank 13] File 13, xtal 420 done.
[Rank 13] File 13, xtal 421 done.
[Rank 13] File 13, xtal 422 done.
[Rank 13] File 13, xtal 423 done.
[Rank 13] File 13, xtal 424 done.
[Rank 13] File 13, xtal 425 done.
[Rank 13] File 13, xtal 426 done.
[Rank 13] File 13, xtal 427 done.
[Rank 13] File 13, xtal 428 done.
[Rank 13] File 13, xtal 429 done.
[Rank 13] File 13, xtal 430 done.
[Rank 13] File 13, xtal 431 done.
[Rank 13] File 13, xtal 432 done.
[Rank 13] File 13, xtal 433 done.
[Rank 13] File 13, xtal 434 done.
[Rank 13] File 13, xtal 435 done.
[Rank 13] File 13, xtal 436 done.
[Rank 13] File 13, xtal 437 done.
[Rank 13] File 13, xtal 438 done.
[Rank 13] File 13, xtal 439 done.
[Rank 13] File 13, xtal 440 done.
[Rank 13] File 13, xtal 441 done.
[Rank 13] File 13, xtal 442 done.
[Rank 13] File 13, xtal 443 done.
[Rank 13] File 13, xtal 444 done.
[Rank 13] File 13, xtal 445 done.
[Rank 13] File 13, xtal 446 done.
[Rank 13] File 13, xtal 447 done.
[Rank 13] File 13, xtal 448 done.
[Rank 13] File 13, xtal 449 done.
[Rank 13] File 13, xtal 450 done.
[Rank 13] File 13, xtal 451 done.
[Rank 13] File 13, xtal 452 done.
[Rank 13] File 13, xtal 453 done.
[Rank 13] File 13, xtal 454 done.
[Rank 13] File 13, xtal 455 done.
[Rank 13] File 13, xtal 456 done.
[Rank 13] File 13, xtal 457 done.
[Rank 13] File 13, xtal 458 done.
[Rank 13] File 13, xtal 459 done.
[Rank 13] File 13, xtal 460 done.
[Rank 13] File 13, xtal 461 done.
[Rank 13] File 13, xtal 462 done.
[Rank 13] File 13, xtal 463 done.
[Rank 13] File 13, xtal 464 done.
[Rank 13] File 13, xtal 465 done.
[Rank 13] File 13, xtal 466 done.
[Rank 13] File 13, xtal 467 done.
[Rank 13] File 13, xtal 468 done.
[Rank 13] File 13, xtal 469 done.
[Rank 13] File 13, xtal 470 done.
[Rank 13] File 13, xtal 471 done.
[Rank 13] File 13, xtal 472 done.
[Rank 13] File 13, xtal 473 done.
[Rank 13] File 13, xtal 474 done.
[Rank 13] File 13, xtal 475 done.
[Rank 13] File 13, xtal 476 done.
[Rank 13] File 13, xtal 477 done.
[Rank 13] File 13, xtal 478 done.
[Rank 13] File 13, xtal 479 done.
[Rank 13] File 13, xtal 480 done.
[Rank 11] File 11, xtal 241 done.
[Rank 11] File 11, xtal 242 done.
[Rank 11] File 11, xtal 243 done.
[Rank 11] File 11, xtal 244 done.
[Rank 11] File 11, xtal 245 done.
[Rank 11] File 11, xtal 246 done.
[Rank 11] File 11, xtal 247 done.
[Rank 11] File 11, xtal 248 done.
[Rank 11] File 11, xtal 249 done.
[Rank 11] File 11, xtal 250 done.
[Rank 11] File 11, xtal 251 done.
[Rank 11] File 11, xtal 252 done.
[Rank 11] File 11, xtal 253 done.
[Rank 11] File 11, xtal 254 done.
[Rank 11] File 11, xtal 255 done.
[Rank 11] File 11, xtal 256 done.
[Rank 11] File 11, xtal 257 done.
[Rank 11] File 11, xtal 258 done.
[Rank 11] File 11, xtal 259 done.
[Rank 11] File 11, xtal 260 done.
[Rank 11] File 11, xtal 261 done.
[Rank 11] File 11, xtal 262 done.
[Rank 11] File 11, xtal 263 done.
[Rank 11] File 11, xtal 264 done.
[Rank 11] File 11, xtal 265 done.
[Rank 11] File 11, xtal 266 done.
[Rank 11] File 11, xtal 267 done.
[Rank 11] File 11, xtal 268 done.
[Rank 11] File 11, xtal 269 done.
[Rank 11] File 11, xtal 270 done.
[Rank 11] File 11, xtal 271 done.
[Rank 11] File 11, xtal 272 done.
[Rank 11] File 11, xtal 273 done.
[Rank 11] File 11, xtal 274 done.
[Rank 11] File 11, xtal 275 done.
[Rank 11] File 11, xtal 276 done.
[Rank 11] File 11, xtal 277 done.
[Rank 11] File 11, xtal 278 done.
[Rank 11] File 11, xtal 279 done.
[Rank 11] File 11, xtal 280 done.
[Rank 11] File 11, xtal 281 done.
[Rank 11] File 11, xtal 282 done.
[Rank 11] File 11, xtal 283 done.
[Rank 11] File 11, xtal 284 done.
[Rank 11] File 11, xtal 285 done.
[Rank 11] File 11, xtal 286 done.
[Rank 11] File 11, xtal 287 done.
[Rank 11] File 11, xtal 288 done.
[Rank 11] File 11, xtal 289 done.
[Rank 11] File 11, xtal 290 done.
[Rank 11] File 11, xtal 291 done.
[Rank 11] File 11, xtal 292 done.
[Rank 11] File 11, xtal 293 done.
[Rank 11] File 11, xtal 294 done.
[Rank 11] File 11, xtal 295 done.
[Rank 11] File 11, xtal 296 done.
[Rank 11] File 11, xtal 297 done.
[Rank 11] File 11, xtal 298 done.
[Rank 11] File 11, xtal 299 done.
[Rank 11] File 11, xtal 300 done.
[Rank 11] File 11, xtal 301 done.
[Rank 11] File 11, xtal 302 done.
[Rank 11] File 11, xtal 303 done.
[Rank 11] File 11, xtal 304 done.
[Rank 11] File 11, xtal 305 done.
[Rank 11] File 11, xtal 306 done.
[Rank 11] File 11, xtal 307 done.
[Rank 11] File 11, xtal 308 done.
[Rank 11] File 11, xtal 309 done.
[Rank 11] File 11, xtal 310 done.
[Rank 11] File 11, xtal 311 done.
[Rank 11] File 11, xtal 312 done.
[Rank 11] File 11, xtal 313 done.
[Rank 11] File 11, xtal 314 done.
[Rank 11] File 11, xtal 315 done.
[Rank 11] File 11, xtal 316 done.
[Rank 11] File 11, xtal 317 done.
[Rank 11] File 11, xtal 318 done.
[Rank 11] File 11, xtal 319 done.
[Rank 11] File 11, xtal 320 done.
[Rank 11] File 11, xtal 321 done.
[Rank 11] File 11, xtal 322 done.
[Rank 11] File 11, xtal 323 done.
[Rank 11] File 11, xtal 324 done.
[Rank 11] File 11, xtal 325 done.
[Rank 11] File 11, xtal 326 done.
[Rank 11] File 11, xtal 327 done.
[Rank 11] File 11, xtal 328 done.
[Rank 11] File 11, xtal 329 done.
[Rank 11] File 11, xtal 330 done.
[Rank 11] File 11, xtal 331 done.
[Rank 11] File 11, xtal 332 done.
[Rank 11] File 11, xtal 333 done.
[Rank 11] File 11, xtal 334 done.
[Rank 11] File 11, xtal 335 done.
[Rank 11] File 11, xtal 336 done.
[Rank 11] File 11, xtal 337 done.
[Rank 11] File 11, xtal 338 done.
[Rank 11] File 11, xtal 339 done.
[Rank 11] File 11, xtal 340 done.
[Rank 11] File 11, xtal 341 done.
[Rank 11] File 11, xtal 342 done.
[Rank 11] File 11, xtal 343 done.
[Rank 11] File 11, xtal 344 done.
[Rank 11] File 11, xtal 345 done.
[Rank 11] File 11, xtal 346 done.
[Rank 11] File 11, xtal 347 done.
[Rank 11] File 11, xtal 348 done.
[Rank 11] File 11, xtal 349 done.
[Rank 11] File 11, xtal 350 done.
[Rank 11] File 11, xtal 351 done.
[Rank 11] File 11, xtal 352 done.
[Rank 11] File 11, xtal 353 done.
[Rank 11] File 11, xtal 354 done.
[Rank 11] File 11, xtal 355 done.
[Rank 11] File 11, xtal 356 done.
[Rank 11] File 11, xtal 357 done.
[Rank 11] File 11, xtal 358 done.
[Rank 11] File 11, xtal 359 done.
[Rank 11] File 11, xtal 360 done.
[Rank 11] File 11, xtal 361 done.
[Rank 11] File 11, xtal 362 done.
[Rank 11] File 11, xtal 363 done.
[Rank 11] File 11, xtal 364 done.
[Rank 11] File 11, xtal 365 done.
[Rank 11] File 11, xtal 366 done.
[Rank 11] File 11, xtal 367 done.
[Rank 11] File 11, xtal 368 done.
[Rank 11] File 11, xtal 369 done.
[Rank 11] File 11, xtal 370 done.
[Rank 11] File 11, xtal 371 done.
[Rank 11] File 11, xtal 372 done.
[Rank 11] File 11, xtal 373 done.
[Rank 11] File 11, xtal 374 done.
[Rank 11] File 11, xtal 375 done.
[Rank 11] File 11, xtal 376 done.
[Rank 11] File 11, xtal 377 done.
[Rank 11] File 11, xtal 378 done.
[Rank 11] File 11, xtal 379 done.
[Rank 11] File 11, xtal 380 done.
[Rank 11] File 11, xtal 381 done.
[Rank 11] File 11, xtal 382 done.
[Rank 11] File 11, xtal 383 done.
[Rank 11] File 11, xtal 384 done.
[Rank 11] File 11, xtal 385 done.
[Rank 11] File 11, xtal 386 done.
[Rank 11] File 11, xtal 387 done.
[Rank 11] File 11, xtal 388 done.
[Rank 11] File 11, xtal 389 done.
[Rank 11] File 11, xtal 390 done.
[Rank 11] File 11, xtal 391 done.
[Rank 11] File 11, xtal 392 done.
[Rank 11] File 11, xtal 393 done.
[Rank 11] File 11, xtal 394 done.
[Rank 11] File 11, xtal 395 done.
[Rank 11] File 11, xtal 396 done.
[Rank 11] File 11, xtal 397 done.
[Rank 11] File 11, xtal 398 done.
[Rank 11] File 11, xtal 399 done.
[Rank 11] File 11, xtal 400 done.
[Rank 11] File 11, xtal 401 done.
[Rank 11] File 11, xtal 402 done.
[Rank 11] File 11, xtal 403 done.
[Rank 11] File 11, xtal 404 done.
[Rank 11] File 11, xtal 405 done.
[Rank 11] File 11, xtal 406 done.
[Rank 11] File 11, xtal 407 done.
[Rank 11] File 11, xtal 408 done.
[Rank 11] File 11, xtal 409 done.
[Rank 11] File 11, xtal 410 done.
[Rank 11] File 11, xtal 411 done.
[Rank 11] File 11, xtal 412 done.
[Rank 11] File 11, xtal 413 done.
[Rank 11] File 11, xtal 414 done.
[Rank 11] File 11, xtal 415 done.
[Rank 11] File 11, xtal 416 done.
[Rank 11] File 11, xtal 417 done.
[Rank 11] File 11, xtal 418 done.
[Rank 11] File 11, xtal 419 done.
[Rank 11] File 11, xtal 420 done.
[Rank 11] File 11, xtal 421 done.
[Rank 11] File 11, xtal 422 done.
[Rank 11] File 11, xtal 423 done.
[Rank 11] File 11, xtal 424 done.
[Rank 11] File 11, xtal 425 done.
[Rank 11] File 11, xtal 426 done.
[Rank 11] File 11, xtal 427 done.
[Rank 11] File 11, xtal 428 done.
[Rank 11] File 11, xtal 429 done.
[Rank 11] File 11, xtal 430 done.
[Rank 11] File 11, xtal 431 done.
[Rank 11] File 11, xtal 432 done.
[Rank 11] File 11, xtal 433 done.
[Rank 11] File 11, xtal 434 done.
[Rank 11] File 11, xtal 435 done.
[Rank 11] File 11, xtal 436 done.
[Rank 11] File 11, xtal 437 done.
[Rank 11] File 11, xtal 438 done.
[Rank 11] File 11, xtal 439 done.
[Rank 11] File 11, xtal 440 done.
[Rank 11] File 11, xtal 441 done.
[Rank 11] File 11, xtal 442 done.
[Rank 11] File 11, xtal 443 done.
[Rank 11] File 11, xtal 444 done.
[Rank 11] File 11, xtal 445 done.
[Rank 11] File 11, xtal 446 done.
[Rank 11] File 11, xtal 447 done.
[Rank 11] File 11, xtal 448 done.
[Rank 11] File 11, xtal 449 done.
[Rank 11] File 11, xtal 450 done.
[Rank 11] File 11, xtal 451 done.
[Rank 11] File 11, xtal 452 done.
[Rank 11] File 11, xtal 453 done.
[Rank 11] File 11, xtal 454 done.
[Rank 11] File 11, xtal 455 done.
[Rank 11] File 11, xtal 456 done.
[Rank 11] File 11, xtal 457 done.
[Rank 11] File 11, xtal 458 done.
[Rank 11] File 11, xtal 459 done.
[Rank 11] File 11, xtal 460 done.
[Rank 11] File 11, xtal 461 done.
[Rank 11] File 11, xtal 462 done.
[Rank 11] File 11, xtal 463 done.
[Rank 11] File 11, xtal 464 done.
[Rank 11] File 11, xtal 465 done.
[Rank 11] File 11, xtal 466 done.
[Rank 11] File 11, xtal 467 done.
[Rank 11] File 11, xtal 468 done.
[Rank 11] File 11, xtal 469 done.
[Rank 11] File 11, xtal 470 done.
[Rank 11] File 11, xtal 471 done.
[Rank 11] File 11, xtal 472 done.
[Rank 11] File 11, xtal 473 done.
[Rank 11] File 11, xtal 474 done.
[Rank 11] File 11, xtal 475 done.
[Rank 11] File 11, xtal 476 done.
[Rank 11] File 11, xtal 477 done.
[Rank 11] File 11, xtal 478 done.
[Rank 11] File 11, xtal 479 done.
[Rank 11] File 11, xtal 480 done.
[Rank 2] File 2, xtal 256 done.
[Rank 2] File 2, xtal 257 done.
[Rank 2] File 2, xtal 258 done.
[Rank 2] File 2, xtal 259 done.
[Rank 2] File 2, xtal 260 done.
[Rank 2] File 2, xtal 261 done.
[Rank 2] File 2, xtal 262 done.
[Rank 2] File 2, xtal 263 done.
[Rank 2] File 2, xtal 264 done.
[Rank 2] File 2, xtal 265 done.
[Rank 2] File 2, xtal 266 done.
[Rank 2] File 2, xtal 267 done.
[Rank 2] File 2, xtal 268 done.
[Rank 2] File 2, xtal 269 done.
[Rank 2] File 2, xtal 270 done.
[Rank 2] File 2, xtal 271 done.
[Rank 2] File 2, xtal 272 done.
[Rank 2] File 2, xtal 273 done.
[Rank 2] File 2, xtal 274 done.
[Rank 2] File 2, xtal 275 done.
[Rank 2] File 2, xtal 276 done.
[Rank 2] File 2, xtal 277 done.
[Rank 2] File 2, xtal 278 done.
[Rank 2] File 2, xtal 279 done.
[Rank 2] File 2, xtal 280 done.
[Rank 2] File 2, xtal 281 done.
[Rank 2] File 2, xtal 282 done.
[Rank 2] File 2, xtal 283 done.
[Rank 2] File 2, xtal 284 done.
[Rank 2] File 2, xtal 285 done.
[Rank 2] File 2, xtal 286 done.
[Rank 2] File 2, xtal 287 done.
[Rank 2] File 2, xtal 288 done.
[Rank 2] File 2, xtal 289 done.
[Rank 2] File 2, xtal 290 done.
[Rank 2] File 2, xtal 291 done.
[Rank 2] File 2, xtal 292 done.
[Rank 2] File 2, xtal 293 done.
[Rank 2] File 2, xtal 294 done.
[Rank 2] File 2, xtal 295 done.
[Rank 2] File 2, xtal 296 done.
[Rank 2] File 2, xtal 297 done.
[Rank 2] File 2, xtal 298 done.
[Rank 2] File 2, xtal 299 done.
[Rank 2] File 2, xtal 300 done.
[Rank 2] File 2, xtal 301 done.
[Rank 2] File 2, xtal 302 done.
[Rank 2] File 2, xtal 303 done.
[Rank 2] File 2, xtal 304 done.
[Rank 2] File 2, xtal 305 done.
[Rank 2] File 2, xtal 306 done.
[Rank 2] File 2, xtal 307 done.
[Rank 2] File 2, xtal 308 done.
[Rank 2] File 2, xtal 309 done.
[Rank 2] File 2, xtal 310 done.
[Rank 2] File 2, xtal 311 done.
[Rank 2] File 2, xtal 312 done.
[Rank 2] File 2, xtal 313 done.
[Rank 2] File 2, xtal 314 done.
[Rank 2] File 2, xtal 315 done.
[Rank 2] File 2, xtal 316 done.
[Rank 2] File 2, xtal 317 done.
[Rank 2] File 2, xtal 318 done.
[Rank 2] File 2, xtal 319 done.
[Rank 2] File 2, xtal 320 done.
[Rank 2] File 2, xtal 321 done.
[Rank 2] File 2, xtal 322 done.
[Rank 2] File 2, xtal 323 done.
[Rank 2] File 2, xtal 324 done.
[Rank 2] File 2, xtal 325 done.
[Rank 2] File 2, xtal 326 done.
[Rank 2] File 2, xtal 327 done.
[Rank 2] File 2, xtal 328 done.
[Rank 2] File 2, xtal 329 done.
[Rank 2] File 2, xtal 330 done.
[Rank 2] File 2, xtal 331 done.
[Rank 2] File 2, xtal 332 done.
[Rank 2] File 2, xtal 333 done.
[Rank 2] File 2, xtal 334 done.
[Rank 2] File 2, xtal 335 done.
[Rank 2] File 2, xtal 336 done.
[Rank 2] File 2, xtal 337 done.
[Rank 2] File 2, xtal 338 done.
[Rank 2] File 2, xtal 339 done.
[Rank 2] File 2, xtal 340 done.
[Rank 2] File 2, xtal 341 done.
[Rank 2] File 2, xtal 342 done.
[Rank 2] File 2, xtal 343 done.
[Rank 2] File 2, xtal 344 done.
[Rank 2] File 2, xtal 345 done.
[Rank 2] File 2, xtal 346 done.
[Rank 2] File 2, xtal 347 done.
[Rank 2] File 2, xtal 348 done.
[Rank 2] File 2, xtal 349 done.
[Rank 2] File 2, xtal 350 done.
[Rank 2] File 2, xtal 351 done.
[Rank 2] File 2, xtal 352 done.
[Rank 2] File 2, xtal 353 done.
[Rank 2] File 2, xtal 354 done.
[Rank 2] File 2, xtal 355 done.
[Rank 2] File 2, xtal 356 done.
[Rank 2] File 2, xtal 357 done.
[Rank 2] File 2, xtal 358 done.
[Rank 2] File 2, xtal 359 done.
[Rank 2] File 2, xtal 360 done.
[Rank 2] File 2, xtal 361 done.
[Rank 2] File 2, xtal 362 done.
[Rank 2] File 2, xtal 363 done.
[Rank 2] File 2, xtal 364 done.
[Rank 2] File 2, xtal 365 done.
[Rank 2] File 2, xtal 366 done.
[Rank 2] File 2, xtal 367 done.
[Rank 2] File 2, xtal 368 done.
[Rank 2] File 2, xtal 369 done.
[Rank 2] File 2, xtal 370 done.
[Rank 2] File 2, xtal 371 done.
[Rank 2] File 2, xtal 372 done.
[Rank 2] File 2, xtal 373 done.
[Rank 2] File 2, xtal 374 done.
[Rank 2] File 2, xtal 375 done.
[Rank 2] File 2, xtal 376 done.
[Rank 2] File 2, xtal 377 done.
[Rank 2] File 2, xtal 378 done.
[Rank 2] File 2, xtal 379 done.
[Rank 2] File 2, xtal 380 done.
[Rank 2] File 2, xtal 381 done.
[Rank 2] File 2, xtal 382 done.
[Rank 2] File 2, xtal 383 done.
[Rank 2] File 2, xtal 384 done.
[Rank 2] File 2, xtal 385 done.
[Rank 2] File 2, xtal 386 done.
[Rank 2] File 2, xtal 387 done.
[Rank 2] File 2, xtal 388 done.
[Rank 2] File 2, xtal 389 done.
[Rank 2] File 2, xtal 390 done.
[Rank 2] File 2, xtal 391 done.
[Rank 2] File 2, xtal 392 done.
[Rank 2] File 2, xtal 393 done.
[Rank 2] File 2, xtal 394 done.
[Rank 2] File 2, xtal 395 done.
[Rank 2] File 2, xtal 396 done.
[Rank 2] File 2, xtal 397 done.
[Rank 2] File 2, xtal 398 done.
[Rank 2] File 2, xtal 399 done.
[Rank 2] File 2, xtal 400 done.
[Rank 2] File 2, xtal 401 done.
[Rank 2] File 2, xtal 402 done.
[Rank 2] File 2, xtal 403 done.
[Rank 2] File 2, xtal 404 done.
[Rank 2] File 2, xtal 405 done.
[Rank 2] File 2, xtal 406 done.
[Rank 2] File 2, xtal 407 done.
[Rank 2] File 2, xtal 408 done.
[Rank 2] File 2, xtal 409 done.
[Rank 2] File 2, xtal 410 done.
[Rank 2] File 2, xtal 411 done.
[Rank 2] File 2, xtal 412 done.
[Rank 2] File 2, xtal 413 done.
[Rank 2] File 2, xtal 414 done.
[Rank 2] File 2, xtal 415 done.
[Rank 2] File 2, xtal 416 done.
[Rank 2] File 2, xtal 417 done.
[Rank 2] File 2, xtal 418 done.
[Rank 2] File 2, xtal 419 done.
[Rank 2] File 2, xtal 420 done.
[Rank 2] File 2, xtal 421 done.
[Rank 2] File 2, xtal 422 done.
[Rank 2] File 2, xtal 423 done.
[Rank 2] File 2, xtal 424 done.
[Rank 2] File 2, xtal 425 done.
[Rank 2] File 2, xtal 426 done.
[Rank 2] File 2, xtal 427 done.
[Rank 2] File 2, xtal 428 done.
[Rank 2] File 2, xtal 429 done.
[Rank 2] File 2, xtal 430 done.
[Rank 2] File 2, xtal 431 done.
[Rank 2] File 2, xtal 432 done.
[Rank 2] File 2, xtal 433 done.
[Rank 2] File 2, xtal 434 done.
[Rank 2] File 2, xtal 435 done.
[Rank 2] File 2, xtal 436 done.
[Rank 2] File 2, xtal 437 done.
[Rank 2] File 2, xtal 438 done.
[Rank 2] File 2, xtal 439 done.
[Rank 2] File 2, xtal 440 done.
[Rank 2] File 2, xtal 441 done.
[Rank 2] File 2, xtal 442 done.
[Rank 2] File 2, xtal 443 done.
[Rank 2] File 2, xtal 444 done.
[Rank 2] File 2, xtal 445 done.
[Rank 2] File 2, xtal 446 done.
[Rank 2] File 2, xtal 447 done.
[Rank 2] File 2, xtal 448 done.
[Rank 2] File 2, xtal 449 done.
[Rank 2] File 2, xtal 450 done.
[Rank 2] File 2, xtal 451 done.
[Rank 2] File 2, xtal 452 done.
[Rank 2] File 2, xtal 453 done.
[Rank 2] File 2, xtal 454 done.
[Rank 2] File 2, xtal 455 done.
[Rank 2] File 2, xtal 456 done.
[Rank 2] File 2, xtal 457 done.
[Rank 2] File 2, xtal 458 done.
[Rank 2] File 2, xtal 459 done.
[Rank 2] File 2, xtal 460 done.
[Rank 2] File 2, xtal 461 done.
[Rank 2] File 2, xtal 462 done.
[Rank 2] File 2, xtal 463 done.
[Rank 2] File 2, xtal 464 done.
[Rank 2] File 2, xtal 465 done.
[Rank 2] File 2, xtal 466 done.
[Rank 2] File 2, xtal 467 done.
[Rank 2] File 2, xtal 468 done.
[Rank 2] File 2, xtal 469 done.
[Rank 2] File 2, xtal 470 done.
[Rank 2] File 2, xtal 471 done.
[Rank 2] File 2, xtal 472 done.
[Rank 2] File 2, xtal 473 done.
[Rank 2] File 2, xtal 474 done.
[Rank 2] File 2, xtal 475 done.
[Rank 2] File 2, xtal 476 done.
[Rank 2] File 2, xtal 477 done.
[Rank 2] File 2, xtal 478 done.
[Rank 2] File 2, xtal 479 done.
[Rank 2] File 2, xtal 480 done.
[Rank 2] File 2, xtal 481 done.
[Rank 2] File 2, xtal 482 done.
[Rank 2] File 2, xtal 483 done.
[Rank 2] File 2, xtal 484 done.
[Rank 2] File 2, xtal 485 done.
[Rank 2] File 2, xtal 486 done.
[Rank 2] File 2, xtal 487 done.
[Rank 2] File 2, xtal 488 done.
[Rank 2] File 2, xtal 489 done.
[Rank 2] File 2, xtal 490 done.
[Rank 2] File 2, xtal 491 done.
[Rank 2] File 2, xtal 492 done.
[Rank 2] File 2, xtal 493 done.
[Rank 2] File 2, xtal 494 done.
[Rank 2] File 2, xtal 495 done.
[Rank 2] File 2, xtal 496 done.
[Rank 2] File 2, xtal 497 done.
[Rank 2] File 2, xtal 498 done.
[Rank 2] File 2, xtal 499 done.
[Rank 2] File 2, xtal 500 done.
[Rank 2] File 2, xtal 501 done.
[Rank 2] File 2, xtal 502 done.
[Rank 2] File 2, xtal 503 done.
[Rank 2] File 2, xtal 504 done.
[Rank 2] File 2, xtal 505 done.
[Rank 2] File 2, xtal 506 done.
[Rank 2] File 2, xtal 507 done.
[Rank 2] File 2, xtal 508 done.
[Rank 2] File 2, xtal 509 done.
[Rank 2] File 2, xtal 510 done.
[Rank 2] File 2, xtal 511 done.
[Rank 8] File 8, xtal 256 done.
[Rank 8] File 8, xtal 257 done.
[Rank 8] File 8, xtal 258 done.
[Rank 8] File 8, xtal 259 done.
[Rank 8] File 8, xtal 260 done.
[Rank 8] File 8, xtal 261 done.
[Rank 8] File 8, xtal 262 done.
[Rank 8] File 8, xtal 263 done.
[Rank 8] File 8, xtal 264 done.
[Rank 8] File 8, xtal 265 done.
[Rank 8] File 8, xtal 266 done.
[Rank 8] File 8, xtal 267 done.
[Rank 8] File 8, xtal 268 done.
[Rank 8] File 8, xtal 269 done.
[Rank 8] File 8, xtal 270 done.
[Rank 8] File 8, xtal 271 done.
[Rank 8] File 8, xtal 272 done.
[Rank 8] File 8, xtal 273 done.
[Rank 8] File 8, xtal 274 done.
[Rank 8] File 8, xtal 275 done.
[Rank 8] File 8, xtal 276 done.
[Rank 8] File 8, xtal 277 done.
[Rank 8] File 8, xtal 278 done.
[Rank 8] File 8, xtal 279 done.
[Rank 8] File 8, xtal 280 done.
[Rank 8] File 8, xtal 281 done.
[Rank 8] File 8, xtal 282 done.
[Rank 8] File 8, xtal 283 done.
[Rank 8] File 8, xtal 284 done.
[Rank 8] File 8, xtal 285 done.
[Rank 8] File 8, xtal 286 done.
[Rank 8] File 8, xtal 287 done.
[Rank 8] File 8, xtal 288 done.
[Rank 8] File 8, xtal 289 done.
[Rank 8] File 8, xtal 290 done.
[Rank 8] File 8, xtal 291 done.
[Rank 8] File 8, xtal 292 done.
[Rank 8] File 8, xtal 293 done.
[Rank 8] File 8, xtal 294 done.
[Rank 8] File 8, xtal 295 done.
[Rank 8] File 8, xtal 296 done.
[Rank 8] File 8, xtal 297 done.
[Rank 8] File 8, xtal 298 done.
[Rank 8] File 8, xtal 299 done.
[Rank 8] File 8, xtal 300 done.
[Rank 8] File 8, xtal 301 done.
[Rank 8] File 8, xtal 302 done.
[Rank 8] File 8, xtal 303 done.
[Rank 8] File 8, xtal 304 done.
[Rank 8] File 8, xtal 305 done.
[Rank 8] File 8, xtal 306 done.
[Rank 8] File 8, xtal 307 done.
[Rank 8] File 8, xtal 308 done.
[Rank 8] File 8, xtal 309 done.
[Rank 8] File 8, xtal 310 done.
[Rank 8] File 8, xtal 311 done.
[Rank 8] File 8, xtal 312 done.
[Rank 8] File 8, xtal 313 done.
[Rank 8] File 8, xtal 314 done.
[Rank 8] File 8, xtal 315 done.
[Rank 8] File 8, xtal 316 done.
[Rank 8] File 8, xtal 317 done.
[Rank 8] File 8, xtal 318 done.
[Rank 8] File 8, xtal 319 done.
[Rank 8] File 8, xtal 320 done.
[Rank 8] File 8, xtal 321 done.
[Rank 8] File 8, xtal 322 done.
[Rank 8] File 8, xtal 323 done.
[Rank 8] File 8, xtal 324 done.
[Rank 8] File 8, xtal 325 done.
[Rank 8] File 8, xtal 326 done.
[Rank 8] File 8, xtal 327 done.
[Rank 8] File 8, xtal 328 done.
[Rank 8] File 8, xtal 329 done.
[Rank 8] File 8, xtal 330 done.
[Rank 8] File 8, xtal 331 done.
[Rank 8] File 8, xtal 332 done.
[Rank 8] File 8, xtal 333 done.
[Rank 8] File 8, xtal 334 done.
[Rank 8] File 8, xtal 335 done.
[Rank 8] File 8, xtal 336 done.
[Rank 8] File 8, xtal 337 done.
[Rank 8] File 8, xtal 338 done.
[Rank 8] File 8, xtal 339 done.
[Rank 8] File 8, xtal 340 done.
[Rank 8] File 8, xtal 341 done.
[Rank 8] File 8, xtal 342 done.
[Rank 8] File 8, xtal 343 done.
[Rank 8] File 8, xtal 344 done.
[Rank 8] File 8, xtal 345 done.
[Rank 8] File 8, xtal 346 done.
[Rank 8] File 8, xtal 347 done.
[Rank 8] File 8, xtal 348 done.
[Rank 8] File 8, xtal 349 done.
[Rank 8] File 8, xtal 350 done.
[Rank 8] File 8, xtal 351 done.
[Rank 8] File 8, xtal 352 done.
[Rank 8] File 8, xtal 353 done.
[Rank 8] File 8, xtal 354 done.
[Rank 8] File 8, xtal 355 done.
[Rank 8] File 8, xtal 356 done.
[Rank 8] File 8, xtal 357 done.
[Rank 8] File 8, xtal 358 done.
[Rank 8] File 8, xtal 359 done.
[Rank 8] File 8, xtal 360 done.
[Rank 8] File 8, xtal 361 done.
[Rank 8] File 8, xtal 362 done.
[Rank 8] File 8, xtal 363 done.
[Rank 8] File 8, xtal 364 done.
[Rank 8] File 8, xtal 365 done.
[Rank 8] File 8, xtal 366 done.
[Rank 8] File 8, xtal 367 done.
[Rank 8] File 8, xtal 368 done.
[Rank 8] File 8, xtal 369 done.
[Rank 8] File 8, xtal 370 done.
[Rank 8] File 8, xtal 371 done.
[Rank 8] File 8, xtal 372 done.
[Rank 8] File 8, xtal 373 done.
[Rank 8] File 8, xtal 374 done.
[Rank 8] File 8, xtal 375 done.
[Rank 8] File 8, xtal 376 done.
[Rank 8] File 8, xtal 377 done.
[Rank 8] File 8, xtal 378 done.
[Rank 8] File 8, xtal 379 done.
[Rank 8] File 8, xtal 380 done.
[Rank 8] File 8, xtal 381 done.
[Rank 8] File 8, xtal 382 done.
[Rank 8] File 8, xtal 383 done.
[Rank 8] File 8, xtal 384 done.
[Rank 8] File 8, xtal 385 done.
[Rank 8] File 8, xtal 386 done.
[Rank 8] File 8, xtal 387 done.
[Rank 8] File 8, xtal 388 done.
[Rank 8] File 8, xtal 389 done.
[Rank 8] File 8, xtal 390 done.
[Rank 8] File 8, xtal 391 done.
[Rank 8] File 8, xtal 392 done.
[Rank 8] File 8, xtal 393 done.
[Rank 8] File 8, xtal 394 done.
[Rank 8] File 8, xtal 395 done.
[Rank 8] File 8, xtal 396 done.
[Rank 8] File 8, xtal 397 done.
[Rank 8] File 8, xtal 398 done.
[Rank 8] File 8, xtal 399 done.
[Rank 8] File 8, xtal 400 done.
[Rank 8] File 8, xtal 401 done.
[Rank 8] File 8, xtal 402 done.
[Rank 8] File 8, xtal 403 done.
[Rank 8] File 8, xtal 404 done.
[Rank 8] File 8, xtal 405 done.
[Rank 8] File 8, xtal 406 done.
[Rank 8] File 8, xtal 407 done.
[Rank 8] File 8, xtal 408 done.
[Rank 8] File 8, xtal 409 done.
[Rank 8] File 8, xtal 410 done.
[Rank 8] File 8, xtal 411 done.
[Rank 8] File 8, xtal 412 done.
[Rank 8] File 8, xtal 413 done.
[Rank 8] File 8, xtal 414 done.
[Rank 8] File 8, xtal 415 done.
[Rank 8] File 8, xtal 416 done.
[Rank 8] File 8, xtal 417 done.
[Rank 8] File 8, xtal 418 done.
[Rank 8] File 8, xtal 419 done.
[Rank 8] File 8, xtal 420 done.
[Rank 8] File 8, xtal 421 done.
[Rank 8] File 8, xtal 422 done.
[Rank 8] File 8, xtal 423 done.
[Rank 8] File 8, xtal 424 done.
[Rank 8] File 8, xtal 425 done.
[Rank 8] File 8, xtal 426 done.
[Rank 8] File 8, xtal 427 done.
[Rank 8] File 8, xtal 428 done.
[Rank 8] File 8, xtal 429 done.
[Rank 8] File 8, xtal 430 done.
[Rank 8] File 8, xtal 431 done.
[Rank 8] File 8, xtal 432 done.
[Rank 8] File 8, xtal 433 done.
[Rank 8] File 8, xtal 434 done.
[Rank 8] File 8, xtal 435 done.
[Rank 8] File 8, xtal 436 done.
[Rank 8] File 8, xtal 437 done.
[Rank 8] File 8, xtal 438 done.
[Rank 8] File 8, xtal 439 done.
[Rank 8] File 8, xtal 440 done.
[Rank 8] File 8, xtal 441 done.
[Rank 8] File 8, xtal 442 done.
[Rank 8] File 8, xtal 443 done.
[Rank 8] File 8, xtal 444 done.
[Rank 8] File 8, xtal 445 done.
[Rank 8] File 8, xtal 446 done.
[Rank 8] File 8, xtal 447 done.
[Rank 8] File 8, xtal 448 done.
[Rank 8] File 8, xtal 449 done.
[Rank 8] File 8, xtal 450 done.
[Rank 8] File 8, xtal 451 done.
[Rank 8] File 8, xtal 452 done.
[Rank 8] File 8, xtal 453 done.
[Rank 8] File 8, xtal 454 done.
[Rank 8] File 8, xtal 455 done.
[Rank 8] File 8, xtal 456 done.
[Rank 8] File 8, xtal 457 done.
[Rank 8] File 8, xtal 458 done.
[Rank 8] File 8, xtal 459 done.
[Rank 8] File 8, xtal 460 done.
[Rank 8] File 8, xtal 461 done.
[Rank 8] File 8, xtal 462 done.
[Rank 8] File 8, xtal 463 done.
[Rank 8] File 8, xtal 464 done.
[Rank 8] File 8, xtal 465 done.
[Rank 8] File 8, xtal 466 done.
[Rank 8] File 8, xtal 467 done.
[Rank 8] File 8, xtal 468 done.
[Rank 8] File 8, xtal 469 done.
[Rank 8] File 8, xtal 470 done.
[Rank 8] File 8, xtal 471 done.
[Rank 8] File 8, xtal 472 done.
[Rank 8] File 8, xtal 473 done.
[Rank 8] File 8, xtal 474 done.
[Rank 8] File 8, xtal 475 done.
[Rank 8] File 8, xtal 476 done.
[Rank 8] File 8, xtal 477 done.
[Rank 8] File 8, xtal 478 done.
[Rank 8] File 8, xtal 479 done.
[Rank 8] File 8, xtal 480 done.
[Rank 8] File 8, xtal 481 done.
[Rank 8] File 8, xtal 482 done.
[Rank 8] File 8, xtal 483 done.
[Rank 8] File 8, xtal 484 done.
[Rank 8] File 8, xtal 485 done.
[Rank 8] File 8, xtal 486 done.
[Rank 8] File 8, xtal 487 done.
[Rank 8] File 8, xtal 488 done.
[Rank 8] File 8, xtal 489 done.
[Rank 8] File 8, xtal 490 done.
[Rank 8] File 8, xtal 491 done.
[Rank 8] File 8, xtal 492 done.
[Rank 8] File 8, xtal 493 done.
[Rank 8] File 8, xtal 494 done.
[Rank 8] File 8, xtal 495 done.
[Rank 8] File 8, xtal 496 done.
[Rank 8] File 8, xtal 497 done.
[Rank 8] File 8, xtal 498 done.
[Rank 8] File 8, xtal 499 done.
[Rank 8] File 8, xtal 500 done.
[Rank 8] File 8, xtal 501 done.
[Rank 8] File 8, xtal 502 done.
[Rank 8] File 8, xtal 503 done.
[Rank 8] File 8, xtal 504 done.
[Rank 8] File 8, xtal 505 done.
[Rank 8] File 8, xtal 506 done.
[Rank 8] File 8, xtal 507 done.
[Rank 8] File 8, xtal 508 done.
[Rank 8] File 8, xtal 509 done.
[Rank 8] File 8, xtal 510 done.
[Rank 8] File 8, xtal 511 done.
[Rank 7] File 7, xtal 256 done.
[Rank 7] File 7, xtal 257 done.
[Rank 7] File 7, xtal 258 done.
[Rank 7] File 7, xtal 259 done.
[Rank 7] File 7, xtal 260 done.
[Rank 7] File 7, xtal 261 done.
[Rank 7] File 7, xtal 262 done.
[Rank 7] File 7, xtal 263 done.
[Rank 7] File 7, xtal 264 done.
[Rank 7] File 7, xtal 265 done.
[Rank 7] File 7, xtal 266 done.
[Rank 7] File 7, xtal 267 done.
[Rank 7] File 7, xtal 268 done.
[Rank 7] File 7, xtal 269 done.
[Rank 7] File 7, xtal 270 done.
[Rank 7] File 7, xtal 271 done.
[Rank 7] File 7, xtal 272 done.
[Rank 7] File 7, xtal 273 done.
[Rank 7] File 7, xtal 274 done.
[Rank 7] File 7, xtal 275 done.
[Rank 7] File 7, xtal 276 done.
[Rank 7] File 7, xtal 277 done.
[Rank 7] File 7, xtal 278 done.
[Rank 7] File 7, xtal 279 done.
[Rank 7] File 7, xtal 280 done.
[Rank 7] File 7, xtal 281 done.
[Rank 7] File 7, xtal 282 done.
[Rank 7] File 7, xtal 283 done.
[Rank 7] File 7, xtal 284 done.
[Rank 7] File 7, xtal 285 done.
[Rank 7] File 7, xtal 286 done.
[Rank 7] File 7, xtal 287 done.
[Rank 7] File 7, xtal 288 done.
[Rank 7] File 7, xtal 289 done.
[Rank 7] File 7, xtal 290 done.
[Rank 7] File 7, xtal 291 done.
[Rank 7] File 7, xtal 292 done.
[Rank 7] File 7, xtal 293 done.
[Rank 7] File 7, xtal 294 done.
[Rank 7] File 7, xtal 295 done.
[Rank 7] File 7, xtal 296 done.
[Rank 7] File 7, xtal 297 done.
[Rank 7] File 7, xtal 298 done.
[Rank 7] File 7, xtal 299 done.
[Rank 7] File 7, xtal 300 done.
[Rank 7] File 7, xtal 301 done.
[Rank 7] File 7, xtal 302 done.
[Rank 7] File 7, xtal 303 done.
[Rank 7] File 7, xtal 304 done.
[Rank 7] File 7, xtal 305 done.
[Rank 7] File 7, xtal 306 done.
[Rank 7] File 7, xtal 307 done.
[Rank 7] File 7, xtal 308 done.
[Rank 7] File 7, xtal 309 done.
[Rank 7] File 7, xtal 310 done.
[Rank 7] File 7, xtal 311 done.
[Rank 7] File 7, xtal 312 done.
[Rank 7] File 7, xtal 313 done.
[Rank 7] File 7, xtal 314 done.
[Rank 7] File 7, xtal 315 done.
[Rank 7] File 7, xtal 316 done.
[Rank 7] File 7, xtal 317 done.
[Rank 7] File 7, xtal 318 done.
[Rank 7] File 7, xtal 319 done.
[Rank 7] File 7, xtal 320 done.
[Rank 7] File 7, xtal 321 done.
[Rank 7] File 7, xtal 322 done.
[Rank 7] File 7, xtal 323 done.
[Rank 7] File 7, xtal 324 done.
[Rank 7] File 7, xtal 325 done.
[Rank 7] File 7, xtal 326 done.
[Rank 7] File 7, xtal 327 done.
[Rank 7] File 7, xtal 328 done.
[Rank 7] File 7, xtal 329 done.
[Rank 7] File 7, xtal 330 done.
[Rank 7] File 7, xtal 331 done.
[Rank 7] File 7, xtal 332 done.
[Rank 7] File 7, xtal 333 done.
[Rank 7] File 7, xtal 334 done.
[Rank 7] File 7, xtal 335 done.
[Rank 7] File 7, xtal 336 done.
[Rank 7] File 7, xtal 337 done.
[Rank 7] File 7, xtal 338 done.
[Rank 7] File 7, xtal 339 done.
[Rank 7] File 7, xtal 340 done.
[Rank 7] File 7, xtal 341 done.
[Rank 7] File 7, xtal 342 done.
[Rank 7] File 7, xtal 343 done.
[Rank 7] File 7, xtal 344 done.
[Rank 7] File 7, xtal 345 done.
[Rank 7] File 7, xtal 346 done.
[Rank 7] File 7, xtal 347 done.
[Rank 7] File 7, xtal 348 done.
[Rank 7] File 7, xtal 349 done.
[Rank 7] File 7, xtal 350 done.
[Rank 7] File 7, xtal 351 done.
[Rank 7] File 7, xtal 352 done.
[Rank 7] File 7, xtal 353 done.
[Rank 7] File 7, xtal 354 done.
[Rank 7] File 7, xtal 355 done.
[Rank 7] File 7, xtal 356 done.
[Rank 7] File 7, xtal 357 done.
[Rank 7] File 7, xtal 358 done.
[Rank 7] File 7, xtal 359 done.
[Rank 7] File 7, xtal 360 done.
[Rank 7] File 7, xtal 361 done.
[Rank 7] File 7, xtal 362 done.
[Rank 7] File 7, xtal 363 done.
[Rank 7] File 7, xtal 364 done.
[Rank 7] File 7, xtal 365 done.
[Rank 7] File 7, xtal 366 done.
[Rank 7] File 7, xtal 367 done.
[Rank 7] File 7, xtal 368 done.
[Rank 7] File 7, xtal 369 done.
[Rank 7] File 7, xtal 370 done.
[Rank 7] File 7, xtal 371 done.
[Rank 7] File 7, xtal 372 done.
[Rank 7] File 7, xtal 373 done.
[Rank 7] File 7, xtal 374 done.
[Rank 7] File 7, xtal 375 done.
[Rank 7] File 7, xtal 376 done.
[Rank 7] File 7, xtal 377 done.
[Rank 7] File 7, xtal 378 done.
[Rank 7] File 7, xtal 379 done.
[Rank 7] File 7, xtal 380 done.
[Rank 7] File 7, xtal 381 done.
[Rank 7] File 7, xtal 382 done.
[Rank 7] File 7, xtal 383 done.
[Rank 7] File 7, xtal 384 done.
[Rank 7] File 7, xtal 385 done.
[Rank 7] File 7, xtal 386 done.
[Rank 7] File 7, xtal 387 done.
[Rank 7] File 7, xtal 388 done.
[Rank 7] File 7, xtal 389 done.
[Rank 7] File 7, xtal 390 done.
[Rank 7] File 7, xtal 391 done.
[Rank 7] File 7, xtal 392 done.
[Rank 7] File 7, xtal 393 done.
[Rank 7] File 7, xtal 394 done.
[Rank 7] File 7, xtal 395 done.
[Rank 7] File 7, xtal 396 done.
[Rank 7] File 7, xtal 397 done.
[Rank 7] File 7, xtal 398 done.
[Rank 7] File 7, xtal 399 done.
[Rank 7] File 7, xtal 400 done.
[Rank 7] File 7, xtal 401 done.
[Rank 7] File 7, xtal 402 done.
[Rank 7] File 7, xtal 403 done.
[Rank 7] File 7, xtal 404 done.
[Rank 7] File 7, xtal 405 done.
[Rank 7] File 7, xtal 406 done.
[Rank 7] File 7, xtal 407 done.
[Rank 7] File 7, xtal 408 done.
[Rank 7] File 7, xtal 409 done.
[Rank 7] File 7, xtal 410 done.
[Rank 7] File 7, xtal 411 done.
[Rank 7] File 7, xtal 412 done.
[Rank 7] File 7, xtal 413 done.
[Rank 7] File 7, xtal 414 done.
[Rank 7] File 7, xtal 415 done.
[Rank 7] File 7, xtal 416 done.
[Rank 7] File 7, xtal 417 done.
[Rank 7] File 7, xtal 418 done.
[Rank 7] File 7, xtal 419 done.
[Rank 7] File 7, xtal 420 done.
[Rank 7] File 7, xtal 421 done.
[Rank 7] File 7, xtal 422 done.
[Rank 7] File 7, xtal 423 done.
[Rank 7] File 7, xtal 424 done.
[Rank 7] File 7, xtal 425 done.
[Rank 7] File 7, xtal 426 done.
[Rank 7] File 7, xtal 427 done.
[Rank 7] File 7, xtal 428 done.
[Rank 7] File 7, xtal 429 done.
[Rank 7] File 7, xtal 430 done.
[Rank 7] File 7, xtal 431 done.
[Rank 7] File 7, xtal 432 done.
[Rank 7] File 7, xtal 433 done.
[Rank 7] File 7, xtal 434 done.
[Rank 7] File 7, xtal 435 done.
[Rank 7] File 7, xtal 436 done.
[Rank 7] File 7, xtal 437 done.
[Rank 7] File 7, xtal 438 done.
[Rank 7] File 7, xtal 439 done.
[Rank 7] File 7, xtal 440 done.
[Rank 7] File 7, xtal 441 done.
[Rank 7] File 7, xtal 442 done.
[Rank 7] File 7, xtal 443 done.
[Rank 7] File 7, xtal 444 done.
[Rank 7] File 7, xtal 445 done.
[Rank 7] File 7, xtal 446 done.
[Rank 7] File 7, xtal 447 done.
[Rank 7] File 7, xtal 448 done.
[Rank 7] File 7, xtal 449 done.
[Rank 7] File 7, xtal 450 done.
[Rank 7] File 7, xtal 451 done.
[Rank 7] File 7, xtal 452 done.
[Rank 7] File 7, xtal 453 done.
[Rank 7] File 7, xtal 454 done.
[Rank 7] File 7, xtal 455 done.
[Rank 7] File 7, xtal 456 done.
[Rank 7] File 7, xtal 457 done.
[Rank 7] File 7, xtal 458 done.
[Rank 7] File 7, xtal 459 done.
[Rank 7] File 7, xtal 460 done.
[Rank 7] File 7, xtal 461 done.
[Rank 7] File 7, xtal 462 done.
[Rank 7] File 7, xtal 463 done.
[Rank 7] File 7, xtal 464 done.
[Rank 7] File 7, xtal 465 done.
[Rank 7] File 7, xtal 466 done.
[Rank 7] File 7, xtal 467 done.
[Rank 7] File 7, xtal 468 done.
[Rank 7] File 7, xtal 469 done.
[Rank 7] File 7, xtal 470 done.
[Rank 7] File 7, xtal 471 done.
[Rank 7] File 7, xtal 472 done.
[Rank 7] File 7, xtal 473 done.
[Rank 7] File 7, xtal 474 done.
[Rank 7] File 7, xtal 475 done.
[Rank 7] File 7, xtal 476 done.
[Rank 7] File 7, xtal 477 done.
[Rank 7] File 7, xtal 478 done.
[Rank 7] File 7, xtal 479 done.
[Rank 7] File 7, xtal 480 done.
[Rank 7] File 7, xtal 481 done.
[Rank 7] File 7, xtal 482 done.
[Rank 7] File 7, xtal 483 done.
[Rank 7] File 7, xtal 484 done.
[Rank 7] File 7, xtal 485 done.
[Rank 7] File 7, xtal 486 done.
[Rank 7] File 7, xtal 487 done.
[Rank 7] File 7, xtal 488 done.
[Rank 7] File 7, xtal 489 done.
[Rank 7] File 7, xtal 490 done.
[Rank 7] File 7, xtal 491 done.
[Rank 7] File 7, xtal 492 done.
[Rank 7] File 7, xtal 493 done.
[Rank 7] File 7, xtal 494 done.
[Rank 7] File 7, xtal 495 done.
[Rank 7] File 7, xtal 496 done.
[Rank 7] File 7, xtal 497 done.
[Rank 7] File 7, xtal 498 done.
[Rank 7] File 7, xtal 499 done.
[Rank 7] File 7, xtal 500 done.
[Rank 7] File 7, xtal 501 done.
[Rank 7] File 7, xtal 502 done.
[Rank 7] File 7, xtal 503 done.
[Rank 7] File 7, xtal 504 done.
[Rank 7] File 7, xtal 505 done.
[Rank 7] File 7, xtal 506 done.
[Rank 7] File 7, xtal 507 done.
[Rank 7] File 7, xtal 508 done.
[Rank 7] File 7, xtal 509 done.
[Rank 7] File 7, xtal 510 done.
[Rank 7] File 7, xtal 511 done.
[Rank 3] File 3, xtal 256 done.
[Rank 3] File 3, xtal 257 done.
[Rank 3] File 3, xtal 258 done.
[Rank 3] File 3, xtal 259 done.
[Rank 3] File 3, xtal 260 done.
[Rank 3] File 3, xtal 261 done.
[Rank 3] File 3, xtal 262 done.
[Rank 3] File 3, xtal 263 done.
[Rank 3] File 3, xtal 264 done.
[Rank 3] File 3, xtal 265 done.
[Rank 3] File 3, xtal 266 done.
[Rank 3] File 3, xtal 267 done.
[Rank 3] File 3, xtal 268 done.
[Rank 3] File 3, xtal 269 done.
[Rank 3] File 3, xtal 270 done.
[Rank 3] File 3, xtal 271 done.
[Rank 3] File 3, xtal 272 done.
[Rank 3] File 3, xtal 273 done.
[Rank 3] File 3, xtal 274 done.
[Rank 3] File 3, xtal 275 done.
[Rank 3] File 3, xtal 276 done.
[Rank 3] File 3, xtal 277 done.
[Rank 3] File 3, xtal 278 done.
[Rank 3] File 3, xtal 279 done.
[Rank 3] File 3, xtal 280 done.
[Rank 3] File 3, xtal 281 done.
[Rank 3] File 3, xtal 282 done.
[Rank 3] File 3, xtal 283 done.
[Rank 3] File 3, xtal 284 done.
[Rank 3] File 3, xtal 285 done.
[Rank 3] File 3, xtal 286 done.
[Rank 3] File 3, xtal 287 done.
[Rank 3] File 3, xtal 288 done.
[Rank 3] File 3, xtal 289 done.
[Rank 3] File 3, xtal 290 done.
[Rank 3] File 3, xtal 291 done.
[Rank 3] File 3, xtal 292 done.
[Rank 3] File 3, xtal 293 done.
[Rank 3] File 3, xtal 294 done.
[Rank 3] File 3, xtal 295 done.
[Rank 3] File 3, xtal 296 done.
[Rank 3] File 3, xtal 297 done.
[Rank 3] File 3, xtal 298 done.
[Rank 3] File 3, xtal 299 done.
[Rank 3] File 3, xtal 300 done.
[Rank 3] File 3, xtal 301 done.
[Rank 3] File 3, xtal 302 done.
[Rank 3] File 3, xtal 303 done.
[Rank 3] File 3, xtal 304 done.
[Rank 3] File 3, xtal 305 done.
[Rank 3] File 3, xtal 306 done.
[Rank 3] File 3, xtal 307 done.
[Rank 3] File 3, xtal 308 done.
[Rank 3] File 3, xtal 309 done.
[Rank 3] File 3, xtal 310 done.
[Rank 3] File 3, xtal 311 done.
[Rank 3] File 3, xtal 312 done.
[Rank 3] File 3, xtal 313 done.
[Rank 3] File 3, xtal 314 done.
[Rank 3] File 3, xtal 315 done.
[Rank 3] File 3, xtal 316 done.
[Rank 3] File 3, xtal 317 done.
[Rank 3] File 3, xtal 318 done.
[Rank 3] File 3, xtal 319 done.
[Rank 3] File 3, xtal 320 done.
[Rank 3] File 3, xtal 321 done.
[Rank 3] File 3, xtal 322 done.
[Rank 3] File 3, xtal 323 done.
[Rank 3] File 3, xtal 324 done.
[Rank 3] File 3, xtal 325 done.
[Rank 3] File 3, xtal 326 done.
[Rank 3] File 3, xtal 327 done.
[Rank 3] File 3, xtal 328 done.
[Rank 3] File 3, xtal 329 done.
[Rank 3] File 3, xtal 330 done.
[Rank 3] File 3, xtal 331 done.
[Rank 3] File 3, xtal 332 done.
[Rank 3] File 3, xtal 333 done.
[Rank 3] File 3, xtal 334 done.
[Rank 3] File 3, xtal 335 done.
[Rank 3] File 3, xtal 336 done.
[Rank 3] File 3, xtal 337 done.
[Rank 3] File 3, xtal 338 done.
[Rank 3] File 3, xtal 339 done.
[Rank 3] File 3, xtal 340 done.
[Rank 3] File 3, xtal 341 done.
[Rank 3] File 3, xtal 342 done.
[Rank 3] File 3, xtal 343 done.
[Rank 3] File 3, xtal 344 done.
[Rank 3] File 3, xtal 345 done.
[Rank 3] File 3, xtal 346 done.
[Rank 3] File 3, xtal 347 done.
[Rank 3] File 3, xtal 348 done.
[Rank 3] File 3, xtal 349 done.
[Rank 3] File 3, xtal 350 done.
[Rank 3] File 3, xtal 351 done.
[Rank 3] File 3, xtal 352 done.
[Rank 3] File 3, xtal 353 done.
[Rank 3] File 3, xtal 354 done.
[Rank 3] File 3, xtal 355 done.
[Rank 3] File 3, xtal 356 done.
[Rank 3] File 3, xtal 357 done.
[Rank 3] File 3, xtal 358 done.
[Rank 3] File 3, xtal 359 done.
[Rank 3] File 3, xtal 360 done.
[Rank 3] File 3, xtal 361 done.
[Rank 3] File 3, xtal 362 done.
[Rank 3] File 3, xtal 363 done.
[Rank 3] File 3, xtal 364 done.
[Rank 3] File 3, xtal 365 done.
[Rank 3] File 3, xtal 366 done.
[Rank 3] File 3, xtal 367 done.
[Rank 3] File 3, xtal 368 done.
[Rank 3] File 3, xtal 369 done.
[Rank 3] File 3, xtal 370 done.
[Rank 3] File 3, xtal 371 done.
[Rank 3] File 3, xtal 372 done.
[Rank 3] File 3, xtal 373 done.
[Rank 3] File 3, xtal 374 done.
[Rank 3] File 3, xtal 375 done.
[Rank 3] File 3, xtal 376 done.
[Rank 3] File 3, xtal 377 done.
[Rank 3] File 3, xtal 378 done.
[Rank 3] File 3, xtal 379 done.
[Rank 3] File 3, xtal 380 done.
[Rank 3] File 3, xtal 381 done.
[Rank 3] File 3, xtal 382 done.
[Rank 3] File 3, xtal 383 done.
[Rank 3] File 3, xtal 384 done.
[Rank 3] File 3, xtal 385 done.
[Rank 3] File 3, xtal 386 done.
[Rank 3] File 3, xtal 387 done.
[Rank 3] File 3, xtal 388 done.
[Rank 3] File 3, xtal 389 done.
[Rank 3] File 3, xtal 390 done.
[Rank 3] File 3, xtal 391 done.
[Rank 3] File 3, xtal 392 done.
[Rank 3] File 3, xtal 393 done.
[Rank 3] File 3, xtal 394 done.
[Rank 3] File 3, xtal 395 done.
[Rank 3] File 3, xtal 396 done.
[Rank 3] File 3, xtal 397 done.
[Rank 3] File 3, xtal 398 done.
[Rank 3] File 3, xtal 399 done.
[Rank 3] File 3, xtal 400 done.
[Rank 3] File 3, xtal 401 done.
[Rank 3] File 3, xtal 402 done.
[Rank 3] File 3, xtal 403 done.
[Rank 3] File 3, xtal 404 done.
[Rank 3] File 3, xtal 405 done.
[Rank 3] File 3, xtal 406 done.
[Rank 3] File 3, xtal 407 done.
[Rank 3] File 3, xtal 408 done.
[Rank 3] File 3, xtal 409 done.
[Rank 3] File 3, xtal 410 done.
[Rank 3] File 3, xtal 411 done.
[Rank 3] File 3, xtal 412 done.
[Rank 3] File 3, xtal 413 done.
[Rank 3] File 3, xtal 414 done.
[Rank 3] File 3, xtal 415 done.
[Rank 3] File 3, xtal 416 done.
[Rank 3] File 3, xtal 417 done.
[Rank 3] File 3, xtal 418 done.
[Rank 3] File 3, xtal 419 done.
[Rank 3] File 3, xtal 420 done.
[Rank 3] File 3, xtal 421 done.
[Rank 3] File 3, xtal 422 done.
[Rank 3] File 3, xtal 423 done.
[Rank 3] File 3, xtal 424 done.
[Rank 3] File 3, xtal 425 done.
[Rank 3] File 3, xtal 426 done.
[Rank 3] File 3, xtal 427 done.
[Rank 3] File 3, xtal 428 done.
[Rank 3] File 3, xtal 429 done.
[Rank 3] File 3, xtal 430 done.
[Rank 3] File 3, xtal 431 done.
[Rank 3] File 3, xtal 432 done.
[Rank 3] File 3, xtal 433 done.
[Rank 3] File 3, xtal 434 done.
[Rank 3] File 3, xtal 435 done.
[Rank 3] File 3, xtal 436 done.
[Rank 3] File 3, xtal 437 done.
[Rank 3] File 3, xtal 438 done.
[Rank 3] File 3, xtal 439 done.
[Rank 3] File 3, xtal 440 done.
[Rank 3] File 3, xtal 441 done.
[Rank 3] File 3, xtal 442 done.
[Rank 3] File 3, xtal 443 done.
[Rank 3] File 3, xtal 444 done.
[Rank 3] File 3, xtal 445 done.
[Rank 3] File 3, xtal 446 done.
[Rank 3] File 3, xtal 447 done.
[Rank 3] File 3, xtal 448 done.
[Rank 3] File 3, xtal 449 done.
[Rank 3] File 3, xtal 450 done.
[Rank 3] File 3, xtal 451 done.
[Rank 3] File 3, xtal 452 done.
[Rank 3] File 3, xtal 453 done.
[Rank 3] File 3, xtal 454 done.
[Rank 3] File 3, xtal 455 done.
[Rank 3] File 3, xtal 456 done.
[Rank 3] File 3, xtal 457 done.
[Rank 3] File 3, xtal 458 done.
[Rank 3] File 3, xtal 459 done.
[Rank 3] File 3, xtal 460 done.
[Rank 3] File 3, xtal 461 done.
[Rank 3] File 3, xtal 462 done.
[Rank 3] File 3, xtal 463 done.
[Rank 3] File 3, xtal 464 done.
[Rank 3] File 3, xtal 465 done.
[Rank 3] File 3, xtal 466 done.
[Rank 3] File 3, xtal 467 done.
[Rank 3] File 3, xtal 468 done.
[Rank 3] File 3, xtal 469 done.
[Rank 3] File 3, xtal 470 done.
[Rank 3] File 3, xtal 471 done.
[Rank 3] File 3, xtal 472 done.
[Rank 3] File 3, xtal 473 done.
[Rank 3] File 3, xtal 474 done.
[Rank 3] File 3, xtal 475 done.
[Rank 3] File 3, xtal 476 done.
[Rank 3] File 3, xtal 477 done.
[Rank 3] File 3, xtal 478 done.
[Rank 3] File 3, xtal 479 done.
[Rank 3] File 3, xtal 480 done.
[Rank 3] File 3, xtal 481 done.
[Rank 3] File 3, xtal 482 done.
[Rank 3] File 3, xtal 483 done.
[Rank 3] File 3, xtal 484 done.
[Rank 3] File 3, xtal 485 done.
[Rank 3] File 3, xtal 486 done.
[Rank 3] File 3, xtal 487 done.
[Rank 3] File 3, xtal 488 done.
[Rank 3] File 3, xtal 489 done.
[Rank 3] File 3, xtal 490 done.
[Rank 3] File 3, xtal 491 done.
[Rank 3] File 3, xtal 492 done.
[Rank 3] File 3, xtal 493 done.
[Rank 3] File 3, xtal 494 done.
[Rank 3] File 3, xtal 495 done.
[Rank 3] File 3, xtal 496 done.
[Rank 3] File 3, xtal 497 done.
[Rank 3] File 3, xtal 498 done.
[Rank 3] File 3, xtal 499 done.
[Rank 3] File 3, xtal 500 done.
[Rank 3] File 3, xtal 501 done.
[Rank 3] File 3, xtal 502 done.
[Rank 3] File 3, xtal 503 done.
[Rank 3] File 3, xtal 504 done.
[Rank 3] File 3, xtal 505 done.
[Rank 3] File 3, xtal 506 done.
[Rank 3] File 3, xtal 507 done.
[Rank 3] File 3, xtal 508 done.
[Rank 3] File 3, xtal 509 done.
[Rank 3] File 3, xtal 510 done.
[Rank 3] File 3, xtal 511 done.
[Rank 6] File 6, xtal 256 done.
[Rank 6] File 6, xtal 257 done.
[Rank 6] File 6, xtal 258 done.
[Rank 6] File 6, xtal 259 done.
[Rank 6] File 6, xtal 260 done.
[Rank 6] File 6, xtal 261 done.
[Rank 6] File 6, xtal 262 done.
[Rank 6] File 6, xtal 263 done.
[Rank 6] File 6, xtal 264 done.
[Rank 6] File 6, xtal 265 done.
[Rank 6] File 6, xtal 266 done.
[Rank 6] File 6, xtal 267 done.
[Rank 6] File 6, xtal 268 done.
[Rank 6] File 6, xtal 269 done.
[Rank 6] File 6, xtal 270 done.
[Rank 6] File 6, xtal 271 done.
[Rank 6] File 6, xtal 272 done.
[Rank 6] File 6, xtal 273 done.
[Rank 6] File 6, xtal 274 done.
[Rank 6] File 6, xtal 275 done.
[Rank 6] File 6, xtal 276 done.
[Rank 6] File 6, xtal 277 done.
[Rank 6] File 6, xtal 278 done.
[Rank 6] File 6, xtal 279 done.
[Rank 6] File 6, xtal 280 done.
[Rank 6] File 6, xtal 281 done.
[Rank 6] File 6, xtal 282 done.
[Rank 6] File 6, xtal 283 done.
[Rank 6] File 6, xtal 284 done.
[Rank 6] File 6, xtal 285 done.
[Rank 6] File 6, xtal 286 done.
[Rank 6] File 6, xtal 287 done.
[Rank 6] File 6, xtal 288 done.
[Rank 6] File 6, xtal 289 done.
[Rank 6] File 6, xtal 290 done.
[Rank 6] File 6, xtal 291 done.
[Rank 6] File 6, xtal 292 done.
[Rank 6] File 6, xtal 293 done.
[Rank 6] File 6, xtal 294 done.
[Rank 6] File 6, xtal 295 done.
[Rank 6] File 6, xtal 296 done.
[Rank 6] File 6, xtal 297 done.
[Rank 6] File 6, xtal 298 done.
[Rank 6] File 6, xtal 299 done.
[Rank 6] File 6, xtal 300 done.
[Rank 6] File 6, xtal 301 done.
[Rank 6] File 6, xtal 302 done.
[Rank 6] File 6, xtal 303 done.
[Rank 6] File 6, xtal 304 done.
[Rank 6] File 6, xtal 305 done.
[Rank 6] File 6, xtal 306 done.
[Rank 6] File 6, xtal 307 done.
[Rank 6] File 6, xtal 308 done.
[Rank 6] File 6, xtal 309 done.
[Rank 6] File 6, xtal 310 done.
[Rank 6] File 6, xtal 311 done.
[Rank 6] File 6, xtal 312 done.
[Rank 6] File 6, xtal 313 done.
[Rank 6] File 6, xtal 314 done.
[Rank 6] File 6, xtal 315 done.
[Rank 6] File 6, xtal 316 done.
[Rank 6] File 6, xtal 317 done.
[Rank 6] File 6, xtal 318 done.
[Rank 6] File 6, xtal 319 done.
[Rank 6] File 6, xtal 320 done.
[Rank 6] File 6, xtal 321 done.
[Rank 6] File 6, xtal 322 done.
[Rank 6] File 6, xtal 323 done.
[Rank 6] File 6, xtal 324 done.
[Rank 6] File 6, xtal 325 done.
[Rank 6] File 6, xtal 326 done.
[Rank 6] File 6, xtal 327 done.
[Rank 6] File 6, xtal 328 done.
[Rank 6] File 6, xtal 329 done.
[Rank 6] File 6, xtal 330 done.
[Rank 6] File 6, xtal 331 done.
[Rank 6] File 6, xtal 332 done.
[Rank 6] File 6, xtal 333 done.
[Rank 6] File 6, xtal 334 done.
[Rank 6] File 6, xtal 335 done.
[Rank 6] File 6, xtal 336 done.
[Rank 6] File 6, xtal 337 done.
[Rank 6] File 6, xtal 338 done.
[Rank 6] File 6, xtal 339 done.
[Rank 6] File 6, xtal 340 done.
[Rank 6] File 6, xtal 341 done.
[Rank 6] File 6, xtal 342 done.
[Rank 6] File 6, xtal 343 done.
[Rank 6] File 6, xtal 344 done.
[Rank 6] File 6, xtal 345 done.
[Rank 6] File 6, xtal 346 done.
[Rank 6] File 6, xtal 347 done.
[Rank 6] File 6, xtal 348 done.
[Rank 6] File 6, xtal 349 done.
[Rank 6] File 6, xtal 350 done.
[Rank 6] File 6, xtal 351 done.
[Rank 6] File 6, xtal 352 done.
[Rank 6] File 6, xtal 353 done.
[Rank 6] File 6, xtal 354 done.
[Rank 6] File 6, xtal 355 done.
[Rank 6] File 6, xtal 356 done.
[Rank 6] File 6, xtal 357 done.
[Rank 6] File 6, xtal 358 done.
[Rank 6] File 6, xtal 359 done.
[Rank 6] File 6, xtal 360 done.
[Rank 6] File 6, xtal 361 done.
[Rank 6] File 6, xtal 362 done.
[Rank 6] File 6, xtal 363 done.
[Rank 6] File 6, xtal 364 done.
[Rank 6] File 6, xtal 365 done.
[Rank 6] File 6, xtal 366 done.
[Rank 6] File 6, xtal 367 done.
[Rank 6] File 6, xtal 368 done.
[Rank 6] File 6, xtal 369 done.
[Rank 6] File 6, xtal 370 done.
[Rank 6] File 6, xtal 371 done.
[Rank 6] File 6, xtal 372 done.
[Rank 6] File 6, xtal 373 done.
[Rank 6] File 6, xtal 374 done.
[Rank 6] File 6, xtal 375 done.
[Rank 6] File 6, xtal 376 done.
[Rank 6] File 6, xtal 377 done.
[Rank 6] File 6, xtal 378 done.
[Rank 6] File 6, xtal 379 done.
[Rank 6] File 6, xtal 380 done.
[Rank 6] File 6, xtal 381 done.
[Rank 6] File 6, xtal 382 done.
[Rank 6] File 6, xtal 383 done.
[Rank 6] File 6, xtal 384 done.
[Rank 6] File 6, xtal 385 done.
[Rank 6] File 6, xtal 386 done.
[Rank 6] File 6, xtal 387 done.
[Rank 6] File 6, xtal 388 done.
[Rank 6] File 6, xtal 389 done.
[Rank 6] File 6, xtal 390 done.
[Rank 6] File 6, xtal 391 done.
[Rank 6] File 6, xtal 392 done.
[Rank 6] File 6, xtal 393 done.
[Rank 6] File 6, xtal 394 done.
[Rank 6] File 6, xtal 395 done.
[Rank 6] File 6, xtal 396 done.
[Rank 6] File 6, xtal 397 done.
[Rank 6] File 6, xtal 398 done.
[Rank 6] File 6, xtal 399 done.
[Rank 6] File 6, xtal 400 done.
[Rank 6] File 6, xtal 401 done.
[Rank 6] File 6, xtal 402 done.
[Rank 6] File 6, xtal 403 done.
[Rank 6] File 6, xtal 404 done.
[Rank 6] File 6, xtal 405 done.
[Rank 6] File 6, xtal 406 done.
[Rank 6] File 6, xtal 407 done.
[Rank 6] File 6, xtal 408 done.
[Rank 6] File 6, xtal 409 done.
[Rank 6] File 6, xtal 410 done.
[Rank 6] File 6, xtal 411 done.
[Rank 6] File 6, xtal 412 done.
[Rank 6] File 6, xtal 413 done.
[Rank 6] File 6, xtal 414 done.
[Rank 6] File 6, xtal 415 done.
[Rank 6] File 6, xtal 416 done.
[Rank 6] File 6, xtal 417 done.
[Rank 6] File 6, xtal 418 done.
[Rank 6] File 6, xtal 419 done.
[Rank 6] File 6, xtal 420 done.
[Rank 6] File 6, xtal 421 done.
[Rank 6] File 6, xtal 422 done.
[Rank 6] File 6, xtal 423 done.
[Rank 6] File 6, xtal 424 done.
[Rank 6] File 6, xtal 425 done.
[Rank 6] File 6, xtal 426 done.
[Rank 6] File 6, xtal 427 done.
[Rank 6] File 6, xtal 428 done.
[Rank 6] File 6, xtal 429 done.
[Rank 6] File 6, xtal 430 done.
[Rank 6] File 6, xtal 431 done.
[Rank 6] File 6, xtal 432 done.
[Rank 6] File 6, xtal 433 done.
[Rank 6] File 6, xtal 434 done.
[Rank 6] File 6, xtal 435 done.
[Rank 6] File 6, xtal 436 done.
[Rank 6] File 6, xtal 437 done.
[Rank 6] File 6, xtal 438 done.
[Rank 6] File 6, xtal 439 done.
[Rank 6] File 6, xtal 440 done.
[Rank 6] File 6, xtal 441 done.
[Rank 6] File 6, xtal 442 done.
[Rank 6] File 6, xtal 443 done.
[Rank 6] File 6, xtal 444 done.
[Rank 6] File 6, xtal 445 done.
[Rank 6] File 6, xtal 446 done.
[Rank 6] File 6, xtal 447 done.
[Rank 6] File 6, xtal 448 done.
[Rank 6] File 6, xtal 449 done.
[Rank 6] File 6, xtal 450 done.
[Rank 6] File 6, xtal 451 done.
[Rank 6] File 6, xtal 452 done.
[Rank 6] File 6, xtal 453 done.
[Rank 6] File 6, xtal 454 done.
[Rank 6] File 6, xtal 455 done.
[Rank 6] File 6, xtal 456 done.
[Rank 6] File 6, xtal 457 done.
[Rank 6] File 6, xtal 458 done.
[Rank 6] File 6, xtal 459 done.
[Rank 6] File 6, xtal 460 done.
[Rank 6] File 6, xtal 461 done.
[Rank 6] File 6, xtal 462 done.
[Rank 6] File 6, xtal 463 done.
[Rank 6] File 6, xtal 464 done.
[Rank 6] File 6, xtal 465 done.
[Rank 6] File 6, xtal 466 done.
[Rank 6] File 6, xtal 467 done.
[Rank 6] File 6, xtal 468 done.
[Rank 6] File 6, xtal 469 done.
[Rank 6] File 6, xtal 470 done.
[Rank 6] File 6, xtal 471 done.
[Rank 6] File 6, xtal 472 done.
[Rank 6] File 6, xtal 473 done.
[Rank 6] File 6, xtal 474 done.
[Rank 6] File 6, xtal 475 done.
[Rank 6] File 6, xtal 476 done.
[Rank 6] File 6, xtal 477 done.
[Rank 6] File 6, xtal 478 done.
[Rank 6] File 6, xtal 479 done.
[Rank 6] File 6, xtal 480 done.
[Rank 6] File 6, xtal 481 done.
[Rank 6] File 6, xtal 482 done.
[Rank 6] File 6, xtal 483 done.
[Rank 6] File 6, xtal 484 done.
[Rank 6] File 6, xtal 485 done.
[Rank 6] File 6, xtal 486 done.
[Rank 6] File 6, xtal 487 done.
[Rank 6] File 6, xtal 488 done.
[Rank 6] File 6, xtal 489 done.
[Rank 6] File 6, xtal 490 done.
[Rank 6] File 6, xtal 491 done.
[Rank 6] File 6, xtal 492 done.
[Rank 6] File 6, xtal 493 done.
[Rank 6] File 6, xtal 494 done.
[Rank 6] File 6, xtal 495 done.
[Rank 6] File 6, xtal 496 done.
[Rank 6] File 6, xtal 497 done.
[Rank 6] File 6, xtal 498 done.
[Rank 6] File 6, xtal 499 done.
[Rank 6] File 6, xtal 500 done.
[Rank 6] File 6, xtal 501 done.
[Rank 6] File 6, xtal 502 done.
[Rank 6] File 6, xtal 503 done.
[Rank 6] File 6, xtal 504 done.
[Rank 6] File 6, xtal 505 done.
[Rank 6] File 6, xtal 506 done.
[Rank 6] File 6, xtal 507 done.
[Rank 6] File 6, xtal 508 done.
[Rank 6] File 6, xtal 509 done.
[Rank 6] File 6, xtal 510 done.
[Rank 6] File 6, xtal 511 done.
[Rank 5] File 5, xtal 256 done.
[Rank 5] File 5, xtal 257 done.
[Rank 5] File 5, xtal 258 done.
[Rank 5] File 5, xtal 259 done.
[Rank 5] File 5, xtal 260 done.
[Rank 5] File 5, xtal 261 done.
[Rank 5] File 5, xtal 262 done.
[Rank 5] File 5, xtal 263 done.
[Rank 5] File 5, xtal 264 done.
[Rank 5] File 5, xtal 265 done.
[Rank 5] File 5, xtal 266 done.
[Rank 5] File 5, xtal 267 done.
[Rank 5] File 5, xtal 268 done.
[Rank 5] File 5, xtal 269 done.
[Rank 5] File 5, xtal 270 done.
[Rank 5] File 5, xtal 271 done.
[Rank 5] File 5, xtal 272 done.
[Rank 5] File 5, xtal 273 done.
[Rank 5] File 5, xtal 274 done.
[Rank 5] File 5, xtal 275 done.
[Rank 5] File 5, xtal 276 done.
[Rank 5] File 5, xtal 277 done.
[Rank 5] File 5, xtal 278 done.
[Rank 5] File 5, xtal 279 done.
[Rank 5] File 5, xtal 280 done.
[Rank 5] File 5, xtal 281 done.
[Rank 5] File 5, xtal 282 done.
[Rank 5] File 5, xtal 283 done.
[Rank 5] File 5, xtal 284 done.
[Rank 5] File 5, xtal 285 done.
[Rank 5] File 5, xtal 286 done.
[Rank 5] File 5, xtal 287 done.
[Rank 5] File 5, xtal 288 done.
[Rank 5] File 5, xtal 289 done.
[Rank 5] File 5, xtal 290 done.
[Rank 5] File 5, xtal 291 done.
[Rank 5] File 5, xtal 292 done.
[Rank 5] File 5, xtal 293 done.
[Rank 5] File 5, xtal 294 done.
[Rank 5] File 5, xtal 295 done.
[Rank 5] File 5, xtal 296 done.
[Rank 5] File 5, xtal 297 done.
[Rank 5] File 5, xtal 298 done.
[Rank 5] File 5, xtal 299 done.
[Rank 5] File 5, xtal 300 done.
[Rank 5] File 5, xtal 301 done.
[Rank 5] File 5, xtal 302 done.
[Rank 5] File 5, xtal 303 done.
[Rank 5] File 5, xtal 304 done.
[Rank 5] File 5, xtal 305 done.
[Rank 5] File 5, xtal 306 done.
[Rank 5] File 5, xtal 307 done.
[Rank 5] File 5, xtal 308 done.
[Rank 5] File 5, xtal 309 done.
[Rank 5] File 5, xtal 310 done.
[Rank 5] File 5, xtal 311 done.
[Rank 5] File 5, xtal 312 done.
[Rank 5] File 5, xtal 313 done.
[Rank 5] File 5, xtal 314 done.
[Rank 5] File 5, xtal 315 done.
[Rank 5] File 5, xtal 316 done.
[Rank 5] File 5, xtal 317 done.
[Rank 5] File 5, xtal 318 done.
[Rank 5] File 5, xtal 319 done.
[Rank 5] File 5, xtal 320 done.
[Rank 5] File 5, xtal 321 done.
[Rank 5] File 5, xtal 322 done.
[Rank 5] File 5, xtal 323 done.
[Rank 5] File 5, xtal 324 done.
[Rank 5] File 5, xtal 325 done.
[Rank 5] File 5, xtal 326 done.
[Rank 5] File 5, xtal 327 done.
[Rank 5] File 5, xtal 328 done.
[Rank 5] File 5, xtal 329 done.
[Rank 5] File 5, xtal 330 done.
[Rank 5] File 5, xtal 331 done.
[Rank 5] File 5, xtal 332 done.
[Rank 5] File 5, xtal 333 done.
[Rank 5] File 5, xtal 334 done.
[Rank 5] File 5, xtal 335 done.
[Rank 5] File 5, xtal 336 done.
[Rank 5] File 5, xtal 337 done.
[Rank 5] File 5, xtal 338 done.
[Rank 5] File 5, xtal 339 done.
[Rank 5] File 5, xtal 340 done.
[Rank 5] File 5, xtal 341 done.
[Rank 5] File 5, xtal 342 done.
[Rank 5] File 5, xtal 343 done.
[Rank 5] File 5, xtal 344 done.
[Rank 5] File 5, xtal 345 done.
[Rank 5] File 5, xtal 346 done.
[Rank 5] File 5, xtal 347 done.
[Rank 5] File 5, xtal 348 done.
[Rank 5] File 5, xtal 349 done.
[Rank 5] File 5, xtal 350 done.
[Rank 5] File 5, xtal 351 done.
[Rank 5] File 5, xtal 352 done.
[Rank 5] File 5, xtal 353 done.
[Rank 5] File 5, xtal 354 done.
[Rank 5] File 5, xtal 355 done.
[Rank 5] File 5, xtal 356 done.
[Rank 5] File 5, xtal 357 done.
[Rank 5] File 5, xtal 358 done.
[Rank 5] File 5, xtal 359 done.
[Rank 5] File 5, xtal 360 done.
[Rank 5] File 5, xtal 361 done.
[Rank 5] File 5, xtal 362 done.
[Rank 5] File 5, xtal 363 done.
[Rank 5] File 5, xtal 364 done.
[Rank 5] File 5, xtal 365 done.
[Rank 5] File 5, xtal 366 done.
[Rank 5] File 5, xtal 367 done.
[Rank 5] File 5, xtal 368 done.
[Rank 5] File 5, xtal 369 done.
[Rank 5] File 5, xtal 370 done.
[Rank 5] File 5, xtal 371 done.
[Rank 5] File 5, xtal 372 done.
[Rank 5] File 5, xtal 373 done.
[Rank 5] File 5, xtal 374 done.
[Rank 5] File 5, xtal 375 done.
[Rank 5] File 5, xtal 376 done.
[Rank 5] File 5, xtal 377 done.
[Rank 5] File 5, xtal 378 done.
[Rank 5] File 5, xtal 379 done.
[Rank 5] File 5, xtal 380 done.
[Rank 5] File 5, xtal 381 done.
[Rank 5] File 5, xtal 382 done.
[Rank 5] File 5, xtal 383 done.
[Rank 5] File 5, xtal 384 done.
[Rank 5] File 5, xtal 385 done.
[Rank 5] File 5, xtal 386 done.
[Rank 5] File 5, xtal 387 done.
[Rank 5] File 5, xtal 388 done.
[Rank 5] File 5, xtal 389 done.
[Rank 5] File 5, xtal 390 done.
[Rank 5] File 5, xtal 391 done.
[Rank 5] File 5, xtal 392 done.
[Rank 5] File 5, xtal 393 done.
[Rank 5] File 5, xtal 394 done.
[Rank 5] File 5, xtal 395 done.
[Rank 5] File 5, xtal 396 done.
[Rank 5] File 5, xtal 397 done.
[Rank 5] File 5, xtal 398 done.
[Rank 5] File 5, xtal 399 done.
[Rank 5] File 5, xtal 400 done.
[Rank 5] File 5, xtal 401 done.
[Rank 5] File 5, xtal 402 done.
[Rank 5] File 5, xtal 403 done.
[Rank 5] File 5, xtal 404 done.
[Rank 5] File 5, xtal 405 done.
[Rank 5] File 5, xtal 406 done.
[Rank 5] File 5, xtal 407 done.
[Rank 5] File 5, xtal 408 done.
[Rank 5] File 5, xtal 409 done.
[Rank 5] File 5, xtal 410 done.
[Rank 5] File 5, xtal 411 done.
[Rank 5] File 5, xtal 412 done.
[Rank 5] File 5, xtal 413 done.
[Rank 5] File 5, xtal 414 done.
[Rank 5] File 5, xtal 415 done.
[Rank 5] File 5, xtal 416 done.
[Rank 5] File 5, xtal 417 done.
[Rank 5] File 5, xtal 418 done.
[Rank 5] File 5, xtal 419 done.
[Rank 5] File 5, xtal 420 done.
[Rank 5] File 5, xtal 421 done.
[Rank 5] File 5, xtal 422 done.
[Rank 5] File 5, xtal 423 done.
[Rank 5] File 5, xtal 424 done.
[Rank 5] File 5, xtal 425 done.
[Rank 5] File 5, xtal 426 done.
[Rank 5] File 5, xtal 427 done.
[Rank 5] File 5, xtal 428 done.
[Rank 5] File 5, xtal 429 done.
[Rank 5] File 5, xtal 430 done.
[Rank 5] File 5, xtal 431 done.
[Rank 5] File 5, xtal 432 done.
[Rank 5] File 5, xtal 433 done.
[Rank 5] File 5, xtal 434 done.
[Rank 5] File 5, xtal 435 done.
[Rank 5] File 5, xtal 436 done.
[Rank 5] File 5, xtal 437 done.
[Rank 5] File 5, xtal 438 done.
[Rank 5] File 5, xtal 439 done.
[Rank 5] File 5, xtal 440 done.
[Rank 5] File 5, xtal 441 done.
[Rank 5] File 5, xtal 442 done.
[Rank 5] File 5, xtal 443 done.
[Rank 5] File 5, xtal 444 done.
[Rank 5] File 5, xtal 445 done.
[Rank 5] File 5, xtal 446 done.
[Rank 5] File 5, xtal 447 done.
[Rank 5] File 5, xtal 448 done.
[Rank 5] File 5, xtal 449 done.
[Rank 5] File 5, xtal 450 done.
[Rank 5] File 5, xtal 451 done.
[Rank 5] File 5, xtal 452 done.
[Rank 5] File 5, xtal 453 done.
[Rank 5] File 5, xtal 454 done.
[Rank 5] File 5, xtal 455 done.
[Rank 5] File 5, xtal 456 done.
[Rank 5] File 5, xtal 457 done.
[Rank 5] File 5, xtal 458 done.
[Rank 5] File 5, xtal 459 done.
[Rank 5] File 5, xtal 460 done.
[Rank 5] File 5, xtal 461 done.
[Rank 5] File 5, xtal 462 done.
[Rank 5] File 5, xtal 463 done.
[Rank 5] File 5, xtal 464 done.
[Rank 5] File 5, xtal 465 done.
[Rank 5] File 5, xtal 466 done.
[Rank 5] File 5, xtal 467 done.
[Rank 5] File 5, xtal 468 done.
[Rank 5] File 5, xtal 469 done.
[Rank 5] File 5, xtal 470 done.
[Rank 5] File 5, xtal 471 done.
[Rank 5] File 5, xtal 472 done.
[Rank 5] File 5, xtal 473 done.
[Rank 5] File 5, xtal 474 done.
[Rank 5] File 5, xtal 475 done.
[Rank 5] File 5, xtal 476 done.
[Rank 5] File 5, xtal 477 done.
[Rank 5] File 5, xtal 478 done.
[Rank 5] File 5, xtal 479 done.
[Rank 5] File 5, xtal 480 done.
[Rank 5] File 5, xtal 481 done.
[Rank 5] File 5, xtal 482 done.
[Rank 5] File 5, xtal 483 done.
[Rank 5] File 5, xtal 484 done.
[Rank 5] File 5, xtal 485 done.
[Rank 5] File 5, xtal 486 done.
[Rank 5] File 5, xtal 487 done.
[Rank 5] File 5, xtal 488 done.
[Rank 5] File 5, xtal 489 done.
[Rank 5] File 5, xtal 490 done.
[Rank 5] File 5, xtal 491 done.
[Rank 5] File 5, xtal 492 done.
[Rank 5] File 5, xtal 493 done.
[Rank 5] File 5, xtal 494 done.
[Rank 5] File 5, xtal 495 done.
[Rank 5] File 5, xtal 496 done.
[Rank 5] File 5, xtal 497 done.
[Rank 5] File 5, xtal 498 done.
[Rank 5] File 5, xtal 499 done.
[Rank 5] File 5, xtal 500 done.
[Rank 5] File 5, xtal 501 done.
[Rank 5] File 5, xtal 502 done.
[Rank 5] File 5, xtal 503 done.
[Rank 5] File 5, xtal 504 done.
[Rank 5] File 5, xtal 505 done.
[Rank 5] File 5, xtal 506 done.
[Rank 5] File 5, xtal 507 done.
[Rank 5] File 5, xtal 508 done.
[Rank 5] File 5, xtal 509 done.
[Rank 5] File 5, xtal 510 done.
[Rank 5] File 5, xtal 511 done.
[Rank 4] File 4, xtal 256 done.
[Rank 4] File 4, xtal 257 done.
[Rank 4] File 4, xtal 258 done.
[Rank 4] File 4, xtal 259 done.
[Rank 4] File 4, xtal 260 done.
[Rank 4] File 4, xtal 261 done.
[Rank 4] File 4, xtal 262 done.
[Rank 4] File 4, xtal 263 done.
[Rank 4] File 4, xtal 264 done.
[Rank 4] File 4, xtal 265 done.
[Rank 4] File 4, xtal 266 done.
[Rank 4] File 4, xtal 267 done.
[Rank 4] File 4, xtal 268 done.
[Rank 4] File 4, xtal 269 done.
[Rank 4] File 4, xtal 270 done.
[Rank 4] File 4, xtal 271 done.
[Rank 4] File 4, xtal 272 done.
[Rank 4] File 4, xtal 273 done.
[Rank 4] File 4, xtal 274 done.
[Rank 4] File 4, xtal 275 done.
[Rank 4] File 4, xtal 276 done.
[Rank 4] File 4, xtal 277 done.
[Rank 4] File 4, xtal 278 done.
[Rank 4] File 4, xtal 279 done.
[Rank 4] File 4, xtal 280 done.
[Rank 4] File 4, xtal 281 done.
[Rank 4] File 4, xtal 282 done.
[Rank 4] File 4, xtal 283 done.
[Rank 4] File 4, xtal 284 done.
[Rank 4] File 4, xtal 285 done.
[Rank 4] File 4, xtal 286 done.
[Rank 4] File 4, xtal 287 done.
[Rank 4] File 4, xtal 288 done.
[Rank 4] File 4, xtal 289 done.
[Rank 4] File 4, xtal 290 done.
[Rank 4] File 4, xtal 291 done.
[Rank 4] File 4, xtal 292 done.
[Rank 4] File 4, xtal 293 done.
[Rank 4] File 4, xtal 294 done.
[Rank 4] File 4, xtal 295 done.
[Rank 4] File 4, xtal 296 done.
[Rank 4] File 4, xtal 297 done.
[Rank 4] File 4, xtal 298 done.
[Rank 4] File 4, xtal 299 done.
[Rank 4] File 4, xtal 300 done.
[Rank 4] File 4, xtal 301 done.
[Rank 4] File 4, xtal 302 done.
[Rank 4] File 4, xtal 303 done.
[Rank 4] File 4, xtal 304 done.
[Rank 4] File 4, xtal 305 done.
[Rank 4] File 4, xtal 306 done.
[Rank 4] File 4, xtal 307 done.
[Rank 4] File 4, xtal 308 done.
[Rank 4] File 4, xtal 309 done.
[Rank 4] File 4, xtal 310 done.
[Rank 4] File 4, xtal 311 done.
[Rank 4] File 4, xtal 312 done.
[Rank 4] File 4, xtal 313 done.
[Rank 4] File 4, xtal 314 done.
[Rank 4] File 4, xtal 315 done.
[Rank 4] File 4, xtal 316 done.
[Rank 4] File 4, xtal 317 done.
[Rank 4] File 4, xtal 318 done.
[Rank 4] File 4, xtal 319 done.
[Rank 4] File 4, xtal 320 done.
[Rank 4] File 4, xtal 321 done.
[Rank 4] File 4, xtal 322 done.
[Rank 4] File 4, xtal 323 done.
[Rank 4] File 4, xtal 324 done.
[Rank 4] File 4, xtal 325 done.
[Rank 4] File 4, xtal 326 done.
[Rank 4] File 4, xtal 327 done.
[Rank 4] File 4, xtal 328 done.
[Rank 4] File 4, xtal 329 done.
[Rank 4] File 4, xtal 330 done.
[Rank 4] File 4, xtal 331 done.
[Rank 4] File 4, xtal 332 done.
[Rank 4] File 4, xtal 333 done.
[Rank 4] File 4, xtal 334 done.
[Rank 4] File 4, xtal 335 done.
[Rank 4] File 4, xtal 336 done.
[Rank 4] File 4, xtal 337 done.
[Rank 4] File 4, xtal 338 done.
[Rank 4] File 4, xtal 339 done.
[Rank 4] File 4, xtal 340 done.
[Rank 4] File 4, xtal 341 done.
[Rank 4] File 4, xtal 342 done.
[Rank 4] File 4, xtal 343 done.
[Rank 4] File 4, xtal 344 done.
[Rank 4] File 4, xtal 345 done.
[Rank 4] File 4, xtal 346 done.
[Rank 4] File 4, xtal 347 done.
[Rank 4] File 4, xtal 348 done.
[Rank 4] File 4, xtal 349 done.
[Rank 4] File 4, xtal 350 done.
[Rank 4] File 4, xtal 351 done.
[Rank 4] File 4, xtal 352 done.
[Rank 4] File 4, xtal 353 done.
[Rank 4] File 4, xtal 354 done.
[Rank 4] File 4, xtal 355 done.
[Rank 4] File 4, xtal 356 done.
[Rank 4] File 4, xtal 357 done.
[Rank 4] File 4, xtal 358 done.
[Rank 4] File 4, xtal 359 done.
[Rank 4] File 4, xtal 360 done.
[Rank 4] File 4, xtal 361 done.
[Rank 4] File 4, xtal 362 done.
[Rank 4] File 4, xtal 363 done.
[Rank 4] File 4, xtal 364 done.
[Rank 4] File 4, xtal 365 done.
[Rank 4] File 4, xtal 366 done.
[Rank 4] File 4, xtal 367 done.
[Rank 4] File 4, xtal 368 done.
[Rank 4] File 4, xtal 369 done.
[Rank 4] File 4, xtal 370 done.
[Rank 4] File 4, xtal 371 done.
[Rank 4] File 4, xtal 372 done.
[Rank 4] File 4, xtal 373 done.
[Rank 4] File 4, xtal 374 done.
[Rank 4] File 4, xtal 375 done.
[Rank 4] File 4, xtal 376 done.
[Rank 4] File 4, xtal 377 done.
[Rank 4] File 4, xtal 378 done.
[Rank 4] File 4, xtal 379 done.
[Rank 4] File 4, xtal 380 done.
[Rank 4] File 4, xtal 381 done.
[Rank 4] File 4, xtal 382 done.
[Rank 4] File 4, xtal 383 done.
[Rank 4] File 4, xtal 384 done.
[Rank 4] File 4, xtal 385 done.
[Rank 4] File 4, xtal 386 done.
[Rank 4] File 4, xtal 387 done.
[Rank 4] File 4, xtal 388 done.
[Rank 4] File 4, xtal 389 done.
[Rank 4] File 4, xtal 390 done.
[Rank 4] File 4, xtal 391 done.
[Rank 4] File 4, xtal 392 done.
[Rank 4] File 4, xtal 393 done.
[Rank 4] File 4, xtal 394 done.
[Rank 4] File 4, xtal 395 done.
[Rank 4] File 4, xtal 396 done.
[Rank 4] File 4, xtal 397 done.
[Rank 4] File 4, xtal 398 done.
[Rank 4] File 4, xtal 399 done.
[Rank 4] File 4, xtal 400 done.
[Rank 4] File 4, xtal 401 done.
[Rank 4] File 4, xtal 402 done.
[Rank 4] File 4, xtal 403 done.
[Rank 4] File 4, xtal 404 done.
[Rank 4] File 4, xtal 405 done.
[Rank 4] File 4, xtal 406 done.
[Rank 4] File 4, xtal 407 done.
[Rank 4] File 4, xtal 408 done.
[Rank 4] File 4, xtal 409 done.
[Rank 4] File 4, xtal 410 done.
[Rank 4] File 4, xtal 411 done.
[Rank 4] File 4, xtal 412 done.
[Rank 4] File 4, xtal 413 done.
[Rank 4] File 4, xtal 414 done.
[Rank 4] File 4, xtal 415 done.
[Rank 4] File 4, xtal 416 done.
[Rank 4] File 4, xtal 417 done.
[Rank 4] File 4, xtal 418 done.
[Rank 4] File 4, xtal 419 done.
[Rank 4] File 4, xtal 420 done.
[Rank 4] File 4, xtal 421 done.
[Rank 4] File 4, xtal 422 done.
[Rank 4] File 4, xtal 423 done.
[Rank 4] File 4, xtal 424 done.
[Rank 4] File 4, xtal 425 done.
[Rank 4] File 4, xtal 426 done.
[Rank 4] File 4, xtal 427 done.
[Rank 4] File 4, xtal 428 done.
[Rank 4] File 4, xtal 429 done.
[Rank 4] File 4, xtal 430 done.
[Rank 4] File 4, xtal 431 done.
[Rank 4] File 4, xtal 432 done.
[Rank 4] File 4, xtal 433 done.
[Rank 4] File 4, xtal 434 done.
[Rank 4] File 4, xtal 435 done.
[Rank 4] File 4, xtal 436 done.
[Rank 4] File 4, xtal 437 done.
[Rank 4] File 4, xtal 438 done.
[Rank 4] File 4, xtal 439 done.
[Rank 4] File 4, xtal 440 done.
[Rank 4] File 4, xtal 441 done.
[Rank 4] File 4, xtal 442 done.
[Rank 4] File 4, xtal 443 done.
[Rank 4] File 4, xtal 444 done.
[Rank 4] File 4, xtal 445 done.
[Rank 4] File 4, xtal 446 done.
[Rank 4] File 4, xtal 447 done.
[Rank 4] File 4, xtal 448 done.
[Rank 4] File 4, xtal 449 done.
[Rank 4] File 4, xtal 450 done.
[Rank 4] File 4, xtal 451 done.
[Rank 4] File 4, xtal 452 done.
[Rank 4] File 4, xtal 453 done.
[Rank 4] File 4, xtal 454 done.
[Rank 4] File 4, xtal 455 done.
[Rank 4] File 4, xtal 456 done.
[Rank 4] File 4, xtal 457 done.
[Rank 4] File 4, xtal 458 done.
[Rank 4] File 4, xtal 459 done.
[Rank 4] File 4, xtal 460 done.
[Rank 4] File 4, xtal 461 done.
[Rank 4] File 4, xtal 462 done.
[Rank 4] File 4, xtal 463 done.
[Rank 4] File 4, xtal 464 done.
[Rank 4] File 4, xtal 465 done.
[Rank 4] File 4, xtal 466 done.
[Rank 4] File 4, xtal 467 done.
[Rank 4] File 4, xtal 468 done.
[Rank 4] File 4, xtal 469 done.
[Rank 4] File 4, xtal 470 done.
[Rank 4] File 4, xtal 471 done.
[Rank 4] File 4, xtal 472 done.
[Rank 4] File 4, xtal 473 done.
[Rank 4] File 4, xtal 474 done.
[Rank 4] File 4, xtal 475 done.
[Rank 4] File 4, xtal 476 done.
[Rank 4] File 4, xtal 477 done.
[Rank 4] File 4, xtal 478 done.
[Rank 4] File 4, xtal 479 done.
[Rank 4] File 4, xtal 480 done.
[Rank 4] File 4, xtal 481 done.
[Rank 4] File 4, xtal 482 done.
[Rank 4] File 4, xtal 483 done.
[Rank 4] File 4, xtal 484 done.
[Rank 4] File 4, xtal 485 done.
[Rank 4] File 4, xtal 486 done.
[Rank 4] File 4, xtal 487 done.
[Rank 4] File 4, xtal 488 done.
[Rank 4] File 4, xtal 489 done.
[Rank 4] File 4, xtal 490 done.
[Rank 4] File 4, xtal 491 done.
[Rank 4] File 4, xtal 492 done.
[Rank 4] File 4, xtal 493 done.
[Rank 4] File 4, xtal 494 done.
[Rank 4] File 4, xtal 495 done.
[Rank 4] File 4, xtal 496 done.
[Rank 4] File 4, xtal 497 done.
[Rank 4] File 4, xtal 498 done.
[Rank 4] File 4, xtal 499 done.
[Rank 4] File 4, xtal 500 done.
[Rank 4] File 4, xtal 501 done.
[Rank 4] File 4, xtal 502 done.
[Rank 4] File 4, xtal 503 done.
[Rank 4] File 4, xtal 504 done.
[Rank 4] File 4, xtal 505 done.
[Rank 4] File 4, xtal 506 done.
[Rank 4] File 4, xtal 507 done.
[Rank 4] File 4, xtal 508 done.
[Rank 4] File 4, xtal 509 done.
[Rank 4] File 4, xtal 510 done.
[Rank 4] File 4, xtal 511 done.
[Rank 21] File 21, xtal 241 done.
[Rank 21] File 21, xtal 242 done.
[Rank 21] File 21, xtal 243 done.
[Rank 21] File 21, xtal 244 done.
[Rank 21] File 21, xtal 245 done.
[Rank 21] File 21, xtal 246 done.
[Rank 21] File 21, xtal 247 done.
[Rank 21] File 21, xtal 248 done.
[Rank 21] File 21, xtal 249 done.
[Rank 21] File 21, xtal 250 done.
[Rank 21] File 21, xtal 251 done.
[Rank 21] File 21, xtal 252 done.
[Rank 21] File 21, xtal 253 done.
[Rank 21] File 21, xtal 254 done.
[Rank 21] File 21, xtal 255 done.
[Rank 21] File 21, xtal 256 done.
[Rank 21] File 21, xtal 257 done.
[Rank 21] File 21, xtal 258 done.
[Rank 21] File 21, xtal 259 done.
[Rank 21] File 21, xtal 260 done.
[Rank 21] File 21, xtal 261 done.
[Rank 21] File 21, xtal 262 done.
[Rank 21] File 21, xtal 263 done.
[Rank 21] File 21, xtal 264 done.
[Rank 21] File 21, xtal 265 done.
[Rank 21] File 21, xtal 266 done.
[Rank 21] File 21, xtal 267 done.
[Rank 21] File 21, xtal 268 done.
[Rank 21] File 21, xtal 269 done.
[Rank 21] File 21, xtal 270 done.
[Rank 21] File 21, xtal 271 done.
[Rank 21] File 21, xtal 272 done.
[Rank 21] File 21, xtal 273 done.
[Rank 21] File 21, xtal 274 done.
[Rank 21] File 21, xtal 275 done.
[Rank 21] File 21, xtal 276 done.
[Rank 21] File 21, xtal 277 done.
[Rank 21] File 21, xtal 278 done.
[Rank 21] File 21, xtal 279 done.
[Rank 21] File 21, xtal 280 done.
[Rank 21] File 21, xtal 281 done.
[Rank 21] File 21, xtal 282 done.
[Rank 21] File 21, xtal 283 done.
[Rank 21] File 21, xtal 284 done.
[Rank 21] File 21, xtal 285 done.
[Rank 21] File 21, xtal 286 done.
[Rank 21] File 21, xtal 287 done.
[Rank 21] File 21, xtal 288 done.
[Rank 21] File 21, xtal 289 done.
[Rank 21] File 21, xtal 290 done.
[Rank 21] File 21, xtal 291 done.
[Rank 21] File 21, xtal 292 done.
[Rank 21] File 21, xtal 293 done.
[Rank 21] File 21, xtal 294 done.
[Rank 21] File 21, xtal 295 done.
[Rank 21] File 21, xtal 296 done.
[Rank 21] File 21, xtal 297 done.
[Rank 21] File 21, xtal 298 done.
[Rank 21] File 21, xtal 299 done.
[Rank 21] File 21, xtal 300 done.
[Rank 21] File 21, xtal 301 done.
[Rank 21] File 21, xtal 302 done.
[Rank 21] File 21, xtal 303 done.
[Rank 21] File 21, xtal 304 done.
[Rank 21] File 21, xtal 305 done.
[Rank 21] File 21, xtal 306 done.
[Rank 21] File 21, xtal 307 done.
[Rank 21] File 21, xtal 308 done.
[Rank 21] File 21, xtal 309 done.
[Rank 21] File 21, xtal 310 done.
[Rank 21] File 21, xtal 311 done.
[Rank 21] File 21, xtal 312 done.
[Rank 21] File 21, xtal 313 done.
[Rank 21] File 21, xtal 314 done.
[Rank 21] File 21, xtal 315 done.
[Rank 21] File 21, xtal 316 done.
[Rank 21] File 21, xtal 317 done.
[Rank 21] File 21, xtal 318 done.
[Rank 21] File 21, xtal 319 done.
[Rank 21] File 21, xtal 320 done.
[Rank 21] File 21, xtal 321 done.
[Rank 21] File 21, xtal 322 done.
[Rank 21] File 21, xtal 323 done.
[Rank 21] File 21, xtal 324 done.
[Rank 21] File 21, xtal 325 done.
[Rank 21] File 21, xtal 326 done.
[Rank 21] File 21, xtal 327 done.
[Rank 21] File 21, xtal 328 done.
[Rank 21] File 21, xtal 329 done.
[Rank 21] File 21, xtal 330 done.
[Rank 21] File 21, xtal 331 done.
[Rank 21] File 21, xtal 332 done.
[Rank 21] File 21, xtal 333 done.
[Rank 21] File 21, xtal 334 done.
[Rank 21] File 21, xtal 335 done.
[Rank 21] File 21, xtal 336 done.
[Rank 21] File 21, xtal 337 done.
[Rank 21] File 21, xtal 338 done.
[Rank 21] File 21, xtal 339 done.
[Rank 21] File 21, xtal 340 done.
[Rank 21] File 21, xtal 341 done.
[Rank 21] File 21, xtal 342 done.
[Rank 21] File 21, xtal 343 done.
[Rank 21] File 21, xtal 344 done.
[Rank 21] File 21, xtal 345 done.
[Rank 21] File 21, xtal 346 done.
[Rank 21] File 21, xtal 347 done.
[Rank 21] File 21, xtal 348 done.
[Rank 21] File 21, xtal 349 done.
[Rank 21] File 21, xtal 350 done.
[Rank 21] File 21, xtal 351 done.
[Rank 21] File 21, xtal 352 done.
[Rank 21] File 21, xtal 353 done.
[Rank 21] File 21, xtal 354 done.
[Rank 21] File 21, xtal 355 done.
[Rank 21] File 21, xtal 356 done.
[Rank 21] File 21, xtal 357 done.
[Rank 21] File 21, xtal 358 done.
[Rank 21] File 21, xtal 359 done.
[Rank 21] File 21, xtal 360 done.
[Rank 21] File 21, xtal 361 done.
[Rank 21] File 21, xtal 362 done.
[Rank 21] File 21, xtal 363 done.
[Rank 21] File 21, xtal 364 done.
[Rank 21] File 21, xtal 365 done.
[Rank 21] File 21, xtal 366 done.
[Rank 21] File 21, xtal 367 done.
[Rank 21] File 21, xtal 368 done.
[Rank 21] File 21, xtal 369 done.
[Rank 21] File 21, xtal 370 done.
[Rank 21] File 21, xtal 371 done.
[Rank 21] File 21, xtal 372 done.
[Rank 21] File 21, xtal 373 done.
[Rank 21] File 21, xtal 374 done.
[Rank 21] File 21, xtal 375 done.
[Rank 21] File 21, xtal 376 done.
[Rank 21] File 21, xtal 377 done.
[Rank 21] File 21, xtal 378 done.
[Rank 21] File 21, xtal 379 done.
[Rank 21] File 21, xtal 380 done.
[Rank 21] File 21, xtal 381 done.
[Rank 21] File 21, xtal 382 done.
[Rank 21] File 21, xtal 383 done.
[Rank 21] File 21, xtal 384 done.
[Rank 21] File 21, xtal 385 done.
[Rank 21] File 21, xtal 386 done.
[Rank 21] File 21, xtal 387 done.
[Rank 21] File 21, xtal 388 done.
[Rank 21] File 21, xtal 389 done.
[Rank 21] File 21, xtal 390 done.
[Rank 21] File 21, xtal 391 done.
[Rank 21] File 21, xtal 392 done.
[Rank 21] File 21, xtal 393 done.
[Rank 21] File 21, xtal 394 done.
[Rank 21] File 21, xtal 395 done.
[Rank 21] File 21, xtal 396 done.
[Rank 21] File 21, xtal 397 done.
[Rank 21] File 21, xtal 398 done.
[Rank 21] File 21, xtal 399 done.
[Rank 21] File 21, xtal 400 done.
[Rank 21] File 21, xtal 401 done.
[Rank 21] File 21, xtal 402 done.
[Rank 21] File 21, xtal 403 done.
[Rank 21] File 21, xtal 404 done.
[Rank 21] File 21, xtal 405 done.
[Rank 21] File 21, xtal 406 done.
[Rank 21] File 21, xtal 407 done.
[Rank 21] File 21, xtal 408 done.
[Rank 21] File 21, xtal 409 done.
[Rank 21] File 21, xtal 410 done.
[Rank 21] File 21, xtal 411 done.
[Rank 21] File 21, xtal 412 done.
[Rank 21] File 21, xtal 413 done.
[Rank 21] File 21, xtal 414 done.
[Rank 21] File 21, xtal 415 done.
[Rank 21] File 21, xtal 416 done.
[Rank 21] File 21, xtal 417 done.
[Rank 21] File 21, xtal 418 done.
[Rank 21] File 21, xtal 419 done.
[Rank 21] File 21, xtal 420 done.
[Rank 21] File 21, xtal 421 done.
[Rank 21] File 21, xtal 422 done.
[Rank 21] File 21, xtal 423 done.
[Rank 21] File 21, xtal 424 done.
[Rank 21] File 21, xtal 425 done.
[Rank 21] File 21, xtal 426 done.
[Rank 21] File 21, xtal 427 done.
[Rank 21] File 21, xtal 428 done.
[Rank 21] File 21, xtal 429 done.
[Rank 21] File 21, xtal 430 done.
[Rank 21] File 21, xtal 431 done.
[Rank 21] File 21, xtal 432 done.
[Rank 21] File 21, xtal 433 done.
[Rank 21] File 21, xtal 434 done.
[Rank 21] File 21, xtal 435 done.
[Rank 21] File 21, xtal 436 done.
[Rank 21] File 21, xtal 437 done.
[Rank 21] File 21, xtal 438 done.
[Rank 21] File 21, xtal 439 done.
[Rank 21] File 21, xtal 440 done.
[Rank 21] File 21, xtal 441 done.
[Rank 21] File 21, xtal 442 done.
[Rank 21] File 21, xtal 443 done.
[Rank 21] File 21, xtal 444 done.
[Rank 21] File 21, xtal 445 done.
[Rank 21] File 21, xtal 446 done.
[Rank 21] File 21, xtal 447 done.
[Rank 21] File 21, xtal 448 done.
[Rank 21] File 21, xtal 449 done.
[Rank 21] File 21, xtal 450 done.
[Rank 21] File 21, xtal 451 done.
[Rank 21] File 21, xtal 452 done.
[Rank 21] File 21, xtal 453 done.
[Rank 21] File 21, xtal 454 done.
[Rank 21] File 21, xtal 455 done.
[Rank 21] File 21, xtal 456 done.
[Rank 21] File 21, xtal 457 done.
[Rank 21] File 21, xtal 458 done.
[Rank 21] File 21, xtal 459 done.
[Rank 21] File 21, xtal 460 done.
[Rank 21] File 21, xtal 461 done.
[Rank 21] File 21, xtal 462 done.
[Rank 21] File 21, xtal 463 done.
[Rank 21] File 21, xtal 464 done.
[Rank 21] File 21, xtal 465 done.
[Rank 21] File 21, xtal 466 done.
[Rank 21] File 21, xtal 467 done.
[Rank 21] File 21, xtal 468 done.
[Rank 21] File 21, xtal 469 done.
[Rank 21] File 21, xtal 470 done.
[Rank 21] File 21, xtal 471 done.
[Rank 21] File 21, xtal 472 done.
[Rank 21] File 21, xtal 473 done.
[Rank 21] File 21, xtal 474 done.
[Rank 21] File 21, xtal 475 done.
[Rank 21] File 21, xtal 476 done.
[Rank 21] File 21, xtal 477 done.
[Rank 21] File 21, xtal 478 done.
[Rank 21] File 21, xtal 479 done.
[Rank 21] File 21, xtal 480 done.
[Rank 22] File 22, xtal 481 done.
[Rank 22] File 22, xtal 482 done.
[Rank 22] File 22, xtal 483 done.
[Rank 22] File 22, xtal 484 done.
[Rank 22] File 22, xtal 485 done.
[Rank 22] File 22, xtal 486 done.
[Rank 22] File 22, xtal 487 done.
[Rank 22] File 22, xtal 488 done.
[Rank 22] File 22, xtal 489 done.
[Rank 22] File 22, xtal 490 done.
[Rank 22] File 22, xtal 491 done.
[Rank 22] File 22, xtal 492 done.
[Rank 22] File 22, xtal 493 done.
[Rank 22] File 22, xtal 494 done.
[Rank 22] File 22, xtal 495 done.
[Rank 22] File 22, xtal 496 done.
[Rank 22] File 22, xtal 497 done.
[Rank 22] File 22, xtal 498 done.
[Rank 22] File 22, xtal 499 done.
[Rank 22] File 22, xtal 500 done.
[Rank 22] File 22, xtal 501 done.
[Rank 22] File 22, xtal 502 done.
[Rank 22] File 22, xtal 503 done.
[Rank 22] File 22, xtal 504 done.
[Rank 22] File 22, xtal 505 done.
[Rank 22] File 22, xtal 506 done.
[Rank 22] File 22, xtal 507 done.
[Rank 22] File 22, xtal 508 done.
[Rank 22] File 22, xtal 509 done.
[Rank 22] File 22, xtal 510 done.
[Rank 22] File 22, xtal 511 done.
[Rank 22] File 22, xtal 512 done.
[Rank 22] File 22, xtal 513 done.
[Rank 22] File 22, xtal 514 done.
[Rank 22] File 22, xtal 515 done.
[Rank 22] File 22, xtal 516 done.
[Rank 22] File 22, xtal 517 done.
[Rank 22] File 22, xtal 518 done.
[Rank 22] File 22, xtal 519 done.
[Rank 22] File 22, xtal 520 done.
[Rank 22] File 22, xtal 521 done.
[Rank 22] File 22, xtal 522 done.
[Rank 22] File 22, xtal 523 done.
[Rank 22] File 22, xtal 524 done.
[Rank 22] File 22, xtal 525 done.
[Rank 22] File 22, xtal 526 done.
[Rank 22] File 22, xtal 527 done.
[Rank 22] File 22, xtal 528 done.
[Rank 22] File 22, xtal 529 done.
[Rank 22] File 22, xtal 530 done.
[Rank 22] File 22, xtal 531 done.
[Rank 22] File 22, xtal 532 done.
[Rank 22] File 22, xtal 533 done.
[Rank 22] File 22, xtal 534 done.
[Rank 22] File 22, xtal 535 done.
[Rank 22] File 22, xtal 536 done.
[Rank 22] File 22, xtal 537 done.
[Rank 22] File 22, xtal 538 done.
[Rank 22] File 22, xtal 539 done.
[Rank 22] File 22, xtal 540 done.
[Rank 22] File 22, xtal 541 done.
[Rank 22] File 22, xtal 542 done.
[Rank 22] File 22, xtal 543 done.
[Rank 22] File 22, xtal 544 done.
[Rank 22] File 22, xtal 545 done.
[Rank 22] File 22, xtal 546 done.
[Rank 22] File 22, xtal 547 done.
[Rank 22] File 22, xtal 548 done.
[Rank 22] File 22, xtal 549 done.
[Rank 22] File 22, xtal 550 done.
[Rank 22] File 22, xtal 551 done.
[Rank 22] File 22, xtal 552 done.
[Rank 22] File 22, xtal 553 done.
[Rank 22] File 22, xtal 554 done.
[Rank 22] File 22, xtal 555 done.
[Rank 22] File 22, xtal 556 done.
[Rank 22] File 22, xtal 557 done.
[Rank 22] File 22, xtal 558 done.
[Rank 22] File 22, xtal 559 done.
[Rank 22] File 22, xtal 560 done.
[Rank 22] File 22, xtal 561 done.
[Rank 22] File 22, xtal 562 done.
[Rank 22] File 22, xtal 563 done.
[Rank 22] File 22, xtal 564 done.
[Rank 22] File 22, xtal 565 done.
[Rank 22] File 22, xtal 566 done.
[Rank 22] File 22, xtal 567 done.
[Rank 22] File 22, xtal 568 done.
[Rank 22] File 22, xtal 569 done.
[Rank 22] File 22, xtal 570 done.
[Rank 22] File 22, xtal 571 done.
[Rank 22] File 22, xtal 572 done.
[Rank 22] File 22, xtal 573 done.
[Rank 22] File 22, xtal 574 done.
[Rank 22] File 22, xtal 575 done.
[Rank 22] File 22, xtal 576 done.
[Rank 22] File 22, xtal 577 done.
[Rank 22] File 22, xtal 578 done.
[Rank 22] File 22, xtal 579 done.
[Rank 22] File 22, xtal 580 done.
[Rank 22] File 22, xtal 581 done.
[Rank 22] File 22, xtal 582 done.
[Rank 22] File 22, xtal 583 done.
[Rank 22] File 22, xtal 584 done.
[Rank 22] File 22, xtal 585 done.
[Rank 22] File 22, xtal 586 done.
[Rank 22] File 22, xtal 587 done.
[Rank 22] File 22, xtal 588 done.
[Rank 22] File 22, xtal 589 done.
[Rank 22] File 22, xtal 590 done.
[Rank 22] File 22, xtal 591 done.
[Rank 22] File 22, xtal 592 done.
[Rank 22] File 22, xtal 593 done.
[Rank 22] File 22, xtal 594 done.
[Rank 22] File 22, xtal 595 done.
[Rank 22] File 22, xtal 596 done.
[Rank 22] File 22, xtal 597 done.
[Rank 22] File 22, xtal 598 done.
[Rank 22] File 22, xtal 599 done.
[Rank 22] File 22, xtal 600 done.
[Rank 22] File 22, xtal 601 done.
[Rank 22] File 22, xtal 602 done.
[Rank 22] File 22, xtal 603 done.
[Rank 22] File 22, xtal 604 done.
[Rank 22] File 22, xtal 605 done.
[Rank 22] File 22, xtal 606 done.
[Rank 22] File 22, xtal 607 done.
[Rank 22] File 22, xtal 608 done.
[Rank 22] File 22, xtal 609 done.
[Rank 22] File 22, xtal 610 done.
[Rank 22] File 22, xtal 611 done.
[Rank 22] File 22, xtal 612 done.
[Rank 22] File 22, xtal 613 done.
[Rank 22] File 22, xtal 614 done.
[Rank 22] File 22, xtal 615 done.
[Rank 22] File 22, xtal 616 done.
[Rank 22] File 22, xtal 617 done.
[Rank 22] File 22, xtal 618 done.
[Rank 22] File 22, xtal 619 done.
[Rank 22] File 22, xtal 620 done.
[Rank 22] File 22, xtal 621 done.
[Rank 22] File 22, xtal 622 done.
[Rank 22] File 22, xtal 623 done.
[Rank 22] File 22, xtal 624 done.
[Rank 22] File 22, xtal 625 done.
[Rank 22] File 22, xtal 626 done.
[Rank 22] File 22, xtal 627 done.
[Rank 22] File 22, xtal 628 done.
[Rank 22] File 22, xtal 629 done.
[Rank 22] File 22, xtal 630 done.
[Rank 22] File 22, xtal 631 done.
[Rank 22] File 22, xtal 632 done.
[Rank 22] File 22, xtal 633 done.
[Rank 22] File 22, xtal 634 done.
[Rank 22] File 22, xtal 635 done.
[Rank 22] File 22, xtal 636 done.
[Rank 22] File 22, xtal 637 done.
[Rank 22] File 22, xtal 638 done.
[Rank 22] File 22, xtal 639 done.
[Rank 22] File 22, xtal 640 done.
[Rank 22] File 22, xtal 641 done.
[Rank 22] File 22, xtal 642 done.
[Rank 22] File 22, xtal 643 done.
[Rank 22] File 22, xtal 644 done.
[Rank 22] File 22, xtal 645 done.
[Rank 22] File 22, xtal 646 done.
[Rank 22] File 22, xtal 647 done.
[Rank 22] File 22, xtal 648 done.
[Rank 22] File 22, xtal 649 done.
[Rank 22] File 22, xtal 650 done.
[Rank 22] File 22, xtal 651 done.
[Rank 22] File 22, xtal 652 done.
[Rank 22] File 22, xtal 653 done.
[Rank 22] File 22, xtal 654 done.
[Rank 22] File 22, xtal 655 done.
[Rank 22] File 22, xtal 656 done.
[Rank 22] File 22, xtal 657 done.
[Rank 22] File 22, xtal 658 done.
[Rank 22] File 22, xtal 659 done.
[Rank 22] File 22, xtal 660 done.
[Rank 22] File 22, xtal 661 done.
[Rank 22] File 22, xtal 662 done.
[Rank 22] File 22, xtal 663 done.
[Rank 22] File 22, xtal 664 done.
[Rank 22] File 22, xtal 665 done.
[Rank 22] File 22, xtal 666 done.
[Rank 22] File 22, xtal 667 done.
[Rank 22] File 22, xtal 668 done.
[Rank 22] File 22, xtal 669 done.
[Rank 22] File 22, xtal 670 done.
[Rank 22] File 22, xtal 671 done.
[Rank 22] File 22, xtal 672 done.
[Rank 22] File 22, xtal 673 done.
[Rank 22] File 22, xtal 674 done.
[Rank 22] File 22, xtal 675 done.
[Rank 22] File 22, xtal 676 done.
[Rank 22] File 22, xtal 677 done.
[Rank 22] File 22, xtal 678 done.
[Rank 22] File 22, xtal 679 done.
[Rank 22] File 22, xtal 680 done.
[Rank 22] File 22, xtal 681 done.
[Rank 22] File 22, xtal 682 done.
[Rank 22] File 22, xtal 683 done.
[Rank 22] File 22, xtal 684 done.
[Rank 22] File 22, xtal 685 done.
[Rank 22] File 22, xtal 686 done.
[Rank 22] File 22, xtal 687 done.
[Rank 22] File 22, xtal 688 done.
[Rank 22] File 22, xtal 689 done.
[Rank 22] File 22, xtal 690 done.
[Rank 22] File 22, xtal 691 done.
[Rank 22] File 22, xtal 692 done.
[Rank 22] File 22, xtal 693 done.
[Rank 22] File 22, xtal 694 done.
[Rank 22] File 22, xtal 695 done.
[Rank 22] File 22, xtal 696 done.
[Rank 22] File 22, xtal 697 done.
[Rank 22] File 22, xtal 698 done.
[Rank 22] File 22, xtal 699 done.
[Rank 22] File 22, xtal 700 done.
[Rank 22] File 22, xtal 701 done.
[Rank 22] File 22, xtal 702 done.
[Rank 22] File 22, xtal 703 done.
[Rank 22] File 22, xtal 704 done.
[Rank 22] File 22, xtal 705 done.
[Rank 22] File 22, xtal 706 done.
[Rank 22] File 22, xtal 707 done.
[Rank 22] File 22, xtal 708 done.
[Rank 22] File 22, xtal 709 done.
[Rank 22] File 22, xtal 710 done.
[Rank 22] File 22, xtal 711 done.
[Rank 22] File 22, xtal 712 done.
[Rank 22] File 22, xtal 713 done.
[Rank 22] File 22, xtal 714 done.
[Rank 22] File 22, xtal 715 done.
[Rank 22] File 22, xtal 716 done.
[Rank 22] File 22, xtal 717 done.
[Rank 22] File 22, xtal 718 done.
[Rank 22] File 22, xtal 719 done.
[Rank 22] File 22, xtal 720 done.
[Rank 12] File 12, xtal 481 done.
[Rank 12] File 12, xtal 482 done.
[Rank 12] File 12, xtal 483 done.
[Rank 12] File 12, xtal 484 done.
[Rank 12] File 12, xtal 485 done.
[Rank 12] File 12, xtal 486 done.
[Rank 12] File 12, xtal 487 done.
[Rank 12] File 12, xtal 488 done.
[Rank 12] File 12, xtal 489 done.
[Rank 12] File 12, xtal 490 done.
[Rank 12] File 12, xtal 491 done.
[Rank 12] File 12, xtal 492 done.
[Rank 12] File 12, xtal 493 done.
[Rank 12] File 12, xtal 494 done.
[Rank 12] File 12, xtal 495 done.
[Rank 12] File 12, xtal 496 done.
[Rank 12] File 12, xtal 497 done.
[Rank 12] File 12, xtal 498 done.
[Rank 12] File 12, xtal 499 done.
[Rank 12] File 12, xtal 500 done.
[Rank 12] File 12, xtal 501 done.
[Rank 12] File 12, xtal 502 done.
[Rank 12] File 12, xtal 503 done.
[Rank 12] File 12, xtal 504 done.
[Rank 12] File 12, xtal 505 done.
[Rank 12] File 12, xtal 506 done.
[Rank 12] File 12, xtal 507 done.
[Rank 12] File 12, xtal 508 done.
[Rank 12] File 12, xtal 509 done.
[Rank 12] File 12, xtal 510 done.
[Rank 12] File 12, xtal 511 done.
[Rank 12] File 12, xtal 512 done.
[Rank 12] File 12, xtal 513 done.
[Rank 12] File 12, xtal 514 done.
[Rank 12] File 12, xtal 515 done.
[Rank 12] File 12, xtal 516 done.
[Rank 12] File 12, xtal 517 done.
[Rank 12] File 12, xtal 518 done.
[Rank 12] File 12, xtal 519 done.
[Rank 12] File 12, xtal 520 done.
[Rank 12] File 12, xtal 521 done.
[Rank 12] File 12, xtal 522 done.
[Rank 12] File 12, xtal 523 done.
[Rank 12] File 12, xtal 524 done.
[Rank 12] File 12, xtal 525 done.
[Rank 12] File 12, xtal 526 done.
[Rank 12] File 12, xtal 527 done.
[Rank 12] File 12, xtal 528 done.
[Rank 12] File 12, xtal 529 done.
[Rank 12] File 12, xtal 530 done.
[Rank 12] File 12, xtal 531 done.
[Rank 12] File 12, xtal 532 done.
[Rank 12] File 12, xtal 533 done.
[Rank 12] File 12, xtal 534 done.
[Rank 12] File 12, xtal 535 done.
[Rank 12] File 12, xtal 536 done.
[Rank 12] File 12, xtal 537 done.
[Rank 12] File 12, xtal 538 done.
[Rank 12] File 12, xtal 539 done.
[Rank 12] File 12, xtal 540 done.
[Rank 12] File 12, xtal 541 done.
[Rank 12] File 12, xtal 542 done.
[Rank 12] File 12, xtal 543 done.
[Rank 12] File 12, xtal 544 done.
[Rank 12] File 12, xtal 545 done.
[Rank 12] File 12, xtal 546 done.
[Rank 12] File 12, xtal 547 done.
[Rank 12] File 12, xtal 548 done.
[Rank 12] File 12, xtal 549 done.
[Rank 12] File 12, xtal 550 done.
[Rank 12] File 12, xtal 551 done.
[Rank 12] File 12, xtal 552 done.
[Rank 12] File 12, xtal 553 done.
[Rank 12] File 12, xtal 554 done.
[Rank 12] File 12, xtal 555 done.
[Rank 12] File 12, xtal 556 done.
[Rank 12] File 12, xtal 557 done.
[Rank 12] File 12, xtal 558 done.
[Rank 12] File 12, xtal 559 done.
[Rank 12] File 12, xtal 560 done.
[Rank 12] File 12, xtal 561 done.
[Rank 12] File 12, xtal 562 done.
[Rank 12] File 12, xtal 563 done.
[Rank 12] File 12, xtal 564 done.
[Rank 12] File 12, xtal 565 done.
[Rank 12] File 12, xtal 566 done.
[Rank 12] File 12, xtal 567 done.
[Rank 12] File 12, xtal 568 done.
[Rank 12] File 12, xtal 569 done.
[Rank 12] File 12, xtal 570 done.
[Rank 12] File 12, xtal 571 done.
[Rank 12] File 12, xtal 572 done.
[Rank 12] File 12, xtal 573 done.
[Rank 12] File 12, xtal 574 done.
[Rank 12] File 12, xtal 575 done.
[Rank 12] File 12, xtal 576 done.
[Rank 12] File 12, xtal 577 done.
[Rank 12] File 12, xtal 578 done.
[Rank 12] File 12, xtal 579 done.
[Rank 12] File 12, xtal 580 done.
[Rank 12] File 12, xtal 581 done.
[Rank 12] File 12, xtal 582 done.
[Rank 12] File 12, xtal 583 done.
[Rank 12] File 12, xtal 584 done.
[Rank 12] File 12, xtal 585 done.
[Rank 12] File 12, xtal 586 done.
[Rank 12] File 12, xtal 587 done.
[Rank 12] File 12, xtal 588 done.
[Rank 12] File 12, xtal 589 done.
[Rank 12] File 12, xtal 590 done.
[Rank 12] File 12, xtal 591 done.
[Rank 12] File 12, xtal 592 done.
[Rank 12] File 12, xtal 593 done.
[Rank 12] File 12, xtal 594 done.
[Rank 12] File 12, xtal 595 done.
[Rank 12] File 12, xtal 596 done.
[Rank 12] File 12, xtal 597 done.
[Rank 12] File 12, xtal 598 done.
[Rank 12] File 12, xtal 599 done.
[Rank 12] File 12, xtal 600 done.
[Rank 12] File 12, xtal 601 done.
[Rank 12] File 12, xtal 602 done.
[Rank 12] File 12, xtal 603 done.
[Rank 12] File 12, xtal 604 done.
[Rank 12] File 12, xtal 605 done.
[Rank 12] File 12, xtal 606 done.
[Rank 12] File 12, xtal 607 done.
[Rank 12] File 12, xtal 608 done.
[Rank 12] File 12, xtal 609 done.
[Rank 12] File 12, xtal 610 done.
[Rank 12] File 12, xtal 611 done.
[Rank 12] File 12, xtal 612 done.
[Rank 12] File 12, xtal 613 done.
[Rank 12] File 12, xtal 614 done.
[Rank 12] File 12, xtal 615 done.
[Rank 12] File 12, xtal 616 done.
[Rank 12] File 12, xtal 617 done.
[Rank 12] File 12, xtal 618 done.
[Rank 12] File 12, xtal 619 done.
[Rank 12] File 12, xtal 620 done.
[Rank 12] File 12, xtal 621 done.
[Rank 12] File 12, xtal 622 done.
[Rank 12] File 12, xtal 623 done.
[Rank 12] File 12, xtal 624 done.
[Rank 12] File 12, xtal 625 done.
[Rank 12] File 12, xtal 626 done.
[Rank 12] File 12, xtal 627 done.
[Rank 12] File 12, xtal 628 done.
[Rank 12] File 12, xtal 629 done.
[Rank 12] File 12, xtal 630 done.
[Rank 12] File 12, xtal 631 done.
[Rank 12] File 12, xtal 632 done.
[Rank 12] File 12, xtal 633 done.
[Rank 12] File 12, xtal 634 done.
[Rank 12] File 12, xtal 635 done.
[Rank 12] File 12, xtal 636 done.
[Rank 12] File 12, xtal 637 done.
[Rank 12] File 12, xtal 638 done.
[Rank 12] File 12, xtal 639 done.
[Rank 12] File 12, xtal 640 done.
[Rank 12] File 12, xtal 641 done.
[Rank 12] File 12, xtal 642 done.
[Rank 12] File 12, xtal 643 done.
[Rank 12] File 12, xtal 644 done.
[Rank 12] File 12, xtal 645 done.
[Rank 12] File 12, xtal 646 done.
[Rank 12] File 12, xtal 647 done.
[Rank 12] File 12, xtal 648 done.
[Rank 12] File 12, xtal 649 done.
[Rank 12] File 12, xtal 650 done.
[Rank 12] File 12, xtal 651 done.
[Rank 12] File 12, xtal 652 done.
[Rank 12] File 12, xtal 653 done.
[Rank 12] File 12, xtal 654 done.
[Rank 12] File 12, xtal 655 done.
[Rank 12] File 12, xtal 656 done.
[Rank 12] File 12, xtal 657 done.
[Rank 12] File 12, xtal 658 done.
[Rank 12] File 12, xtal 659 done.
[Rank 12] File 12, xtal 660 done.
[Rank 12] File 12, xtal 661 done.
[Rank 12] File 12, xtal 662 done.
[Rank 12] File 12, xtal 663 done.
[Rank 12] File 12, xtal 664 done.
[Rank 12] File 12, xtal 665 done.
[Rank 12] File 12, xtal 666 done.
[Rank 12] File 12, xtal 667 done.
[Rank 12] File 12, xtal 668 done.
[Rank 12] File 12, xtal 669 done.
[Rank 12] File 12, xtal 670 done.
[Rank 12] File 12, xtal 671 done.
[Rank 12] File 12, xtal 672 done.
[Rank 12] File 12, xtal 673 done.
[Rank 12] File 12, xtal 674 done.
[Rank 12] File 12, xtal 675 done.
[Rank 12] File 12, xtal 676 done.
[Rank 12] File 12, xtal 677 done.
[Rank 12] File 12, xtal 678 done.
[Rank 12] File 12, xtal 679 done.
[Rank 12] File 12, xtal 680 done.
[Rank 12] File 12, xtal 681 done.
[Rank 12] File 12, xtal 682 done.
[Rank 12] File 12, xtal 683 done.
[Rank 12] File 12, xtal 684 done.
[Rank 12] File 12, xtal 685 done.
[Rank 12] File 12, xtal 686 done.
[Rank 12] File 12, xtal 687 done.
[Rank 12] File 12, xtal 688 done.
[Rank 12] File 12, xtal 689 done.
[Rank 12] File 12, xtal 690 done.
[Rank 12] File 12, xtal 691 done.
[Rank 12] File 12, xtal 692 done.
[Rank 12] File 12, xtal 693 done.
[Rank 12] File 12, xtal 694 done.
[Rank 12] File 12, xtal 695 done.
[Rank 12] File 12, xtal 696 done.
[Rank 12] File 12, xtal 697 done.
[Rank 12] File 12, xtal 698 done.
[Rank 12] File 12, xtal 699 done.
[Rank 12] File 12, xtal 700 done.
[Rank 12] File 12, xtal 701 done.
[Rank 12] File 12, xtal 702 done.
[Rank 12] File 12, xtal 703 done.
[Rank 12] File 12, xtal 704 done.
[Rank 12] File 12, xtal 705 done.
[Rank 12] File 12, xtal 706 done.
[Rank 12] File 12, xtal 707 done.
[Rank 12] File 12, xtal 708 done.
[Rank 12] File 12, xtal 709 done.
[Rank 12] File 12, xtal 710 done.
[Rank 12] File 12, xtal 711 done.
[Rank 12] File 12, xtal 712 done.
[Rank 12] File 12, xtal 713 done.
[Rank 12] File 12, xtal 714 done.
[Rank 12] File 12, xtal 715 done.
[Rank 12] File 12, xtal 716 done.
[Rank 12] File 12, xtal 717 done.
[Rank 12] File 12, xtal 718 done.
[Rank 12] File 12, xtal 719 done.
[Rank 12] File 12, xtal 720 done.
[Rank 23] File 23, xtal 481 done.
[Rank 23] File 23, xtal 482 done.
[Rank 23] File 23, xtal 483 done.
[Rank 23] File 23, xtal 484 done.
[Rank 23] File 23, xtal 485 done.
[Rank 23] File 23, xtal 486 done.
[Rank 23] File 23, xtal 487 done.
[Rank 23] File 23, xtal 488 done.
[Rank 23] File 23, xtal 489 done.
[Rank 23] File 23, xtal 490 done.
[Rank 23] File 23, xtal 491 done.
[Rank 23] File 23, xtal 492 done.
[Rank 23] File 23, xtal 493 done.
[Rank 23] File 23, xtal 494 done.
[Rank 23] File 23, xtal 495 done.
[Rank 23] File 23, xtal 496 done.
[Rank 23] File 23, xtal 497 done.
[Rank 23] File 23, xtal 498 done.
[Rank 23] File 23, xtal 499 done.
[Rank 23] File 23, xtal 500 done.
[Rank 23] File 23, xtal 501 done.
[Rank 23] File 23, xtal 502 done.
[Rank 23] File 23, xtal 503 done.
[Rank 23] File 23, xtal 504 done.
[Rank 23] File 23, xtal 505 done.
[Rank 23] File 23, xtal 506 done.
[Rank 23] File 23, xtal 507 done.
[Rank 23] File 23, xtal 508 done.
[Rank 23] File 23, xtal 509 done.
[Rank 23] File 23, xtal 510 done.
[Rank 23] File 23, xtal 511 done.
[Rank 23] File 23, xtal 512 done.
[Rank 23] File 23, xtal 513 done.
[Rank 23] File 23, xtal 514 done.
[Rank 23] File 23, xtal 515 done.
[Rank 23] File 23, xtal 516 done.
[Rank 23] File 23, xtal 517 done.
[Rank 23] File 23, xtal 518 done.
[Rank 23] File 23, xtal 519 done.
[Rank 23] File 23, xtal 520 done.
[Rank 23] File 23, xtal 521 done.
[Rank 23] File 23, xtal 522 done.
[Rank 23] File 23, xtal 523 done.
[Rank 23] File 23, xtal 524 done.
[Rank 23] File 23, xtal 525 done.
[Rank 23] File 23, xtal 526 done.
[Rank 23] File 23, xtal 527 done.
[Rank 23] File 23, xtal 528 done.
[Rank 23] File 23, xtal 529 done.
[Rank 23] File 23, xtal 530 done.
[Rank 23] File 23, xtal 531 done.
[Rank 23] File 23, xtal 532 done.
[Rank 23] File 23, xtal 533 done.
[Rank 23] File 23, xtal 534 done.
[Rank 23] File 23, xtal 535 done.
[Rank 23] File 23, xtal 536 done.
[Rank 23] File 23, xtal 537 done.
[Rank 23] File 23, xtal 538 done.
[Rank 23] File 23, xtal 539 done.
[Rank 23] File 23, xtal 540 done.
[Rank 23] File 23, xtal 541 done.
[Rank 23] File 23, xtal 542 done.
[Rank 23] File 23, xtal 543 done.
[Rank 23] File 23, xtal 544 done.
[Rank 23] File 23, xtal 545 done.
[Rank 23] File 23, xtal 546 done.
[Rank 23] File 23, xtal 547 done.
[Rank 23] File 23, xtal 548 done.
[Rank 23] File 23, xtal 549 done.
[Rank 23] File 23, xtal 550 done.
[Rank 23] File 23, xtal 551 done.
[Rank 23] File 23, xtal 552 done.
[Rank 23] File 23, xtal 553 done.
[Rank 23] File 23, xtal 554 done.
[Rank 23] File 23, xtal 555 done.
[Rank 23] File 23, xtal 556 done.
[Rank 23] File 23, xtal 557 done.
[Rank 23] File 23, xtal 558 done.
[Rank 23] File 23, xtal 559 done.
[Rank 23] File 23, xtal 560 done.
[Rank 23] File 23, xtal 561 done.
[Rank 23] File 23, xtal 562 done.
[Rank 23] File 23, xtal 563 done.
[Rank 23] File 23, xtal 564 done.
[Rank 23] File 23, xtal 565 done.
[Rank 23] File 23, xtal 566 done.
[Rank 23] File 23, xtal 567 done.
[Rank 23] File 23, xtal 568 done.
[Rank 23] File 23, xtal 569 done.
[Rank 23] File 23, xtal 570 done.
[Rank 23] File 23, xtal 571 done.
[Rank 23] File 23, xtal 572 done.
[Rank 23] File 23, xtal 573 done.
[Rank 23] File 23, xtal 574 done.
[Rank 23] File 23, xtal 575 done.
[Rank 23] File 23, xtal 576 done.
[Rank 23] File 23, xtal 577 done.
[Rank 23] File 23, xtal 578 done.
[Rank 23] File 23, xtal 579 done.
[Rank 23] File 23, xtal 580 done.
[Rank 23] File 23, xtal 581 done.
[Rank 23] File 23, xtal 582 done.
[Rank 23] File 23, xtal 583 done.
[Rank 23] File 23, xtal 584 done.
[Rank 23] File 23, xtal 585 done.
[Rank 23] File 23, xtal 586 done.
[Rank 23] File 23, xtal 587 done.
[Rank 23] File 23, xtal 588 done.
[Rank 23] File 23, xtal 589 done.
[Rank 23] File 23, xtal 590 done.
[Rank 23] File 23, xtal 591 done.
[Rank 23] File 23, xtal 592 done.
[Rank 23] File 23, xtal 593 done.
[Rank 23] File 23, xtal 594 done.
[Rank 23] File 23, xtal 595 done.
[Rank 23] File 23, xtal 596 done.
[Rank 23] File 23, xtal 597 done.
[Rank 23] File 23, xtal 598 done.
[Rank 23] File 23, xtal 599 done.
[Rank 23] File 23, xtal 600 done.
[Rank 23] File 23, xtal 601 done.
[Rank 23] File 23, xtal 602 done.
[Rank 23] File 23, xtal 603 done.
[Rank 23] File 23, xtal 604 done.
[Rank 23] File 23, xtal 605 done.
[Rank 23] File 23, xtal 606 done.
[Rank 23] File 23, xtal 607 done.
[Rank 23] File 23, xtal 608 done.
[Rank 23] File 23, xtal 609 done.
[Rank 23] File 23, xtal 610 done.
[Rank 23] File 23, xtal 611 done.
[Rank 23] File 23, xtal 612 done.
[Rank 23] File 23, xtal 613 done.
[Rank 23] File 23, xtal 614 done.
[Rank 23] File 23, xtal 615 done.
[Rank 23] File 23, xtal 616 done.
[Rank 23] File 23, xtal 617 done.
[Rank 23] File 23, xtal 618 done.
[Rank 23] File 23, xtal 619 done.
[Rank 23] File 23, xtal 620 done.
[Rank 23] File 23, xtal 621 done.
[Rank 23] File 23, xtal 622 done.
[Rank 23] File 23, xtal 623 done.
[Rank 23] File 23, xtal 624 done.
[Rank 23] File 23, xtal 625 done.
[Rank 23] File 23, xtal 626 done.
[Rank 23] File 23, xtal 627 done.
[Rank 23] File 23, xtal 628 done.
[Rank 23] File 23, xtal 629 done.
[Rank 23] File 23, xtal 630 done.
[Rank 23] File 23, xtal 631 done.
[Rank 23] File 23, xtal 632 done.
[Rank 23] File 23, xtal 633 done.
[Rank 23] File 23, xtal 634 done.
[Rank 23] File 23, xtal 635 done.
[Rank 23] File 23, xtal 636 done.
[Rank 23] File 23, xtal 637 done.
[Rank 23] File 23, xtal 638 done.
[Rank 23] File 23, xtal 639 done.
[Rank 23] File 23, xtal 640 done.
[Rank 23] File 23, xtal 641 done.
[Rank 23] File 23, xtal 642 done.
[Rank 23] File 23, xtal 643 done.
[Rank 23] File 23, xtal 644 done.
[Rank 23] File 23, xtal 645 done.
[Rank 23] File 23, xtal 646 done.
[Rank 23] File 23, xtal 647 done.
[Rank 23] File 23, xtal 648 done.
[Rank 23] File 23, xtal 649 done.
[Rank 23] File 23, xtal 650 done.
[Rank 23] File 23, xtal 651 done.
[Rank 23] File 23, xtal 652 done.
[Rank 23] File 23, xtal 653 done.
[Rank 23] File 23, xtal 654 done.
[Rank 23] File 23, xtal 655 done.
[Rank 23] File 23, xtal 656 done.
[Rank 23] File 23, xtal 657 done.
[Rank 23] File 23, xtal 658 done.
[Rank 23] File 23, xtal 659 done.
[Rank 23] File 23, xtal 660 done.
[Rank 23] File 23, xtal 661 done.
[Rank 23] File 23, xtal 662 done.
[Rank 23] File 23, xtal 663 done.
[Rank 23] File 23, xtal 664 done.
[Rank 23] File 23, xtal 665 done.
[Rank 23] File 23, xtal 666 done.
[Rank 23] File 23, xtal 667 done.
[Rank 23] File 23, xtal 668 done.
[Rank 23] File 23, xtal 669 done.
[Rank 23] File 23, xtal 670 done.
[Rank 23] File 23, xtal 671 done.
[Rank 23] File 23, xtal 672 done.
[Rank 23] File 23, xtal 673 done.
[Rank 23] File 23, xtal 674 done.
[Rank 23] File 23, xtal 675 done.
[Rank 23] File 23, xtal 676 done.
[Rank 23] File 23, xtal 677 done.
[Rank 23] File 23, xtal 678 done.
[Rank 23] File 23, xtal 679 done.
[Rank 23] File 23, xtal 680 done.
[Rank 23] File 23, xtal 681 done.
[Rank 23] File 23, xtal 682 done.
[Rank 23] File 23, xtal 683 done.
[Rank 23] File 23, xtal 684 done.
[Rank 23] File 23, xtal 685 done.
[Rank 23] File 23, xtal 686 done.
[Rank 23] File 23, xtal 687 done.
[Rank 23] File 23, xtal 688 done.
[Rank 23] File 23, xtal 689 done.
[Rank 23] File 23, xtal 690 done.
[Rank 23] File 23, xtal 691 done.
[Rank 23] File 23, xtal 692 done.
[Rank 23] File 23, xtal 693 done.
[Rank 23] File 23, xtal 694 done.
[Rank 23] File 23, xtal 695 done.
[Rank 23] File 23, xtal 696 done.
[Rank 23] File 23, xtal 697 done.
[Rank 23] File 23, xtal 698 done.
[Rank 23] File 23, xtal 699 done.
[Rank 23] File 23, xtal 700 done.
[Rank 23] File 23, xtal 701 done.
[Rank 23] File 23, xtal 702 done.
[Rank 23] File 23, xtal 703 done.
[Rank 23] File 23, xtal 704 done.
[Rank 23] File 23, xtal 705 done.
[Rank 23] File 23, xtal 706 done.
[Rank 23] File 23, xtal 707 done.
[Rank 23] File 23, xtal 708 done.
[Rank 23] File 23, xtal 709 done.
[Rank 23] File 23, xtal 710 done.
[Rank 23] File 23, xtal 711 done.
[Rank 23] File 23, xtal 712 done.
[Rank 23] File 23, xtal 713 done.
[Rank 23] File 23, xtal 714 done.
[Rank 23] File 23, xtal 715 done.
[Rank 23] File 23, xtal 716 done.
[Rank 23] File 23, xtal 717 done.
[Rank 23] File 23, xtal 718 done.
[Rank 23] File 23, xtal 719 done.
[Rank 23] File 23, xtal 720 done.
[Rank 19] File 19, xtal 481 done.
[Rank 19] File 19, xtal 482 done.
[Rank 19] File 19, xtal 483 done.
[Rank 19] File 19, xtal 484 done.
[Rank 19] File 19, xtal 485 done.
[Rank 19] File 19, xtal 486 done.
[Rank 19] File 19, xtal 487 done.
[Rank 19] File 19, xtal 488 done.
[Rank 19] File 19, xtal 489 done.
[Rank 19] File 19, xtal 490 done.
[Rank 19] File 19, xtal 491 done.
[Rank 19] File 19, xtal 492 done.
[Rank 19] File 19, xtal 493 done.
[Rank 19] File 19, xtal 494 done.
[Rank 19] File 19, xtal 495 done.
[Rank 19] File 19, xtal 496 done.
[Rank 19] File 19, xtal 497 done.
[Rank 19] File 19, xtal 498 done.
[Rank 19] File 19, xtal 499 done.
[Rank 19] File 19, xtal 500 done.
[Rank 19] File 19, xtal 501 done.
[Rank 19] File 19, xtal 502 done.
[Rank 19] File 19, xtal 503 done.
[Rank 19] File 19, xtal 504 done.
[Rank 19] File 19, xtal 505 done.
[Rank 19] File 19, xtal 506 done.
[Rank 19] File 19, xtal 507 done.
[Rank 19] File 19, xtal 508 done.
[Rank 19] File 19, xtal 509 done.
[Rank 19] File 19, xtal 510 done.
[Rank 19] File 19, xtal 511 done.
[Rank 19] File 19, xtal 512 done.
[Rank 19] File 19, xtal 513 done.
[Rank 19] File 19, xtal 514 done.
[Rank 19] File 19, xtal 515 done.
[Rank 19] File 19, xtal 516 done.
[Rank 19] File 19, xtal 517 done.
[Rank 19] File 19, xtal 518 done.
[Rank 19] File 19, xtal 519 done.
[Rank 19] File 19, xtal 520 done.
[Rank 19] File 19, xtal 521 done.
[Rank 19] File 19, xtal 522 done.
[Rank 19] File 19, xtal 523 done.
[Rank 19] File 19, xtal 524 done.
[Rank 19] File 19, xtal 525 done.
[Rank 19] File 19, xtal 526 done.
[Rank 19] File 19, xtal 527 done.
[Rank 19] File 19, xtal 528 done.
[Rank 19] File 19, xtal 529 done.
[Rank 19] File 19, xtal 530 done.
[Rank 19] File 19, xtal 531 done.
[Rank 19] File 19, xtal 532 done.
[Rank 19] File 19, xtal 533 done.
[Rank 19] File 19, xtal 534 done.
[Rank 19] File 19, xtal 535 done.
[Rank 19] File 19, xtal 536 done.
[Rank 19] File 19, xtal 537 done.
[Rank 19] File 19, xtal 538 done.
[Rank 19] File 19, xtal 539 done.
[Rank 19] File 19, xtal 540 done.
[Rank 19] File 19, xtal 541 done.
[Rank 19] File 19, xtal 542 done.
[Rank 19] File 19, xtal 543 done.
[Rank 19] File 19, xtal 544 done.
[Rank 19] File 19, xtal 545 done.
[Rank 19] File 19, xtal 546 done.
[Rank 19] File 19, xtal 547 done.
[Rank 19] File 19, xtal 548 done.
[Rank 19] File 19, xtal 549 done.
[Rank 19] File 19, xtal 550 done.
[Rank 19] File 19, xtal 551 done.
[Rank 19] File 19, xtal 552 done.
[Rank 19] File 19, xtal 553 done.
[Rank 19] File 19, xtal 554 done.
[Rank 19] File 19, xtal 555 done.
[Rank 19] File 19, xtal 556 done.
[Rank 19] File 19, xtal 557 done.
[Rank 19] File 19, xtal 558 done.
[Rank 19] File 19, xtal 559 done.
[Rank 19] File 19, xtal 560 done.
[Rank 19] File 19, xtal 561 done.
[Rank 19] File 19, xtal 562 done.
[Rank 19] File 19, xtal 563 done.
[Rank 19] File 19, xtal 564 done.
[Rank 19] File 19, xtal 565 done.
[Rank 19] File 19, xtal 566 done.
[Rank 19] File 19, xtal 567 done.
[Rank 19] File 19, xtal 568 done.
[Rank 19] File 19, xtal 569 done.
[Rank 19] File 19, xtal 570 done.
[Rank 19] File 19, xtal 571 done.
[Rank 19] File 19, xtal 572 done.
[Rank 19] File 19, xtal 573 done.
[Rank 19] File 19, xtal 574 done.
[Rank 19] File 19, xtal 575 done.
[Rank 19] File 19, xtal 576 done.
[Rank 19] File 19, xtal 577 done.
[Rank 19] File 19, xtal 578 done.
[Rank 19] File 19, xtal 579 done.
[Rank 19] File 19, xtal 580 done.
[Rank 19] File 19, xtal 581 done.
[Rank 19] File 19, xtal 582 done.
[Rank 19] File 19, xtal 583 done.
[Rank 19] File 19, xtal 584 done.
[Rank 19] File 19, xtal 585 done.
[Rank 19] File 19, xtal 586 done.
[Rank 19] File 19, xtal 587 done.
[Rank 19] File 19, xtal 588 done.
[Rank 19] File 19, xtal 589 done.
[Rank 19] File 19, xtal 590 done.
[Rank 19] File 19, xtal 591 done.
[Rank 19] File 19, xtal 592 done.
[Rank 19] File 19, xtal 593 done.
[Rank 19] File 19, xtal 594 done.
[Rank 19] File 19, xtal 595 done.
[Rank 19] File 19, xtal 596 done.
[Rank 19] File 19, xtal 597 done.
[Rank 19] File 19, xtal 598 done.
[Rank 19] File 19, xtal 599 done.
[Rank 19] File 19, xtal 600 done.
[Rank 19] File 19, xtal 601 done.
[Rank 19] File 19, xtal 602 done.
[Rank 19] File 19, xtal 603 done.
[Rank 19] File 19, xtal 604 done.
[Rank 19] File 19, xtal 605 done.
[Rank 19] File 19, xtal 606 done.
[Rank 19] File 19, xtal 607 done.
[Rank 19] File 19, xtal 608 done.
[Rank 19] File 19, xtal 609 done.
[Rank 19] File 19, xtal 610 done.
[Rank 19] File 19, xtal 611 done.
[Rank 19] File 19, xtal 612 done.
[Rank 19] File 19, xtal 613 done.
[Rank 19] File 19, xtal 614 done.
[Rank 19] File 19, xtal 615 done.
[Rank 19] File 19, xtal 616 done.
[Rank 19] File 19, xtal 617 done.
[Rank 19] File 19, xtal 618 done.
[Rank 19] File 19, xtal 619 done.
[Rank 19] File 19, xtal 620 done.
[Rank 19] File 19, xtal 621 done.
[Rank 19] File 19, xtal 622 done.
[Rank 19] File 19, xtal 623 done.
[Rank 19] File 19, xtal 624 done.
[Rank 19] File 19, xtal 625 done.
[Rank 19] File 19, xtal 626 done.
[Rank 19] File 19, xtal 627 done.
[Rank 19] File 19, xtal 628 done.
[Rank 19] File 19, xtal 629 done.
[Rank 19] File 19, xtal 630 done.
[Rank 19] File 19, xtal 631 done.
[Rank 19] File 19, xtal 632 done.
[Rank 19] File 19, xtal 633 done.
[Rank 19] File 19, xtal 634 done.
[Rank 19] File 19, xtal 635 done.
[Rank 19] File 19, xtal 636 done.
[Rank 19] File 19, xtal 637 done.
[Rank 19] File 19, xtal 638 done.
[Rank 19] File 19, xtal 639 done.
[Rank 19] File 19, xtal 640 done.
[Rank 19] File 19, xtal 641 done.
[Rank 19] File 19, xtal 642 done.
[Rank 19] File 19, xtal 643 done.
[Rank 19] File 19, xtal 644 done.
[Rank 19] File 19, xtal 645 done.
[Rank 19] File 19, xtal 646 done.
[Rank 19] File 19, xtal 647 done.
[Rank 19] File 19, xtal 648 done.
[Rank 19] File 19, xtal 649 done.
[Rank 19] File 19, xtal 650 done.
[Rank 19] File 19, xtal 651 done.
[Rank 19] File 19, xtal 652 done.
[Rank 19] File 19, xtal 653 done.
[Rank 19] File 19, xtal 654 done.
[Rank 19] File 19, xtal 655 done.
[Rank 19] File 19, xtal 656 done.
[Rank 19] File 19, xtal 657 done.
[Rank 19] File 19, xtal 658 done.
[Rank 19] File 19, xtal 659 done.
[Rank 19] File 19, xtal 660 done.
[Rank 19] File 19, xtal 661 done.
[Rank 19] File 19, xtal 662 done.
[Rank 19] File 19, xtal 663 done.
[Rank 19] File 19, xtal 664 done.
[Rank 19] File 19, xtal 665 done.
[Rank 19] File 19, xtal 666 done.
[Rank 19] File 19, xtal 667 done.
[Rank 19] File 19, xtal 668 done.
[Rank 19] File 19, xtal 669 done.
[Rank 19] File 19, xtal 670 done.
[Rank 19] File 19, xtal 671 done.
[Rank 19] File 19, xtal 672 done.
[Rank 19] File 19, xtal 673 done.
[Rank 19] File 19, xtal 674 done.
[Rank 19] File 19, xtal 675 done.
[Rank 19] File 19, xtal 676 done.
[Rank 19] File 19, xtal 677 done.
[Rank 19] File 19, xtal 678 done.
[Rank 19] File 19, xtal 679 done.
[Rank 19] File 19, xtal 680 done.
[Rank 19] File 19, xtal 681 done.
[Rank 19] File 19, xtal 682 done.
[Rank 19] File 19, xtal 683 done.
[Rank 19] File 19, xtal 684 done.
[Rank 19] File 19, xtal 685 done.
[Rank 19] File 19, xtal 686 done.
[Rank 19] File 19, xtal 687 done.
[Rank 19] File 19, xtal 688 done.
[Rank 19] File 19, xtal 689 done.
[Rank 19] File 19, xtal 690 done.
[Rank 19] File 19, xtal 691 done.
[Rank 19] File 19, xtal 692 done.
[Rank 19] File 19, xtal 693 done.
[Rank 19] File 19, xtal 694 done.
[Rank 19] File 19, xtal 695 done.
[Rank 19] File 19, xtal 696 done.
[Rank 19] File 19, xtal 697 done.
[Rank 19] File 19, xtal 698 done.
[Rank 19] File 19, xtal 699 done.
[Rank 19] File 19, xtal 700 done.
[Rank 19] File 19, xtal 701 done.
[Rank 19] File 19, xtal 702 done.
[Rank 19] File 19, xtal 703 done.
[Rank 19] File 19, xtal 704 done.
[Rank 19] File 19, xtal 705 done.
[Rank 19] File 19, xtal 706 done.
[Rank 19] File 19, xtal 707 done.
[Rank 19] File 19, xtal 708 done.
[Rank 19] File 19, xtal 709 done.
[Rank 19] File 19, xtal 710 done.
[Rank 19] File 19, xtal 711 done.
[Rank 19] File 19, xtal 712 done.
[Rank 19] File 19, xtal 713 done.
[Rank 19] File 19, xtal 714 done.
[Rank 19] File 19, xtal 715 done.
[Rank 19] File 19, xtal 716 done.
[Rank 19] File 19, xtal 717 done.
[Rank 19] File 19, xtal 718 done.
[Rank 19] File 19, xtal 719 done.
[Rank 19] File 19, xtal 720 done.
[Rank 16] File 16, xtal 481 done.
[Rank 16] File 16, xtal 482 done.
[Rank 16] File 16, xtal 483 done.
[Rank 16] File 16, xtal 484 done.
[Rank 16] File 16, xtal 485 done.
[Rank 16] File 16, xtal 486 done.
[Rank 16] File 16, xtal 487 done.
[Rank 16] File 16, xtal 488 done.
[Rank 16] File 16, xtal 489 done.
[Rank 16] File 16, xtal 490 done.
[Rank 16] File 16, xtal 491 done.
[Rank 16] File 16, xtal 492 done.
[Rank 16] File 16, xtal 493 done.
[Rank 16] File 16, xtal 494 done.
[Rank 16] File 16, xtal 495 done.
[Rank 16] File 16, xtal 496 done.
[Rank 16] File 16, xtal 497 done.
[Rank 16] File 16, xtal 498 done.
[Rank 16] File 16, xtal 499 done.
[Rank 16] File 16, xtal 500 done.
[Rank 16] File 16, xtal 501 done.
[Rank 16] File 16, xtal 502 done.
[Rank 16] File 16, xtal 503 done.
[Rank 16] File 16, xtal 504 done.
[Rank 16] File 16, xtal 505 done.
[Rank 16] File 16, xtal 506 done.
[Rank 16] File 16, xtal 507 done.
[Rank 16] File 16, xtal 508 done.
[Rank 16] File 16, xtal 509 done.
[Rank 16] File 16, xtal 510 done.
[Rank 16] File 16, xtal 511 done.
[Rank 16] File 16, xtal 512 done.
[Rank 16] File 16, xtal 513 done.
[Rank 16] File 16, xtal 514 done.
[Rank 16] File 16, xtal 515 done.
[Rank 16] File 16, xtal 516 done.
[Rank 16] File 16, xtal 517 done.
[Rank 16] File 16, xtal 518 done.
[Rank 16] File 16, xtal 519 done.
[Rank 16] File 16, xtal 520 done.
[Rank 16] File 16, xtal 521 done.
[Rank 16] File 16, xtal 522 done.
[Rank 16] File 16, xtal 523 done.
[Rank 16] File 16, xtal 524 done.
[Rank 16] File 16, xtal 525 done.
[Rank 16] File 16, xtal 526 done.
[Rank 16] File 16, xtal 527 done.
[Rank 16] File 16, xtal 528 done.
[Rank 16] File 16, xtal 529 done.
[Rank 16] File 16, xtal 530 done.
[Rank 16] File 16, xtal 531 done.
[Rank 16] File 16, xtal 532 done.
[Rank 16] File 16, xtal 533 done.
[Rank 16] File 16, xtal 534 done.
[Rank 16] File 16, xtal 535 done.
[Rank 16] File 16, xtal 536 done.
[Rank 16] File 16, xtal 537 done.
[Rank 16] File 16, xtal 538 done.
[Rank 16] File 16, xtal 539 done.
[Rank 16] File 16, xtal 540 done.
[Rank 16] File 16, xtal 541 done.
[Rank 16] File 16, xtal 542 done.
[Rank 16] File 16, xtal 543 done.
[Rank 16] File 16, xtal 544 done.
[Rank 16] File 16, xtal 545 done.
[Rank 16] File 16, xtal 546 done.
[Rank 16] File 16, xtal 547 done.
[Rank 16] File 16, xtal 548 done.
[Rank 16] File 16, xtal 549 done.
[Rank 16] File 16, xtal 550 done.
[Rank 16] File 16, xtal 551 done.
[Rank 16] File 16, xtal 552 done.
[Rank 16] File 16, xtal 553 done.
[Rank 16] File 16, xtal 554 done.
[Rank 16] File 16, xtal 555 done.
[Rank 16] File 16, xtal 556 done.
[Rank 16] File 16, xtal 557 done.
[Rank 16] File 16, xtal 558 done.
[Rank 16] File 16, xtal 559 done.
[Rank 16] File 16, xtal 560 done.
[Rank 16] File 16, xtal 561 done.
[Rank 16] File 16, xtal 562 done.
[Rank 16] File 16, xtal 563 done.
[Rank 16] File 16, xtal 564 done.
[Rank 16] File 16, xtal 565 done.
[Rank 16] File 16, xtal 566 done.
[Rank 16] File 16, xtal 567 done.
[Rank 16] File 16, xtal 568 done.
[Rank 16] File 16, xtal 569 done.
[Rank 16] File 16, xtal 570 done.
[Rank 16] File 16, xtal 571 done.
[Rank 16] File 16, xtal 572 done.
[Rank 16] File 16, xtal 573 done.
[Rank 16] File 16, xtal 574 done.
[Rank 16] File 16, xtal 575 done.
[Rank 16] File 16, xtal 576 done.
[Rank 16] File 16, xtal 577 done.
[Rank 16] File 16, xtal 578 done.
[Rank 16] File 16, xtal 579 done.
[Rank 16] File 16, xtal 580 done.
[Rank 16] File 16, xtal 581 done.
[Rank 16] File 16, xtal 582 done.
[Rank 16] File 16, xtal 583 done.
[Rank 16] File 16, xtal 584 done.
[Rank 16] File 16, xtal 585 done.
[Rank 16] File 16, xtal 586 done.
[Rank 16] File 16, xtal 587 done.
[Rank 16] File 16, xtal 588 done.
[Rank 16] File 16, xtal 589 done.
[Rank 16] File 16, xtal 590 done.
[Rank 16] File 16, xtal 591 done.
[Rank 16] File 16, xtal 592 done.
[Rank 16] File 16, xtal 593 done.
[Rank 16] File 16, xtal 594 done.
[Rank 16] File 16, xtal 595 done.
[Rank 16] File 16, xtal 596 done.
[Rank 16] File 16, xtal 597 done.
[Rank 16] File 16, xtal 598 done.
[Rank 16] File 16, xtal 599 done.
[Rank 16] File 16, xtal 600 done.
[Rank 16] File 16, xtal 601 done.
[Rank 16] File 16, xtal 602 done.
[Rank 16] File 16, xtal 603 done.
[Rank 16] File 16, xtal 604 done.
[Rank 16] File 16, xtal 605 done.
[Rank 16] File 16, xtal 606 done.
[Rank 16] File 16, xtal 607 done.
[Rank 16] File 16, xtal 608 done.
[Rank 16] File 16, xtal 609 done.
[Rank 16] File 16, xtal 610 done.
[Rank 16] File 16, xtal 611 done.
[Rank 16] File 16, xtal 612 done.
[Rank 16] File 16, xtal 613 done.
[Rank 16] File 16, xtal 614 done.
[Rank 16] File 16, xtal 615 done.
[Rank 16] File 16, xtal 616 done.
[Rank 16] File 16, xtal 617 done.
[Rank 16] File 16, xtal 618 done.
[Rank 16] File 16, xtal 619 done.
[Rank 16] File 16, xtal 620 done.
[Rank 16] File 16, xtal 621 done.
[Rank 16] File 16, xtal 622 done.
[Rank 16] File 16, xtal 623 done.
[Rank 16] File 16, xtal 624 done.
[Rank 16] File 16, xtal 625 done.
[Rank 16] File 16, xtal 626 done.
[Rank 16] File 16, xtal 627 done.
[Rank 16] File 16, xtal 628 done.
[Rank 16] File 16, xtal 629 done.
[Rank 16] File 16, xtal 630 done.
[Rank 16] File 16, xtal 631 done.
[Rank 16] File 16, xtal 632 done.
[Rank 16] File 16, xtal 633 done.
[Rank 16] File 16, xtal 634 done.
[Rank 16] File 16, xtal 635 done.
[Rank 16] File 16, xtal 636 done.
[Rank 16] File 16, xtal 637 done.
[Rank 16] File 16, xtal 638 done.
[Rank 16] File 16, xtal 639 done.
[Rank 16] File 16, xtal 640 done.
[Rank 16] File 16, xtal 641 done.
[Rank 16] File 16, xtal 642 done.
[Rank 16] File 16, xtal 643 done.
[Rank 16] File 16, xtal 644 done.
[Rank 16] File 16, xtal 645 done.
[Rank 16] File 16, xtal 646 done.
[Rank 16] File 16, xtal 647 done.
[Rank 16] File 16, xtal 648 done.
[Rank 16] File 16, xtal 649 done.
[Rank 16] File 16, xtal 650 done.
[Rank 16] File 16, xtal 651 done.
[Rank 16] File 16, xtal 652 done.
[Rank 16] File 16, xtal 653 done.
[Rank 16] File 16, xtal 654 done.
[Rank 16] File 16, xtal 655 done.
[Rank 16] File 16, xtal 656 done.
[Rank 16] File 16, xtal 657 done.
[Rank 16] File 16, xtal 658 done.
[Rank 16] File 16, xtal 659 done.
[Rank 16] File 16, xtal 660 done.
[Rank 16] File 16, xtal 661 done.
[Rank 16] File 16, xtal 662 done.
[Rank 16] File 16, xtal 663 done.
[Rank 16] File 16, xtal 664 done.
[Rank 16] File 16, xtal 665 done.
[Rank 16] File 16, xtal 666 done.
[Rank 16] File 16, xtal 667 done.
[Rank 16] File 16, xtal 668 done.
[Rank 16] File 16, xtal 669 done.
[Rank 16] File 16, xtal 670 done.
[Rank 16] File 16, xtal 671 done.
[Rank 16] File 16, xtal 672 done.
[Rank 16] File 16, xtal 673 done.
[Rank 16] File 16, xtal 674 done.
[Rank 16] File 16, xtal 675 done.
[Rank 16] File 16, xtal 676 done.
[Rank 16] File 16, xtal 677 done.
[Rank 16] File 16, xtal 678 done.
[Rank 16] File 16, xtal 679 done.
[Rank 16] File 16, xtal 680 done.
[Rank 16] File 16, xtal 681 done.
[Rank 16] File 16, xtal 682 done.
[Rank 16] File 16, xtal 683 done.
[Rank 16] File 16, xtal 684 done.
[Rank 16] File 16, xtal 685 done.
[Rank 16] File 16, xtal 686 done.
[Rank 16] File 16, xtal 687 done.
[Rank 16] File 16, xtal 688 done.
[Rank 16] File 16, xtal 689 done.
[Rank 16] File 16, xtal 690 done.
[Rank 16] File 16, xtal 691 done.
[Rank 16] File 16, xtal 692 done.
[Rank 16] File 16, xtal 693 done.
[Rank 16] File 16, xtal 694 done.
[Rank 16] File 16, xtal 695 done.
[Rank 16] File 16, xtal 696 done.
[Rank 16] File 16, xtal 697 done.
[Rank 16] File 16, xtal 698 done.
[Rank 16] File 16, xtal 699 done.
[Rank 16] File 16, xtal 700 done.
[Rank 16] File 16, xtal 701 done.
[Rank 16] File 16, xtal 702 done.
[Rank 16] File 16, xtal 703 done.
[Rank 16] File 16, xtal 704 done.
[Rank 16] File 16, xtal 705 done.
[Rank 16] File 16, xtal 706 done.
[Rank 16] File 16, xtal 707 done.
[Rank 16] File 16, xtal 708 done.
[Rank 16] File 16, xtal 709 done.
[Rank 16] File 16, xtal 710 done.
[Rank 16] File 16, xtal 711 done.
[Rank 16] File 16, xtal 712 done.
[Rank 16] File 16, xtal 713 done.
[Rank 16] File 16, xtal 714 done.
[Rank 16] File 16, xtal 715 done.
[Rank 16] File 16, xtal 716 done.
[Rank 16] File 16, xtal 717 done.
[Rank 16] File 16, xtal 718 done.
[Rank 16] File 16, xtal 719 done.
[Rank 16] File 16, xtal 720 done.
[Rank 18] File 18, xtal 481 done.
[Rank 18] File 18, xtal 482 done.
[Rank 18] File 18, xtal 483 done.
[Rank 18] File 18, xtal 484 done.
[Rank 18] File 18, xtal 485 done.
[Rank 18] File 18, xtal 486 done.
[Rank 18] File 18, xtal 487 done.
[Rank 18] File 18, xtal 488 done.
[Rank 18] File 18, xtal 489 done.
[Rank 18] File 18, xtal 490 done.
[Rank 18] File 18, xtal 491 done.
[Rank 18] File 18, xtal 492 done.
[Rank 18] File 18, xtal 493 done.
[Rank 18] File 18, xtal 494 done.
[Rank 18] File 18, xtal 495 done.
[Rank 18] File 18, xtal 496 done.
[Rank 18] File 18, xtal 497 done.
[Rank 18] File 18, xtal 498 done.
[Rank 18] File 18, xtal 499 done.
[Rank 18] File 18, xtal 500 done.
[Rank 18] File 18, xtal 501 done.
[Rank 18] File 18, xtal 502 done.
[Rank 18] File 18, xtal 503 done.
[Rank 18] File 18, xtal 504 done.
[Rank 18] File 18, xtal 505 done.
[Rank 18] File 18, xtal 506 done.
[Rank 18] File 18, xtal 507 done.
[Rank 18] File 18, xtal 508 done.
[Rank 18] File 18, xtal 509 done.
[Rank 18] File 18, xtal 510 done.
[Rank 18] File 18, xtal 511 done.
[Rank 18] File 18, xtal 512 done.
[Rank 18] File 18, xtal 513 done.
[Rank 18] File 18, xtal 514 done.
[Rank 18] File 18, xtal 515 done.
[Rank 18] File 18, xtal 516 done.
[Rank 18] File 18, xtal 517 done.
[Rank 18] File 18, xtal 518 done.
[Rank 18] File 18, xtal 519 done.
[Rank 18] File 18, xtal 520 done.
[Rank 18] File 18, xtal 521 done.
[Rank 18] File 18, xtal 522 done.
[Rank 18] File 18, xtal 523 done.
[Rank 18] File 18, xtal 524 done.
[Rank 18] File 18, xtal 525 done.
[Rank 18] File 18, xtal 526 done.
[Rank 18] File 18, xtal 527 done.
[Rank 18] File 18, xtal 528 done.
[Rank 18] File 18, xtal 529 done.
[Rank 18] File 18, xtal 530 done.
[Rank 18] File 18, xtal 531 done.
[Rank 18] File 18, xtal 532 done.
[Rank 18] File 18, xtal 533 done.
[Rank 18] File 18, xtal 534 done.
[Rank 18] File 18, xtal 535 done.
[Rank 18] File 18, xtal 536 done.
[Rank 18] File 18, xtal 537 done.
[Rank 18] File 18, xtal 538 done.
[Rank 18] File 18, xtal 539 done.
[Rank 18] File 18, xtal 540 done.
[Rank 18] File 18, xtal 541 done.
[Rank 18] File 18, xtal 542 done.
[Rank 18] File 18, xtal 543 done.
[Rank 18] File 18, xtal 544 done.
[Rank 18] File 18, xtal 545 done.
[Rank 18] File 18, xtal 546 done.
[Rank 18] File 18, xtal 547 done.
[Rank 18] File 18, xtal 548 done.
[Rank 18] File 18, xtal 549 done.
[Rank 18] File 18, xtal 550 done.
[Rank 18] File 18, xtal 551 done.
[Rank 18] File 18, xtal 552 done.
[Rank 18] File 18, xtal 553 done.
[Rank 18] File 18, xtal 554 done.
[Rank 18] File 18, xtal 555 done.
[Rank 18] File 18, xtal 556 done.
[Rank 18] File 18, xtal 557 done.
[Rank 18] File 18, xtal 558 done.
[Rank 18] File 18, xtal 559 done.
[Rank 18] File 18, xtal 560 done.
[Rank 18] File 18, xtal 561 done.
[Rank 18] File 18, xtal 562 done.
[Rank 18] File 18, xtal 563 done.
[Rank 18] File 18, xtal 564 done.
[Rank 18] File 18, xtal 565 done.
[Rank 18] File 18, xtal 566 done.
[Rank 18] File 18, xtal 567 done.
[Rank 18] File 18, xtal 568 done.
[Rank 18] File 18, xtal 569 done.
[Rank 18] File 18, xtal 570 done.
[Rank 18] File 18, xtal 571 done.
[Rank 18] File 18, xtal 572 done.
[Rank 18] File 18, xtal 573 done.
[Rank 18] File 18, xtal 574 done.
[Rank 18] File 18, xtal 575 done.
[Rank 18] File 18, xtal 576 done.
[Rank 18] File 18, xtal 577 done.
[Rank 18] File 18, xtal 578 done.
[Rank 18] File 18, xtal 579 done.
[Rank 18] File 18, xtal 580 done.
[Rank 18] File 18, xtal 581 done.
[Rank 18] File 18, xtal 582 done.
[Rank 18] File 18, xtal 583 done.
[Rank 18] File 18, xtal 584 done.
[Rank 18] File 18, xtal 585 done.
[Rank 18] File 18, xtal 586 done.
[Rank 18] File 18, xtal 587 done.
[Rank 18] File 18, xtal 588 done.
[Rank 18] File 18, xtal 589 done.
[Rank 18] File 18, xtal 590 done.
[Rank 18] File 18, xtal 591 done.
[Rank 18] File 18, xtal 592 done.
[Rank 18] File 18, xtal 593 done.
[Rank 18] File 18, xtal 594 done.
[Rank 18] File 18, xtal 595 done.
[Rank 18] File 18, xtal 596 done.
[Rank 18] File 18, xtal 597 done.
[Rank 18] File 18, xtal 598 done.
[Rank 18] File 18, xtal 599 done.
[Rank 18] File 18, xtal 600 done.
[Rank 18] File 18, xtal 601 done.
[Rank 18] File 18, xtal 602 done.
[Rank 18] File 18, xtal 603 done.
[Rank 18] File 18, xtal 604 done.
[Rank 18] File 18, xtal 605 done.
[Rank 18] File 18, xtal 606 done.
[Rank 18] File 18, xtal 607 done.
[Rank 18] File 18, xtal 608 done.
[Rank 18] File 18, xtal 609 done.
[Rank 18] File 18, xtal 610 done.
[Rank 18] File 18, xtal 611 done.
[Rank 18] File 18, xtal 612 done.
[Rank 18] File 18, xtal 613 done.
[Rank 18] File 18, xtal 614 done.
[Rank 18] File 18, xtal 615 done.
[Rank 18] File 18, xtal 616 done.
[Rank 18] File 18, xtal 617 done.
[Rank 18] File 18, xtal 618 done.
[Rank 18] File 18, xtal 619 done.
[Rank 18] File 18, xtal 620 done.
[Rank 18] File 18, xtal 621 done.
[Rank 18] File 18, xtal 622 done.
[Rank 18] File 18, xtal 623 done.
[Rank 18] File 18, xtal 624 done.
[Rank 18] File 18, xtal 625 done.
[Rank 18] File 18, xtal 626 done.
[Rank 18] File 18, xtal 627 done.
[Rank 18] File 18, xtal 628 done.
[Rank 18] File 18, xtal 629 done.
[Rank 18] File 18, xtal 630 done.
[Rank 18] File 18, xtal 631 done.
[Rank 18] File 18, xtal 632 done.
[Rank 18] File 18, xtal 633 done.
[Rank 18] File 18, xtal 634 done.
[Rank 18] File 18, xtal 635 done.
[Rank 18] File 18, xtal 636 done.
[Rank 18] File 18, xtal 637 done.
[Rank 18] File 18, xtal 638 done.
[Rank 18] File 18, xtal 639 done.
[Rank 18] File 18, xtal 640 done.
[Rank 18] File 18, xtal 641 done.
[Rank 18] File 18, xtal 642 done.
[Rank 18] File 18, xtal 643 done.
[Rank 18] File 18, xtal 644 done.
[Rank 18] File 18, xtal 645 done.
[Rank 18] File 18, xtal 646 done.
[Rank 18] File 18, xtal 647 done.
[Rank 18] File 18, xtal 648 done.
[Rank 18] File 18, xtal 649 done.
[Rank 18] File 18, xtal 650 done.
[Rank 18] File 18, xtal 651 done.
[Rank 18] File 18, xtal 652 done.
[Rank 18] File 18, xtal 653 done.
[Rank 18] File 18, xtal 654 done.
[Rank 18] File 18, xtal 655 done.
[Rank 18] File 18, xtal 656 done.
[Rank 18] File 18, xtal 657 done.
[Rank 18] File 18, xtal 658 done.
[Rank 18] File 18, xtal 659 done.
[Rank 18] File 18, xtal 660 done.
[Rank 18] File 18, xtal 661 done.
[Rank 18] File 18, xtal 662 done.
[Rank 18] File 18, xtal 663 done.
[Rank 18] File 18, xtal 664 done.
[Rank 18] File 18, xtal 665 done.
[Rank 18] File 18, xtal 666 done.
[Rank 18] File 18, xtal 667 done.
[Rank 18] File 18, xtal 668 done.
[Rank 18] File 18, xtal 669 done.
[Rank 18] File 18, xtal 670 done.
[Rank 18] File 18, xtal 671 done.
[Rank 18] File 18, xtal 672 done.
[Rank 18] File 18, xtal 673 done.
[Rank 18] File 18, xtal 674 done.
[Rank 18] File 18, xtal 675 done.
[Rank 18] File 18, xtal 676 done.
[Rank 18] File 18, xtal 677 done.
[Rank 18] File 18, xtal 678 done.
[Rank 18] File 18, xtal 679 done.
[Rank 18] File 18, xtal 680 done.
[Rank 18] File 18, xtal 681 done.
[Rank 18] File 18, xtal 682 done.
[Rank 18] File 18, xtal 683 done.
[Rank 18] File 18, xtal 684 done.
[Rank 18] File 18, xtal 685 done.
[Rank 18] File 18, xtal 686 done.
[Rank 18] File 18, xtal 687 done.
[Rank 18] File 18, xtal 688 done.
[Rank 18] File 18, xtal 689 done.
[Rank 18] File 18, xtal 690 done.
[Rank 18] File 18, xtal 691 done.
[Rank 18] File 18, xtal 692 done.
[Rank 18] File 18, xtal 693 done.
[Rank 18] File 18, xtal 694 done.
[Rank 18] File 18, xtal 695 done.
[Rank 18] File 18, xtal 696 done.
[Rank 18] File 18, xtal 697 done.
[Rank 18] File 18, xtal 698 done.
[Rank 18] File 18, xtal 699 done.
[Rank 18] File 18, xtal 700 done.
[Rank 18] File 18, xtal 701 done.
[Rank 18] File 18, xtal 702 done.
[Rank 18] File 18, xtal 703 done.
[Rank 18] File 18, xtal 704 done.
[Rank 18] File 18, xtal 705 done.
[Rank 18] File 18, xtal 706 done.
[Rank 18] File 18, xtal 707 done.
[Rank 18] File 18, xtal 708 done.
[Rank 18] File 18, xtal 709 done.
[Rank 18] File 18, xtal 710 done.
[Rank 18] File 18, xtal 711 done.
[Rank 18] File 18, xtal 712 done.
[Rank 18] File 18, xtal 713 done.
[Rank 18] File 18, xtal 714 done.
[Rank 18] File 18, xtal 715 done.
[Rank 18] File 18, xtal 716 done.
[Rank 18] File 18, xtal 717 done.
[Rank 18] File 18, xtal 718 done.
[Rank 18] File 18, xtal 719 done.
[Rank 18] File 18, xtal 720 done.
[Rank 20] File 20, xtal 481 done.
[Rank 20] File 20, xtal 482 done.
[Rank 20] File 20, xtal 483 done.
[Rank 20] File 20, xtal 484 done.
[Rank 20] File 20, xtal 485 done.
[Rank 20] File 20, xtal 486 done.
[Rank 20] File 20, xtal 487 done.
[Rank 20] File 20, xtal 488 done.
[Rank 20] File 20, xtal 489 done.
[Rank 20] File 20, xtal 490 done.
[Rank 20] File 20, xtal 491 done.
[Rank 20] File 20, xtal 492 done.
[Rank 20] File 20, xtal 493 done.
[Rank 20] File 20, xtal 494 done.
[Rank 20] File 20, xtal 495 done.
[Rank 20] File 20, xtal 496 done.
[Rank 20] File 20, xtal 497 done.
[Rank 20] File 20, xtal 498 done.
[Rank 20] File 20, xtal 499 done.
[Rank 20] File 20, xtal 500 done.
[Rank 20] File 20, xtal 501 done.
[Rank 20] File 20, xtal 502 done.
[Rank 20] File 20, xtal 503 done.
[Rank 20] File 20, xtal 504 done.
[Rank 20] File 20, xtal 505 done.
[Rank 20] File 20, xtal 506 done.
[Rank 20] File 20, xtal 507 done.
[Rank 20] File 20, xtal 508 done.
[Rank 20] File 20, xtal 509 done.
[Rank 20] File 20, xtal 510 done.
[Rank 20] File 20, xtal 511 done.
[Rank 20] File 20, xtal 512 done.
[Rank 20] File 20, xtal 513 done.
[Rank 20] File 20, xtal 514 done.
[Rank 20] File 20, xtal 515 done.
[Rank 20] File 20, xtal 516 done.
[Rank 20] File 20, xtal 517 done.
[Rank 20] File 20, xtal 518 done.
[Rank 20] File 20, xtal 519 done.
[Rank 20] File 20, xtal 520 done.
[Rank 20] File 20, xtal 521 done.
[Rank 20] File 20, xtal 522 done.
[Rank 20] File 20, xtal 523 done.
[Rank 20] File 20, xtal 524 done.
[Rank 20] File 20, xtal 525 done.
[Rank 20] File 20, xtal 526 done.
[Rank 20] File 20, xtal 527 done.
[Rank 20] File 20, xtal 528 done.
[Rank 20] File 20, xtal 529 done.
[Rank 20] File 20, xtal 530 done.
[Rank 20] File 20, xtal 531 done.
[Rank 20] File 20, xtal 532 done.
[Rank 20] File 20, xtal 533 done.
[Rank 20] File 20, xtal 534 done.
[Rank 20] File 20, xtal 535 done.
[Rank 20] File 20, xtal 536 done.
[Rank 20] File 20, xtal 537 done.
[Rank 20] File 20, xtal 538 done.
[Rank 20] File 20, xtal 539 done.
[Rank 20] File 20, xtal 540 done.
[Rank 20] File 20, xtal 541 done.
[Rank 20] File 20, xtal 542 done.
[Rank 20] File 20, xtal 543 done.
[Rank 20] File 20, xtal 544 done.
[Rank 20] File 20, xtal 545 done.
[Rank 20] File 20, xtal 546 done.
[Rank 20] File 20, xtal 547 done.
[Rank 20] File 20, xtal 548 done.
[Rank 20] File 20, xtal 549 done.
[Rank 20] File 20, xtal 550 done.
[Rank 20] File 20, xtal 551 done.
[Rank 20] File 20, xtal 552 done.
[Rank 20] File 20, xtal 553 done.
[Rank 20] File 20, xtal 554 done.
[Rank 20] File 20, xtal 555 done.
[Rank 20] File 20, xtal 556 done.
[Rank 20] File 20, xtal 557 done.
[Rank 20] File 20, xtal 558 done.
[Rank 20] File 20, xtal 559 done.
[Rank 20] File 20, xtal 560 done.
[Rank 20] File 20, xtal 561 done.
[Rank 20] File 20, xtal 562 done.
[Rank 20] File 20, xtal 563 done.
[Rank 20] File 20, xtal 564 done.
[Rank 20] File 20, xtal 565 done.
[Rank 20] File 20, xtal 566 done.
[Rank 20] File 20, xtal 567 done.
[Rank 20] File 20, xtal 568 done.
[Rank 20] File 20, xtal 569 done.
[Rank 20] File 20, xtal 570 done.
[Rank 20] File 20, xtal 571 done.
[Rank 20] File 20, xtal 572 done.
[Rank 20] File 20, xtal 573 done.
[Rank 20] File 20, xtal 574 done.
[Rank 20] File 20, xtal 575 done.
[Rank 20] File 20, xtal 576 done.
[Rank 20] File 20, xtal 577 done.
[Rank 20] File 20, xtal 578 done.
[Rank 20] File 20, xtal 579 done.
[Rank 20] File 20, xtal 580 done.
[Rank 20] File 20, xtal 581 done.
[Rank 20] File 20, xtal 582 done.
[Rank 20] File 20, xtal 583 done.
[Rank 20] File 20, xtal 584 done.
[Rank 20] File 20, xtal 585 done.
[Rank 20] File 20, xtal 586 done.
[Rank 20] File 20, xtal 587 done.
[Rank 20] File 20, xtal 588 done.
[Rank 20] File 20, xtal 589 done.
[Rank 20] File 20, xtal 590 done.
[Rank 20] File 20, xtal 591 done.
[Rank 20] File 20, xtal 592 done.
[Rank 20] File 20, xtal 593 done.
[Rank 20] File 20, xtal 594 done.
[Rank 20] File 20, xtal 595 done.
[Rank 20] File 20, xtal 596 done.
[Rank 20] File 20, xtal 597 done.
[Rank 20] File 20, xtal 598 done.
[Rank 20] File 20, xtal 599 done.
[Rank 20] File 20, xtal 600 done.
[Rank 20] File 20, xtal 601 done.
[Rank 20] File 20, xtal 602 done.
[Rank 20] File 20, xtal 603 done.
[Rank 20] File 20, xtal 604 done.
[Rank 20] File 20, xtal 605 done.
[Rank 20] File 20, xtal 606 done.
[Rank 20] File 20, xtal 607 done.
[Rank 20] File 20, xtal 608 done.
[Rank 20] File 20, xtal 609 done.
[Rank 20] File 20, xtal 610 done.
[Rank 20] File 20, xtal 611 done.
[Rank 20] File 20, xtal 612 done.
[Rank 20] File 20, xtal 613 done.
[Rank 20] File 20, xtal 614 done.
[Rank 20] File 20, xtal 615 done.
[Rank 20] File 20, xtal 616 done.
[Rank 20] File 20, xtal 617 done.
[Rank 20] File 20, xtal 618 done.
[Rank 20] File 20, xtal 619 done.
[Rank 20] File 20, xtal 620 done.
[Rank 20] File 20, xtal 621 done.
[Rank 20] File 20, xtal 622 done.
[Rank 20] File 20, xtal 623 done.
[Rank 20] File 20, xtal 624 done.
[Rank 20] File 20, xtal 625 done.
[Rank 20] File 20, xtal 626 done.
[Rank 20] File 20, xtal 627 done.
[Rank 20] File 20, xtal 628 done.
[Rank 20] File 20, xtal 629 done.
[Rank 20] File 20, xtal 630 done.
[Rank 20] File 20, xtal 631 done.
[Rank 20] File 20, xtal 632 done.
[Rank 20] File 20, xtal 633 done.
[Rank 20] File 20, xtal 634 done.
[Rank 20] File 20, xtal 635 done.
[Rank 20] File 20, xtal 636 done.
[Rank 20] File 20, xtal 637 done.
[Rank 20] File 20, xtal 638 done.
[Rank 20] File 20, xtal 639 done.
[Rank 20] File 20, xtal 640 done.
[Rank 20] File 20, xtal 641 done.
[Rank 20] File 20, xtal 642 done.
[Rank 20] File 20, xtal 643 done.
[Rank 20] File 20, xtal 644 done.
[Rank 20] File 20, xtal 645 done.
[Rank 20] File 20, xtal 646 done.
[Rank 20] File 20, xtal 647 done.
[Rank 20] File 20, xtal 648 done.
[Rank 20] File 20, xtal 649 done.
[Rank 20] File 20, xtal 650 done.
[Rank 20] File 20, xtal 651 done.
[Rank 20] File 20, xtal 652 done.
[Rank 20] File 20, xtal 653 done.
[Rank 20] File 20, xtal 654 done.
[Rank 20] File 20, xtal 655 done.
[Rank 20] File 20, xtal 656 done.
[Rank 20] File 20, xtal 657 done.
[Rank 20] File 20, xtal 658 done.
[Rank 20] File 20, xtal 659 done.
[Rank 20] File 20, xtal 660 done.
[Rank 20] File 20, xtal 661 done.
[Rank 20] File 20, xtal 662 done.
[Rank 20] File 20, xtal 663 done.
[Rank 20] File 20, xtal 664 done.
[Rank 20] File 20, xtal 665 done.
[Rank 20] File 20, xtal 666 done.
[Rank 20] File 20, xtal 667 done.
[Rank 20] File 20, xtal 668 done.
[Rank 20] File 20, xtal 669 done.
[Rank 20] File 20, xtal 670 done.
[Rank 20] File 20, xtal 671 done.
[Rank 20] File 20, xtal 672 done.
[Rank 20] File 20, xtal 673 done.
[Rank 20] File 20, xtal 674 done.
[Rank 20] File 20, xtal 675 done.
[Rank 20] File 20, xtal 676 done.
[Rank 20] File 20, xtal 677 done.
[Rank 20] File 20, xtal 678 done.
[Rank 20] File 20, xtal 679 done.
[Rank 20] File 20, xtal 680 done.
[Rank 20] File 20, xtal 681 done.
[Rank 20] File 20, xtal 682 done.
[Rank 20] File 20, xtal 683 done.
[Rank 20] File 20, xtal 684 done.
[Rank 20] File 20, xtal 685 done.
[Rank 20] File 20, xtal 686 done.
[Rank 20] File 20, xtal 687 done.
[Rank 20] File 20, xtal 688 done.
[Rank 20] File 20, xtal 689 done.
[Rank 20] File 20, xtal 690 done.
[Rank 20] File 20, xtal 691 done.
[Rank 20] File 20, xtal 692 done.
[Rank 20] File 20, xtal 693 done.
[Rank 20] File 20, xtal 694 done.
[Rank 20] File 20, xtal 695 done.
[Rank 20] File 20, xtal 696 done.
[Rank 20] File 20, xtal 697 done.
[Rank 20] File 20, xtal 698 done.
[Rank 20] File 20, xtal 699 done.
[Rank 20] File 20, xtal 700 done.
[Rank 20] File 20, xtal 701 done.
[Rank 20] File 20, xtal 702 done.
[Rank 20] File 20, xtal 703 done.
[Rank 20] File 20, xtal 704 done.
[Rank 20] File 20, xtal 705 done.
[Rank 20] File 20, xtal 706 done.
[Rank 20] File 20, xtal 707 done.
[Rank 20] File 20, xtal 708 done.
[Rank 20] File 20, xtal 709 done.
[Rank 20] File 20, xtal 710 done.
[Rank 20] File 20, xtal 711 done.
[Rank 20] File 20, xtal 712 done.
[Rank 20] File 20, xtal 713 done.
[Rank 20] File 20, xtal 714 done.
[Rank 20] File 20, xtal 715 done.
[Rank 20] File 20, xtal 716 done.
[Rank 20] File 20, xtal 717 done.
[Rank 20] File 20, xtal 718 done.
[Rank 20] File 20, xtal 719 done.
[Rank 20] File 20, xtal 720 done.
[Rank 0] File 0, xtal 512 done.
[Rank 0] File 0, xtal 513 done.
[Rank 0] File 0, xtal 514 done.
[Rank 0] File 0, xtal 515 done.
[Rank 0] File 0, xtal 516 done.
[Rank 0] File 0, xtal 517 done.
[Rank 0] File 0, xtal 518 done.
[Rank 0] File 0, xtal 519 done.
[Rank 0] File 0, xtal 520 done.
[Rank 0] File 0, xtal 521 done.
[Rank 0] File 0, xtal 522 done.
[Rank 0] File 0, xtal 523 done.
[Rank 0] File 0, xtal 524 done.
[Rank 0] File 0, xtal 525 done.
[Rank 0] File 0, xtal 526 done.
[Rank 0] File 0, xtal 527 done.
[Rank 0] File 0, xtal 528 done.
[Rank 0] File 0, xtal 529 done.
[Rank 0] File 0, xtal 530 done.
[Rank 0] File 0, xtal 531 done.
[Rank 0] File 0, xtal 532 done.
[Rank 0] File 0, xtal 533 done.
[Rank 0] File 0, xtal 534 done.
[Rank 0] File 0, xtal 535 done.
[Rank 0] File 0, xtal 536 done.
[Rank 0] File 0, xtal 537 done.
[Rank 0] File 0, xtal 538 done.
[Rank 0] File 0, xtal 539 done.
[Rank 0] File 0, xtal 540 done.
[Rank 0] File 0, xtal 541 done.
[Rank 0] File 0, xtal 542 done.
[Rank 0] File 0, xtal 543 done.
[Rank 0] File 0, xtal 544 done.
[Rank 0] File 0, xtal 545 done.
[Rank 0] File 0, xtal 546 done.
[Rank 0] File 0, xtal 547 done.
[Rank 0] File 0, xtal 548 done.
[Rank 0] File 0, xtal 549 done.
[Rank 0] File 0, xtal 550 done.
[Rank 0] File 0, xtal 551 done.
[Rank 0] File 0, xtal 552 done.
[Rank 0] File 0, xtal 553 done.
[Rank 0] File 0, xtal 554 done.
[Rank 0] File 0, xtal 555 done.
[Rank 0] File 0, xtal 556 done.
[Rank 0] File 0, xtal 557 done.
[Rank 0] File 0, xtal 558 done.
[Rank 0] File 0, xtal 559 done.
[Rank 0] File 0, xtal 560 done.
[Rank 0] File 0, xtal 561 done.
[Rank 0] File 0, xtal 562 done.
[Rank 0] File 0, xtal 563 done.
[Rank 0] File 0, xtal 564 done.
[Rank 0] File 0, xtal 565 done.
[Rank 0] File 0, xtal 566 done.
[Rank 0] File 0, xtal 567 done.
[Rank 0] File 0, xtal 568 done.
[Rank 0] File 0, xtal 569 done.
[Rank 0] File 0, xtal 570 done.
[Rank 0] File 0, xtal 571 done.
[Rank 0] File 0, xtal 572 done.
[Rank 0] File 0, xtal 573 done.
[Rank 0] File 0, xtal 574 done.
[Rank 0] File 0, xtal 575 done.
[Rank 0] File 0, xtal 576 done.
[Rank 0] File 0, xtal 577 done.
[Rank 0] File 0, xtal 578 done.
[Rank 0] File 0, xtal 579 done.
[Rank 0] File 0, xtal 580 done.
[Rank 0] File 0, xtal 581 done.
[Rank 0] File 0, xtal 582 done.
[Rank 0] File 0, xtal 583 done.
[Rank 0] File 0, xtal 584 done.
[Rank 0] File 0, xtal 585 done.
[Rank 0] File 0, xtal 586 done.
[Rank 0] File 0, xtal 587 done.
[Rank 0] File 0, xtal 588 done.
[Rank 0] File 0, xtal 589 done.
[Rank 0] File 0, xtal 590 done.
[Rank 0] File 0, xtal 591 done.
[Rank 0] File 0, xtal 592 done.
[Rank 0] File 0, xtal 593 done.
[Rank 0] File 0, xtal 594 done.
[Rank 0] File 0, xtal 595 done.
[Rank 0] File 0, xtal 596 done.
[Rank 0] File 0, xtal 597 done.
[Rank 0] File 0, xtal 598 done.
[Rank 0] File 0, xtal 599 done.
[Rank 0] File 0, xtal 600 done.
[Rank 0] File 0, xtal 601 done.
[Rank 0] File 0, xtal 602 done.
[Rank 0] File 0, xtal 603 done.
[Rank 0] File 0, xtal 604 done.
[Rank 0] File 0, xtal 605 done.
[Rank 0] File 0, xtal 606 done.
[Rank 0] File 0, xtal 607 done.
[Rank 0] File 0, xtal 608 done.
[Rank 0] File 0, xtal 609 done.
[Rank 0] File 0, xtal 610 done.
[Rank 0] File 0, xtal 611 done.
[Rank 0] File 0, xtal 612 done.
[Rank 0] File 0, xtal 613 done.
[Rank 0] File 0, xtal 614 done.
[Rank 0] File 0, xtal 615 done.
[Rank 0] File 0, xtal 616 done.
[Rank 0] File 0, xtal 617 done.
[Rank 0] File 0, xtal 618 done.
[Rank 0] File 0, xtal 619 done.
[Rank 0] File 0, xtal 620 done.
[Rank 0] File 0, xtal 621 done.
[Rank 0] File 0, xtal 622 done.
[Rank 0] File 0, xtal 623 done.
[Rank 0] File 0, xtal 624 done.
[Rank 0] File 0, xtal 625 done.
[Rank 0] File 0, xtal 626 done.
[Rank 0] File 0, xtal 627 done.
[Rank 0] File 0, xtal 628 done.
[Rank 0] File 0, xtal 629 done.
[Rank 0] File 0, xtal 630 done.
[Rank 0] File 0, xtal 631 done.
[Rank 0] File 0, xtal 632 done.
[Rank 0] File 0, xtal 633 done.
[Rank 0] File 0, xtal 634 done.
[Rank 0] File 0, xtal 635 done.
[Rank 0] File 0, xtal 636 done.
[Rank 0] File 0, xtal 637 done.
[Rank 0] File 0, xtal 638 done.
[Rank 0] File 0, xtal 639 done.
[Rank 0] File 0, xtal 640 done.
[Rank 0] File 0, xtal 641 done.
[Rank 0] File 0, xtal 642 done.
[Rank 0] File 0, xtal 643 done.
[Rank 0] File 0, xtal 644 done.
[Rank 0] File 0, xtal 645 done.
[Rank 0] File 0, xtal 646 done.
[Rank 0] File 0, xtal 647 done.
[Rank 0] File 0, xtal 648 done.
[Rank 0] File 0, xtal 649 done.
[Rank 0] File 0, xtal 650 done.
[Rank 0] File 0, xtal 651 done.
[Rank 0] File 0, xtal 652 done.
[Rank 0] File 0, xtal 653 done.
[Rank 0] File 0, xtal 654 done.
[Rank 0] File 0, xtal 655 done.
[Rank 0] File 0, xtal 656 done.
[Rank 0] File 0, xtal 657 done.
[Rank 0] File 0, xtal 658 done.
[Rank 0] File 0, xtal 659 done.
[Rank 0] File 0, xtal 660 done.
[Rank 0] File 0, xtal 661 done.
[Rank 0] File 0, xtal 662 done.
[Rank 0] File 0, xtal 663 done.
[Rank 0] File 0, xtal 664 done.
[Rank 0] File 0, xtal 665 done.
[Rank 0] File 0, xtal 666 done.
[Rank 0] File 0, xtal 667 done.
[Rank 0] File 0, xtal 668 done.
[Rank 0] File 0, xtal 669 done.
[Rank 0] File 0, xtal 670 done.
[Rank 0] File 0, xtal 671 done.
[Rank 0] File 0, xtal 672 done.
[Rank 0] File 0, xtal 673 done.
[Rank 0] File 0, xtal 674 done.
[Rank 0] File 0, xtal 675 done.
[Rank 0] File 0, xtal 676 done.
[Rank 0] File 0, xtal 677 done.
[Rank 0] File 0, xtal 678 done.
[Rank 0] File 0, xtal 679 done.
[Rank 0] File 0, xtal 680 done.
[Rank 0] File 0, xtal 681 done.
[Rank 0] File 0, xtal 682 done.
[Rank 0] File 0, xtal 683 done.
[Rank 0] File 0, xtal 684 done.
[Rank 0] File 0, xtal 685 done.
[Rank 0] File 0, xtal 686 done.
[Rank 0] File 0, xtal 687 done.
[Rank 0] File 0, xtal 688 done.
[Rank 0] File 0, xtal 689 done.
[Rank 0] File 0, xtal 690 done.
[Rank 0] File 0, xtal 691 done.
[Rank 0] File 0, xtal 692 done.
[Rank 0] File 0, xtal 693 done.
[Rank 0] File 0, xtal 694 done.
[Rank 0] File 0, xtal 695 done.
[Rank 0] File 0, xtal 696 done.
[Rank 0] File 0, xtal 697 done.
[Rank 0] File 0, xtal 698 done.
[Rank 0] File 0, xtal 699 done.
[Rank 0] File 0, xtal 700 done.
[Rank 0] File 0, xtal 701 done.
[Rank 0] File 0, xtal 702 done.
[Rank 0] File 0, xtal 703 done.
[Rank 0] File 0, xtal 704 done.
[Rank 0] File 0, xtal 705 done.
[Rank 0] File 0, xtal 706 done.
[Rank 0] File 0, xtal 707 done.
[Rank 0] File 0, xtal 708 done.
[Rank 0] File 0, xtal 709 done.
[Rank 0] File 0, xtal 710 done.
[Rank 0] File 0, xtal 711 done.
[Rank 0] File 0, xtal 712 done.
[Rank 0] File 0, xtal 713 done.
[Rank 0] File 0, xtal 714 done.
[Rank 0] File 0, xtal 715 done.
[Rank 0] File 0, xtal 716 done.
[Rank 0] File 0, xtal 717 done.
[Rank 0] File 0, xtal 718 done.
[Rank 0] File 0, xtal 719 done.
[Rank 0] File 0, xtal 720 done.
[Rank 0] File 0, xtal 721 done.
[Rank 0] File 0, xtal 722 done.
[Rank 0] File 0, xtal 723 done.
[Rank 0] File 0, xtal 724 done.
[Rank 0] File 0, xtal 725 done.
[Rank 0] File 0, xtal 726 done.
[Rank 0] File 0, xtal 727 done.
[Rank 0] File 0, xtal 728 done.
[Rank 0] File 0, xtal 729 done.
[Rank 0] File 0, xtal 730 done.
[Rank 0] File 0, xtal 731 done.
[Rank 0] File 0, xtal 732 done.
[Rank 0] File 0, xtal 733 done.
[Rank 0] File 0, xtal 734 done.
[Rank 0] File 0, xtal 735 done.
[Rank 0] File 0, xtal 736 done.
[Rank 0] File 0, xtal 737 done.
[Rank 0] File 0, xtal 738 done.
[Rank 0] File 0, xtal 739 done.
[Rank 0] File 0, xtal 740 done.
[Rank 0] File 0, xtal 741 done.
[Rank 0] File 0, xtal 742 done.
[Rank 0] File 0, xtal 743 done.
[Rank 0] File 0, xtal 744 done.
[Rank 0] File 0, xtal 745 done.
[Rank 0] File 0, xtal 746 done.
[Rank 0] File 0, xtal 747 done.
[Rank 0] File 0, xtal 748 done.
[Rank 0] File 0, xtal 749 done.
[Rank 0] File 0, xtal 750 done.
[Rank 0] File 0, xtal 751 done.
[Rank 0] File 0, xtal 752 done.
[Rank 0] File 0, xtal 753 done.
[Rank 0] File 0, xtal 754 done.
[Rank 0] File 0, xtal 755 done.
[Rank 0] File 0, xtal 756 done.
[Rank 0] File 0, xtal 757 done.
[Rank 0] File 0, xtal 758 done.
[Rank 0] File 0, xtal 759 done.
[Rank 0] File 0, xtal 760 done.
[Rank 0] File 0, xtal 761 done.
[Rank 0] File 0, xtal 762 done.
[Rank 0] File 0, xtal 763 done.
[Rank 0] File 0, xtal 764 done.
[Rank 0] File 0, xtal 765 done.
[Rank 0] File 0, xtal 766 done.
[Rank 0] File 0, xtal 767 done.
[Rank 17] File 17, xtal 481 done.
[Rank 17] File 17, xtal 482 done.
[Rank 17] File 17, xtal 483 done.
[Rank 17] File 17, xtal 484 done.
[Rank 17] File 17, xtal 485 done.
[Rank 17] File 17, xtal 486 done.
[Rank 17] File 17, xtal 487 done.
[Rank 17] File 17, xtal 488 done.
[Rank 17] File 17, xtal 489 done.
[Rank 17] File 17, xtal 490 done.
[Rank 17] File 17, xtal 491 done.
[Rank 17] File 17, xtal 492 done.
[Rank 17] File 17, xtal 493 done.
[Rank 17] File 17, xtal 494 done.
[Rank 17] File 17, xtal 495 done.
[Rank 17] File 17, xtal 496 done.
[Rank 17] File 17, xtal 497 done.
[Rank 17] File 17, xtal 498 done.
[Rank 17] File 17, xtal 499 done.
[Rank 17] File 17, xtal 500 done.
[Rank 17] File 17, xtal 501 done.
[Rank 17] File 17, xtal 502 done.
[Rank 17] File 17, xtal 503 done.
[Rank 17] File 17, xtal 504 done.
[Rank 17] File 17, xtal 505 done.
[Rank 17] File 17, xtal 506 done.
[Rank 17] File 17, xtal 507 done.
[Rank 17] File 17, xtal 508 done.
[Rank 17] File 17, xtal 509 done.
[Rank 17] File 17, xtal 510 done.
[Rank 17] File 17, xtal 511 done.
[Rank 17] File 17, xtal 512 done.
[Rank 17] File 17, xtal 513 done.
[Rank 17] File 17, xtal 514 done.
[Rank 17] File 17, xtal 515 done.
[Rank 17] File 17, xtal 516 done.
[Rank 17] File 17, xtal 517 done.
[Rank 17] File 17, xtal 518 done.
[Rank 17] File 17, xtal 519 done.
[Rank 17] File 17, xtal 520 done.
[Rank 17] File 17, xtal 521 done.
[Rank 17] File 17, xtal 522 done.
[Rank 17] File 17, xtal 523 done.
[Rank 17] File 17, xtal 524 done.
[Rank 17] File 17, xtal 525 done.
[Rank 17] File 17, xtal 526 done.
[Rank 17] File 17, xtal 527 done.
[Rank 17] File 17, xtal 528 done.
[Rank 17] File 17, xtal 529 done.
[Rank 17] File 17, xtal 530 done.
[Rank 17] File 17, xtal 531 done.
[Rank 17] File 17, xtal 532 done.
[Rank 17] File 17, xtal 533 done.
[Rank 17] File 17, xtal 534 done.
[Rank 17] File 17, xtal 535 done.
[Rank 17] File 17, xtal 536 done.
[Rank 17] File 17, xtal 537 done.
[Rank 17] File 17, xtal 538 done.
[Rank 17] File 17, xtal 539 done.
[Rank 17] File 17, xtal 540 done.
[Rank 17] File 17, xtal 541 done.
[Rank 17] File 17, xtal 542 done.
[Rank 17] File 17, xtal 543 done.
[Rank 17] File 17, xtal 544 done.
[Rank 17] File 17, xtal 545 done.
[Rank 17] File 17, xtal 546 done.
[Rank 17] File 17, xtal 547 done.
[Rank 17] File 17, xtal 548 done.
[Rank 17] File 17, xtal 549 done.
[Rank 17] File 17, xtal 550 done.
[Rank 17] File 17, xtal 551 done.
[Rank 17] File 17, xtal 552 done.
[Rank 17] File 17, xtal 553 done.
[Rank 17] File 17, xtal 554 done.
[Rank 17] File 17, xtal 555 done.
[Rank 17] File 17, xtal 556 done.
[Rank 17] File 17, xtal 557 done.
[Rank 17] File 17, xtal 558 done.
[Rank 17] File 17, xtal 559 done.
[Rank 17] File 17, xtal 560 done.
[Rank 17] File 17, xtal 561 done.
[Rank 17] File 17, xtal 562 done.
[Rank 17] File 17, xtal 563 done.
[Rank 17] File 17, xtal 564 done.
[Rank 17] File 17, xtal 565 done.
[Rank 17] File 17, xtal 566 done.
[Rank 17] File 17, xtal 567 done.
[Rank 17] File 17, xtal 568 done.
[Rank 17] File 17, xtal 569 done.
[Rank 17] File 17, xtal 570 done.
[Rank 17] File 17, xtal 571 done.
[Rank 17] File 17, xtal 572 done.
[Rank 17] File 17, xtal 573 done.
[Rank 17] File 17, xtal 574 done.
[Rank 17] File 17, xtal 575 done.
[Rank 17] File 17, xtal 576 done.
[Rank 17] File 17, xtal 577 done.
[Rank 17] File 17, xtal 578 done.
[Rank 17] File 17, xtal 579 done.
[Rank 17] File 17, xtal 580 done.
[Rank 17] File 17, xtal 581 done.
[Rank 17] File 17, xtal 582 done.
[Rank 17] File 17, xtal 583 done.
[Rank 17] File 17, xtal 584 done.
[Rank 17] File 17, xtal 585 done.
[Rank 17] File 17, xtal 586 done.
[Rank 17] File 17, xtal 587 done.
[Rank 17] File 17, xtal 588 done.
[Rank 17] File 17, xtal 589 done.
[Rank 17] File 17, xtal 590 done.
[Rank 17] File 17, xtal 591 done.
[Rank 17] File 17, xtal 592 done.
[Rank 17] File 17, xtal 593 done.
[Rank 17] File 17, xtal 594 done.
[Rank 17] File 17, xtal 595 done.
[Rank 17] File 17, xtal 596 done.
[Rank 17] File 17, xtal 597 done.
[Rank 17] File 17, xtal 598 done.
[Rank 17] File 17, xtal 599 done.
[Rank 17] File 17, xtal 600 done.
[Rank 17] File 17, xtal 601 done.
[Rank 17] File 17, xtal 602 done.
[Rank 17] File 17, xtal 603 done.
[Rank 17] File 17, xtal 604 done.
[Rank 17] File 17, xtal 605 done.
[Rank 17] File 17, xtal 606 done.
[Rank 17] File 17, xtal 607 done.
[Rank 17] File 17, xtal 608 done.
[Rank 17] File 17, xtal 609 done.
[Rank 17] File 17, xtal 610 done.
[Rank 17] File 17, xtal 611 done.
[Rank 17] File 17, xtal 612 done.
[Rank 17] File 17, xtal 613 done.
[Rank 17] File 17, xtal 614 done.
[Rank 17] File 17, xtal 615 done.
[Rank 17] File 17, xtal 616 done.
[Rank 17] File 17, xtal 617 done.
[Rank 17] File 17, xtal 618 done.
[Rank 17] File 17, xtal 619 done.
[Rank 17] File 17, xtal 620 done.
[Rank 17] File 17, xtal 621 done.
[Rank 17] File 17, xtal 622 done.
[Rank 17] File 17, xtal 623 done.
[Rank 17] File 17, xtal 624 done.
[Rank 17] File 17, xtal 625 done.
[Rank 17] File 17, xtal 626 done.
[Rank 17] File 17, xtal 627 done.
[Rank 17] File 17, xtal 628 done.
[Rank 17] File 17, xtal 629 done.
[Rank 17] File 17, xtal 630 done.
[Rank 17] File 17, xtal 631 done.
[Rank 17] File 17, xtal 632 done.
[Rank 17] File 17, xtal 633 done.
[Rank 17] File 17, xtal 634 done.
[Rank 17] File 17, xtal 635 done.
[Rank 17] File 17, xtal 636 done.
[Rank 17] File 17, xtal 637 done.
[Rank 17] File 17, xtal 638 done.
[Rank 17] File 17, xtal 639 done.
[Rank 17] File 17, xtal 640 done.
[Rank 17] File 17, xtal 641 done.
[Rank 17] File 17, xtal 642 done.
[Rank 17] File 17, xtal 643 done.
[Rank 17] File 17, xtal 644 done.
[Rank 17] File 17, xtal 645 done.
[Rank 17] File 17, xtal 646 done.
[Rank 17] File 17, xtal 647 done.
[Rank 17] File 17, xtal 648 done.
[Rank 17] File 17, xtal 649 done.
[Rank 17] File 17, xtal 650 done.
[Rank 17] File 17, xtal 651 done.
[Rank 17] File 17, xtal 652 done.
[Rank 17] File 17, xtal 653 done.
[Rank 17] File 17, xtal 654 done.
[Rank 17] File 17, xtal 655 done.
[Rank 17] File 17, xtal 656 done.
[Rank 17] File 17, xtal 657 done.
[Rank 17] File 17, xtal 658 done.
[Rank 17] File 17, xtal 659 done.
[Rank 17] File 17, xtal 660 done.
[Rank 17] File 17, xtal 661 done.
[Rank 17] File 17, xtal 662 done.
[Rank 17] File 17, xtal 663 done.
[Rank 17] File 17, xtal 664 done.
[Rank 17] File 17, xtal 665 done.
[Rank 17] File 17, xtal 666 done.
[Rank 17] File 17, xtal 667 done.
[Rank 17] File 17, xtal 668 done.
[Rank 17] File 17, xtal 669 done.
[Rank 17] File 17, xtal 670 done.
[Rank 17] File 17, xtal 671 done.
[Rank 17] File 17, xtal 672 done.
[Rank 17] File 17, xtal 673 done.
[Rank 17] File 17, xtal 674 done.
[Rank 17] File 17, xtal 675 done.
[Rank 17] File 17, xtal 676 done.
[Rank 17] File 17, xtal 677 done.
[Rank 17] File 17, xtal 678 done.
[Rank 17] File 17, xtal 679 done.
[Rank 17] File 17, xtal 680 done.
[Rank 17] File 17, xtal 681 done.
[Rank 17] File 17, xtal 682 done.
[Rank 17] File 17, xtal 683 done.
[Rank 17] File 17, xtal 684 done.
[Rank 17] File 17, xtal 685 done.
[Rank 17] File 17, xtal 686 done.
[Rank 17] File 17, xtal 687 done.
[Rank 17] File 17, xtal 688 done.
[Rank 17] File 17, xtal 689 done.
[Rank 17] File 17, xtal 690 done.
[Rank 17] File 17, xtal 691 done.
[Rank 17] File 17, xtal 692 done.
[Rank 17] File 17, xtal 693 done.
[Rank 17] File 17, xtal 694 done.
[Rank 17] File 17, xtal 695 done.
[Rank 17] File 17, xtal 696 done.
[Rank 17] File 17, xtal 697 done.
[Rank 17] File 17, xtal 698 done.
[Rank 17] File 17, xtal 699 done.
[Rank 17] File 17, xtal 700 done.
[Rank 17] File 17, xtal 701 done.
[Rank 17] File 17, xtal 702 done.
[Rank 17] File 17, xtal 703 done.
[Rank 17] File 17, xtal 704 done.
[Rank 17] File 17, xtal 705 done.
[Rank 17] File 17, xtal 706 done.
[Rank 17] File 17, xtal 707 done.
[Rank 17] File 17, xtal 708 done.
[Rank 17] File 17, xtal 709 done.
[Rank 17] File 17, xtal 710 done.
[Rank 17] File 17, xtal 711 done.
[Rank 17] File 17, xtal 712 done.
[Rank 17] File 17, xtal 713 done.
[Rank 17] File 17, xtal 714 done.
[Rank 17] File 17, xtal 715 done.
[Rank 17] File 17, xtal 716 done.
[Rank 17] File 17, xtal 717 done.
[Rank 17] File 17, xtal 718 done.
[Rank 17] File 17, xtal 719 done.
[Rank 17] File 17, xtal 720 done.
[Rank 1] File 1, xtal 512 done.
[Rank 1] File 1, xtal 513 done.
[Rank 1] File 1, xtal 514 done.
[Rank 1] File 1, xtal 515 done.
[Rank 1] File 1, xtal 516 done.
[Rank 1] File 1, xtal 517 done.
[Rank 1] File 1, xtal 518 done.
[Rank 1] File 1, xtal 519 done.
[Rank 1] File 1, xtal 520 done.
[Rank 1] File 1, xtal 521 done.
[Rank 1] File 1, xtal 522 done.
[Rank 1] File 1, xtal 523 done.
[Rank 1] File 1, xtal 524 done.
[Rank 1] File 1, xtal 525 done.
[Rank 1] File 1, xtal 526 done.
[Rank 1] File 1, xtal 527 done.
[Rank 1] File 1, xtal 528 done.
[Rank 1] File 1, xtal 529 done.
[Rank 1] File 1, xtal 530 done.
[Rank 1] File 1, xtal 531 done.
[Rank 1] File 1, xtal 532 done.
[Rank 1] File 1, xtal 533 done.
[Rank 1] File 1, xtal 534 done.
[Rank 1] File 1, xtal 535 done.
[Rank 1] File 1, xtal 536 done.
[Rank 1] File 1, xtal 537 done.
[Rank 1] File 1, xtal 538 done.
[Rank 1] File 1, xtal 539 done.
[Rank 1] File 1, xtal 540 done.
[Rank 1] File 1, xtal 541 done.
[Rank 1] File 1, xtal 542 done.
[Rank 1] File 1, xtal 543 done.
[Rank 1] File 1, xtal 544 done.
[Rank 1] File 1, xtal 545 done.
[Rank 1] File 1, xtal 546 done.
[Rank 1] File 1, xtal 547 done.
[Rank 1] File 1, xtal 548 done.
[Rank 1] File 1, xtal 549 done.
[Rank 1] File 1, xtal 550 done.
[Rank 1] File 1, xtal 551 done.
[Rank 1] File 1, xtal 552 done.
[Rank 1] File 1, xtal 553 done.
[Rank 1] File 1, xtal 554 done.
[Rank 1] File 1, xtal 555 done.
[Rank 1] File 1, xtal 556 done.
[Rank 1] File 1, xtal 557 done.
[Rank 1] File 1, xtal 558 done.
[Rank 1] File 1, xtal 559 done.
[Rank 1] File 1, xtal 560 done.
[Rank 1] File 1, xtal 561 done.
[Rank 1] File 1, xtal 562 done.
[Rank 1] File 1, xtal 563 done.
[Rank 1] File 1, xtal 564 done.
[Rank 1] File 1, xtal 565 done.
[Rank 1] File 1, xtal 566 done.
[Rank 1] File 1, xtal 567 done.
[Rank 1] File 1, xtal 568 done.
[Rank 1] File 1, xtal 569 done.
[Rank 1] File 1, xtal 570 done.
[Rank 1] File 1, xtal 571 done.
[Rank 1] File 1, xtal 572 done.
[Rank 1] File 1, xtal 573 done.
[Rank 1] File 1, xtal 574 done.
[Rank 1] File 1, xtal 575 done.
[Rank 1] File 1, xtal 576 done.
[Rank 1] File 1, xtal 577 done.
[Rank 1] File 1, xtal 578 done.
[Rank 1] File 1, xtal 579 done.
[Rank 1] File 1, xtal 580 done.
[Rank 1] File 1, xtal 581 done.
[Rank 1] File 1, xtal 582 done.
[Rank 1] File 1, xtal 583 done.
[Rank 1] File 1, xtal 584 done.
[Rank 1] File 1, xtal 585 done.
[Rank 1] File 1, xtal 586 done.
[Rank 1] File 1, xtal 587 done.
[Rank 1] File 1, xtal 588 done.
[Rank 1] File 1, xtal 589 done.
[Rank 1] File 1, xtal 590 done.
[Rank 1] File 1, xtal 591 done.
[Rank 1] File 1, xtal 592 done.
[Rank 1] File 1, xtal 593 done.
[Rank 1] File 1, xtal 594 done.
[Rank 1] File 1, xtal 595 done.
[Rank 1] File 1, xtal 596 done.
[Rank 1] File 1, xtal 597 done.
[Rank 1] File 1, xtal 598 done.
[Rank 1] File 1, xtal 599 done.
[Rank 1] File 1, xtal 600 done.
[Rank 1] File 1, xtal 601 done.
[Rank 1] File 1, xtal 602 done.
[Rank 1] File 1, xtal 603 done.
[Rank 1] File 1, xtal 604 done.
[Rank 1] File 1, xtal 605 done.
[Rank 1] File 1, xtal 606 done.
[Rank 1] File 1, xtal 607 done.
[Rank 1] File 1, xtal 608 done.
[Rank 1] File 1, xtal 609 done.
[Rank 1] File 1, xtal 610 done.
[Rank 1] File 1, xtal 611 done.
[Rank 1] File 1, xtal 612 done.
[Rank 1] File 1, xtal 613 done.
[Rank 1] File 1, xtal 614 done.
[Rank 1] File 1, xtal 615 done.
[Rank 1] File 1, xtal 616 done.
[Rank 1] File 1, xtal 617 done.
[Rank 1] File 1, xtal 618 done.
[Rank 1] File 1, xtal 619 done.
[Rank 1] File 1, xtal 620 done.
[Rank 1] File 1, xtal 621 done.
[Rank 1] File 1, xtal 622 done.
[Rank 1] File 1, xtal 623 done.
[Rank 1] File 1, xtal 624 done.
[Rank 1] File 1, xtal 625 done.
[Rank 1] File 1, xtal 626 done.
[Rank 1] File 1, xtal 627 done.
[Rank 1] File 1, xtal 628 done.
[Rank 1] File 1, xtal 629 done.
[Rank 1] File 1, xtal 630 done.
[Rank 1] File 1, xtal 631 done.
[Rank 1] File 1, xtal 632 done.
[Rank 1] File 1, xtal 633 done.
[Rank 1] File 1, xtal 634 done.
[Rank 1] File 1, xtal 635 done.
[Rank 1] File 1, xtal 636 done.
[Rank 1] File 1, xtal 637 done.
[Rank 1] File 1, xtal 638 done.
[Rank 1] File 1, xtal 639 done.
[Rank 1] File 1, xtal 640 done.
[Rank 1] File 1, xtal 641 done.
[Rank 1] File 1, xtal 642 done.
[Rank 1] File 1, xtal 643 done.
[Rank 1] File 1, xtal 644 done.
[Rank 1] File 1, xtal 645 done.
[Rank 1] File 1, xtal 646 done.
[Rank 1] File 1, xtal 647 done.
[Rank 1] File 1, xtal 648 done.
[Rank 1] File 1, xtal 649 done.
[Rank 1] File 1, xtal 650 done.
[Rank 1] File 1, xtal 651 done.
[Rank 1] File 1, xtal 652 done.
[Rank 1] File 1, xtal 653 done.
[Rank 1] File 1, xtal 654 done.
[Rank 1] File 1, xtal 655 done.
[Rank 1] File 1, xtal 656 done.
[Rank 1] File 1, xtal 657 done.
[Rank 1] File 1, xtal 658 done.
[Rank 1] File 1, xtal 659 done.
[Rank 1] File 1, xtal 660 done.
[Rank 1] File 1, xtal 661 done.
[Rank 1] File 1, xtal 662 done.
[Rank 1] File 1, xtal 663 done.
[Rank 1] File 1, xtal 664 done.
[Rank 1] File 1, xtal 665 done.
[Rank 1] File 1, xtal 666 done.
[Rank 1] File 1, xtal 667 done.
[Rank 1] File 1, xtal 668 done.
[Rank 1] File 1, xtal 669 done.
[Rank 1] File 1, xtal 670 done.
[Rank 1] File 1, xtal 671 done.
[Rank 1] File 1, xtal 672 done.
[Rank 1] File 1, xtal 673 done.
[Rank 1] File 1, xtal 674 done.
[Rank 1] File 1, xtal 675 done.
[Rank 1] File 1, xtal 676 done.
[Rank 1] File 1, xtal 677 done.
[Rank 1] File 1, xtal 678 done.
[Rank 1] File 1, xtal 679 done.
[Rank 1] File 1, xtal 680 done.
[Rank 1] File 1, xtal 681 done.
[Rank 1] File 1, xtal 682 done.
[Rank 1] File 1, xtal 683 done.
[Rank 1] File 1, xtal 684 done.
[Rank 1] File 1, xtal 685 done.
[Rank 1] File 1, xtal 686 done.
[Rank 1] File 1, xtal 687 done.
[Rank 1] File 1, xtal 688 done.
[Rank 1] File 1, xtal 689 done.
[Rank 1] File 1, xtal 690 done.
[Rank 1] File 1, xtal 691 done.
[Rank 1] File 1, xtal 692 done.
[Rank 1] File 1, xtal 693 done.
[Rank 1] File 1, xtal 694 done.
[Rank 1] File 1, xtal 695 done.
[Rank 1] File 1, xtal 696 done.
[Rank 1] File 1, xtal 697 done.
[Rank 1] File 1, xtal 698 done.
[Rank 1] File 1, xtal 699 done.
[Rank 1] File 1, xtal 700 done.
[Rank 1] File 1, xtal 701 done.
[Rank 1] File 1, xtal 702 done.
[Rank 1] File 1, xtal 703 done.
[Rank 1] File 1, xtal 704 done.
[Rank 1] File 1, xtal 705 done.
[Rank 1] File 1, xtal 706 done.
[Rank 1] File 1, xtal 707 done.
[Rank 1] File 1, xtal 708 done.
[Rank 1] File 1, xtal 709 done.
[Rank 1] File 1, xtal 710 done.
[Rank 1] File 1, xtal 711 done.
[Rank 1] File 1, xtal 712 done.
[Rank 1] File 1, xtal 713 done.
[Rank 1] File 1, xtal 714 done.
[Rank 1] File 1, xtal 715 done.
[Rank 1] File 1, xtal 716 done.
[Rank 1] File 1, xtal 717 done.
[Rank 1] File 1, xtal 718 done.
[Rank 1] File 1, xtal 719 done.
[Rank 1] File 1, xtal 720 done.
[Rank 1] File 1, xtal 721 done.
[Rank 1] File 1, xtal 722 done.
[Rank 1] File 1, xtal 723 done.
[Rank 1] File 1, xtal 724 done.
[Rank 1] File 1, xtal 725 done.
[Rank 1] File 1, xtal 726 done.
[Rank 1] File 1, xtal 727 done.
[Rank 1] File 1, xtal 728 done.
[Rank 1] File 1, xtal 729 done.
[Rank 1] File 1, xtal 730 done.
[Rank 1] File 1, xtal 731 done.
[Rank 1] File 1, xtal 732 done.
[Rank 1] File 1, xtal 733 done.
[Rank 1] File 1, xtal 734 done.
[Rank 1] File 1, xtal 735 done.
[Rank 1] File 1, xtal 736 done.
[Rank 1] File 1, xtal 737 done.
[Rank 1] File 1, xtal 738 done.
[Rank 1] File 1, xtal 739 done.
[Rank 1] File 1, xtal 740 done.
[Rank 1] File 1, xtal 741 done.
[Rank 1] File 1, xtal 742 done.
[Rank 1] File 1, xtal 743 done.
[Rank 1] File 1, xtal 744 done.
[Rank 1] File 1, xtal 745 done.
[Rank 1] File 1, xtal 746 done.
[Rank 1] File 1, xtal 747 done.
[Rank 1] File 1, xtal 748 done.
[Rank 1] File 1, xtal 749 done.
[Rank 1] File 1, xtal 750 done.
[Rank 1] File 1, xtal 751 done.
[Rank 1] File 1, xtal 752 done.
[Rank 1] File 1, xtal 753 done.
[Rank 1] File 1, xtal 754 done.
[Rank 1] File 1, xtal 755 done.
[Rank 1] File 1, xtal 756 done.
[Rank 1] File 1, xtal 757 done.
[Rank 1] File 1, xtal 758 done.
[Rank 1] File 1, xtal 759 done.
[Rank 1] File 1, xtal 760 done.
[Rank 1] File 1, xtal 761 done.
[Rank 1] File 1, xtal 762 done.
[Rank 1] File 1, xtal 763 done.
[Rank 1] File 1, xtal 764 done.
[Rank 1] File 1, xtal 765 done.
[Rank 1] File 1, xtal 766 done.
[Rank 1] File 1, xtal 767 done.
[Rank 10] File 10, xtal 481 done.
[Rank 10] File 10, xtal 482 done.
[Rank 10] File 10, xtal 483 done.
[Rank 10] File 10, xtal 484 done.
[Rank 10] File 10, xtal 485 done.
[Rank 10] File 10, xtal 486 done.
[Rank 10] File 10, xtal 487 done.
[Rank 10] File 10, xtal 488 done.
[Rank 10] File 10, xtal 489 done.
[Rank 10] File 10, xtal 490 done.
[Rank 10] File 10, xtal 491 done.
[Rank 10] File 10, xtal 492 done.
[Rank 10] File 10, xtal 493 done.
[Rank 10] File 10, xtal 494 done.
[Rank 10] File 10, xtal 495 done.
[Rank 10] File 10, xtal 496 done.
[Rank 10] File 10, xtal 497 done.
[Rank 10] File 10, xtal 498 done.
[Rank 10] File 10, xtal 499 done.
[Rank 10] File 10, xtal 500 done.
[Rank 10] File 10, xtal 501 done.
[Rank 10] File 10, xtal 502 done.
[Rank 10] File 10, xtal 503 done.
[Rank 10] File 10, xtal 504 done.
[Rank 10] File 10, xtal 505 done.
[Rank 10] File 10, xtal 506 done.
[Rank 10] File 10, xtal 507 done.
[Rank 10] File 10, xtal 508 done.
[Rank 10] File 10, xtal 509 done.
[Rank 10] File 10, xtal 510 done.
[Rank 10] File 10, xtal 511 done.
[Rank 10] File 10, xtal 512 done.
[Rank 10] File 10, xtal 513 done.
[Rank 10] File 10, xtal 514 done.
[Rank 10] File 10, xtal 515 done.
[Rank 10] File 10, xtal 516 done.
[Rank 10] File 10, xtal 517 done.
[Rank 10] File 10, xtal 518 done.
[Rank 10] File 10, xtal 519 done.
[Rank 10] File 10, xtal 520 done.
[Rank 10] File 10, xtal 521 done.
[Rank 10] File 10, xtal 522 done.
[Rank 10] File 10, xtal 523 done.
[Rank 10] File 10, xtal 524 done.
[Rank 10] File 10, xtal 525 done.
[Rank 10] File 10, xtal 526 done.
[Rank 10] File 10, xtal 527 done.
[Rank 10] File 10, xtal 528 done.
[Rank 10] File 10, xtal 529 done.
[Rank 10] File 10, xtal 530 done.
[Rank 10] File 10, xtal 531 done.
[Rank 10] File 10, xtal 532 done.
[Rank 10] File 10, xtal 533 done.
[Rank 10] File 10, xtal 534 done.
[Rank 10] File 10, xtal 535 done.
[Rank 10] File 10, xtal 536 done.
[Rank 10] File 10, xtal 537 done.
[Rank 10] File 10, xtal 538 done.
[Rank 10] File 10, xtal 539 done.
[Rank 10] File 10, xtal 540 done.
[Rank 10] File 10, xtal 541 done.
[Rank 10] File 10, xtal 542 done.
[Rank 10] File 10, xtal 543 done.
[Rank 10] File 10, xtal 544 done.
[Rank 10] File 10, xtal 545 done.
[Rank 10] File 10, xtal 546 done.
[Rank 10] File 10, xtal 547 done.
[Rank 10] File 10, xtal 548 done.
[Rank 10] File 10, xtal 549 done.
[Rank 10] File 10, xtal 550 done.
[Rank 10] File 10, xtal 551 done.
[Rank 10] File 10, xtal 552 done.
[Rank 10] File 10, xtal 553 done.
[Rank 10] File 10, xtal 554 done.
[Rank 10] File 10, xtal 555 done.
[Rank 10] File 10, xtal 556 done.
[Rank 10] File 10, xtal 557 done.
[Rank 10] File 10, xtal 558 done.
[Rank 10] File 10, xtal 559 done.
[Rank 10] File 10, xtal 560 done.
[Rank 10] File 10, xtal 561 done.
[Rank 10] File 10, xtal 562 done.
[Rank 10] File 10, xtal 563 done.
[Rank 10] File 10, xtal 564 done.
[Rank 10] File 10, xtal 565 done.
[Rank 10] File 10, xtal 566 done.
[Rank 10] File 10, xtal 567 done.
[Rank 10] File 10, xtal 568 done.
[Rank 10] File 10, xtal 569 done.
[Rank 10] File 10, xtal 570 done.
[Rank 10] File 10, xtal 571 done.
[Rank 10] File 10, xtal 572 done.
[Rank 10] File 10, xtal 573 done.
[Rank 10] File 10, xtal 574 done.
[Rank 10] File 10, xtal 575 done.
[Rank 10] File 10, xtal 576 done.
[Rank 10] File 10, xtal 577 done.
[Rank 10] File 10, xtal 578 done.
[Rank 10] File 10, xtal 579 done.
[Rank 10] File 10, xtal 580 done.
[Rank 10] File 10, xtal 581 done.
[Rank 10] File 10, xtal 582 done.
[Rank 10] File 10, xtal 583 done.
[Rank 10] File 10, xtal 584 done.
[Rank 10] File 10, xtal 585 done.
[Rank 10] File 10, xtal 586 done.
[Rank 10] File 10, xtal 587 done.
[Rank 10] File 10, xtal 588 done.
[Rank 10] File 10, xtal 589 done.
[Rank 10] File 10, xtal 590 done.
[Rank 10] File 10, xtal 591 done.
[Rank 10] File 10, xtal 592 done.
[Rank 10] File 10, xtal 593 done.
[Rank 10] File 10, xtal 594 done.
[Rank 10] File 10, xtal 595 done.
[Rank 10] File 10, xtal 596 done.
[Rank 10] File 10, xtal 597 done.
[Rank 10] File 10, xtal 598 done.
[Rank 10] File 10, xtal 599 done.
[Rank 10] File 10, xtal 600 done.
[Rank 10] File 10, xtal 601 done.
[Rank 10] File 10, xtal 602 done.
[Rank 10] File 10, xtal 603 done.
[Rank 10] File 10, xtal 604 done.
[Rank 10] File 10, xtal 605 done.
[Rank 10] File 10, xtal 606 done.
[Rank 10] File 10, xtal 607 done.
[Rank 10] File 10, xtal 608 done.
[Rank 10] File 10, xtal 609 done.
[Rank 10] File 10, xtal 610 done.
[Rank 10] File 10, xtal 611 done.
[Rank 10] File 10, xtal 612 done.
[Rank 10] File 10, xtal 613 done.
[Rank 10] File 10, xtal 614 done.
[Rank 10] File 10, xtal 615 done.
[Rank 10] File 10, xtal 616 done.
[Rank 10] File 10, xtal 617 done.
[Rank 10] File 10, xtal 618 done.
[Rank 10] File 10, xtal 619 done.
[Rank 10] File 10, xtal 620 done.
[Rank 10] File 10, xtal 621 done.
[Rank 10] File 10, xtal 622 done.
[Rank 10] File 10, xtal 623 done.
[Rank 10] File 10, xtal 624 done.
[Rank 10] File 10, xtal 625 done.
[Rank 10] File 10, xtal 626 done.
[Rank 10] File 10, xtal 627 done.
[Rank 10] File 10, xtal 628 done.
[Rank 10] File 10, xtal 629 done.
[Rank 10] File 10, xtal 630 done.
[Rank 10] File 10, xtal 631 done.
[Rank 10] File 10, xtal 632 done.
[Rank 10] File 10, xtal 633 done.
[Rank 10] File 10, xtal 634 done.
[Rank 10] File 10, xtal 635 done.
[Rank 10] File 10, xtal 636 done.
[Rank 10] File 10, xtal 637 done.
[Rank 10] File 10, xtal 638 done.
[Rank 10] File 10, xtal 639 done.
[Rank 10] File 10, xtal 640 done.
[Rank 10] File 10, xtal 641 done.
[Rank 10] File 10, xtal 642 done.
[Rank 10] File 10, xtal 643 done.
[Rank 10] File 10, xtal 644 done.
[Rank 10] File 10, xtal 645 done.
[Rank 10] File 10, xtal 646 done.
[Rank 10] File 10, xtal 647 done.
[Rank 10] File 10, xtal 648 done.
[Rank 10] File 10, xtal 649 done.
[Rank 10] File 10, xtal 650 done.
[Rank 10] File 10, xtal 651 done.
[Rank 10] File 10, xtal 652 done.
[Rank 10] File 10, xtal 653 done.
[Rank 10] File 10, xtal 654 done.
[Rank 10] File 10, xtal 655 done.
[Rank 10] File 10, xtal 656 done.
[Rank 10] File 10, xtal 657 done.
[Rank 10] File 10, xtal 658 done.
[Rank 10] File 10, xtal 659 done.
[Rank 10] File 10, xtal 660 done.
[Rank 10] File 10, xtal 661 done.
[Rank 10] File 10, xtal 662 done.
[Rank 10] File 10, xtal 663 done.
[Rank 10] File 10, xtal 664 done.
[Rank 10] File 10, xtal 665 done.
[Rank 10] File 10, xtal 666 done.
[Rank 10] File 10, xtal 667 done.
[Rank 10] File 10, xtal 668 done.
[Rank 10] File 10, xtal 669 done.
[Rank 10] File 10, xtal 670 done.
[Rank 10] File 10, xtal 671 done.
[Rank 10] File 10, xtal 672 done.
[Rank 10] File 10, xtal 673 done.
[Rank 10] File 10, xtal 674 done.
[Rank 10] File 10, xtal 675 done.
[Rank 10] File 10, xtal 676 done.
[Rank 10] File 10, xtal 677 done.
[Rank 10] File 10, xtal 678 done.
[Rank 10] File 10, xtal 679 done.
[Rank 10] File 10, xtal 680 done.
[Rank 10] File 10, xtal 681 done.
[Rank 10] File 10, xtal 682 done.
[Rank 10] File 10, xtal 683 done.
[Rank 10] File 10, xtal 684 done.
[Rank 10] File 10, xtal 685 done.
[Rank 10] File 10, xtal 686 done.
[Rank 10] File 10, xtal 687 done.
[Rank 10] File 10, xtal 688 done.
[Rank 10] File 10, xtal 689 done.
[Rank 10] File 10, xtal 690 done.
[Rank 10] File 10, xtal 691 done.
[Rank 10] File 10, xtal 692 done.
[Rank 10] File 10, xtal 693 done.
[Rank 10] File 10, xtal 694 done.
[Rank 10] File 10, xtal 695 done.
[Rank 10] File 10, xtal 696 done.
[Rank 10] File 10, xtal 697 done.
[Rank 10] File 10, xtal 698 done.
[Rank 10] File 10, xtal 699 done.
[Rank 10] File 10, xtal 700 done.
[Rank 10] File 10, xtal 701 done.
[Rank 10] File 10, xtal 702 done.
[Rank 10] File 10, xtal 703 done.
[Rank 10] File 10, xtal 704 done.
[Rank 10] File 10, xtal 705 done.
[Rank 10] File 10, xtal 706 done.
[Rank 10] File 10, xtal 707 done.
[Rank 10] File 10, xtal 708 done.
[Rank 10] File 10, xtal 709 done.
[Rank 10] File 10, xtal 710 done.
[Rank 10] File 10, xtal 711 done.
[Rank 10] File 10, xtal 712 done.
[Rank 10] File 10, xtal 713 done.
[Rank 10] File 10, xtal 714 done.
[Rank 10] File 10, xtal 715 done.
[Rank 10] File 10, xtal 716 done.
[Rank 10] File 10, xtal 717 done.
[Rank 10] File 10, xtal 718 done.
[Rank 10] File 10, xtal 719 done.
[Rank 10] File 10, xtal 720 done.
[Rank 15] File 15, xtal 481 done.
[Rank 15] File 15, xtal 482 done.
[Rank 15] File 15, xtal 483 done.
[Rank 15] File 15, xtal 484 done.
[Rank 15] File 15, xtal 485 done.
[Rank 15] File 15, xtal 486 done.
[Rank 15] File 15, xtal 487 done.
[Rank 15] File 15, xtal 488 done.
[Rank 15] File 15, xtal 489 done.
[Rank 15] File 15, xtal 490 done.
[Rank 15] File 15, xtal 491 done.
[Rank 15] File 15, xtal 492 done.
[Rank 15] File 15, xtal 493 done.
[Rank 15] File 15, xtal 494 done.
[Rank 15] File 15, xtal 495 done.
[Rank 15] File 15, xtal 496 done.
[Rank 15] File 15, xtal 497 done.
[Rank 15] File 15, xtal 498 done.
[Rank 15] File 15, xtal 499 done.
[Rank 15] File 15, xtal 500 done.
[Rank 15] File 15, xtal 501 done.
[Rank 15] File 15, xtal 502 done.
[Rank 15] File 15, xtal 503 done.
[Rank 15] File 15, xtal 504 done.
[Rank 15] File 15, xtal 505 done.
[Rank 15] File 15, xtal 506 done.
[Rank 15] File 15, xtal 507 done.
[Rank 15] File 15, xtal 508 done.
[Rank 15] File 15, xtal 509 done.
[Rank 15] File 15, xtal 510 done.
[Rank 15] File 15, xtal 511 done.
[Rank 15] File 15, xtal 512 done.
[Rank 15] File 15, xtal 513 done.
[Rank 15] File 15, xtal 514 done.
[Rank 15] File 15, xtal 515 done.
[Rank 15] File 15, xtal 516 done.
[Rank 15] File 15, xtal 517 done.
[Rank 15] File 15, xtal 518 done.
[Rank 15] File 15, xtal 519 done.
[Rank 15] File 15, xtal 520 done.
[Rank 15] File 15, xtal 521 done.
[Rank 15] File 15, xtal 522 done.
[Rank 15] File 15, xtal 523 done.
[Rank 15] File 15, xtal 524 done.
[Rank 15] File 15, xtal 525 done.
[Rank 15] File 15, xtal 526 done.
[Rank 15] File 15, xtal 527 done.
[Rank 15] File 15, xtal 528 done.
[Rank 15] File 15, xtal 529 done.
[Rank 15] File 15, xtal 530 done.
[Rank 15] File 15, xtal 531 done.
[Rank 15] File 15, xtal 532 done.
[Rank 15] File 15, xtal 533 done.
[Rank 15] File 15, xtal 534 done.
[Rank 15] File 15, xtal 535 done.
[Rank 15] File 15, xtal 536 done.
[Rank 15] File 15, xtal 537 done.
[Rank 15] File 15, xtal 538 done.
[Rank 15] File 15, xtal 539 done.
[Rank 15] File 15, xtal 540 done.
[Rank 15] File 15, xtal 541 done.
[Rank 15] File 15, xtal 542 done.
[Rank 15] File 15, xtal 543 done.
[Rank 15] File 15, xtal 544 done.
[Rank 15] File 15, xtal 545 done.
[Rank 15] File 15, xtal 546 done.
[Rank 15] File 15, xtal 547 done.
[Rank 15] File 15, xtal 548 done.
[Rank 15] File 15, xtal 549 done.
[Rank 15] File 15, xtal 550 done.
[Rank 15] File 15, xtal 551 done.
[Rank 15] File 15, xtal 552 done.
[Rank 15] File 15, xtal 553 done.
[Rank 15] File 15, xtal 554 done.
[Rank 15] File 15, xtal 555 done.
[Rank 15] File 15, xtal 556 done.
[Rank 15] File 15, xtal 557 done.
[Rank 15] File 15, xtal 558 done.
[Rank 15] File 15, xtal 559 done.
[Rank 15] File 15, xtal 560 done.
[Rank 15] File 15, xtal 561 done.
[Rank 15] File 15, xtal 562 done.
[Rank 15] File 15, xtal 563 done.
[Rank 15] File 15, xtal 564 done.
[Rank 15] File 15, xtal 565 done.
[Rank 15] File 15, xtal 566 done.
[Rank 15] File 15, xtal 567 done.
[Rank 15] File 15, xtal 568 done.
[Rank 15] File 15, xtal 569 done.
[Rank 15] File 15, xtal 570 done.
[Rank 15] File 15, xtal 571 done.
[Rank 15] File 15, xtal 572 done.
[Rank 15] File 15, xtal 573 done.
[Rank 15] File 15, xtal 574 done.
[Rank 15] File 15, xtal 575 done.
[Rank 15] File 15, xtal 576 done.
[Rank 15] File 15, xtal 577 done.
[Rank 15] File 15, xtal 578 done.
[Rank 15] File 15, xtal 579 done.
[Rank 15] File 15, xtal 580 done.
[Rank 15] File 15, xtal 581 done.
[Rank 15] File 15, xtal 582 done.
[Rank 15] File 15, xtal 583 done.
[Rank 15] File 15, xtal 584 done.
[Rank 15] File 15, xtal 585 done.
[Rank 15] File 15, xtal 586 done.
[Rank 15] File 15, xtal 587 done.
[Rank 15] File 15, xtal 588 done.
[Rank 15] File 15, xtal 589 done.
[Rank 15] File 15, xtal 590 done.
[Rank 15] File 15, xtal 591 done.
[Rank 15] File 15, xtal 592 done.
[Rank 15] File 15, xtal 593 done.
[Rank 15] File 15, xtal 594 done.
[Rank 15] File 15, xtal 595 done.
[Rank 15] File 15, xtal 596 done.
[Rank 15] File 15, xtal 597 done.
[Rank 15] File 15, xtal 598 done.
[Rank 15] File 15, xtal 599 done.
[Rank 15] File 15, xtal 600 done.
[Rank 15] File 15, xtal 601 done.
[Rank 15] File 15, xtal 602 done.
[Rank 15] File 15, xtal 603 done.
[Rank 15] File 15, xtal 604 done.
[Rank 15] File 15, xtal 605 done.
[Rank 15] File 15, xtal 606 done.
[Rank 15] File 15, xtal 607 done.
[Rank 15] File 15, xtal 608 done.
[Rank 15] File 15, xtal 609 done.
[Rank 15] File 15, xtal 610 done.
[Rank 15] File 15, xtal 611 done.
[Rank 15] File 15, xtal 612 done.
[Rank 15] File 15, xtal 613 done.
[Rank 15] File 15, xtal 614 done.
[Rank 15] File 15, xtal 615 done.
[Rank 15] File 15, xtal 616 done.
[Rank 15] File 15, xtal 617 done.
[Rank 15] File 15, xtal 618 done.
[Rank 15] File 15, xtal 619 done.
[Rank 15] File 15, xtal 620 done.
[Rank 15] File 15, xtal 621 done.
[Rank 15] File 15, xtal 622 done.
[Rank 15] File 15, xtal 623 done.
[Rank 15] File 15, xtal 624 done.
[Rank 15] File 15, xtal 625 done.
[Rank 15] File 15, xtal 626 done.
[Rank 15] File 15, xtal 627 done.
[Rank 15] File 15, xtal 628 done.
[Rank 15] File 15, xtal 629 done.
[Rank 15] File 15, xtal 630 done.
[Rank 15] File 15, xtal 631 done.
[Rank 15] File 15, xtal 632 done.
[Rank 15] File 15, xtal 633 done.
[Rank 15] File 15, xtal 634 done.
[Rank 15] File 15, xtal 635 done.
[Rank 15] File 15, xtal 636 done.
[Rank 15] File 15, xtal 637 done.
[Rank 15] File 15, xtal 638 done.
[Rank 15] File 15, xtal 639 done.
[Rank 15] File 15, xtal 640 done.
[Rank 15] File 15, xtal 641 done.
[Rank 15] File 15, xtal 642 done.
[Rank 15] File 15, xtal 643 done.
[Rank 15] File 15, xtal 644 done.
[Rank 15] File 15, xtal 645 done.
[Rank 15] File 15, xtal 646 done.
[Rank 15] File 15, xtal 647 done.
[Rank 15] File 15, xtal 648 done.
[Rank 15] File 15, xtal 649 done.
[Rank 15] File 15, xtal 650 done.
[Rank 15] File 15, xtal 651 done.
[Rank 15] File 15, xtal 652 done.
[Rank 15] File 15, xtal 653 done.
[Rank 15] File 15, xtal 654 done.
[Rank 15] File 15, xtal 655 done.
[Rank 15] File 15, xtal 656 done.
[Rank 15] File 15, xtal 657 done.
[Rank 15] File 15, xtal 658 done.
[Rank 15] File 15, xtal 659 done.
[Rank 15] File 15, xtal 660 done.
[Rank 15] File 15, xtal 661 done.
[Rank 15] File 15, xtal 662 done.
[Rank 15] File 15, xtal 663 done.
[Rank 15] File 15, xtal 664 done.
[Rank 15] File 15, xtal 665 done.
[Rank 15] File 15, xtal 666 done.
[Rank 15] File 15, xtal 667 done.
[Rank 15] File 15, xtal 668 done.
[Rank 15] File 15, xtal 669 done.
[Rank 15] File 15, xtal 670 done.
[Rank 15] File 15, xtal 671 done.
[Rank 15] File 15, xtal 672 done.
[Rank 15] File 15, xtal 673 done.
[Rank 15] File 15, xtal 674 done.
[Rank 15] File 15, xtal 675 done.
[Rank 15] File 15, xtal 676 done.
[Rank 15] File 15, xtal 677 done.
[Rank 15] File 15, xtal 678 done.
[Rank 15] File 15, xtal 679 done.
[Rank 15] File 15, xtal 680 done.
[Rank 15] File 15, xtal 681 done.
[Rank 15] File 15, xtal 682 done.
[Rank 15] File 15, xtal 683 done.
[Rank 15] File 15, xtal 684 done.
[Rank 15] File 15, xtal 685 done.
[Rank 15] File 15, xtal 686 done.
[Rank 15] File 15, xtal 687 done.
[Rank 15] File 15, xtal 688 done.
[Rank 15] File 15, xtal 689 done.
[Rank 15] File 15, xtal 690 done.
[Rank 15] File 15, xtal 691 done.
[Rank 15] File 15, xtal 692 done.
[Rank 15] File 15, xtal 693 done.
[Rank 15] File 15, xtal 694 done.
[Rank 15] File 15, xtal 695 done.
[Rank 15] File 15, xtal 696 done.
[Rank 15] File 15, xtal 697 done.
[Rank 15] File 15, xtal 698 done.
[Rank 15] File 15, xtal 699 done.
[Rank 15] File 15, xtal 700 done.
[Rank 15] File 15, xtal 701 done.
[Rank 15] File 15, xtal 702 done.
[Rank 15] File 15, xtal 703 done.
[Rank 15] File 15, xtal 704 done.
[Rank 15] File 15, xtal 705 done.
[Rank 15] File 15, xtal 706 done.
[Rank 15] File 15, xtal 707 done.
[Rank 15] File 15, xtal 708 done.
[Rank 15] File 15, xtal 709 done.
[Rank 15] File 15, xtal 710 done.
[Rank 15] File 15, xtal 711 done.
[Rank 15] File 15, xtal 712 done.
[Rank 15] File 15, xtal 713 done.
[Rank 15] File 15, xtal 714 done.
[Rank 15] File 15, xtal 715 done.
[Rank 15] File 15, xtal 716 done.
[Rank 15] File 15, xtal 717 done.
[Rank 15] File 15, xtal 718 done.
[Rank 15] File 15, xtal 719 done.
[Rank 15] File 15, xtal 720 done.
[Rank 2] File 2, xtal 512 done.
[Rank 2] File 2, xtal 513 done.
[Rank 2] File 2, xtal 514 done.
[Rank 2] File 2, xtal 515 done.
[Rank 2] File 2, xtal 516 done.
[Rank 2] File 2, xtal 517 done.
[Rank 2] File 2, xtal 518 done.
[Rank 2] File 2, xtal 519 done.
[Rank 2] File 2, xtal 520 done.
[Rank 2] File 2, xtal 521 done.
[Rank 2] File 2, xtal 522 done.
[Rank 2] File 2, xtal 523 done.
[Rank 2] File 2, xtal 524 done.
[Rank 2] File 2, xtal 525 done.
[Rank 2] File 2, xtal 526 done.
[Rank 2] File 2, xtal 527 done.
[Rank 2] File 2, xtal 528 done.
[Rank 2] File 2, xtal 529 done.
[Rank 2] File 2, xtal 530 done.
[Rank 2] File 2, xtal 531 done.
[Rank 2] File 2, xtal 532 done.
[Rank 2] File 2, xtal 533 done.
[Rank 2] File 2, xtal 534 done.
[Rank 2] File 2, xtal 535 done.
[Rank 2] File 2, xtal 536 done.
[Rank 2] File 2, xtal 537 done.
[Rank 2] File 2, xtal 538 done.
[Rank 2] File 2, xtal 539 done.
[Rank 2] File 2, xtal 540 done.
[Rank 2] File 2, xtal 541 done.
[Rank 2] File 2, xtal 542 done.
[Rank 2] File 2, xtal 543 done.
[Rank 2] File 2, xtal 544 done.
[Rank 2] File 2, xtal 545 done.
[Rank 2] File 2, xtal 546 done.
[Rank 2] File 2, xtal 547 done.
[Rank 2] File 2, xtal 548 done.
[Rank 2] File 2, xtal 549 done.
[Rank 2] File 2, xtal 550 done.
[Rank 2] File 2, xtal 551 done.
[Rank 2] File 2, xtal 552 done.
[Rank 2] File 2, xtal 553 done.
[Rank 2] File 2, xtal 554 done.
[Rank 2] File 2, xtal 555 done.
[Rank 2] File 2, xtal 556 done.
[Rank 2] File 2, xtal 557 done.
[Rank 2] File 2, xtal 558 done.
[Rank 2] File 2, xtal 559 done.
[Rank 2] File 2, xtal 560 done.
[Rank 2] File 2, xtal 561 done.
[Rank 2] File 2, xtal 562 done.
[Rank 2] File 2, xtal 563 done.
[Rank 2] File 2, xtal 564 done.
[Rank 2] File 2, xtal 565 done.
[Rank 2] File 2, xtal 566 done.
[Rank 2] File 2, xtal 567 done.
[Rank 2] File 2, xtal 568 done.
[Rank 2] File 2, xtal 569 done.
[Rank 2] File 2, xtal 570 done.
[Rank 2] File 2, xtal 571 done.
[Rank 2] File 2, xtal 572 done.
[Rank 2] File 2, xtal 573 done.
[Rank 2] File 2, xtal 574 done.
[Rank 2] File 2, xtal 575 done.
[Rank 2] File 2, xtal 576 done.
[Rank 2] File 2, xtal 577 done.
[Rank 2] File 2, xtal 578 done.
[Rank 2] File 2, xtal 579 done.
[Rank 2] File 2, xtal 580 done.
[Rank 2] File 2, xtal 581 done.
[Rank 2] File 2, xtal 582 done.
[Rank 2] File 2, xtal 583 done.
[Rank 2] File 2, xtal 584 done.
[Rank 2] File 2, xtal 585 done.
[Rank 2] File 2, xtal 586 done.
[Rank 2] File 2, xtal 587 done.
[Rank 2] File 2, xtal 588 done.
[Rank 2] File 2, xtal 589 done.
[Rank 2] File 2, xtal 590 done.
[Rank 2] File 2, xtal 591 done.
[Rank 2] File 2, xtal 592 done.
[Rank 2] File 2, xtal 593 done.
[Rank 2] File 2, xtal 594 done.
[Rank 2] File 2, xtal 595 done.
[Rank 2] File 2, xtal 596 done.
[Rank 2] File 2, xtal 597 done.
[Rank 2] File 2, xtal 598 done.
[Rank 2] File 2, xtal 599 done.
[Rank 2] File 2, xtal 600 done.
[Rank 2] File 2, xtal 601 done.
[Rank 2] File 2, xtal 602 done.
[Rank 2] File 2, xtal 603 done.
[Rank 2] File 2, xtal 604 done.
[Rank 2] File 2, xtal 605 done.
[Rank 2] File 2, xtal 606 done.
[Rank 2] File 2, xtal 607 done.
[Rank 2] File 2, xtal 608 done.
[Rank 2] File 2, xtal 609 done.
[Rank 2] File 2, xtal 610 done.
[Rank 2] File 2, xtal 611 done.
[Rank 2] File 2, xtal 612 done.
[Rank 2] File 2, xtal 613 done.
[Rank 2] File 2, xtal 614 done.
[Rank 2] File 2, xtal 615 done.
[Rank 2] File 2, xtal 616 done.
[Rank 2] File 2, xtal 617 done.
[Rank 2] File 2, xtal 618 done.
[Rank 2] File 2, xtal 619 done.
[Rank 2] File 2, xtal 620 done.
[Rank 2] File 2, xtal 621 done.
[Rank 2] File 2, xtal 622 done.
[Rank 2] File 2, xtal 623 done.
[Rank 2] File 2, xtal 624 done.
[Rank 2] File 2, xtal 625 done.
[Rank 2] File 2, xtal 626 done.
[Rank 2] File 2, xtal 627 done.
[Rank 2] File 2, xtal 628 done.
[Rank 2] File 2, xtal 629 done.
[Rank 2] File 2, xtal 630 done.
[Rank 2] File 2, xtal 631 done.
[Rank 2] File 2, xtal 632 done.
[Rank 2] File 2, xtal 633 done.
[Rank 2] File 2, xtal 634 done.
[Rank 2] File 2, xtal 635 done.
[Rank 2] File 2, xtal 636 done.
[Rank 2] File 2, xtal 637 done.
[Rank 2] File 2, xtal 638 done.
[Rank 2] File 2, xtal 639 done.
[Rank 2] File 2, xtal 640 done.
[Rank 2] File 2, xtal 641 done.
[Rank 2] File 2, xtal 642 done.
[Rank 2] File 2, xtal 643 done.
[Rank 2] File 2, xtal 644 done.
[Rank 2] File 2, xtal 645 done.
[Rank 2] File 2, xtal 646 done.
[Rank 2] File 2, xtal 647 done.
[Rank 2] File 2, xtal 648 done.
[Rank 2] File 2, xtal 649 done.
[Rank 2] File 2, xtal 650 done.
[Rank 2] File 2, xtal 651 done.
[Rank 2] File 2, xtal 652 done.
[Rank 2] File 2, xtal 653 done.
[Rank 2] File 2, xtal 654 done.
[Rank 2] File 2, xtal 655 done.
[Rank 2] File 2, xtal 656 done.
[Rank 2] File 2, xtal 657 done.
[Rank 2] File 2, xtal 658 done.
[Rank 2] File 2, xtal 659 done.
[Rank 2] File 2, xtal 660 done.
[Rank 2] File 2, xtal 661 done.
[Rank 2] File 2, xtal 662 done.
[Rank 2] File 2, xtal 663 done.
[Rank 2] File 2, xtal 664 done.
[Rank 2] File 2, xtal 665 done.
[Rank 2] File 2, xtal 666 done.
[Rank 2] File 2, xtal 667 done.
[Rank 2] File 2, xtal 668 done.
[Rank 2] File 2, xtal 669 done.
[Rank 2] File 2, xtal 670 done.
[Rank 2] File 2, xtal 671 done.
[Rank 2] File 2, xtal 672 done.
[Rank 2] File 2, xtal 673 done.
[Rank 2] File 2, xtal 674 done.
[Rank 2] File 2, xtal 675 done.
[Rank 2] File 2, xtal 676 done.
[Rank 2] File 2, xtal 677 done.
[Rank 2] File 2, xtal 678 done.
[Rank 2] File 2, xtal 679 done.
[Rank 2] File 2, xtal 680 done.
[Rank 2] File 2, xtal 681 done.
[Rank 2] File 2, xtal 682 done.
[Rank 2] File 2, xtal 683 done.
[Rank 2] File 2, xtal 684 done.
[Rank 2] File 2, xtal 685 done.
[Rank 2] File 2, xtal 686 done.
[Rank 2] File 2, xtal 687 done.
[Rank 2] File 2, xtal 688 done.
[Rank 2] File 2, xtal 689 done.
[Rank 2] File 2, xtal 690 done.
[Rank 2] File 2, xtal 691 done.
[Rank 2] File 2, xtal 692 done.
[Rank 2] File 2, xtal 693 done.
[Rank 2] File 2, xtal 694 done.
[Rank 2] File 2, xtal 695 done.
[Rank 2] File 2, xtal 696 done.
[Rank 2] File 2, xtal 697 done.
[Rank 2] File 2, xtal 698 done.
[Rank 2] File 2, xtal 699 done.
[Rank 2] File 2, xtal 700 done.
[Rank 2] File 2, xtal 701 done.
[Rank 2] File 2, xtal 702 done.
[Rank 2] File 2, xtal 703 done.
[Rank 2] File 2, xtal 704 done.
[Rank 2] File 2, xtal 705 done.
[Rank 2] File 2, xtal 706 done.
[Rank 2] File 2, xtal 707 done.
[Rank 2] File 2, xtal 708 done.
[Rank 2] File 2, xtal 709 done.
[Rank 2] File 2, xtal 710 done.
[Rank 2] File 2, xtal 711 done.
[Rank 2] File 2, xtal 712 done.
[Rank 2] File 2, xtal 713 done.
[Rank 2] File 2, xtal 714 done.
[Rank 2] File 2, xtal 715 done.
[Rank 2] File 2, xtal 716 done.
[Rank 2] File 2, xtal 717 done.
[Rank 2] File 2, xtal 718 done.
[Rank 2] File 2, xtal 719 done.
[Rank 2] File 2, xtal 720 done.
[Rank 2] File 2, xtal 721 done.
[Rank 2] File 2, xtal 722 done.
[Rank 2] File 2, xtal 723 done.
[Rank 2] File 2, xtal 724 done.
[Rank 2] File 2, xtal 725 done.
[Rank 2] File 2, xtal 726 done.
[Rank 2] File 2, xtal 727 done.
[Rank 2] File 2, xtal 728 done.
[Rank 2] File 2, xtal 729 done.
[Rank 2] File 2, xtal 730 done.
[Rank 2] File 2, xtal 731 done.
[Rank 2] File 2, xtal 732 done.
[Rank 2] File 2, xtal 733 done.
[Rank 2] File 2, xtal 734 done.
[Rank 2] File 2, xtal 735 done.
[Rank 2] File 2, xtal 736 done.
[Rank 2] File 2, xtal 737 done.
[Rank 2] File 2, xtal 738 done.
[Rank 2] File 2, xtal 739 done.
[Rank 2] File 2, xtal 740 done.
[Rank 2] File 2, xtal 741 done.
[Rank 2] File 2, xtal 742 done.
[Rank 2] File 2, xtal 743 done.
[Rank 2] File 2, xtal 744 done.
[Rank 2] File 2, xtal 745 done.
[Rank 2] File 2, xtal 746 done.
[Rank 2] File 2, xtal 747 done.
[Rank 2] File 2, xtal 748 done.
[Rank 2] File 2, xtal 749 done.
[Rank 2] File 2, xtal 750 done.
[Rank 2] File 2, xtal 751 done.
[Rank 2] File 2, xtal 752 done.
[Rank 2] File 2, xtal 753 done.
[Rank 2] File 2, xtal 754 done.
[Rank 2] File 2, xtal 755 done.
[Rank 2] File 2, xtal 756 done.
[Rank 2] File 2, xtal 757 done.
[Rank 2] File 2, xtal 758 done.
[Rank 2] File 2, xtal 759 done.
[Rank 2] File 2, xtal 760 done.
[Rank 2] File 2, xtal 761 done.
[Rank 2] File 2, xtal 762 done.
[Rank 2] File 2, xtal 763 done.
[Rank 2] File 2, xtal 764 done.
[Rank 2] File 2, xtal 765 done.
[Rank 2] File 2, xtal 766 done.
[Rank 2] File 2, xtal 767 done.
[Rank 9] File 9, xtal 512 done.
[Rank 9] File 9, xtal 513 done.
[Rank 9] File 9, xtal 514 done.
[Rank 9] File 9, xtal 515 done.
[Rank 9] File 9, xtal 516 done.
[Rank 9] File 9, xtal 517 done.
[Rank 9] File 9, xtal 518 done.
[Rank 9] File 9, xtal 519 done.
[Rank 9] File 9, xtal 520 done.
[Rank 9] File 9, xtal 521 done.
[Rank 9] File 9, xtal 522 done.
[Rank 9] File 9, xtal 523 done.
[Rank 9] File 9, xtal 524 done.
[Rank 9] File 9, xtal 525 done.
[Rank 9] File 9, xtal 526 done.
[Rank 9] File 9, xtal 527 done.
[Rank 9] File 9, xtal 528 done.
[Rank 9] File 9, xtal 529 done.
[Rank 9] File 9, xtal 530 done.
[Rank 9] File 9, xtal 531 done.
[Rank 9] File 9, xtal 532 done.
[Rank 9] File 9, xtal 533 done.
[Rank 9] File 9, xtal 534 done.
[Rank 9] File 9, xtal 535 done.
[Rank 9] File 9, xtal 536 done.
[Rank 9] File 9, xtal 537 done.
[Rank 9] File 9, xtal 538 done.
[Rank 9] File 9, xtal 539 done.
[Rank 9] File 9, xtal 540 done.
[Rank 9] File 9, xtal 541 done.
[Rank 9] File 9, xtal 542 done.
[Rank 9] File 9, xtal 543 done.
[Rank 9] File 9, xtal 544 done.
[Rank 9] File 9, xtal 545 done.
[Rank 9] File 9, xtal 546 done.
[Rank 9] File 9, xtal 547 done.
[Rank 9] File 9, xtal 548 done.
[Rank 9] File 9, xtal 549 done.
[Rank 9] File 9, xtal 550 done.
[Rank 9] File 9, xtal 551 done.
[Rank 9] File 9, xtal 552 done.
[Rank 9] File 9, xtal 553 done.
[Rank 9] File 9, xtal 554 done.
[Rank 9] File 9, xtal 555 done.
[Rank 9] File 9, xtal 556 done.
[Rank 9] File 9, xtal 557 done.
[Rank 9] File 9, xtal 558 done.
[Rank 9] File 9, xtal 559 done.
[Rank 9] File 9, xtal 560 done.
[Rank 9] File 9, xtal 561 done.
[Rank 9] File 9, xtal 562 done.
[Rank 9] File 9, xtal 563 done.
[Rank 9] File 9, xtal 564 done.
[Rank 9] File 9, xtal 565 done.
[Rank 9] File 9, xtal 566 done.
[Rank 9] File 9, xtal 567 done.
[Rank 9] File 9, xtal 568 done.
[Rank 9] File 9, xtal 569 done.
[Rank 9] File 9, xtal 570 done.
[Rank 9] File 9, xtal 571 done.
[Rank 9] File 9, xtal 572 done.
[Rank 9] File 9, xtal 573 done.
[Rank 9] File 9, xtal 574 done.
[Rank 9] File 9, xtal 575 done.
[Rank 9] File 9, xtal 576 done.
[Rank 9] File 9, xtal 577 done.
[Rank 9] File 9, xtal 578 done.
[Rank 9] File 9, xtal 579 done.
[Rank 9] File 9, xtal 580 done.
[Rank 9] File 9, xtal 581 done.
[Rank 9] File 9, xtal 582 done.
[Rank 9] File 9, xtal 583 done.
[Rank 9] File 9, xtal 584 done.
[Rank 9] File 9, xtal 585 done.
[Rank 9] File 9, xtal 586 done.
[Rank 9] File 9, xtal 587 done.
[Rank 9] File 9, xtal 588 done.
[Rank 9] File 9, xtal 589 done.
[Rank 9] File 9, xtal 590 done.
[Rank 9] File 9, xtal 591 done.
[Rank 9] File 9, xtal 592 done.
[Rank 9] File 9, xtal 593 done.
[Rank 9] File 9, xtal 594 done.
[Rank 9] File 9, xtal 595 done.
[Rank 9] File 9, xtal 596 done.
[Rank 9] File 9, xtal 597 done.
[Rank 9] File 9, xtal 598 done.
[Rank 9] File 9, xtal 599 done.
[Rank 9] File 9, xtal 600 done.
[Rank 9] File 9, xtal 601 done.
[Rank 9] File 9, xtal 602 done.
[Rank 9] File 9, xtal 603 done.
[Rank 9] File 9, xtal 604 done.
[Rank 9] File 9, xtal 605 done.
[Rank 9] File 9, xtal 606 done.
[Rank 9] File 9, xtal 607 done.
[Rank 9] File 9, xtal 608 done.
[Rank 9] File 9, xtal 609 done.
[Rank 9] File 9, xtal 610 done.
[Rank 9] File 9, xtal 611 done.
[Rank 9] File 9, xtal 612 done.
[Rank 9] File 9, xtal 613 done.
[Rank 9] File 9, xtal 614 done.
[Rank 9] File 9, xtal 615 done.
[Rank 9] File 9, xtal 616 done.
[Rank 9] File 9, xtal 617 done.
[Rank 9] File 9, xtal 618 done.
[Rank 9] File 9, xtal 619 done.
[Rank 9] File 9, xtal 620 done.
[Rank 9] File 9, xtal 621 done.
[Rank 9] File 9, xtal 622 done.
[Rank 9] File 9, xtal 623 done.
[Rank 9] File 9, xtal 624 done.
[Rank 9] File 9, xtal 625 done.
[Rank 9] File 9, xtal 626 done.
[Rank 9] File 9, xtal 627 done.
[Rank 9] File 9, xtal 628 done.
[Rank 9] File 9, xtal 629 done.
[Rank 9] File 9, xtal 630 done.
[Rank 9] File 9, xtal 631 done.
[Rank 9] File 9, xtal 632 done.
[Rank 9] File 9, xtal 633 done.
[Rank 9] File 9, xtal 634 done.
[Rank 9] File 9, xtal 635 done.
[Rank 9] File 9, xtal 636 done.
[Rank 9] File 9, xtal 637 done.
[Rank 9] File 9, xtal 638 done.
[Rank 9] File 9, xtal 639 done.
[Rank 9] File 9, xtal 640 done.
[Rank 9] File 9, xtal 641 done.
[Rank 9] File 9, xtal 642 done.
[Rank 9] File 9, xtal 643 done.
[Rank 9] File 9, xtal 644 done.
[Rank 9] File 9, xtal 645 done.
[Rank 9] File 9, xtal 646 done.
[Rank 9] File 9, xtal 647 done.
[Rank 9] File 9, xtal 648 done.
[Rank 9] File 9, xtal 649 done.
[Rank 9] File 9, xtal 650 done.
[Rank 9] File 9, xtal 651 done.
[Rank 9] File 9, xtal 652 done.
[Rank 9] File 9, xtal 653 done.
[Rank 9] File 9, xtal 654 done.
[Rank 9] File 9, xtal 655 done.
[Rank 9] File 9, xtal 656 done.
[Rank 9] File 9, xtal 657 done.
[Rank 9] File 9, xtal 658 done.
[Rank 9] File 9, xtal 659 done.
[Rank 9] File 9, xtal 660 done.
[Rank 9] File 9, xtal 661 done.
[Rank 9] File 9, xtal 662 done.
[Rank 9] File 9, xtal 663 done.
[Rank 9] File 9, xtal 664 done.
[Rank 9] File 9, xtal 665 done.
[Rank 9] File 9, xtal 666 done.
[Rank 9] File 9, xtal 667 done.
[Rank 9] File 9, xtal 668 done.
[Rank 9] File 9, xtal 669 done.
[Rank 9] File 9, xtal 670 done.
[Rank 9] File 9, xtal 671 done.
[Rank 9] File 9, xtal 672 done.
[Rank 9] File 9, xtal 673 done.
[Rank 9] File 9, xtal 674 done.
[Rank 9] File 9, xtal 675 done.
[Rank 9] File 9, xtal 676 done.
[Rank 9] File 9, xtal 677 done.
[Rank 9] File 9, xtal 678 done.
[Rank 9] File 9, xtal 679 done.
[Rank 9] File 9, xtal 680 done.
[Rank 9] File 9, xtal 681 done.
[Rank 9] File 9, xtal 682 done.
[Rank 9] File 9, xtal 683 done.
[Rank 9] File 9, xtal 684 done.
[Rank 9] File 9, xtal 685 done.
[Rank 9] File 9, xtal 686 done.
[Rank 9] File 9, xtal 687 done.
[Rank 9] File 9, xtal 688 done.
[Rank 9] File 9, xtal 689 done.
[Rank 9] File 9, xtal 690 done.
[Rank 9] File 9, xtal 691 done.
[Rank 9] File 9, xtal 692 done.
[Rank 9] File 9, xtal 693 done.
[Rank 9] File 9, xtal 694 done.
[Rank 9] File 9, xtal 695 done.
[Rank 9] File 9, xtal 696 done.
[Rank 9] File 9, xtal 697 done.
[Rank 9] File 9, xtal 698 done.
[Rank 9] File 9, xtal 699 done.
[Rank 9] File 9, xtal 700 done.
[Rank 9] File 9, xtal 701 done.
[Rank 9] File 9, xtal 702 done.
[Rank 9] File 9, xtal 703 done.
[Rank 9] File 9, xtal 704 done.
[Rank 9] File 9, xtal 705 done.
[Rank 9] File 9, xtal 706 done.
[Rank 9] File 9, xtal 707 done.
[Rank 9] File 9, xtal 708 done.
[Rank 9] File 9, xtal 709 done.
[Rank 9] File 9, xtal 710 done.
[Rank 9] File 9, xtal 711 done.
[Rank 9] File 9, xtal 712 done.
[Rank 9] File 9, xtal 713 done.
[Rank 9] File 9, xtal 714 done.
[Rank 9] File 9, xtal 715 done.
[Rank 9] File 9, xtal 716 done.
[Rank 9] File 9, xtal 717 done.
[Rank 9] File 9, xtal 718 done.
[Rank 9] File 9, xtal 719 done.
[Rank 9] File 9, xtal 720 done.
[Rank 9] File 9, xtal 721 done.
[Rank 9] File 9, xtal 722 done.
[Rank 9] File 9, xtal 723 done.
[Rank 9] File 9, xtal 724 done.
[Rank 9] File 9, xtal 725 done.
[Rank 9] File 9, xtal 726 done.
[Rank 9] File 9, xtal 727 done.
[Rank 9] File 9, xtal 728 done.
[Rank 9] File 9, xtal 729 done.
[Rank 9] File 9, xtal 730 done.
[Rank 9] File 9, xtal 731 done.
[Rank 9] File 9, xtal 732 done.
[Rank 9] File 9, xtal 733 done.
[Rank 9] File 9, xtal 734 done.
[Rank 9] File 9, xtal 735 done.
[Rank 9] File 9, xtal 736 done.
[Rank 9] File 9, xtal 737 done.
[Rank 9] File 9, xtal 738 done.
[Rank 9] File 9, xtal 739 done.
[Rank 9] File 9, xtal 740 done.
[Rank 9] File 9, xtal 741 done.
[Rank 9] File 9, xtal 742 done.
[Rank 9] File 9, xtal 743 done.
[Rank 9] File 9, xtal 744 done.
[Rank 9] File 9, xtal 745 done.
[Rank 9] File 9, xtal 746 done.
[Rank 9] File 9, xtal 747 done.
[Rank 9] File 9, xtal 748 done.
[Rank 9] File 9, xtal 749 done.
[Rank 9] File 9, xtal 750 done.
[Rank 9] File 9, xtal 751 done.
[Rank 9] File 9, xtal 752 done.
[Rank 9] File 9, xtal 753 done.
[Rank 9] File 9, xtal 754 done.
[Rank 9] File 9, xtal 755 done.
[Rank 9] File 9, xtal 756 done.
[Rank 9] File 9, xtal 757 done.
[Rank 9] File 9, xtal 758 done.
[Rank 9] File 9, xtal 759 done.
[Rank 9] File 9, xtal 760 done.
[Rank 9] File 9, xtal 761 done.
[Rank 9] File 9, xtal 762 done.
[Rank 9] File 9, xtal 763 done.
[Rank 9] File 9, xtal 764 done.
[Rank 9] File 9, xtal 765 done.
[Rank 9] File 9, xtal 766 done.
[Rank 9] File 9, xtal 767 done.
[Rank 3] File 3, xtal 512 done.
[Rank 3] File 3, xtal 513 done.
[Rank 3] File 3, xtal 514 done.
[Rank 3] File 3, xtal 515 done.
[Rank 3] File 3, xtal 516 done.
[Rank 3] File 3, xtal 517 done.
[Rank 3] File 3, xtal 518 done.
[Rank 3] File 3, xtal 519 done.
[Rank 3] File 3, xtal 520 done.
[Rank 3] File 3, xtal 521 done.
[Rank 3] File 3, xtal 522 done.
[Rank 3] File 3, xtal 523 done.
[Rank 3] File 3, xtal 524 done.
[Rank 3] File 3, xtal 525 done.
[Rank 3] File 3, xtal 526 done.
[Rank 3] File 3, xtal 527 done.
[Rank 3] File 3, xtal 528 done.
[Rank 3] File 3, xtal 529 done.
[Rank 3] File 3, xtal 530 done.
[Rank 3] File 3, xtal 531 done.
[Rank 3] File 3, xtal 532 done.
[Rank 3] File 3, xtal 533 done.
[Rank 3] File 3, xtal 534 done.
[Rank 3] File 3, xtal 535 done.
[Rank 3] File 3, xtal 536 done.
[Rank 3] File 3, xtal 537 done.
[Rank 3] File 3, xtal 538 done.
[Rank 3] File 3, xtal 539 done.
[Rank 3] File 3, xtal 540 done.
[Rank 3] File 3, xtal 541 done.
[Rank 3] File 3, xtal 542 done.
[Rank 3] File 3, xtal 543 done.
[Rank 3] File 3, xtal 544 done.
[Rank 3] File 3, xtal 545 done.
[Rank 3] File 3, xtal 546 done.
[Rank 3] File 3, xtal 547 done.
[Rank 3] File 3, xtal 548 done.
[Rank 3] File 3, xtal 549 done.
[Rank 3] File 3, xtal 550 done.
[Rank 3] File 3, xtal 551 done.
[Rank 3] File 3, xtal 552 done.
[Rank 3] File 3, xtal 553 done.
[Rank 3] File 3, xtal 554 done.
[Rank 3] File 3, xtal 555 done.
[Rank 3] File 3, xtal 556 done.
[Rank 3] File 3, xtal 557 done.
[Rank 3] File 3, xtal 558 done.
[Rank 3] File 3, xtal 559 done.
[Rank 3] File 3, xtal 560 done.
[Rank 3] File 3, xtal 561 done.
[Rank 3] File 3, xtal 562 done.
[Rank 3] File 3, xtal 563 done.
[Rank 3] File 3, xtal 564 done.
[Rank 3] File 3, xtal 565 done.
[Rank 3] File 3, xtal 566 done.
[Rank 3] File 3, xtal 567 done.
[Rank 3] File 3, xtal 568 done.
[Rank 3] File 3, xtal 569 done.
[Rank 3] File 3, xtal 570 done.
[Rank 3] File 3, xtal 571 done.
[Rank 3] File 3, xtal 572 done.
[Rank 3] File 3, xtal 573 done.
[Rank 3] File 3, xtal 574 done.
[Rank 3] File 3, xtal 575 done.
[Rank 3] File 3, xtal 576 done.
[Rank 3] File 3, xtal 577 done.
[Rank 3] File 3, xtal 578 done.
[Rank 3] File 3, xtal 579 done.
[Rank 3] File 3, xtal 580 done.
[Rank 3] File 3, xtal 581 done.
[Rank 3] File 3, xtal 582 done.
[Rank 3] File 3, xtal 583 done.
[Rank 3] File 3, xtal 584 done.
[Rank 3] File 3, xtal 585 done.
[Rank 3] File 3, xtal 586 done.
[Rank 3] File 3, xtal 587 done.
[Rank 3] File 3, xtal 588 done.
[Rank 3] File 3, xtal 589 done.
[Rank 3] File 3, xtal 590 done.
[Rank 3] File 3, xtal 591 done.
[Rank 3] File 3, xtal 592 done.
[Rank 3] File 3, xtal 593 done.
[Rank 3] File 3, xtal 594 done.
[Rank 3] File 3, xtal 595 done.
[Rank 3] File 3, xtal 596 done.
[Rank 3] File 3, xtal 597 done.
[Rank 3] File 3, xtal 598 done.
[Rank 3] File 3, xtal 599 done.
[Rank 3] File 3, xtal 600 done.
[Rank 3] File 3, xtal 601 done.
[Rank 3] File 3, xtal 602 done.
[Rank 3] File 3, xtal 603 done.
[Rank 3] File 3, xtal 604 done.
[Rank 3] File 3, xtal 605 done.
[Rank 3] File 3, xtal 606 done.
[Rank 3] File 3, xtal 607 done.
[Rank 3] File 3, xtal 608 done.
[Rank 3] File 3, xtal 609 done.
[Rank 3] File 3, xtal 610 done.
[Rank 3] File 3, xtal 611 done.
[Rank 3] File 3, xtal 612 done.
[Rank 3] File 3, xtal 613 done.
[Rank 3] File 3, xtal 614 done.
[Rank 3] File 3, xtal 615 done.
[Rank 3] File 3, xtal 616 done.
[Rank 3] File 3, xtal 617 done.
[Rank 3] File 3, xtal 618 done.
[Rank 3] File 3, xtal 619 done.
[Rank 3] File 3, xtal 620 done.
[Rank 3] File 3, xtal 621 done.
[Rank 3] File 3, xtal 622 done.
[Rank 3] File 3, xtal 623 done.
[Rank 3] File 3, xtal 624 done.
[Rank 3] File 3, xtal 625 done.
[Rank 3] File 3, xtal 626 done.
[Rank 3] File 3, xtal 627 done.
[Rank 3] File 3, xtal 628 done.
[Rank 3] File 3, xtal 629 done.
[Rank 3] File 3, xtal 630 done.
[Rank 3] File 3, xtal 631 done.
[Rank 3] File 3, xtal 632 done.
[Rank 3] File 3, xtal 633 done.
[Rank 3] File 3, xtal 634 done.
[Rank 3] File 3, xtal 635 done.
[Rank 3] File 3, xtal 636 done.
[Rank 3] File 3, xtal 637 done.
[Rank 3] File 3, xtal 638 done.
[Rank 3] File 3, xtal 639 done.
[Rank 3] File 3, xtal 640 done.
[Rank 3] File 3, xtal 641 done.
[Rank 3] File 3, xtal 642 done.
[Rank 3] File 3, xtal 643 done.
[Rank 3] File 3, xtal 644 done.
[Rank 3] File 3, xtal 645 done.
[Rank 3] File 3, xtal 646 done.
[Rank 3] File 3, xtal 647 done.
[Rank 3] File 3, xtal 648 done.
[Rank 3] File 3, xtal 649 done.
[Rank 3] File 3, xtal 650 done.
[Rank 3] File 3, xtal 651 done.
[Rank 3] File 3, xtal 652 done.
[Rank 3] File 3, xtal 653 done.
[Rank 3] File 3, xtal 654 done.
[Rank 3] File 3, xtal 655 done.
[Rank 3] File 3, xtal 656 done.
[Rank 3] File 3, xtal 657 done.
[Rank 3] File 3, xtal 658 done.
[Rank 3] File 3, xtal 659 done.
[Rank 3] File 3, xtal 660 done.
[Rank 3] File 3, xtal 661 done.
[Rank 3] File 3, xtal 662 done.
[Rank 3] File 3, xtal 663 done.
[Rank 3] File 3, xtal 664 done.
[Rank 3] File 3, xtal 665 done.
[Rank 3] File 3, xtal 666 done.
[Rank 3] File 3, xtal 667 done.
[Rank 3] File 3, xtal 668 done.
[Rank 3] File 3, xtal 669 done.
[Rank 3] File 3, xtal 670 done.
[Rank 3] File 3, xtal 671 done.
[Rank 3] File 3, xtal 672 done.
[Rank 3] File 3, xtal 673 done.
[Rank 3] File 3, xtal 674 done.
[Rank 3] File 3, xtal 675 done.
[Rank 3] File 3, xtal 676 done.
[Rank 3] File 3, xtal 677 done.
[Rank 3] File 3, xtal 678 done.
[Rank 3] File 3, xtal 679 done.
[Rank 3] File 3, xtal 680 done.
[Rank 3] File 3, xtal 681 done.
[Rank 3] File 3, xtal 682 done.
[Rank 3] File 3, xtal 683 done.
[Rank 3] File 3, xtal 684 done.
[Rank 3] File 3, xtal 685 done.
[Rank 3] File 3, xtal 686 done.
[Rank 3] File 3, xtal 687 done.
[Rank 3] File 3, xtal 688 done.
[Rank 3] File 3, xtal 689 done.
[Rank 3] File 3, xtal 690 done.
[Rank 3] File 3, xtal 691 done.
[Rank 3] File 3, xtal 692 done.
[Rank 3] File 3, xtal 693 done.
[Rank 3] File 3, xtal 694 done.
[Rank 3] File 3, xtal 695 done.
[Rank 3] File 3, xtal 696 done.
[Rank 3] File 3, xtal 697 done.
[Rank 3] File 3, xtal 698 done.
[Rank 3] File 3, xtal 699 done.
[Rank 3] File 3, xtal 700 done.
[Rank 3] File 3, xtal 701 done.
[Rank 3] File 3, xtal 702 done.
[Rank 3] File 3, xtal 703 done.
[Rank 3] File 3, xtal 704 done.
[Rank 3] File 3, xtal 705 done.
[Rank 3] File 3, xtal 706 done.
[Rank 3] File 3, xtal 707 done.
[Rank 3] File 3, xtal 708 done.
[Rank 3] File 3, xtal 709 done.
[Rank 3] File 3, xtal 710 done.
[Rank 3] File 3, xtal 711 done.
[Rank 3] File 3, xtal 712 done.
[Rank 3] File 3, xtal 713 done.
[Rank 3] File 3, xtal 714 done.
[Rank 3] File 3, xtal 715 done.
[Rank 3] File 3, xtal 716 done.
[Rank 3] File 3, xtal 717 done.
[Rank 3] File 3, xtal 718 done.
[Rank 3] File 3, xtal 719 done.
[Rank 3] File 3, xtal 720 done.
[Rank 3] File 3, xtal 721 done.
[Rank 3] File 3, xtal 722 done.
[Rank 3] File 3, xtal 723 done.
[Rank 3] File 3, xtal 724 done.
[Rank 3] File 3, xtal 725 done.
[Rank 3] File 3, xtal 726 done.
[Rank 3] File 3, xtal 727 done.
[Rank 3] File 3, xtal 728 done.
[Rank 3] File 3, xtal 729 done.
[Rank 3] File 3, xtal 730 done.
[Rank 3] File 3, xtal 731 done.
[Rank 3] File 3, xtal 732 done.
[Rank 3] File 3, xtal 733 done.
[Rank 3] File 3, xtal 734 done.
[Rank 3] File 3, xtal 735 done.
[Rank 3] File 3, xtal 736 done.
[Rank 3] File 3, xtal 737 done.
[Rank 3] File 3, xtal 738 done.
[Rank 3] File 3, xtal 739 done.
[Rank 3] File 3, xtal 740 done.
[Rank 3] File 3, xtal 741 done.
[Rank 3] File 3, xtal 742 done.
[Rank 3] File 3, xtal 743 done.
[Rank 3] File 3, xtal 744 done.
[Rank 3] File 3, xtal 745 done.
[Rank 3] File 3, xtal 746 done.
[Rank 3] File 3, xtal 747 done.
[Rank 3] File 3, xtal 748 done.
[Rank 3] File 3, xtal 749 done.
[Rank 3] File 3, xtal 750 done.
[Rank 3] File 3, xtal 751 done.
[Rank 3] File 3, xtal 752 done.
[Rank 3] File 3, xtal 753 done.
[Rank 3] File 3, xtal 754 done.
[Rank 3] File 3, xtal 755 done.
[Rank 3] File 3, xtal 756 done.
[Rank 3] File 3, xtal 757 done.
[Rank 3] File 3, xtal 758 done.
[Rank 3] File 3, xtal 759 done.
[Rank 3] File 3, xtal 760 done.
[Rank 3] File 3, xtal 761 done.
[Rank 3] File 3, xtal 762 done.
[Rank 3] File 3, xtal 763 done.
[Rank 3] File 3, xtal 764 done.
[Rank 3] File 3, xtal 765 done.
[Rank 3] File 3, xtal 766 done.
[Rank 3] File 3, xtal 767 done.
[Rank 8] File 8, xtal 512 done.
[Rank 8] File 8, xtal 513 done.
[Rank 8] File 8, xtal 514 done.
[Rank 8] File 8, xtal 515 done.
[Rank 8] File 8, xtal 516 done.
[Rank 8] File 8, xtal 517 done.
[Rank 8] File 8, xtal 518 done.
[Rank 8] File 8, xtal 519 done.
[Rank 8] File 8, xtal 520 done.
[Rank 8] File 8, xtal 521 done.
[Rank 8] File 8, xtal 522 done.
[Rank 8] File 8, xtal 523 done.
[Rank 8] File 8, xtal 524 done.
[Rank 8] File 8, xtal 525 done.
[Rank 8] File 8, xtal 526 done.
[Rank 8] File 8, xtal 527 done.
[Rank 8] File 8, xtal 528 done.
[Rank 8] File 8, xtal 529 done.
[Rank 8] File 8, xtal 530 done.
[Rank 8] File 8, xtal 531 done.
[Rank 8] File 8, xtal 532 done.
[Rank 8] File 8, xtal 533 done.
[Rank 8] File 8, xtal 534 done.
[Rank 8] File 8, xtal 535 done.
[Rank 8] File 8, xtal 536 done.
[Rank 8] File 8, xtal 537 done.
[Rank 8] File 8, xtal 538 done.
[Rank 8] File 8, xtal 539 done.
[Rank 8] File 8, xtal 540 done.
[Rank 8] File 8, xtal 541 done.
[Rank 8] File 8, xtal 542 done.
[Rank 8] File 8, xtal 543 done.
[Rank 8] File 8, xtal 544 done.
[Rank 8] File 8, xtal 545 done.
[Rank 8] File 8, xtal 546 done.
[Rank 8] File 8, xtal 547 done.
[Rank 8] File 8, xtal 548 done.
[Rank 8] File 8, xtal 549 done.
[Rank 8] File 8, xtal 550 done.
[Rank 8] File 8, xtal 551 done.
[Rank 8] File 8, xtal 552 done.
[Rank 8] File 8, xtal 553 done.
[Rank 8] File 8, xtal 554 done.
[Rank 8] File 8, xtal 555 done.
[Rank 8] File 8, xtal 556 done.
[Rank 8] File 8, xtal 557 done.
[Rank 8] File 8, xtal 558 done.
[Rank 8] File 8, xtal 559 done.
[Rank 8] File 8, xtal 560 done.
[Rank 8] File 8, xtal 561 done.
[Rank 8] File 8, xtal 562 done.
[Rank 8] File 8, xtal 563 done.
[Rank 8] File 8, xtal 564 done.
[Rank 8] File 8, xtal 565 done.
[Rank 8] File 8, xtal 566 done.
[Rank 8] File 8, xtal 567 done.
[Rank 8] File 8, xtal 568 done.
[Rank 8] File 8, xtal 569 done.
[Rank 8] File 8, xtal 570 done.
[Rank 8] File 8, xtal 571 done.
[Rank 8] File 8, xtal 572 done.
[Rank 8] File 8, xtal 573 done.
[Rank 8] File 8, xtal 574 done.
[Rank 8] File 8, xtal 575 done.
[Rank 8] File 8, xtal 576 done.
[Rank 8] File 8, xtal 577 done.
[Rank 8] File 8, xtal 578 done.
[Rank 8] File 8, xtal 579 done.
[Rank 8] File 8, xtal 580 done.
[Rank 8] File 8, xtal 581 done.
[Rank 8] File 8, xtal 582 done.
[Rank 8] File 8, xtal 583 done.
[Rank 8] File 8, xtal 584 done.
[Rank 8] File 8, xtal 585 done.
[Rank 8] File 8, xtal 586 done.
[Rank 8] File 8, xtal 587 done.
[Rank 8] File 8, xtal 588 done.
[Rank 8] File 8, xtal 589 done.
[Rank 8] File 8, xtal 590 done.
[Rank 8] File 8, xtal 591 done.
[Rank 8] File 8, xtal 592 done.
[Rank 8] File 8, xtal 593 done.
[Rank 8] File 8, xtal 594 done.
[Rank 8] File 8, xtal 595 done.
[Rank 8] File 8, xtal 596 done.
[Rank 8] File 8, xtal 597 done.
[Rank 8] File 8, xtal 598 done.
[Rank 8] File 8, xtal 599 done.
[Rank 8] File 8, xtal 600 done.
[Rank 8] File 8, xtal 601 done.
[Rank 8] File 8, xtal 602 done.
[Rank 8] File 8, xtal 603 done.
[Rank 8] File 8, xtal 604 done.
[Rank 8] File 8, xtal 605 done.
[Rank 8] File 8, xtal 606 done.
[Rank 8] File 8, xtal 607 done.
[Rank 8] File 8, xtal 608 done.
[Rank 8] File 8, xtal 609 done.
[Rank 8] File 8, xtal 610 done.
[Rank 8] File 8, xtal 611 done.
[Rank 8] File 8, xtal 612 done.
[Rank 8] File 8, xtal 613 done.
[Rank 8] File 8, xtal 614 done.
[Rank 8] File 8, xtal 615 done.
[Rank 8] File 8, xtal 616 done.
[Rank 8] File 8, xtal 617 done.
[Rank 8] File 8, xtal 618 done.
[Rank 8] File 8, xtal 619 done.
[Rank 8] File 8, xtal 620 done.
[Rank 8] File 8, xtal 621 done.
[Rank 8] File 8, xtal 622 done.
[Rank 8] File 8, xtal 623 done.
[Rank 8] File 8, xtal 624 done.
[Rank 8] File 8, xtal 625 done.
[Rank 8] File 8, xtal 626 done.
[Rank 8] File 8, xtal 627 done.
[Rank 8] File 8, xtal 628 done.
[Rank 8] File 8, xtal 629 done.
[Rank 8] File 8, xtal 630 done.
[Rank 8] File 8, xtal 631 done.
[Rank 8] File 8, xtal 632 done.
[Rank 8] File 8, xtal 633 done.
[Rank 8] File 8, xtal 634 done.
[Rank 8] File 8, xtal 635 done.
[Rank 8] File 8, xtal 636 done.
[Rank 8] File 8, xtal 637 done.
[Rank 8] File 8, xtal 638 done.
[Rank 8] File 8, xtal 639 done.
[Rank 8] File 8, xtal 640 done.
[Rank 8] File 8, xtal 641 done.
[Rank 8] File 8, xtal 642 done.
[Rank 8] File 8, xtal 643 done.
[Rank 8] File 8, xtal 644 done.
[Rank 8] File 8, xtal 645 done.
[Rank 8] File 8, xtal 646 done.
[Rank 8] File 8, xtal 647 done.
[Rank 8] File 8, xtal 648 done.
[Rank 8] File 8, xtal 649 done.
[Rank 8] File 8, xtal 650 done.
[Rank 8] File 8, xtal 651 done.
[Rank 8] File 8, xtal 652 done.
[Rank 8] File 8, xtal 653 done.
[Rank 8] File 8, xtal 654 done.
[Rank 8] File 8, xtal 655 done.
[Rank 8] File 8, xtal 656 done.
[Rank 8] File 8, xtal 657 done.
[Rank 8] File 8, xtal 658 done.
[Rank 8] File 8, xtal 659 done.
[Rank 8] File 8, xtal 660 done.
[Rank 8] File 8, xtal 661 done.
[Rank 8] File 8, xtal 662 done.
[Rank 8] File 8, xtal 663 done.
[Rank 8] File 8, xtal 664 done.
[Rank 8] File 8, xtal 665 done.
[Rank 8] File 8, xtal 666 done.
[Rank 8] File 8, xtal 667 done.
[Rank 8] File 8, xtal 668 done.
[Rank 8] File 8, xtal 669 done.
[Rank 8] File 8, xtal 670 done.
[Rank 8] File 8, xtal 671 done.
[Rank 8] File 8, xtal 672 done.
[Rank 8] File 8, xtal 673 done.
[Rank 8] File 8, xtal 674 done.
[Rank 8] File 8, xtal 675 done.
[Rank 8] File 8, xtal 676 done.
[Rank 8] File 8, xtal 677 done.
[Rank 8] File 8, xtal 678 done.
[Rank 8] File 8, xtal 679 done.
[Rank 8] File 8, xtal 680 done.
[Rank 8] File 8, xtal 681 done.
[Rank 8] File 8, xtal 682 done.
[Rank 8] File 8, xtal 683 done.
[Rank 8] File 8, xtal 684 done.
[Rank 8] File 8, xtal 685 done.
[Rank 8] File 8, xtal 686 done.
[Rank 8] File 8, xtal 687 done.
[Rank 8] File 8, xtal 688 done.
[Rank 8] File 8, xtal 689 done.
[Rank 8] File 8, xtal 690 done.
[Rank 8] File 8, xtal 691 done.
[Rank 8] File 8, xtal 692 done.
[Rank 8] File 8, xtal 693 done.
[Rank 8] File 8, xtal 694 done.
[Rank 8] File 8, xtal 695 done.
[Rank 8] File 8, xtal 696 done.
[Rank 8] File 8, xtal 697 done.
[Rank 8] File 8, xtal 698 done.
[Rank 8] File 8, xtal 699 done.
[Rank 8] File 8, xtal 700 done.
[Rank 8] File 8, xtal 701 done.
[Rank 8] File 8, xtal 702 done.
[Rank 8] File 8, xtal 703 done.
[Rank 8] File 8, xtal 704 done.
[Rank 8] File 8, xtal 705 done.
[Rank 8] File 8, xtal 706 done.
[Rank 8] File 8, xtal 707 done.
[Rank 8] File 8, xtal 708 done.
[Rank 8] File 8, xtal 709 done.
[Rank 8] File 8, xtal 710 done.
[Rank 8] File 8, xtal 711 done.
[Rank 8] File 8, xtal 712 done.
[Rank 8] File 8, xtal 713 done.
[Rank 8] File 8, xtal 714 done.
[Rank 8] File 8, xtal 715 done.
[Rank 8] File 8, xtal 716 done.
[Rank 8] File 8, xtal 717 done.
[Rank 8] File 8, xtal 718 done.
[Rank 8] File 8, xtal 719 done.
[Rank 8] File 8, xtal 720 done.
[Rank 8] File 8, xtal 721 done.
[Rank 8] File 8, xtal 722 done.
[Rank 8] File 8, xtal 723 done.
[Rank 8] File 8, xtal 724 done.
[Rank 8] File 8, xtal 725 done.
[Rank 8] File 8, xtal 726 done.
[Rank 8] File 8, xtal 727 done.
[Rank 8] File 8, xtal 728 done.
[Rank 8] File 8, xtal 729 done.
[Rank 8] File 8, xtal 730 done.
[Rank 8] File 8, xtal 731 done.
[Rank 8] File 8, xtal 732 done.
[Rank 8] File 8, xtal 733 done.
[Rank 8] File 8, xtal 734 done.
[Rank 8] File 8, xtal 735 done.
[Rank 8] File 8, xtal 736 done.
[Rank 8] File 8, xtal 737 done.
[Rank 8] File 8, xtal 738 done.
[Rank 8] File 8, xtal 739 done.
[Rank 8] File 8, xtal 740 done.
[Rank 8] File 8, xtal 741 done.
[Rank 8] File 8, xtal 742 done.
[Rank 8] File 8, xtal 743 done.
[Rank 8] File 8, xtal 744 done.
[Rank 8] File 8, xtal 745 done.
[Rank 8] File 8, xtal 746 done.
[Rank 8] File 8, xtal 747 done.
[Rank 8] File 8, xtal 748 done.
[Rank 8] File 8, xtal 749 done.
[Rank 8] File 8, xtal 750 done.
[Rank 8] File 8, xtal 751 done.
[Rank 8] File 8, xtal 752 done.
[Rank 8] File 8, xtal 753 done.
[Rank 8] File 8, xtal 754 done.
[Rank 8] File 8, xtal 755 done.
[Rank 8] File 8, xtal 756 done.
[Rank 8] File 8, xtal 757 done.
[Rank 8] File 8, xtal 758 done.
[Rank 8] File 8, xtal 759 done.
[Rank 8] File 8, xtal 760 done.
[Rank 8] File 8, xtal 761 done.
[Rank 8] File 8, xtal 762 done.
[Rank 8] File 8, xtal 763 done.
[Rank 8] File 8, xtal 764 done.
[Rank 8] File 8, xtal 765 done.
[Rank 8] File 8, xtal 766 done.
[Rank 8] File 8, xtal 767 done.
[Rank 7] File 7, xtal 512 done.
[Rank 7] File 7, xtal 513 done.
[Rank 7] File 7, xtal 514 done.
[Rank 7] File 7, xtal 515 done.
[Rank 7] File 7, xtal 516 done.
[Rank 7] File 7, xtal 517 done.
[Rank 7] File 7, xtal 518 done.
[Rank 7] File 7, xtal 519 done.
[Rank 7] File 7, xtal 520 done.
[Rank 7] File 7, xtal 521 done.
[Rank 7] File 7, xtal 522 done.
[Rank 7] File 7, xtal 523 done.
[Rank 7] File 7, xtal 524 done.
[Rank 7] File 7, xtal 525 done.
[Rank 7] File 7, xtal 526 done.
[Rank 7] File 7, xtal 527 done.
[Rank 7] File 7, xtal 528 done.
[Rank 7] File 7, xtal 529 done.
[Rank 7] File 7, xtal 530 done.
[Rank 7] File 7, xtal 531 done.
[Rank 7] File 7, xtal 532 done.
[Rank 7] File 7, xtal 533 done.
[Rank 7] File 7, xtal 534 done.
[Rank 7] File 7, xtal 535 done.
[Rank 7] File 7, xtal 536 done.
[Rank 7] File 7, xtal 537 done.
[Rank 7] File 7, xtal 538 done.
[Rank 7] File 7, xtal 539 done.
[Rank 7] File 7, xtal 540 done.
[Rank 7] File 7, xtal 541 done.
[Rank 7] File 7, xtal 542 done.
[Rank 7] File 7, xtal 543 done.
[Rank 7] File 7, xtal 544 done.
[Rank 7] File 7, xtal 545 done.
[Rank 7] File 7, xtal 546 done.
[Rank 7] File 7, xtal 547 done.
[Rank 7] File 7, xtal 548 done.
[Rank 7] File 7, xtal 549 done.
[Rank 7] File 7, xtal 550 done.
[Rank 7] File 7, xtal 551 done.
[Rank 7] File 7, xtal 552 done.
[Rank 7] File 7, xtal 553 done.
[Rank 7] File 7, xtal 554 done.
[Rank 7] File 7, xtal 555 done.
[Rank 7] File 7, xtal 556 done.
[Rank 7] File 7, xtal 557 done.
[Rank 7] File 7, xtal 558 done.
[Rank 7] File 7, xtal 559 done.
[Rank 7] File 7, xtal 560 done.
[Rank 7] File 7, xtal 561 done.
[Rank 7] File 7, xtal 562 done.
[Rank 7] File 7, xtal 563 done.
[Rank 7] File 7, xtal 564 done.
[Rank 7] File 7, xtal 565 done.
[Rank 7] File 7, xtal 566 done.
[Rank 7] File 7, xtal 567 done.
[Rank 7] File 7, xtal 568 done.
[Rank 7] File 7, xtal 569 done.
[Rank 7] File 7, xtal 570 done.
[Rank 7] File 7, xtal 571 done.
[Rank 7] File 7, xtal 572 done.
[Rank 7] File 7, xtal 573 done.
[Rank 7] File 7, xtal 574 done.
[Rank 7] File 7, xtal 575 done.
[Rank 7] File 7, xtal 576 done.
[Rank 7] File 7, xtal 577 done.
[Rank 7] File 7, xtal 578 done.
[Rank 7] File 7, xtal 579 done.
[Rank 7] File 7, xtal 580 done.
[Rank 7] File 7, xtal 581 done.
[Rank 7] File 7, xtal 582 done.
[Rank 7] File 7, xtal 583 done.
[Rank 7] File 7, xtal 584 done.
[Rank 7] File 7, xtal 585 done.
[Rank 7] File 7, xtal 586 done.
[Rank 7] File 7, xtal 587 done.
[Rank 7] File 7, xtal 588 done.
[Rank 7] File 7, xtal 589 done.
[Rank 7] File 7, xtal 590 done.
[Rank 7] File 7, xtal 591 done.
[Rank 7] File 7, xtal 592 done.
[Rank 7] File 7, xtal 593 done.
[Rank 7] File 7, xtal 594 done.
[Rank 7] File 7, xtal 595 done.
[Rank 7] File 7, xtal 596 done.
[Rank 7] File 7, xtal 597 done.
[Rank 7] File 7, xtal 598 done.
[Rank 7] File 7, xtal 599 done.
[Rank 7] File 7, xtal 600 done.
[Rank 7] File 7, xtal 601 done.
[Rank 7] File 7, xtal 602 done.
[Rank 7] File 7, xtal 603 done.
[Rank 7] File 7, xtal 604 done.
[Rank 7] File 7, xtal 605 done.
[Rank 7] File 7, xtal 606 done.
[Rank 7] File 7, xtal 607 done.
[Rank 7] File 7, xtal 608 done.
[Rank 7] File 7, xtal 609 done.
[Rank 7] File 7, xtal 610 done.
[Rank 7] File 7, xtal 611 done.
[Rank 7] File 7, xtal 612 done.
[Rank 7] File 7, xtal 613 done.
[Rank 7] File 7, xtal 614 done.
[Rank 7] File 7, xtal 615 done.
[Rank 7] File 7, xtal 616 done.
[Rank 7] File 7, xtal 617 done.
[Rank 7] File 7, xtal 618 done.
[Rank 7] File 7, xtal 619 done.
[Rank 7] File 7, xtal 620 done.
[Rank 7] File 7, xtal 621 done.
[Rank 7] File 7, xtal 622 done.
[Rank 7] File 7, xtal 623 done.
[Rank 7] File 7, xtal 624 done.
[Rank 7] File 7, xtal 625 done.
[Rank 7] File 7, xtal 626 done.
[Rank 7] File 7, xtal 627 done.
[Rank 7] File 7, xtal 628 done.
[Rank 7] File 7, xtal 629 done.
[Rank 7] File 7, xtal 630 done.
[Rank 7] File 7, xtal 631 done.
[Rank 7] File 7, xtal 632 done.
[Rank 7] File 7, xtal 633 done.
[Rank 7] File 7, xtal 634 done.
[Rank 7] File 7, xtal 635 done.
[Rank 7] File 7, xtal 636 done.
[Rank 7] File 7, xtal 637 done.
[Rank 7] File 7, xtal 638 done.
[Rank 7] File 7, xtal 639 done.
[Rank 7] File 7, xtal 640 done.
[Rank 7] File 7, xtal 641 done.
[Rank 7] File 7, xtal 642 done.
[Rank 7] File 7, xtal 643 done.
[Rank 7] File 7, xtal 644 done.
[Rank 7] File 7, xtal 645 done.
[Rank 7] File 7, xtal 646 done.
[Rank 7] File 7, xtal 647 done.
[Rank 7] File 7, xtal 648 done.
[Rank 7] File 7, xtal 649 done.
[Rank 7] File 7, xtal 650 done.
[Rank 7] File 7, xtal 651 done.
[Rank 7] File 7, xtal 652 done.
[Rank 7] File 7, xtal 653 done.
[Rank 7] File 7, xtal 654 done.
[Rank 7] File 7, xtal 655 done.
[Rank 7] File 7, xtal 656 done.
[Rank 7] File 7, xtal 657 done.
[Rank 7] File 7, xtal 658 done.
[Rank 7] File 7, xtal 659 done.
[Rank 7] File 7, xtal 660 done.
[Rank 7] File 7, xtal 661 done.
[Rank 7] File 7, xtal 662 done.
[Rank 7] File 7, xtal 663 done.
[Rank 7] File 7, xtal 664 done.
[Rank 7] File 7, xtal 665 done.
[Rank 7] File 7, xtal 666 done.
[Rank 7] File 7, xtal 667 done.
[Rank 7] File 7, xtal 668 done.
[Rank 7] File 7, xtal 669 done.
[Rank 7] File 7, xtal 670 done.
[Rank 7] File 7, xtal 671 done.
[Rank 7] File 7, xtal 672 done.
[Rank 7] File 7, xtal 673 done.
[Rank 7] File 7, xtal 674 done.
[Rank 7] File 7, xtal 675 done.
[Rank 7] File 7, xtal 676 done.
[Rank 7] File 7, xtal 677 done.
[Rank 7] File 7, xtal 678 done.
[Rank 7] File 7, xtal 679 done.
[Rank 7] File 7, xtal 680 done.
[Rank 7] File 7, xtal 681 done.
[Rank 7] File 7, xtal 682 done.
[Rank 7] File 7, xtal 683 done.
[Rank 7] File 7, xtal 684 done.
[Rank 7] File 7, xtal 685 done.
[Rank 7] File 7, xtal 686 done.
[Rank 7] File 7, xtal 687 done.
[Rank 7] File 7, xtal 688 done.
[Rank 7] File 7, xtal 689 done.
[Rank 7] File 7, xtal 690 done.
[Rank 7] File 7, xtal 691 done.
[Rank 7] File 7, xtal 692 done.
[Rank 7] File 7, xtal 693 done.
[Rank 7] File 7, xtal 694 done.
[Rank 7] File 7, xtal 695 done.
[Rank 7] File 7, xtal 696 done.
[Rank 7] File 7, xtal 697 done.
[Rank 7] File 7, xtal 698 done.
[Rank 7] File 7, xtal 699 done.
[Rank 7] File 7, xtal 700 done.
[Rank 7] File 7, xtal 701 done.
[Rank 7] File 7, xtal 702 done.
[Rank 7] File 7, xtal 703 done.
[Rank 7] File 7, xtal 704 done.
[Rank 7] File 7, xtal 705 done.
[Rank 7] File 7, xtal 706 done.
[Rank 7] File 7, xtal 707 done.
[Rank 7] File 7, xtal 708 done.
[Rank 7] File 7, xtal 709 done.
[Rank 7] File 7, xtal 710 done.
[Rank 7] File 7, xtal 711 done.
[Rank 7] File 7, xtal 712 done.
[Rank 7] File 7, xtal 713 done.
[Rank 7] File 7, xtal 714 done.
[Rank 7] File 7, xtal 715 done.
[Rank 7] File 7, xtal 716 done.
[Rank 7] File 7, xtal 717 done.
[Rank 7] File 7, xtal 718 done.
[Rank 7] File 7, xtal 719 done.
[Rank 7] File 7, xtal 720 done.
[Rank 7] File 7, xtal 721 done.
[Rank 7] File 7, xtal 722 done.
[Rank 7] File 7, xtal 723 done.
[Rank 7] File 7, xtal 724 done.
[Rank 7] File 7, xtal 725 done.
[Rank 7] File 7, xtal 726 done.
[Rank 7] File 7, xtal 727 done.
[Rank 7] File 7, xtal 728 done.
[Rank 7] File 7, xtal 729 done.
[Rank 7] File 7, xtal 730 done.
[Rank 7] File 7, xtal 731 done.
[Rank 7] File 7, xtal 732 done.
[Rank 7] File 7, xtal 733 done.
[Rank 7] File 7, xtal 734 done.
[Rank 7] File 7, xtal 735 done.
[Rank 7] File 7, xtal 736 done.
[Rank 7] File 7, xtal 737 done.
[Rank 7] File 7, xtal 738 done.
[Rank 7] File 7, xtal 739 done.
[Rank 7] File 7, xtal 740 done.
[Rank 7] File 7, xtal 741 done.
[Rank 7] File 7, xtal 742 done.
[Rank 7] File 7, xtal 743 done.
[Rank 7] File 7, xtal 744 done.
[Rank 7] File 7, xtal 745 done.
[Rank 7] File 7, xtal 746 done.
[Rank 7] File 7, xtal 747 done.
[Rank 7] File 7, xtal 748 done.
[Rank 7] File 7, xtal 749 done.
[Rank 7] File 7, xtal 750 done.
[Rank 7] File 7, xtal 751 done.
[Rank 7] File 7, xtal 752 done.
[Rank 7] File 7, xtal 753 done.
[Rank 7] File 7, xtal 754 done.
[Rank 7] File 7, xtal 755 done.
[Rank 7] File 7, xtal 756 done.
[Rank 7] File 7, xtal 757 done.
[Rank 7] File 7, xtal 758 done.
[Rank 7] File 7, xtal 759 done.
[Rank 7] File 7, xtal 760 done.
[Rank 7] File 7, xtal 761 done.
[Rank 7] File 7, xtal 762 done.
[Rank 7] File 7, xtal 763 done.
[Rank 7] File 7, xtal 764 done.
[Rank 7] File 7, xtal 765 done.
[Rank 7] File 7, xtal 766 done.
[Rank 7] File 7, xtal 767 done.
[Rank 14] File 14, xtal 481 done.
[Rank 14] File 14, xtal 482 done.
[Rank 14] File 14, xtal 483 done.
[Rank 14] File 14, xtal 484 done.
[Rank 14] File 14, xtal 485 done.
[Rank 14] File 14, xtal 486 done.
[Rank 14] File 14, xtal 487 done.
[Rank 14] File 14, xtal 488 done.
[Rank 14] File 14, xtal 489 done.
[Rank 14] File 14, xtal 490 done.
[Rank 14] File 14, xtal 491 done.
[Rank 14] File 14, xtal 492 done.
[Rank 14] File 14, xtal 493 done.
[Rank 14] File 14, xtal 494 done.
[Rank 14] File 14, xtal 495 done.
[Rank 14] File 14, xtal 496 done.
[Rank 14] File 14, xtal 497 done.
[Rank 14] File 14, xtal 498 done.
[Rank 14] File 14, xtal 499 done.
[Rank 14] File 14, xtal 500 done.
[Rank 14] File 14, xtal 501 done.
[Rank 14] File 14, xtal 502 done.
[Rank 14] File 14, xtal 503 done.
[Rank 14] File 14, xtal 504 done.
[Rank 14] File 14, xtal 505 done.
[Rank 14] File 14, xtal 506 done.
[Rank 14] File 14, xtal 507 done.
[Rank 14] File 14, xtal 508 done.
[Rank 14] File 14, xtal 509 done.
[Rank 14] File 14, xtal 510 done.
[Rank 14] File 14, xtal 511 done.
[Rank 14] File 14, xtal 512 done.
[Rank 14] File 14, xtal 513 done.
[Rank 14] File 14, xtal 514 done.
[Rank 14] File 14, xtal 515 done.
[Rank 14] File 14, xtal 516 done.
[Rank 14] File 14, xtal 517 done.
[Rank 14] File 14, xtal 518 done.
[Rank 14] File 14, xtal 519 done.
[Rank 14] File 14, xtal 520 done.
[Rank 14] File 14, xtal 521 done.
[Rank 14] File 14, xtal 522 done.
[Rank 14] File 14, xtal 523 done.
[Rank 14] File 14, xtal 524 done.
[Rank 14] File 14, xtal 525 done.
[Rank 14] File 14, xtal 526 done.
[Rank 14] File 14, xtal 527 done.
[Rank 14] File 14, xtal 528 done.
[Rank 14] File 14, xtal 529 done.
[Rank 14] File 14, xtal 530 done.
[Rank 14] File 14, xtal 531 done.
[Rank 14] File 14, xtal 532 done.
[Rank 14] File 14, xtal 533 done.
[Rank 14] File 14, xtal 534 done.
[Rank 14] File 14, xtal 535 done.
[Rank 14] File 14, xtal 536 done.
[Rank 14] File 14, xtal 537 done.
[Rank 14] File 14, xtal 538 done.
[Rank 14] File 14, xtal 539 done.
[Rank 14] File 14, xtal 540 done.
[Rank 14] File 14, xtal 541 done.
[Rank 14] File 14, xtal 542 done.
[Rank 14] File 14, xtal 543 done.
[Rank 14] File 14, xtal 544 done.
[Rank 14] File 14, xtal 545 done.
[Rank 14] File 14, xtal 546 done.
[Rank 14] File 14, xtal 547 done.
[Rank 14] File 14, xtal 548 done.
[Rank 14] File 14, xtal 549 done.
[Rank 14] File 14, xtal 550 done.
[Rank 14] File 14, xtal 551 done.
[Rank 14] File 14, xtal 552 done.
[Rank 14] File 14, xtal 553 done.
[Rank 14] File 14, xtal 554 done.
[Rank 14] File 14, xtal 555 done.
[Rank 14] File 14, xtal 556 done.
[Rank 14] File 14, xtal 557 done.
[Rank 14] File 14, xtal 558 done.
[Rank 14] File 14, xtal 559 done.
[Rank 14] File 14, xtal 560 done.
[Rank 14] File 14, xtal 561 done.
[Rank 14] File 14, xtal 562 done.
[Rank 14] File 14, xtal 563 done.
[Rank 14] File 14, xtal 564 done.
[Rank 14] File 14, xtal 565 done.
[Rank 14] File 14, xtal 566 done.
[Rank 14] File 14, xtal 567 done.
[Rank 14] File 14, xtal 568 done.
[Rank 14] File 14, xtal 569 done.
[Rank 14] File 14, xtal 570 done.
[Rank 14] File 14, xtal 571 done.
[Rank 14] File 14, xtal 572 done.
[Rank 14] File 14, xtal 573 done.
[Rank 14] File 14, xtal 574 done.
[Rank 14] File 14, xtal 575 done.
[Rank 14] File 14, xtal 576 done.
[Rank 14] File 14, xtal 577 done.
[Rank 14] File 14, xtal 578 done.
[Rank 14] File 14, xtal 579 done.
[Rank 14] File 14, xtal 580 done.
[Rank 14] File 14, xtal 581 done.
[Rank 14] File 14, xtal 582 done.
[Rank 14] File 14, xtal 583 done.
[Rank 14] File 14, xtal 584 done.
[Rank 14] File 14, xtal 585 done.
[Rank 14] File 14, xtal 586 done.
[Rank 14] File 14, xtal 587 done.
[Rank 14] File 14, xtal 588 done.
[Rank 14] File 14, xtal 589 done.
[Rank 14] File 14, xtal 590 done.
[Rank 14] File 14, xtal 591 done.
[Rank 14] File 14, xtal 592 done.
[Rank 14] File 14, xtal 593 done.
[Rank 14] File 14, xtal 594 done.
[Rank 14] File 14, xtal 595 done.
[Rank 14] File 14, xtal 596 done.
[Rank 14] File 14, xtal 597 done.
[Rank 14] File 14, xtal 598 done.
[Rank 14] File 14, xtal 599 done.
[Rank 14] File 14, xtal 600 done.
[Rank 14] File 14, xtal 601 done.
[Rank 14] File 14, xtal 602 done.
[Rank 14] File 14, xtal 603 done.
[Rank 14] File 14, xtal 604 done.
[Rank 14] File 14, xtal 605 done.
[Rank 14] File 14, xtal 606 done.
[Rank 14] File 14, xtal 607 done.
[Rank 14] File 14, xtal 608 done.
[Rank 14] File 14, xtal 609 done.
[Rank 14] File 14, xtal 610 done.
[Rank 14] File 14, xtal 611 done.
[Rank 14] File 14, xtal 612 done.
[Rank 14] File 14, xtal 613 done.
[Rank 14] File 14, xtal 614 done.
[Rank 14] File 14, xtal 615 done.
[Rank 14] File 14, xtal 616 done.
[Rank 14] File 14, xtal 617 done.
[Rank 14] File 14, xtal 618 done.
[Rank 14] File 14, xtal 619 done.
[Rank 14] File 14, xtal 620 done.
[Rank 14] File 14, xtal 621 done.
[Rank 14] File 14, xtal 622 done.
[Rank 14] File 14, xtal 623 done.
[Rank 14] File 14, xtal 624 done.
[Rank 14] File 14, xtal 625 done.
[Rank 14] File 14, xtal 626 done.
[Rank 14] File 14, xtal 627 done.
[Rank 14] File 14, xtal 628 done.
[Rank 14] File 14, xtal 629 done.
[Rank 14] File 14, xtal 630 done.
[Rank 14] File 14, xtal 631 done.
[Rank 14] File 14, xtal 632 done.
[Rank 14] File 14, xtal 633 done.
[Rank 14] File 14, xtal 634 done.
[Rank 14] File 14, xtal 635 done.
[Rank 14] File 14, xtal 636 done.
[Rank 14] File 14, xtal 637 done.
[Rank 14] File 14, xtal 638 done.
[Rank 14] File 14, xtal 639 done.
[Rank 14] File 14, xtal 640 done.
[Rank 14] File 14, xtal 641 done.
[Rank 14] File 14, xtal 642 done.
[Rank 14] File 14, xtal 643 done.
[Rank 14] File 14, xtal 644 done.
[Rank 14] File 14, xtal 645 done.
[Rank 14] File 14, xtal 646 done.
[Rank 14] File 14, xtal 647 done.
[Rank 14] File 14, xtal 648 done.
[Rank 14] File 14, xtal 649 done.
[Rank 14] File 14, xtal 650 done.
[Rank 14] File 14, xtal 651 done.
[Rank 14] File 14, xtal 652 done.
[Rank 14] File 14, xtal 653 done.
[Rank 14] File 14, xtal 654 done.
[Rank 14] File 14, xtal 655 done.
[Rank 14] File 14, xtal 656 done.
[Rank 14] File 14, xtal 657 done.
[Rank 14] File 14, xtal 658 done.
[Rank 14] File 14, xtal 659 done.
[Rank 14] File 14, xtal 660 done.
[Rank 14] File 14, xtal 661 done.
[Rank 14] File 14, xtal 662 done.
[Rank 14] File 14, xtal 663 done.
[Rank 14] File 14, xtal 664 done.
[Rank 14] File 14, xtal 665 done.
[Rank 14] File 14, xtal 666 done.
[Rank 14] File 14, xtal 667 done.
[Rank 14] File 14, xtal 668 done.
[Rank 14] File 14, xtal 669 done.
[Rank 14] File 14, xtal 670 done.
[Rank 14] File 14, xtal 671 done.
[Rank 14] File 14, xtal 672 done.
[Rank 14] File 14, xtal 673 done.
[Rank 14] File 14, xtal 674 done.
[Rank 14] File 14, xtal 675 done.
[Rank 14] File 14, xtal 676 done.
[Rank 14] File 14, xtal 677 done.
[Rank 14] File 14, xtal 678 done.
[Rank 14] File 14, xtal 679 done.
[Rank 14] File 14, xtal 680 done.
[Rank 14] File 14, xtal 681 done.
[Rank 14] File 14, xtal 682 done.
[Rank 14] File 14, xtal 683 done.
[Rank 14] File 14, xtal 684 done.
[Rank 14] File 14, xtal 685 done.
[Rank 14] File 14, xtal 686 done.
[Rank 14] File 14, xtal 687 done.
[Rank 14] File 14, xtal 688 done.
[Rank 14] File 14, xtal 689 done.
[Rank 14] File 14, xtal 690 done.
[Rank 14] File 14, xtal 691 done.
[Rank 14] File 14, xtal 692 done.
[Rank 14] File 14, xtal 693 done.
[Rank 14] File 14, xtal 694 done.
[Rank 14] File 14, xtal 695 done.
[Rank 14] File 14, xtal 696 done.
[Rank 14] File 14, xtal 697 done.
[Rank 14] File 14, xtal 698 done.
[Rank 14] File 14, xtal 699 done.
[Rank 14] File 14, xtal 700 done.
[Rank 14] File 14, xtal 701 done.
[Rank 14] File 14, xtal 702 done.
[Rank 14] File 14, xtal 703 done.
[Rank 14] File 14, xtal 704 done.
[Rank 14] File 14, xtal 705 done.
[Rank 14] File 14, xtal 706 done.
[Rank 14] File 14, xtal 707 done.
[Rank 14] File 14, xtal 708 done.
[Rank 14] File 14, xtal 709 done.
[Rank 14] File 14, xtal 710 done.
[Rank 14] File 14, xtal 711 done.
[Rank 14] File 14, xtal 712 done.
[Rank 14] File 14, xtal 713 done.
[Rank 14] File 14, xtal 714 done.
[Rank 14] File 14, xtal 715 done.
[Rank 14] File 14, xtal 716 done.
[Rank 14] File 14, xtal 717 done.
[Rank 14] File 14, xtal 718 done.
[Rank 14] File 14, xtal 719 done.
[Rank 14] File 14, xtal 720 done.
[Rank 6] File 6, xtal 512 done.
[Rank 6] File 6, xtal 513 done.
[Rank 6] File 6, xtal 514 done.
[Rank 6] File 6, xtal 515 done.
[Rank 6] File 6, xtal 516 done.
[Rank 6] File 6, xtal 517 done.
[Rank 6] File 6, xtal 518 done.
[Rank 6] File 6, xtal 519 done.
[Rank 6] File 6, xtal 520 done.
[Rank 6] File 6, xtal 521 done.
[Rank 6] File 6, xtal 522 done.
[Rank 6] File 6, xtal 523 done.
[Rank 6] File 6, xtal 524 done.
[Rank 6] File 6, xtal 525 done.
[Rank 6] File 6, xtal 526 done.
[Rank 6] File 6, xtal 527 done.
[Rank 6] File 6, xtal 528 done.
[Rank 6] File 6, xtal 529 done.
[Rank 6] File 6, xtal 530 done.
[Rank 6] File 6, xtal 531 done.
[Rank 6] File 6, xtal 532 done.
[Rank 6] File 6, xtal 533 done.
[Rank 6] File 6, xtal 534 done.
[Rank 6] File 6, xtal 535 done.
[Rank 6] File 6, xtal 536 done.
[Rank 6] File 6, xtal 537 done.
[Rank 6] File 6, xtal 538 done.
[Rank 6] File 6, xtal 539 done.
[Rank 6] File 6, xtal 540 done.
[Rank 6] File 6, xtal 541 done.
[Rank 6] File 6, xtal 542 done.
[Rank 6] File 6, xtal 543 done.
[Rank 6] File 6, xtal 544 done.
[Rank 6] File 6, xtal 545 done.
[Rank 6] File 6, xtal 546 done.
[Rank 6] File 6, xtal 547 done.
[Rank 6] File 6, xtal 548 done.
[Rank 6] File 6, xtal 549 done.
[Rank 6] File 6, xtal 550 done.
[Rank 6] File 6, xtal 551 done.
[Rank 6] File 6, xtal 552 done.
[Rank 6] File 6, xtal 553 done.
[Rank 6] File 6, xtal 554 done.
[Rank 6] File 6, xtal 555 done.
[Rank 6] File 6, xtal 556 done.
[Rank 6] File 6, xtal 557 done.
[Rank 6] File 6, xtal 558 done.
[Rank 6] File 6, xtal 559 done.
[Rank 6] File 6, xtal 560 done.
[Rank 6] File 6, xtal 561 done.
[Rank 6] File 6, xtal 562 done.
[Rank 6] File 6, xtal 563 done.
[Rank 6] File 6, xtal 564 done.
[Rank 6] File 6, xtal 565 done.
[Rank 6] File 6, xtal 566 done.
[Rank 6] File 6, xtal 567 done.
[Rank 6] File 6, xtal 568 done.
[Rank 6] File 6, xtal 569 done.
[Rank 6] File 6, xtal 570 done.
[Rank 6] File 6, xtal 571 done.
[Rank 6] File 6, xtal 572 done.
[Rank 6] File 6, xtal 573 done.
[Rank 6] File 6, xtal 574 done.
[Rank 6] File 6, xtal 575 done.
[Rank 6] File 6, xtal 576 done.
[Rank 6] File 6, xtal 577 done.
[Rank 6] File 6, xtal 578 done.
[Rank 6] File 6, xtal 579 done.
[Rank 6] File 6, xtal 580 done.
[Rank 6] File 6, xtal 581 done.
[Rank 6] File 6, xtal 582 done.
[Rank 6] File 6, xtal 583 done.
[Rank 6] File 6, xtal 584 done.
[Rank 6] File 6, xtal 585 done.
[Rank 6] File 6, xtal 586 done.
[Rank 6] File 6, xtal 587 done.
[Rank 6] File 6, xtal 588 done.
[Rank 6] File 6, xtal 589 done.
[Rank 6] File 6, xtal 590 done.
[Rank 6] File 6, xtal 591 done.
[Rank 6] File 6, xtal 592 done.
[Rank 6] File 6, xtal 593 done.
[Rank 6] File 6, xtal 594 done.
[Rank 6] File 6, xtal 595 done.
[Rank 6] File 6, xtal 596 done.
[Rank 6] File 6, xtal 597 done.
[Rank 6] File 6, xtal 598 done.
[Rank 6] File 6, xtal 599 done.
[Rank 6] File 6, xtal 600 done.
[Rank 6] File 6, xtal 601 done.
[Rank 6] File 6, xtal 602 done.
[Rank 6] File 6, xtal 603 done.
[Rank 6] File 6, xtal 604 done.
[Rank 6] File 6, xtal 605 done.
[Rank 6] File 6, xtal 606 done.
[Rank 6] File 6, xtal 607 done.
[Rank 6] File 6, xtal 608 done.
[Rank 6] File 6, xtal 609 done.
[Rank 6] File 6, xtal 610 done.
[Rank 6] File 6, xtal 611 done.
[Rank 6] File 6, xtal 612 done.
[Rank 6] File 6, xtal 613 done.
[Rank 6] File 6, xtal 614 done.
[Rank 6] File 6, xtal 615 done.
[Rank 6] File 6, xtal 616 done.
[Rank 6] File 6, xtal 617 done.
[Rank 6] File 6, xtal 618 done.
[Rank 6] File 6, xtal 619 done.
[Rank 6] File 6, xtal 620 done.
[Rank 6] File 6, xtal 621 done.
[Rank 6] File 6, xtal 622 done.
[Rank 6] File 6, xtal 623 done.
[Rank 6] File 6, xtal 624 done.
[Rank 6] File 6, xtal 625 done.
[Rank 6] File 6, xtal 626 done.
[Rank 6] File 6, xtal 627 done.
[Rank 6] File 6, xtal 628 done.
[Rank 6] File 6, xtal 629 done.
[Rank 6] File 6, xtal 630 done.
[Rank 6] File 6, xtal 631 done.
[Rank 6] File 6, xtal 632 done.
[Rank 6] File 6, xtal 633 done.
[Rank 6] File 6, xtal 634 done.
[Rank 6] File 6, xtal 635 done.
[Rank 6] File 6, xtal 636 done.
[Rank 6] File 6, xtal 637 done.
[Rank 6] File 6, xtal 638 done.
[Rank 6] File 6, xtal 639 done.
[Rank 6] File 6, xtal 640 done.
[Rank 6] File 6, xtal 641 done.
[Rank 6] File 6, xtal 642 done.
[Rank 6] File 6, xtal 643 done.
[Rank 6] File 6, xtal 644 done.
[Rank 6] File 6, xtal 645 done.
[Rank 6] File 6, xtal 646 done.
[Rank 6] File 6, xtal 647 done.
[Rank 6] File 6, xtal 648 done.
[Rank 6] File 6, xtal 649 done.
[Rank 6] File 6, xtal 650 done.
[Rank 6] File 6, xtal 651 done.
[Rank 6] File 6, xtal 652 done.
[Rank 6] File 6, xtal 653 done.
[Rank 6] File 6, xtal 654 done.
[Rank 6] File 6, xtal 655 done.
[Rank 6] File 6, xtal 656 done.
[Rank 6] File 6, xtal 657 done.
[Rank 6] File 6, xtal 658 done.
[Rank 6] File 6, xtal 659 done.
[Rank 6] File 6, xtal 660 done.
[Rank 6] File 6, xtal 661 done.
[Rank 6] File 6, xtal 662 done.
[Rank 6] File 6, xtal 663 done.
[Rank 6] File 6, xtal 664 done.
[Rank 6] File 6, xtal 665 done.
[Rank 6] File 6, xtal 666 done.
[Rank 6] File 6, xtal 667 done.
[Rank 6] File 6, xtal 668 done.
[Rank 6] File 6, xtal 669 done.
[Rank 6] File 6, xtal 670 done.
[Rank 6] File 6, xtal 671 done.
[Rank 6] File 6, xtal 672 done.
[Rank 6] File 6, xtal 673 done.
[Rank 6] File 6, xtal 674 done.
[Rank 6] File 6, xtal 675 done.
[Rank 6] File 6, xtal 676 done.
[Rank 6] File 6, xtal 677 done.
[Rank 6] File 6, xtal 678 done.
[Rank 6] File 6, xtal 679 done.
[Rank 6] File 6, xtal 680 done.
[Rank 6] File 6, xtal 681 done.
[Rank 6] File 6, xtal 682 done.
[Rank 6] File 6, xtal 683 done.
[Rank 6] File 6, xtal 684 done.
[Rank 6] File 6, xtal 685 done.
[Rank 6] File 6, xtal 686 done.
[Rank 6] File 6, xtal 687 done.
[Rank 6] File 6, xtal 688 done.
[Rank 6] File 6, xtal 689 done.
[Rank 6] File 6, xtal 690 done.
[Rank 6] File 6, xtal 691 done.
[Rank 6] File 6, xtal 692 done.
[Rank 6] File 6, xtal 693 done.
[Rank 6] File 6, xtal 694 done.
[Rank 6] File 6, xtal 695 done.
[Rank 6] File 6, xtal 696 done.
[Rank 6] File 6, xtal 697 done.
[Rank 6] File 6, xtal 698 done.
[Rank 6] File 6, xtal 699 done.
[Rank 6] File 6, xtal 700 done.
[Rank 6] File 6, xtal 701 done.
[Rank 6] File 6, xtal 702 done.
[Rank 6] File 6, xtal 703 done.
[Rank 6] File 6, xtal 704 done.
[Rank 6] File 6, xtal 705 done.
[Rank 6] File 6, xtal 706 done.
[Rank 6] File 6, xtal 707 done.
[Rank 6] File 6, xtal 708 done.
[Rank 6] File 6, xtal 709 done.
[Rank 6] File 6, xtal 710 done.
[Rank 6] File 6, xtal 711 done.
[Rank 6] File 6, xtal 712 done.
[Rank 6] File 6, xtal 713 done.
[Rank 6] File 6, xtal 714 done.
[Rank 6] File 6, xtal 715 done.
[Rank 6] File 6, xtal 716 done.
[Rank 6] File 6, xtal 717 done.
[Rank 6] File 6, xtal 718 done.
[Rank 6] File 6, xtal 719 done.
[Rank 6] File 6, xtal 720 done.
[Rank 6] File 6, xtal 721 done.
[Rank 6] File 6, xtal 722 done.
[Rank 6] File 6, xtal 723 done.
[Rank 6] File 6, xtal 724 done.
[Rank 6] File 6, xtal 725 done.
[Rank 6] File 6, xtal 726 done.
[Rank 6] File 6, xtal 727 done.
[Rank 6] File 6, xtal 728 done.
[Rank 6] File 6, xtal 729 done.
[Rank 6] File 6, xtal 730 done.
[Rank 6] File 6, xtal 731 done.
[Rank 6] File 6, xtal 732 done.
[Rank 6] File 6, xtal 733 done.
[Rank 6] File 6, xtal 734 done.
[Rank 6] File 6, xtal 735 done.
[Rank 6] File 6, xtal 736 done.
[Rank 6] File 6, xtal 737 done.
[Rank 6] File 6, xtal 738 done.
[Rank 6] File 6, xtal 739 done.
[Rank 6] File 6, xtal 740 done.
[Rank 6] File 6, xtal 741 done.
[Rank 6] File 6, xtal 742 done.
[Rank 6] File 6, xtal 743 done.
[Rank 6] File 6, xtal 744 done.
[Rank 6] File 6, xtal 745 done.
[Rank 6] File 6, xtal 746 done.
[Rank 6] File 6, xtal 747 done.
[Rank 6] File 6, xtal 748 done.
[Rank 6] File 6, xtal 749 done.
[Rank 6] File 6, xtal 750 done.
[Rank 6] File 6, xtal 751 done.
[Rank 6] File 6, xtal 752 done.
[Rank 6] File 6, xtal 753 done.
[Rank 6] File 6, xtal 754 done.
[Rank 6] File 6, xtal 755 done.
[Rank 6] File 6, xtal 756 done.
[Rank 6] File 6, xtal 757 done.
[Rank 6] File 6, xtal 758 done.
[Rank 6] File 6, xtal 759 done.
[Rank 6] File 6, xtal 760 done.
[Rank 6] File 6, xtal 761 done.
[Rank 6] File 6, xtal 762 done.
[Rank 6] File 6, xtal 763 done.
[Rank 6] File 6, xtal 764 done.
[Rank 6] File 6, xtal 765 done.
[Rank 6] File 6, xtal 766 done.
[Rank 6] File 6, xtal 767 done.
[Rank 4] File 4, xtal 512 done.
[Rank 4] File 4, xtal 513 done.
[Rank 4] File 4, xtal 514 done.
[Rank 4] File 4, xtal 515 done.
[Rank 4] File 4, xtal 516 done.
[Rank 4] File 4, xtal 517 done.
[Rank 4] File 4, xtal 518 done.
[Rank 4] File 4, xtal 519 done.
[Rank 4] File 4, xtal 520 done.
[Rank 4] File 4, xtal 521 done.
[Rank 4] File 4, xtal 522 done.
[Rank 4] File 4, xtal 523 done.
[Rank 4] File 4, xtal 524 done.
[Rank 4] File 4, xtal 525 done.
[Rank 4] File 4, xtal 526 done.
[Rank 4] File 4, xtal 527 done.
[Rank 4] File 4, xtal 528 done.
[Rank 4] File 4, xtal 529 done.
[Rank 4] File 4, xtal 530 done.
[Rank 4] File 4, xtal 531 done.
[Rank 4] File 4, xtal 532 done.
[Rank 4] File 4, xtal 533 done.
[Rank 4] File 4, xtal 534 done.
[Rank 4] File 4, xtal 535 done.
[Rank 4] File 4, xtal 536 done.
[Rank 4] File 4, xtal 537 done.
[Rank 4] File 4, xtal 538 done.
[Rank 4] File 4, xtal 539 done.
[Rank 4] File 4, xtal 540 done.
[Rank 4] File 4, xtal 541 done.
[Rank 4] File 4, xtal 542 done.
[Rank 4] File 4, xtal 543 done.
[Rank 4] File 4, xtal 544 done.
[Rank 4] File 4, xtal 545 done.
[Rank 4] File 4, xtal 546 done.
[Rank 4] File 4, xtal 547 done.
[Rank 4] File 4, xtal 548 done.
[Rank 4] File 4, xtal 549 done.
[Rank 4] File 4, xtal 550 done.
[Rank 4] File 4, xtal 551 done.
[Rank 4] File 4, xtal 552 done.
[Rank 4] File 4, xtal 553 done.
[Rank 4] File 4, xtal 554 done.
[Rank 4] File 4, xtal 555 done.
[Rank 4] File 4, xtal 556 done.
[Rank 4] File 4, xtal 557 done.
[Rank 4] File 4, xtal 558 done.
[Rank 4] File 4, xtal 559 done.
[Rank 4] File 4, xtal 560 done.
[Rank 4] File 4, xtal 561 done.
[Rank 4] File 4, xtal 562 done.
[Rank 4] File 4, xtal 563 done.
[Rank 4] File 4, xtal 564 done.
[Rank 4] File 4, xtal 565 done.
[Rank 4] File 4, xtal 566 done.
[Rank 4] File 4, xtal 567 done.
[Rank 4] File 4, xtal 568 done.
[Rank 4] File 4, xtal 569 done.
[Rank 4] File 4, xtal 570 done.
[Rank 4] File 4, xtal 571 done.
[Rank 4] File 4, xtal 572 done.
[Rank 4] File 4, xtal 573 done.
[Rank 4] File 4, xtal 574 done.
[Rank 4] File 4, xtal 575 done.
[Rank 4] File 4, xtal 576 done.
[Rank 4] File 4, xtal 577 done.
[Rank 4] File 4, xtal 578 done.
[Rank 4] File 4, xtal 579 done.
[Rank 4] File 4, xtal 580 done.
[Rank 4] File 4, xtal 581 done.
[Rank 4] File 4, xtal 582 done.
[Rank 4] File 4, xtal 583 done.
[Rank 4] File 4, xtal 584 done.
[Rank 4] File 4, xtal 585 done.
[Rank 4] File 4, xtal 586 done.
[Rank 4] File 4, xtal 587 done.
[Rank 4] File 4, xtal 588 done.
[Rank 4] File 4, xtal 589 done.
[Rank 4] File 4, xtal 590 done.
[Rank 4] File 4, xtal 591 done.
[Rank 4] File 4, xtal 592 done.
[Rank 4] File 4, xtal 593 done.
[Rank 4] File 4, xtal 594 done.
[Rank 4] File 4, xtal 595 done.
[Rank 4] File 4, xtal 596 done.
[Rank 4] File 4, xtal 597 done.
[Rank 4] File 4, xtal 598 done.
[Rank 4] File 4, xtal 599 done.
[Rank 4] File 4, xtal 600 done.
[Rank 4] File 4, xtal 601 done.
[Rank 4] File 4, xtal 602 done.
[Rank 4] File 4, xtal 603 done.
[Rank 4] File 4, xtal 604 done.
[Rank 4] File 4, xtal 605 done.
[Rank 4] File 4, xtal 606 done.
[Rank 4] File 4, xtal 607 done.
[Rank 4] File 4, xtal 608 done.
[Rank 4] File 4, xtal 609 done.
[Rank 4] File 4, xtal 610 done.
[Rank 4] File 4, xtal 611 done.
[Rank 4] File 4, xtal 612 done.
[Rank 4] File 4, xtal 613 done.
[Rank 4] File 4, xtal 614 done.
[Rank 4] File 4, xtal 615 done.
[Rank 4] File 4, xtal 616 done.
[Rank 4] File 4, xtal 617 done.
[Rank 4] File 4, xtal 618 done.
[Rank 4] File 4, xtal 619 done.
[Rank 4] File 4, xtal 620 done.
[Rank 4] File 4, xtal 621 done.
[Rank 4] File 4, xtal 622 done.
[Rank 4] File 4, xtal 623 done.
[Rank 4] File 4, xtal 624 done.
[Rank 4] File 4, xtal 625 done.
[Rank 4] File 4, xtal 626 done.
[Rank 4] File 4, xtal 627 done.
[Rank 4] File 4, xtal 628 done.
[Rank 4] File 4, xtal 629 done.
[Rank 4] File 4, xtal 630 done.
[Rank 4] File 4, xtal 631 done.
[Rank 4] File 4, xtal 632 done.
[Rank 4] File 4, xtal 633 done.
[Rank 4] File 4, xtal 634 done.
[Rank 4] File 4, xtal 635 done.
[Rank 4] File 4, xtal 636 done.
[Rank 4] File 4, xtal 637 done.
[Rank 4] File 4, xtal 638 done.
[Rank 4] File 4, xtal 639 done.
[Rank 4] File 4, xtal 640 done.
[Rank 4] File 4, xtal 641 done.
[Rank 4] File 4, xtal 642 done.
[Rank 4] File 4, xtal 643 done.
[Rank 4] File 4, xtal 644 done.
[Rank 4] File 4, xtal 645 done.
[Rank 4] File 4, xtal 646 done.
[Rank 4] File 4, xtal 647 done.
[Rank 4] File 4, xtal 648 done.
[Rank 4] File 4, xtal 649 done.
[Rank 4] File 4, xtal 650 done.
[Rank 4] File 4, xtal 651 done.
[Rank 4] File 4, xtal 652 done.
[Rank 4] File 4, xtal 653 done.
[Rank 4] File 4, xtal 654 done.
[Rank 4] File 4, xtal 655 done.
[Rank 4] File 4, xtal 656 done.
[Rank 4] File 4, xtal 657 done.
[Rank 4] File 4, xtal 658 done.
[Rank 4] File 4, xtal 659 done.
[Rank 4] File 4, xtal 660 done.
[Rank 4] File 4, xtal 661 done.
[Rank 4] File 4, xtal 662 done.
[Rank 4] File 4, xtal 663 done.
[Rank 4] File 4, xtal 664 done.
[Rank 4] File 4, xtal 665 done.
[Rank 4] File 4, xtal 666 done.
[Rank 4] File 4, xtal 667 done.
[Rank 4] File 4, xtal 668 done.
[Rank 4] File 4, xtal 669 done.
[Rank 4] File 4, xtal 670 done.
[Rank 4] File 4, xtal 671 done.
[Rank 4] File 4, xtal 672 done.
[Rank 4] File 4, xtal 673 done.
[Rank 4] File 4, xtal 674 done.
[Rank 4] File 4, xtal 675 done.
[Rank 4] File 4, xtal 676 done.
[Rank 4] File 4, xtal 677 done.
[Rank 4] File 4, xtal 678 done.
[Rank 4] File 4, xtal 679 done.
[Rank 4] File 4, xtal 680 done.
[Rank 4] File 4, xtal 681 done.
[Rank 4] File 4, xtal 682 done.
[Rank 4] File 4, xtal 683 done.
[Rank 4] File 4, xtal 684 done.
[Rank 4] File 4, xtal 685 done.
[Rank 4] File 4, xtal 686 done.
[Rank 4] File 4, xtal 687 done.
[Rank 4] File 4, xtal 688 done.
[Rank 4] File 4, xtal 689 done.
[Rank 4] File 4, xtal 690 done.
[Rank 4] File 4, xtal 691 done.
[Rank 4] File 4, xtal 692 done.
[Rank 4] File 4, xtal 693 done.
[Rank 4] File 4, xtal 694 done.
[Rank 4] File 4, xtal 695 done.
[Rank 4] File 4, xtal 696 done.
[Rank 4] File 4, xtal 697 done.
[Rank 4] File 4, xtal 698 done.
[Rank 4] File 4, xtal 699 done.
[Rank 4] File 4, xtal 700 done.
[Rank 4] File 4, xtal 701 done.
[Rank 4] File 4, xtal 702 done.
[Rank 4] File 4, xtal 703 done.
[Rank 4] File 4, xtal 704 done.
[Rank 4] File 4, xtal 705 done.
[Rank 4] File 4, xtal 706 done.
[Rank 4] File 4, xtal 707 done.
[Rank 4] File 4, xtal 708 done.
[Rank 4] File 4, xtal 709 done.
[Rank 4] File 4, xtal 710 done.
[Rank 4] File 4, xtal 711 done.
[Rank 4] File 4, xtal 712 done.
[Rank 4] File 4, xtal 713 done.
[Rank 4] File 4, xtal 714 done.
[Rank 4] File 4, xtal 715 done.
[Rank 4] File 4, xtal 716 done.
[Rank 4] File 4, xtal 717 done.
[Rank 4] File 4, xtal 718 done.
[Rank 4] File 4, xtal 719 done.
[Rank 4] File 4, xtal 720 done.
[Rank 4] File 4, xtal 721 done.
[Rank 4] File 4, xtal 722 done.
[Rank 4] File 4, xtal 723 done.
[Rank 4] File 4, xtal 724 done.
[Rank 4] File 4, xtal 725 done.
[Rank 4] File 4, xtal 726 done.
[Rank 4] File 4, xtal 727 done.
[Rank 4] File 4, xtal 728 done.
[Rank 4] File 4, xtal 729 done.
[Rank 4] File 4, xtal 730 done.
[Rank 4] File 4, xtal 731 done.
[Rank 4] File 4, xtal 732 done.
[Rank 4] File 4, xtal 733 done.
[Rank 4] File 4, xtal 734 done.
[Rank 4] File 4, xtal 735 done.
[Rank 4] File 4, xtal 736 done.
[Rank 4] File 4, xtal 737 done.
[Rank 4] File 4, xtal 738 done.
[Rank 4] File 4, xtal 739 done.
[Rank 4] File 4, xtal 740 done.
[Rank 4] File 4, xtal 741 done.
[Rank 4] File 4, xtal 742 done.
[Rank 4] File 4, xtal 743 done.
[Rank 4] File 4, xtal 744 done.
[Rank 4] File 4, xtal 745 done.
[Rank 4] File 4, xtal 746 done.
[Rank 4] File 4, xtal 747 done.
[Rank 4] File 4, xtal 748 done.
[Rank 4] File 4, xtal 749 done.
[Rank 4] File 4, xtal 750 done.
[Rank 4] File 4, xtal 751 done.
[Rank 4] File 4, xtal 752 done.
[Rank 4] File 4, xtal 753 done.
[Rank 4] File 4, xtal 754 done.
[Rank 4] File 4, xtal 755 done.
[Rank 4] File 4, xtal 756 done.
[Rank 4] File 4, xtal 757 done.
[Rank 4] File 4, xtal 758 done.
[Rank 4] File 4, xtal 759 done.
[Rank 4] File 4, xtal 760 done.
[Rank 4] File 4, xtal 761 done.
[Rank 4] File 4, xtal 762 done.
[Rank 4] File 4, xtal 763 done.
[Rank 4] File 4, xtal 764 done.
[Rank 4] File 4, xtal 765 done.
[Rank 4] File 4, xtal 766 done.
[Rank 4] File 4, xtal 767 done.
[Rank 5] File 5, xtal 512 done.
[Rank 5] File 5, xtal 513 done.
[Rank 5] File 5, xtal 514 done.
[Rank 5] File 5, xtal 515 done.
[Rank 5] File 5, xtal 516 done.
[Rank 5] File 5, xtal 517 done.
[Rank 5] File 5, xtal 518 done.
[Rank 5] File 5, xtal 519 done.
[Rank 5] File 5, xtal 520 done.
[Rank 5] File 5, xtal 521 done.
[Rank 5] File 5, xtal 522 done.
[Rank 5] File 5, xtal 523 done.
[Rank 5] File 5, xtal 524 done.
[Rank 5] File 5, xtal 525 done.
[Rank 5] File 5, xtal 526 done.
[Rank 5] File 5, xtal 527 done.
[Rank 5] File 5, xtal 528 done.
[Rank 5] File 5, xtal 529 done.
[Rank 5] File 5, xtal 530 done.
[Rank 5] File 5, xtal 531 done.
[Rank 5] File 5, xtal 532 done.
[Rank 5] File 5, xtal 533 done.
[Rank 5] File 5, xtal 534 done.
[Rank 5] File 5, xtal 535 done.
[Rank 5] File 5, xtal 536 done.
[Rank 5] File 5, xtal 537 done.
[Rank 5] File 5, xtal 538 done.
[Rank 5] File 5, xtal 539 done.
[Rank 5] File 5, xtal 540 done.
[Rank 5] File 5, xtal 541 done.
[Rank 5] File 5, xtal 542 done.
[Rank 5] File 5, xtal 543 done.
[Rank 5] File 5, xtal 544 done.
[Rank 5] File 5, xtal 545 done.
[Rank 5] File 5, xtal 546 done.
[Rank 5] File 5, xtal 547 done.
[Rank 5] File 5, xtal 548 done.
[Rank 5] File 5, xtal 549 done.
[Rank 5] File 5, xtal 550 done.
[Rank 5] File 5, xtal 551 done.
[Rank 5] File 5, xtal 552 done.
[Rank 5] File 5, xtal 553 done.
[Rank 5] File 5, xtal 554 done.
[Rank 5] File 5, xtal 555 done.
[Rank 5] File 5, xtal 556 done.
[Rank 5] File 5, xtal 557 done.
[Rank 5] File 5, xtal 558 done.
[Rank 5] File 5, xtal 559 done.
[Rank 5] File 5, xtal 560 done.
[Rank 5] File 5, xtal 561 done.
[Rank 5] File 5, xtal 562 done.
[Rank 5] File 5, xtal 563 done.
[Rank 5] File 5, xtal 564 done.
[Rank 5] File 5, xtal 565 done.
[Rank 5] File 5, xtal 566 done.
[Rank 5] File 5, xtal 567 done.
[Rank 5] File 5, xtal 568 done.
[Rank 5] File 5, xtal 569 done.
[Rank 5] File 5, xtal 570 done.
[Rank 5] File 5, xtal 571 done.
[Rank 5] File 5, xtal 572 done.
[Rank 5] File 5, xtal 573 done.
[Rank 5] File 5, xtal 574 done.
[Rank 5] File 5, xtal 575 done.
[Rank 5] File 5, xtal 576 done.
[Rank 5] File 5, xtal 577 done.
[Rank 5] File 5, xtal 578 done.
[Rank 5] File 5, xtal 579 done.
[Rank 5] File 5, xtal 580 done.
[Rank 5] File 5, xtal 581 done.
[Rank 5] File 5, xtal 582 done.
[Rank 5] File 5, xtal 583 done.
[Rank 5] File 5, xtal 584 done.
[Rank 5] File 5, xtal 585 done.
[Rank 5] File 5, xtal 586 done.
[Rank 5] File 5, xtal 587 done.
[Rank 5] File 5, xtal 588 done.
[Rank 5] File 5, xtal 589 done.
[Rank 5] File 5, xtal 590 done.
[Rank 5] File 5, xtal 591 done.
[Rank 5] File 5, xtal 592 done.
[Rank 5] File 5, xtal 593 done.
[Rank 5] File 5, xtal 594 done.
[Rank 5] File 5, xtal 595 done.
[Rank 5] File 5, xtal 596 done.
[Rank 5] File 5, xtal 597 done.
[Rank 5] File 5, xtal 598 done.
[Rank 5] File 5, xtal 599 done.
[Rank 5] File 5, xtal 600 done.
[Rank 5] File 5, xtal 601 done.
[Rank 5] File 5, xtal 602 done.
[Rank 5] File 5, xtal 603 done.
[Rank 5] File 5, xtal 604 done.
[Rank 5] File 5, xtal 605 done.
[Rank 5] File 5, xtal 606 done.
[Rank 5] File 5, xtal 607 done.
[Rank 5] File 5, xtal 608 done.
[Rank 5] File 5, xtal 609 done.
[Rank 5] File 5, xtal 610 done.
[Rank 5] File 5, xtal 611 done.
[Rank 5] File 5, xtal 612 done.
[Rank 5] File 5, xtal 613 done.
[Rank 5] File 5, xtal 614 done.
[Rank 5] File 5, xtal 615 done.
[Rank 5] File 5, xtal 616 done.
[Rank 5] File 5, xtal 617 done.
[Rank 5] File 5, xtal 618 done.
[Rank 5] File 5, xtal 619 done.
[Rank 5] File 5, xtal 620 done.
[Rank 5] File 5, xtal 621 done.
[Rank 5] File 5, xtal 622 done.
[Rank 5] File 5, xtal 623 done.
[Rank 5] File 5, xtal 624 done.
[Rank 5] File 5, xtal 625 done.
[Rank 5] File 5, xtal 626 done.
[Rank 5] File 5, xtal 627 done.
[Rank 5] File 5, xtal 628 done.
[Rank 5] File 5, xtal 629 done.
[Rank 5] File 5, xtal 630 done.
[Rank 5] File 5, xtal 631 done.
[Rank 5] File 5, xtal 632 done.
[Rank 5] File 5, xtal 633 done.
[Rank 5] File 5, xtal 634 done.
[Rank 5] File 5, xtal 635 done.
[Rank 5] File 5, xtal 636 done.
[Rank 5] File 5, xtal 637 done.
[Rank 5] File 5, xtal 638 done.
[Rank 5] File 5, xtal 639 done.
[Rank 5] File 5, xtal 640 done.
[Rank 5] File 5, xtal 641 done.
[Rank 5] File 5, xtal 642 done.
[Rank 5] File 5, xtal 643 done.
[Rank 5] File 5, xtal 644 done.
[Rank 5] File 5, xtal 645 done.
[Rank 5] File 5, xtal 646 done.
[Rank 5] File 5, xtal 647 done.
[Rank 5] File 5, xtal 648 done.
[Rank 5] File 5, xtal 649 done.
[Rank 5] File 5, xtal 650 done.
[Rank 5] File 5, xtal 651 done.
[Rank 5] File 5, xtal 652 done.
[Rank 5] File 5, xtal 653 done.
[Rank 5] File 5, xtal 654 done.
[Rank 5] File 5, xtal 655 done.
[Rank 5] File 5, xtal 656 done.
[Rank 5] File 5, xtal 657 done.
[Rank 5] File 5, xtal 658 done.
[Rank 5] File 5, xtal 659 done.
[Rank 5] File 5, xtal 660 done.
[Rank 5] File 5, xtal 661 done.
[Rank 5] File 5, xtal 662 done.
[Rank 5] File 5, xtal 663 done.
[Rank 5] File 5, xtal 664 done.
[Rank 5] File 5, xtal 665 done.
[Rank 5] File 5, xtal 666 done.
[Rank 5] File 5, xtal 667 done.
[Rank 5] File 5, xtal 668 done.
[Rank 5] File 5, xtal 669 done.
[Rank 5] File 5, xtal 670 done.
[Rank 5] File 5, xtal 671 done.
[Rank 5] File 5, xtal 672 done.
[Rank 5] File 5, xtal 673 done.
[Rank 5] File 5, xtal 674 done.
[Rank 5] File 5, xtal 675 done.
[Rank 5] File 5, xtal 676 done.
[Rank 5] File 5, xtal 677 done.
[Rank 5] File 5, xtal 678 done.
[Rank 5] File 5, xtal 679 done.
[Rank 5] File 5, xtal 680 done.
[Rank 5] File 5, xtal 681 done.
[Rank 5] File 5, xtal 682 done.
[Rank 5] File 5, xtal 683 done.
[Rank 5] File 5, xtal 684 done.
[Rank 5] File 5, xtal 685 done.
[Rank 5] File 5, xtal 686 done.
[Rank 5] File 5, xtal 687 done.
[Rank 5] File 5, xtal 688 done.
[Rank 5] File 5, xtal 689 done.
[Rank 5] File 5, xtal 690 done.
[Rank 5] File 5, xtal 691 done.
[Rank 5] File 5, xtal 692 done.
[Rank 5] File 5, xtal 693 done.
[Rank 5] File 5, xtal 694 done.
[Rank 5] File 5, xtal 695 done.
[Rank 5] File 5, xtal 696 done.
[Rank 5] File 5, xtal 697 done.
[Rank 5] File 5, xtal 698 done.
[Rank 5] File 5, xtal 699 done.
[Rank 5] File 5, xtal 700 done.
[Rank 5] File 5, xtal 701 done.
[Rank 5] File 5, xtal 702 done.
[Rank 5] File 5, xtal 703 done.
[Rank 5] File 5, xtal 704 done.
[Rank 5] File 5, xtal 705 done.
[Rank 5] File 5, xtal 706 done.
[Rank 5] File 5, xtal 707 done.
[Rank 5] File 5, xtal 708 done.
[Rank 5] File 5, xtal 709 done.
[Rank 5] File 5, xtal 710 done.
[Rank 5] File 5, xtal 711 done.
[Rank 5] File 5, xtal 712 done.
[Rank 5] File 5, xtal 713 done.
[Rank 5] File 5, xtal 714 done.
[Rank 5] File 5, xtal 715 done.
[Rank 5] File 5, xtal 716 done.
[Rank 5] File 5, xtal 717 done.
[Rank 5] File 5, xtal 718 done.
[Rank 5] File 5, xtal 719 done.
[Rank 5] File 5, xtal 720 done.
[Rank 5] File 5, xtal 721 done.
[Rank 5] File 5, xtal 722 done.
[Rank 5] File 5, xtal 723 done.
[Rank 5] File 5, xtal 724 done.
[Rank 5] File 5, xtal 725 done.
[Rank 5] File 5, xtal 726 done.
[Rank 5] File 5, xtal 727 done.
[Rank 5] File 5, xtal 728 done.
[Rank 5] File 5, xtal 729 done.
[Rank 5] File 5, xtal 730 done.
[Rank 5] File 5, xtal 731 done.
[Rank 5] File 5, xtal 732 done.
[Rank 5] File 5, xtal 733 done.
[Rank 5] File 5, xtal 734 done.
[Rank 5] File 5, xtal 735 done.
[Rank 5] File 5, xtal 736 done.
[Rank 5] File 5, xtal 737 done.
[Rank 5] File 5, xtal 738 done.
[Rank 5] File 5, xtal 739 done.
[Rank 5] File 5, xtal 740 done.
[Rank 5] File 5, xtal 741 done.
[Rank 5] File 5, xtal 742 done.
[Rank 5] File 5, xtal 743 done.
[Rank 5] File 5, xtal 744 done.
[Rank 5] File 5, xtal 745 done.
[Rank 5] File 5, xtal 746 done.
[Rank 5] File 5, xtal 747 done.
[Rank 5] File 5, xtal 748 done.
[Rank 5] File 5, xtal 749 done.
[Rank 5] File 5, xtal 750 done.
[Rank 5] File 5, xtal 751 done.
[Rank 5] File 5, xtal 752 done.
[Rank 5] File 5, xtal 753 done.
[Rank 5] File 5, xtal 754 done.
[Rank 5] File 5, xtal 755 done.
[Rank 5] File 5, xtal 756 done.
[Rank 5] File 5, xtal 757 done.
[Rank 5] File 5, xtal 758 done.
[Rank 5] File 5, xtal 759 done.
[Rank 5] File 5, xtal 760 done.
[Rank 5] File 5, xtal 761 done.
[Rank 5] File 5, xtal 762 done.
[Rank 5] File 5, xtal 763 done.
[Rank 5] File 5, xtal 764 done.
[Rank 5] File 5, xtal 765 done.
[Rank 5] File 5, xtal 766 done.
[Rank 5] File 5, xtal 767 done.
[Rank 11] File 11, xtal 481 done.
[Rank 11] File 11, xtal 482 done.
[Rank 11] File 11, xtal 483 done.
[Rank 11] File 11, xtal 484 done.
[Rank 11] File 11, xtal 485 done.
[Rank 11] File 11, xtal 486 done.
[Rank 11] File 11, xtal 487 done.
[Rank 11] File 11, xtal 488 done.
[Rank 11] File 11, xtal 489 done.
[Rank 11] File 11, xtal 490 done.
[Rank 11] File 11, xtal 491 done.
[Rank 11] File 11, xtal 492 done.
[Rank 11] File 11, xtal 493 done.
[Rank 11] File 11, xtal 494 done.
[Rank 11] File 11, xtal 495 done.
[Rank 11] File 11, xtal 496 done.
[Rank 11] File 11, xtal 497 done.
[Rank 11] File 11, xtal 498 done.
[Rank 11] File 11, xtal 499 done.
[Rank 11] File 11, xtal 500 done.
[Rank 11] File 11, xtal 501 done.
[Rank 11] File 11, xtal 502 done.
[Rank 11] File 11, xtal 503 done.
[Rank 11] File 11, xtal 504 done.
[Rank 11] File 11, xtal 505 done.
[Rank 11] File 11, xtal 506 done.
[Rank 11] File 11, xtal 507 done.
[Rank 11] File 11, xtal 508 done.
[Rank 11] File 11, xtal 509 done.
[Rank 11] File 11, xtal 510 done.
[Rank 11] File 11, xtal 511 done.
[Rank 11] File 11, xtal 512 done.
[Rank 11] File 11, xtal 513 done.
[Rank 11] File 11, xtal 514 done.
[Rank 11] File 11, xtal 515 done.
[Rank 11] File 11, xtal 516 done.
[Rank 11] File 11, xtal 517 done.
[Rank 11] File 11, xtal 518 done.
[Rank 11] File 11, xtal 519 done.
[Rank 11] File 11, xtal 520 done.
[Rank 11] File 11, xtal 521 done.
[Rank 11] File 11, xtal 522 done.
[Rank 11] File 11, xtal 523 done.
[Rank 11] File 11, xtal 524 done.
[Rank 11] File 11, xtal 525 done.
[Rank 11] File 11, xtal 526 done.
[Rank 11] File 11, xtal 527 done.
[Rank 11] File 11, xtal 528 done.
[Rank 11] File 11, xtal 529 done.
[Rank 11] File 11, xtal 530 done.
[Rank 11] File 11, xtal 531 done.
[Rank 11] File 11, xtal 532 done.
[Rank 11] File 11, xtal 533 done.
[Rank 11] File 11, xtal 534 done.
[Rank 11] File 11, xtal 535 done.
[Rank 11] File 11, xtal 536 done.
[Rank 11] File 11, xtal 537 done.
[Rank 11] File 11, xtal 538 done.
[Rank 11] File 11, xtal 539 done.
[Rank 11] File 11, xtal 540 done.
[Rank 11] File 11, xtal 541 done.
[Rank 11] File 11, xtal 542 done.
[Rank 11] File 11, xtal 543 done.
[Rank 11] File 11, xtal 544 done.
[Rank 11] File 11, xtal 545 done.
[Rank 11] File 11, xtal 546 done.
[Rank 11] File 11, xtal 547 done.
[Rank 11] File 11, xtal 548 done.
[Rank 11] File 11, xtal 549 done.
[Rank 11] File 11, xtal 550 done.
[Rank 11] File 11, xtal 551 done.
[Rank 11] File 11, xtal 552 done.
[Rank 11] File 11, xtal 553 done.
[Rank 11] File 11, xtal 554 done.
[Rank 11] File 11, xtal 555 done.
[Rank 11] File 11, xtal 556 done.
[Rank 11] File 11, xtal 557 done.
[Rank 11] File 11, xtal 558 done.
[Rank 11] File 11, xtal 559 done.
[Rank 11] File 11, xtal 560 done.
[Rank 11] File 11, xtal 561 done.
[Rank 11] File 11, xtal 562 done.
[Rank 11] File 11, xtal 563 done.
[Rank 11] File 11, xtal 564 done.
[Rank 11] File 11, xtal 565 done.
[Rank 11] File 11, xtal 566 done.
[Rank 11] File 11, xtal 567 done.
[Rank 11] File 11, xtal 568 done.
[Rank 11] File 11, xtal 569 done.
[Rank 11] File 11, xtal 570 done.
[Rank 11] File 11, xtal 571 done.
[Rank 11] File 11, xtal 572 done.
[Rank 11] File 11, xtal 573 done.
[Rank 11] File 11, xtal 574 done.
[Rank 11] File 11, xtal 575 done.
[Rank 11] File 11, xtal 576 done.
[Rank 11] File 11, xtal 577 done.
[Rank 11] File 11, xtal 578 done.
[Rank 11] File 11, xtal 579 done.
[Rank 11] File 11, xtal 580 done.
[Rank 11] File 11, xtal 581 done.
[Rank 11] File 11, xtal 582 done.
[Rank 11] File 11, xtal 583 done.
[Rank 11] File 11, xtal 584 done.
[Rank 11] File 11, xtal 585 done.
[Rank 11] File 11, xtal 586 done.
[Rank 11] File 11, xtal 587 done.
[Rank 11] File 11, xtal 588 done.
[Rank 11] File 11, xtal 589 done.
[Rank 11] File 11, xtal 590 done.
[Rank 11] File 11, xtal 591 done.
[Rank 11] File 11, xtal 592 done.
[Rank 11] File 11, xtal 593 done.
[Rank 11] File 11, xtal 594 done.
[Rank 11] File 11, xtal 595 done.
[Rank 11] File 11, xtal 596 done.
[Rank 11] File 11, xtal 597 done.
[Rank 11] File 11, xtal 598 done.
[Rank 11] File 11, xtal 599 done.
[Rank 11] File 11, xtal 600 done.
[Rank 11] File 11, xtal 601 done.
[Rank 11] File 11, xtal 602 done.
[Rank 11] File 11, xtal 603 done.
[Rank 11] File 11, xtal 604 done.
[Rank 11] File 11, xtal 605 done.
[Rank 11] File 11, xtal 606 done.
[Rank 11] File 11, xtal 607 done.
[Rank 11] File 11, xtal 608 done.
[Rank 11] File 11, xtal 609 done.
[Rank 11] File 11, xtal 610 done.
[Rank 11] File 11, xtal 611 done.
[Rank 11] File 11, xtal 612 done.
[Rank 11] File 11, xtal 613 done.
[Rank 11] File 11, xtal 614 done.
[Rank 11] File 11, xtal 615 done.
[Rank 11] File 11, xtal 616 done.
[Rank 11] File 11, xtal 617 done.
[Rank 11] File 11, xtal 618 done.
[Rank 11] File 11, xtal 619 done.
[Rank 11] File 11, xtal 620 done.
[Rank 11] File 11, xtal 621 done.
[Rank 11] File 11, xtal 622 done.
[Rank 11] File 11, xtal 623 done.
[Rank 11] File 11, xtal 624 done.
[Rank 11] File 11, xtal 625 done.
[Rank 11] File 11, xtal 626 done.
[Rank 11] File 11, xtal 627 done.
[Rank 11] File 11, xtal 628 done.
[Rank 11] File 11, xtal 629 done.
[Rank 11] File 11, xtal 630 done.
[Rank 11] File 11, xtal 631 done.
[Rank 11] File 11, xtal 632 done.
[Rank 11] File 11, xtal 633 done.
[Rank 11] File 11, xtal 634 done.
[Rank 11] File 11, xtal 635 done.
[Rank 11] File 11, xtal 636 done.
[Rank 11] File 11, xtal 637 done.
[Rank 11] File 11, xtal 638 done.
[Rank 11] File 11, xtal 639 done.
[Rank 11] File 11, xtal 640 done.
[Rank 11] File 11, xtal 641 done.
[Rank 11] File 11, xtal 642 done.
[Rank 11] File 11, xtal 643 done.
[Rank 11] File 11, xtal 644 done.
[Rank 11] File 11, xtal 645 done.
[Rank 11] File 11, xtal 646 done.
[Rank 11] File 11, xtal 647 done.
[Rank 11] File 11, xtal 648 done.
[Rank 11] File 11, xtal 649 done.
[Rank 11] File 11, xtal 650 done.
[Rank 11] File 11, xtal 651 done.
[Rank 11] File 11, xtal 652 done.
[Rank 11] File 11, xtal 653 done.
[Rank 11] File 11, xtal 654 done.
[Rank 11] File 11, xtal 655 done.
[Rank 11] File 11, xtal 656 done.
[Rank 11] File 11, xtal 657 done.
[Rank 11] File 11, xtal 658 done.
[Rank 11] File 11, xtal 659 done.
[Rank 11] File 11, xtal 660 done.
[Rank 11] File 11, xtal 661 done.
[Rank 11] File 11, xtal 662 done.
[Rank 11] File 11, xtal 663 done.
[Rank 11] File 11, xtal 664 done.
[Rank 11] File 11, xtal 665 done.
[Rank 11] File 11, xtal 666 done.
[Rank 11] File 11, xtal 667 done.
[Rank 11] File 11, xtal 668 done.
[Rank 11] File 11, xtal 669 done.
[Rank 11] File 11, xtal 670 done.
[Rank 11] File 11, xtal 671 done.
[Rank 11] File 11, xtal 672 done.
[Rank 11] File 11, xtal 673 done.
[Rank 11] File 11, xtal 674 done.
[Rank 11] File 11, xtal 675 done.
[Rank 11] File 11, xtal 676 done.
[Rank 11] File 11, xtal 677 done.
[Rank 11] File 11, xtal 678 done.
[Rank 11] File 11, xtal 679 done.
[Rank 11] File 11, xtal 680 done.
[Rank 11] File 11, xtal 681 done.
[Rank 11] File 11, xtal 682 done.
[Rank 11] File 11, xtal 683 done.
[Rank 11] File 11, xtal 684 done.
[Rank 11] File 11, xtal 685 done.
[Rank 11] File 11, xtal 686 done.
[Rank 11] File 11, xtal 687 done.
[Rank 11] File 11, xtal 688 done.
[Rank 11] File 11, xtal 689 done.
[Rank 11] File 11, xtal 690 done.
[Rank 11] File 11, xtal 691 done.
[Rank 11] File 11, xtal 692 done.
[Rank 11] File 11, xtal 693 done.
[Rank 11] File 11, xtal 694 done.
[Rank 11] File 11, xtal 695 done.
[Rank 11] File 11, xtal 696 done.
[Rank 11] File 11, xtal 697 done.
[Rank 11] File 11, xtal 698 done.
[Rank 11] File 11, xtal 699 done.
[Rank 11] File 11, xtal 700 done.
[Rank 11] File 11, xtal 701 done.
[Rank 11] File 11, xtal 702 done.
[Rank 11] File 11, xtal 703 done.
[Rank 11] File 11, xtal 704 done.
[Rank 11] File 11, xtal 705 done.
[Rank 11] File 11, xtal 706 done.
[Rank 11] File 11, xtal 707 done.
[Rank 11] File 11, xtal 708 done.
[Rank 11] File 11, xtal 709 done.
[Rank 11] File 11, xtal 710 done.
[Rank 11] File 11, xtal 711 done.
[Rank 11] File 11, xtal 712 done.
[Rank 11] File 11, xtal 713 done.
[Rank 11] File 11, xtal 714 done.
[Rank 11] File 11, xtal 715 done.
[Rank 11] File 11, xtal 716 done.
[Rank 11] File 11, xtal 717 done.
[Rank 11] File 11, xtal 718 done.
[Rank 11] File 11, xtal 719 done.
[Rank 11] File 11, xtal 720 done.
[Rank 13] File 13, xtal 481 done.
[Rank 13] File 13, xtal 482 done.
[Rank 13] File 13, xtal 483 done.
[Rank 13] File 13, xtal 484 done.
[Rank 13] File 13, xtal 485 done.
[Rank 13] File 13, xtal 486 done.
[Rank 13] File 13, xtal 487 done.
[Rank 13] File 13, xtal 488 done.
[Rank 13] File 13, xtal 489 done.
[Rank 13] File 13, xtal 490 done.
[Rank 13] File 13, xtal 491 done.
[Rank 13] File 13, xtal 492 done.
[Rank 13] File 13, xtal 493 done.
[Rank 13] File 13, xtal 494 done.
[Rank 13] File 13, xtal 495 done.
[Rank 13] File 13, xtal 496 done.
[Rank 13] File 13, xtal 497 done.
[Rank 13] File 13, xtal 498 done.
[Rank 13] File 13, xtal 499 done.
[Rank 13] File 13, xtal 500 done.
[Rank 13] File 13, xtal 501 done.
[Rank 13] File 13, xtal 502 done.
[Rank 13] File 13, xtal 503 done.
[Rank 13] File 13, xtal 504 done.
[Rank 13] File 13, xtal 505 done.
[Rank 13] File 13, xtal 506 done.
[Rank 13] File 13, xtal 507 done.
[Rank 13] File 13, xtal 508 done.
[Rank 13] File 13, xtal 509 done.
[Rank 13] File 13, xtal 510 done.
[Rank 13] File 13, xtal 511 done.
[Rank 13] File 13, xtal 512 done.
[Rank 13] File 13, xtal 513 done.
[Rank 13] File 13, xtal 514 done.
[Rank 13] File 13, xtal 515 done.
[Rank 13] File 13, xtal 516 done.
[Rank 13] File 13, xtal 517 done.
[Rank 13] File 13, xtal 518 done.
[Rank 13] File 13, xtal 519 done.
[Rank 13] File 13, xtal 520 done.
[Rank 13] File 13, xtal 521 done.
[Rank 13] File 13, xtal 522 done.
[Rank 13] File 13, xtal 523 done.
[Rank 13] File 13, xtal 524 done.
[Rank 13] File 13, xtal 525 done.
[Rank 13] File 13, xtal 526 done.
[Rank 13] File 13, xtal 527 done.
[Rank 13] File 13, xtal 528 done.
[Rank 13] File 13, xtal 529 done.
[Rank 13] File 13, xtal 530 done.
[Rank 13] File 13, xtal 531 done.
[Rank 13] File 13, xtal 532 done.
[Rank 13] File 13, xtal 533 done.
[Rank 13] File 13, xtal 534 done.
[Rank 13] File 13, xtal 535 done.
[Rank 13] File 13, xtal 536 done.
[Rank 13] File 13, xtal 537 done.
[Rank 13] File 13, xtal 538 done.
[Rank 13] File 13, xtal 539 done.
[Rank 13] File 13, xtal 540 done.
[Rank 13] File 13, xtal 541 done.
[Rank 13] File 13, xtal 542 done.
[Rank 13] File 13, xtal 543 done.
[Rank 13] File 13, xtal 544 done.
[Rank 13] File 13, xtal 545 done.
[Rank 13] File 13, xtal 546 done.
[Rank 13] File 13, xtal 547 done.
[Rank 13] File 13, xtal 548 done.
[Rank 13] File 13, xtal 549 done.
[Rank 13] File 13, xtal 550 done.
[Rank 13] File 13, xtal 551 done.
[Rank 13] File 13, xtal 552 done.
[Rank 13] File 13, xtal 553 done.
[Rank 13] File 13, xtal 554 done.
[Rank 13] File 13, xtal 555 done.
[Rank 13] File 13, xtal 556 done.
[Rank 13] File 13, xtal 557 done.
[Rank 13] File 13, xtal 558 done.
[Rank 13] File 13, xtal 559 done.
[Rank 13] File 13, xtal 560 done.
[Rank 13] File 13, xtal 561 done.
[Rank 13] File 13, xtal 562 done.
[Rank 13] File 13, xtal 563 done.
[Rank 13] File 13, xtal 564 done.
[Rank 13] File 13, xtal 565 done.
[Rank 13] File 13, xtal 566 done.
[Rank 13] File 13, xtal 567 done.
[Rank 13] File 13, xtal 568 done.
[Rank 13] File 13, xtal 569 done.
[Rank 13] File 13, xtal 570 done.
[Rank 13] File 13, xtal 571 done.
[Rank 13] File 13, xtal 572 done.
[Rank 13] File 13, xtal 573 done.
[Rank 13] File 13, xtal 574 done.
[Rank 13] File 13, xtal 575 done.
[Rank 13] File 13, xtal 576 done.
[Rank 13] File 13, xtal 577 done.
[Rank 13] File 13, xtal 578 done.
[Rank 13] File 13, xtal 579 done.
[Rank 13] File 13, xtal 580 done.
[Rank 13] File 13, xtal 581 done.
[Rank 13] File 13, xtal 582 done.
[Rank 13] File 13, xtal 583 done.
[Rank 13] File 13, xtal 584 done.
[Rank 13] File 13, xtal 585 done.
[Rank 13] File 13, xtal 586 done.
[Rank 13] File 13, xtal 587 done.
[Rank 13] File 13, xtal 588 done.
[Rank 13] File 13, xtal 589 done.
[Rank 13] File 13, xtal 590 done.
[Rank 13] File 13, xtal 591 done.
[Rank 13] File 13, xtal 592 done.
[Rank 13] File 13, xtal 593 done.
[Rank 13] File 13, xtal 594 done.
[Rank 13] File 13, xtal 595 done.
[Rank 13] File 13, xtal 596 done.
[Rank 13] File 13, xtal 597 done.
[Rank 13] File 13, xtal 598 done.
[Rank 13] File 13, xtal 599 done.
[Rank 13] File 13, xtal 600 done.
[Rank 13] File 13, xtal 601 done.
[Rank 13] File 13, xtal 602 done.
[Rank 13] File 13, xtal 603 done.
[Rank 13] File 13, xtal 604 done.
[Rank 13] File 13, xtal 605 done.
[Rank 13] File 13, xtal 606 done.
[Rank 13] File 13, xtal 607 done.
[Rank 13] File 13, xtal 608 done.
[Rank 13] File 13, xtal 609 done.
[Rank 13] File 13, xtal 610 done.
[Rank 13] File 13, xtal 611 done.
[Rank 13] File 13, xtal 612 done.
[Rank 13] File 13, xtal 613 done.
[Rank 13] File 13, xtal 614 done.
[Rank 13] File 13, xtal 615 done.
[Rank 13] File 13, xtal 616 done.
[Rank 13] File 13, xtal 617 done.
[Rank 13] File 13, xtal 618 done.
[Rank 13] File 13, xtal 619 done.
[Rank 13] File 13, xtal 620 done.
[Rank 13] File 13, xtal 621 done.
[Rank 13] File 13, xtal 622 done.
[Rank 13] File 13, xtal 623 done.
[Rank 13] File 13, xtal 624 done.
[Rank 13] File 13, xtal 625 done.
[Rank 13] File 13, xtal 626 done.
[Rank 13] File 13, xtal 627 done.
[Rank 13] File 13, xtal 628 done.
[Rank 13] File 13, xtal 629 done.
[Rank 13] File 13, xtal 630 done.
[Rank 13] File 13, xtal 631 done.
[Rank 13] File 13, xtal 632 done.
[Rank 13] File 13, xtal 633 done.
[Rank 13] File 13, xtal 634 done.
[Rank 13] File 13, xtal 635 done.
[Rank 13] File 13, xtal 636 done.
[Rank 13] File 13, xtal 637 done.
[Rank 13] File 13, xtal 638 done.
[Rank 13] File 13, xtal 639 done.
[Rank 13] File 13, xtal 640 done.
[Rank 13] File 13, xtal 641 done.
[Rank 13] File 13, xtal 642 done.
[Rank 13] File 13, xtal 643 done.
[Rank 13] File 13, xtal 644 done.
[Rank 13] File 13, xtal 645 done.
[Rank 13] File 13, xtal 646 done.
[Rank 13] File 13, xtal 647 done.
[Rank 13] File 13, xtal 648 done.
[Rank 13] File 13, xtal 649 done.
[Rank 13] File 13, xtal 650 done.
[Rank 13] File 13, xtal 651 done.
[Rank 13] File 13, xtal 652 done.
[Rank 13] File 13, xtal 653 done.
[Rank 13] File 13, xtal 654 done.
[Rank 13] File 13, xtal 655 done.
[Rank 13] File 13, xtal 656 done.
[Rank 13] File 13, xtal 657 done.
[Rank 13] File 13, xtal 658 done.
[Rank 13] File 13, xtal 659 done.
[Rank 13] File 13, xtal 660 done.
[Rank 13] File 13, xtal 661 done.
[Rank 13] File 13, xtal 662 done.
[Rank 13] File 13, xtal 663 done.
[Rank 13] File 13, xtal 664 done.
[Rank 13] File 13, xtal 665 done.
[Rank 13] File 13, xtal 666 done.
[Rank 13] File 13, xtal 667 done.
[Rank 13] File 13, xtal 668 done.
[Rank 13] File 13, xtal 669 done.
[Rank 13] File 13, xtal 670 done.
[Rank 13] File 13, xtal 671 done.
[Rank 13] File 13, xtal 672 done.
[Rank 13] File 13, xtal 673 done.
[Rank 13] File 13, xtal 674 done.
[Rank 13] File 13, xtal 675 done.
[Rank 13] File 13, xtal 676 done.
[Rank 13] File 13, xtal 677 done.
[Rank 13] File 13, xtal 678 done.
[Rank 13] File 13, xtal 679 done.
[Rank 13] File 13, xtal 680 done.
[Rank 13] File 13, xtal 681 done.
[Rank 13] File 13, xtal 682 done.
[Rank 13] File 13, xtal 683 done.
[Rank 13] File 13, xtal 684 done.
[Rank 13] File 13, xtal 685 done.
[Rank 13] File 13, xtal 686 done.
[Rank 13] File 13, xtal 687 done.
[Rank 13] File 13, xtal 688 done.
[Rank 13] File 13, xtal 689 done.
[Rank 13] File 13, xtal 690 done.
[Rank 13] File 13, xtal 691 done.
[Rank 13] File 13, xtal 692 done.
[Rank 13] File 13, xtal 693 done.
[Rank 13] File 13, xtal 694 done.
[Rank 13] File 13, xtal 695 done.
[Rank 13] File 13, xtal 696 done.
[Rank 13] File 13, xtal 697 done.
[Rank 13] File 13, xtal 698 done.
[Rank 13] File 13, xtal 699 done.
[Rank 13] File 13, xtal 700 done.
[Rank 13] File 13, xtal 701 done.
[Rank 13] File 13, xtal 702 done.
[Rank 13] File 13, xtal 703 done.
[Rank 13] File 13, xtal 704 done.
[Rank 13] File 13, xtal 705 done.
[Rank 13] File 13, xtal 706 done.
[Rank 13] File 13, xtal 707 done.
[Rank 13] File 13, xtal 708 done.
[Rank 13] File 13, xtal 709 done.
[Rank 13] File 13, xtal 710 done.
[Rank 13] File 13, xtal 711 done.
[Rank 13] File 13, xtal 712 done.
[Rank 13] File 13, xtal 713 done.
[Rank 13] File 13, xtal 714 done.
[Rank 13] File 13, xtal 715 done.
[Rank 13] File 13, xtal 716 done.
[Rank 13] File 13, xtal 717 done.
[Rank 13] File 13, xtal 718 done.
[Rank 13] File 13, xtal 719 done.
[Rank 13] File 13, xtal 720 done.
[Rank 12] File 12, xtal 721 done.
[Rank 12] File 12, xtal 722 done.
[Rank 12] File 12, xtal 723 done.
[Rank 12] File 12, xtal 724 done.
[Rank 12] File 12, xtal 725 done.
[Rank 12] File 12, xtal 726 done.
[Rank 12] File 12, xtal 727 done.
[Rank 12] File 12, xtal 728 done.
[Rank 12] File 12, xtal 729 done.
[Rank 12] File 12, xtal 730 done.
[Rank 12] File 12, xtal 731 done.
[Rank 12] File 12, xtal 732 done.
[Rank 12] File 12, xtal 733 done.
[Rank 12] File 12, xtal 734 done.
[Rank 12] File 12, xtal 735 done.
[Rank 12] File 12, xtal 736 done.
[Rank 12] File 12, xtal 737 done.
[Rank 12] File 12, xtal 738 done.
[Rank 12] File 12, xtal 739 done.
[Rank 12] File 12, xtal 740 done.
[Rank 12] File 12, xtal 741 done.
[Rank 12] File 12, xtal 742 done.
[Rank 12] File 12, xtal 743 done.
[Rank 12] File 12, xtal 744 done.
[Rank 12] File 12, xtal 745 done.
[Rank 12] File 12, xtal 746 done.
[Rank 12] File 12, xtal 747 done.
[Rank 12] File 12, xtal 748 done.
[Rank 12] File 12, xtal 749 done.
[Rank 12] File 12, xtal 750 done.
[Rank 12] File 12, xtal 751 done.
[Rank 12] File 12, xtal 752 done.
[Rank 12] File 12, xtal 753 done.
[Rank 12] File 12, xtal 754 done.
[Rank 12] File 12, xtal 755 done.
[Rank 12] File 12, xtal 756 done.
[Rank 12] File 12, xtal 757 done.
[Rank 12] File 12, xtal 758 done.
[Rank 12] File 12, xtal 759 done.
[Rank 12] File 12, xtal 760 done.
[Rank 12] File 12, xtal 761 done.
[Rank 12] File 12, xtal 762 done.
[Rank 12] File 12, xtal 763 done.
[Rank 12] File 12, xtal 764 done.
[Rank 12] File 12, xtal 765 done.
[Rank 12] File 12, xtal 766 done.
[Rank 12] File 12, xtal 767 done.
[Rank 12] File 12, xtal 768 done.
[Rank 12] File 12, xtal 769 done.
[Rank 12] File 12, xtal 770 done.
[Rank 12] File 12, xtal 771 done.
[Rank 12] File 12, xtal 772 done.
[Rank 12] File 12, xtal 773 done.
[Rank 12] File 12, xtal 774 done.
[Rank 12] File 12, xtal 775 done.
[Rank 12] File 12, xtal 776 done.
[Rank 12] File 12, xtal 777 done.
[Rank 12] File 12, xtal 778 done.
[Rank 12] File 12, xtal 779 done.
[Rank 12] File 12, xtal 780 done.
[Rank 12] File 12, xtal 781 done.
[Rank 12] File 12, xtal 782 done.
[Rank 12] File 12, xtal 783 done.
[Rank 12] File 12, xtal 784 done.
[Rank 12] File 12, xtal 785 done.
[Rank 12] File 12, xtal 786 done.
[Rank 12] File 12, xtal 787 done.
[Rank 12] File 12, xtal 788 done.
[Rank 12] File 12, xtal 789 done.
[Rank 12] File 12, xtal 790 done.
[Rank 12] File 12, xtal 791 done.
[Rank 12] File 12, xtal 792 done.
[Rank 12] File 12, xtal 793 done.
[Rank 12] File 12, xtal 794 done.
[Rank 12] File 12, xtal 795 done.
[Rank 12] File 12, xtal 796 done.
[Rank 12] File 12, xtal 797 done.
[Rank 12] File 12, xtal 798 done.
[Rank 12] File 12, xtal 799 done.
[Rank 12] File 12, xtal 800 done.
[Rank 12] File 12, xtal 801 done.
[Rank 12] File 12, xtal 802 done.
[Rank 12] File 12, xtal 803 done.
[Rank 12] File 12, xtal 804 done.
[Rank 12] File 12, xtal 805 done.
[Rank 12] File 12, xtal 806 done.
[Rank 12] File 12, xtal 807 done.
[Rank 12] File 12, xtal 808 done.
[Rank 12] File 12, xtal 809 done.
[Rank 12] File 12, xtal 810 done.
[Rank 12] File 12, xtal 811 done.
[Rank 12] File 12, xtal 812 done.
[Rank 12] File 12, xtal 813 done.
[Rank 12] File 12, xtal 814 done.
[Rank 12] File 12, xtal 815 done.
[Rank 12] File 12, xtal 816 done.
[Rank 12] File 12, xtal 817 done.
[Rank 12] File 12, xtal 818 done.
[Rank 12] File 12, xtal 819 done.
[Rank 12] File 12, xtal 820 done.
[Rank 12] File 12, xtal 821 done.
[Rank 12] File 12, xtal 822 done.
[Rank 12] File 12, xtal 823 done.
[Rank 12] File 12, xtal 824 done.
[Rank 12] File 12, xtal 825 done.
[Rank 12] File 12, xtal 826 done.
[Rank 12] File 12, xtal 827 done.
[Rank 12] File 12, xtal 828 done.
[Rank 12] File 12, xtal 829 done.
[Rank 12] File 12, xtal 830 done.
[Rank 12] File 12, xtal 831 done.
[Rank 12] File 12, xtal 832 done.
[Rank 12] File 12, xtal 833 done.
[Rank 12] File 12, xtal 834 done.
[Rank 12] File 12, xtal 835 done.
[Rank 12] File 12, xtal 836 done.
[Rank 12] File 12, xtal 837 done.
[Rank 12] File 12, xtal 838 done.
[Rank 12] File 12, xtal 839 done.
[Rank 12] File 12, xtal 840 done.
[Rank 12] File 12, xtal 841 done.
[Rank 12] File 12, xtal 842 done.
[Rank 12] File 12, xtal 843 done.
[Rank 12] File 12, xtal 844 done.
[Rank 12] File 12, xtal 845 done.
[Rank 12] File 12, xtal 846 done.
[Rank 12] File 12, xtal 847 done.
[Rank 12] File 12, xtal 848 done.
[Rank 12] File 12, xtal 849 done.
[Rank 12] File 12, xtal 850 done.
[Rank 12] File 12, xtal 851 done.
[Rank 12] File 12, xtal 852 done.
[Rank 12] File 12, xtal 853 done.
[Rank 12] File 12, xtal 854 done.
[Rank 12] File 12, xtal 855 done.
[Rank 12] File 12, xtal 856 done.
[Rank 12] File 12, xtal 857 done.
[Rank 12] File 12, xtal 858 done.
[Rank 12] File 12, xtal 859 done.
[Rank 12] File 12, xtal 860 done.
[Rank 12] File 12, xtal 861 done.
[Rank 12] File 12, xtal 862 done.
[Rank 12] File 12, xtal 863 done.
All processes completed.
[Rank 0] File 0, xtal 768 done.
[Rank 0] File 0, xtal 769 done.
[Rank 0] File 0, xtal 770 done.
[Rank 0] File 0, xtal 771 done.
[Rank 0] File 0, xtal 772 done.
[Rank 0] File 0, xtal 773 done.
[Rank 0] File 0, xtal 774 done.
[Rank 0] File 0, xtal 775 done.
[Rank 0] File 0, xtal 776 done.
[Rank 0] File 0, xtal 777 done.
[Rank 0] File 0, xtal 778 done.
[Rank 0] File 0, xtal 779 done.
[Rank 0] File 0, xtal 780 done.
[Rank 0] File 0, xtal 781 done.
[Rank 0] File 0, xtal 782 done.
[Rank 0] File 0, xtal 783 done.
[Rank 0] File 0, xtal 784 done.
[Rank 0] File 0, xtal 785 done.
[Rank 0] File 0, xtal 786 done.
[Rank 0] File 0, xtal 787 done.
[Rank 0] File 0, xtal 788 done.
[Rank 0] File 0, xtal 789 done.
[Rank 0] File 0, xtal 790 done.
[Rank 0] File 0, xtal 791 done.
[Rank 0] File 0, xtal 792 done.
[Rank 0] File 0, xtal 793 done.
[Rank 0] File 0, xtal 794 done.
[Rank 0] File 0, xtal 795 done.
[Rank 0] File 0, xtal 796 done.
[Rank 0] File 0, xtal 797 done.
[Rank 0] File 0, xtal 798 done.
[Rank 0] File 0, xtal 799 done.
[Rank 0] File 0, xtal 800 done.
[Rank 0] File 0, xtal 801 done.
[Rank 0] File 0, xtal 802 done.
[Rank 0] File 0, xtal 803 done.
[Rank 0] File 0, xtal 804 done.
[Rank 0] File 0, xtal 805 done.
[Rank 0] File 0, xtal 806 done.
[Rank 0] File 0, xtal 807 done.
[Rank 0] File 0, xtal 808 done.
[Rank 0] File 0, xtal 809 done.
[Rank 0] File 0, xtal 810 done.
[Rank 0] File 0, xtal 811 done.
[Rank 0] File 0, xtal 812 done.
[Rank 0] File 0, xtal 813 done.
[Rank 0] File 0, xtal 814 done.
[Rank 0] File 0, xtal 815 done.
[Rank 0] File 0, xtal 816 done.
[Rank 0] File 0, xtal 817 done.
[Rank 0] File 0, xtal 818 done.
[Rank 0] File 0, xtal 819 done.
[Rank 0] File 0, xtal 820 done.
[Rank 0] File 0, xtal 821 done.
[Rank 0] File 0, xtal 822 done.
[Rank 0] File 0, xtal 823 done.
[Rank 0] File 0, xtal 824 done.
[Rank 0] File 0, xtal 825 done.
[Rank 0] File 0, xtal 826 done.
[Rank 0] File 0, xtal 827 done.
[Rank 0] File 0, xtal 828 done.
[Rank 0] File 0, xtal 829 done.
[Rank 0] File 0, xtal 830 done.
[Rank 0] File 0, xtal 831 done.
[Rank 0] File 0, xtal 832 done.
[Rank 0] File 0, xtal 833 done.
[Rank 0] File 0, xtal 834 done.
[Rank 0] File 0, xtal 835 done.
[Rank 0] File 0, xtal 836 done.
[Rank 0] File 0, xtal 837 done.
[Rank 0] File 0, xtal 838 done.
[Rank 0] File 0, xtal 839 done.
[Rank 0] File 0, xtal 840 done.
[Rank 0] File 0, xtal 841 done.
[Rank 0] File 0, xtal 842 done.
[Rank 0] File 0, xtal 843 done.
[Rank 0] File 0, xtal 844 done.
[Rank 0] File 0, xtal 845 done.
[Rank 0] File 0, xtal 846 done.
[Rank 0] File 0, xtal 847 done.
[Rank 0] File 0, xtal 848 done.
[Rank 0] File 0, xtal 849 done.
[Rank 0] File 0, xtal 850 done.
[Rank 0] File 0, xtal 851 done.
[Rank 0] File 0, xtal 852 done.
[Rank 0] File 0, xtal 853 done.
[Rank 0] File 0, xtal 854 done.
[Rank 0] File 0, xtal 855 done.
[Rank 0] File 0, xtal 856 done.
[Rank 0] File 0, xtal 857 done.
[Rank 0] File 0, xtal 858 done.
[Rank 0] File 0, xtal 859 done.
[Rank 0] File 0, xtal 860 done.
[Rank 0] File 0, xtal 861 done.
[Rank 0] File 0, xtal 862 done.
[Rank 0] File 0, xtal 863 done.
All processes completed.
[Rank 22] File 22, xtal 721 done.
[Rank 22] File 22, xtal 722 done.
[Rank 22] File 22, xtal 723 done.
[Rank 22] File 22, xtal 724 done.
[Rank 22] File 22, xtal 725 done.
[Rank 22] File 22, xtal 726 done.
[Rank 22] File 22, xtal 727 done.
[Rank 22] File 22, xtal 728 done.
[Rank 22] File 22, xtal 729 done.
[Rank 22] File 22, xtal 730 done.
[Rank 22] File 22, xtal 731 done.
[Rank 22] File 22, xtal 732 done.
[Rank 22] File 22, xtal 733 done.
[Rank 22] File 22, xtal 734 done.
[Rank 22] File 22, xtal 735 done.
[Rank 22] File 22, xtal 736 done.
[Rank 22] File 22, xtal 737 done.
[Rank 22] File 22, xtal 738 done.
[Rank 22] File 22, xtal 739 done.
[Rank 22] File 22, xtal 740 done.
[Rank 22] File 22, xtal 741 done.
[Rank 22] File 22, xtal 742 done.
[Rank 22] File 22, xtal 743 done.
[Rank 22] File 22, xtal 744 done.
[Rank 22] File 22, xtal 745 done.
[Rank 22] File 22, xtal 746 done.
[Rank 22] File 22, xtal 747 done.
[Rank 22] File 22, xtal 748 done.
[Rank 22] File 22, xtal 749 done.
[Rank 22] File 22, xtal 750 done.
[Rank 22] File 22, xtal 751 done.
[Rank 22] File 22, xtal 752 done.
[Rank 22] File 22, xtal 753 done.
[Rank 22] File 22, xtal 754 done.
[Rank 22] File 22, xtal 755 done.
[Rank 22] File 22, xtal 756 done.
[Rank 22] File 22, xtal 757 done.
[Rank 22] File 22, xtal 758 done.
[Rank 22] File 22, xtal 759 done.
[Rank 22] File 22, xtal 760 done.
[Rank 22] File 22, xtal 761 done.
[Rank 22] File 22, xtal 762 done.
[Rank 22] File 22, xtal 763 done.
[Rank 22] File 22, xtal 764 done.
[Rank 22] File 22, xtal 765 done.
[Rank 22] File 22, xtal 766 done.
[Rank 22] File 22, xtal 767 done.
[Rank 22] File 22, xtal 768 done.
[Rank 22] File 22, xtal 769 done.
[Rank 22] File 22, xtal 770 done.
[Rank 22] File 22, xtal 771 done.
[Rank 22] File 22, xtal 772 done.
[Rank 22] File 22, xtal 773 done.
[Rank 22] File 22, xtal 774 done.
[Rank 22] File 22, xtal 775 done.
[Rank 22] File 22, xtal 776 done.
[Rank 22] File 22, xtal 777 done.
[Rank 22] File 22, xtal 778 done.
[Rank 22] File 22, xtal 779 done.
[Rank 22] File 22, xtal 780 done.
[Rank 22] File 22, xtal 781 done.
[Rank 22] File 22, xtal 782 done.
[Rank 22] File 22, xtal 783 done.
[Rank 22] File 22, xtal 784 done.
[Rank 22] File 22, xtal 785 done.
[Rank 22] File 22, xtal 786 done.
[Rank 22] File 22, xtal 787 done.
[Rank 22] File 22, xtal 788 done.
[Rank 22] File 22, xtal 789 done.
[Rank 22] File 22, xtal 790 done.
[Rank 22] File 22, xtal 791 done.
[Rank 22] File 22, xtal 792 done.
[Rank 22] File 22, xtal 793 done.
[Rank 22] File 22, xtal 794 done.
[Rank 22] File 22, xtal 795 done.
[Rank 22] File 22, xtal 796 done.
[Rank 22] File 22, xtal 797 done.
[Rank 22] File 22, xtal 798 done.
[Rank 22] File 22, xtal 799 done.
[Rank 22] File 22, xtal 800 done.
[Rank 22] File 22, xtal 801 done.
[Rank 22] File 22, xtal 802 done.
[Rank 22] File 22, xtal 803 done.
[Rank 22] File 22, xtal 804 done.
[Rank 22] File 22, xtal 805 done.
[Rank 22] File 22, xtal 806 done.
[Rank 22] File 22, xtal 807 done.
[Rank 22] File 22, xtal 808 done.
[Rank 22] File 22, xtal 809 done.
[Rank 22] File 22, xtal 810 done.
[Rank 22] File 22, xtal 811 done.
[Rank 22] File 22, xtal 812 done.
[Rank 22] File 22, xtal 813 done.
[Rank 22] File 22, xtal 814 done.
[Rank 22] File 22, xtal 815 done.
[Rank 22] File 22, xtal 816 done.
[Rank 22] File 22, xtal 817 done.
[Rank 22] File 22, xtal 818 done.
[Rank 22] File 22, xtal 819 done.
[Rank 22] File 22, xtal 820 done.
[Rank 22] File 22, xtal 821 done.
[Rank 22] File 22, xtal 822 done.
[Rank 22] File 22, xtal 823 done.
[Rank 22] File 22, xtal 824 done.
[Rank 22] File 22, xtal 825 done.
[Rank 22] File 22, xtal 826 done.
[Rank 22] File 22, xtal 827 done.
[Rank 22] File 22, xtal 828 done.
[Rank 22] File 22, xtal 829 done.
[Rank 22] File 22, xtal 830 done.
[Rank 22] File 22, xtal 831 done.
[Rank 22] File 22, xtal 832 done.
[Rank 22] File 22, xtal 833 done.
[Rank 22] File 22, xtal 834 done.
[Rank 22] File 22, xtal 835 done.
[Rank 22] File 22, xtal 836 done.
[Rank 22] File 22, xtal 837 done.
[Rank 22] File 22, xtal 838 done.
[Rank 22] File 22, xtal 839 done.
[Rank 22] File 22, xtal 840 done.
[Rank 22] File 22, xtal 841 done.
[Rank 22] File 22, xtal 842 done.
[Rank 22] File 22, xtal 843 done.
[Rank 22] File 22, xtal 844 done.
[Rank 22] File 22, xtal 845 done.
[Rank 22] File 22, xtal 846 done.
[Rank 22] File 22, xtal 847 done.
[Rank 22] File 22, xtal 848 done.
[Rank 22] File 22, xtal 849 done.
[Rank 22] File 22, xtal 850 done.
[Rank 22] File 22, xtal 851 done.
[Rank 22] File 22, xtal 852 done.
[Rank 22] File 22, xtal 853 done.
[Rank 22] File 22, xtal 854 done.
[Rank 22] File 22, xtal 855 done.
[Rank 22] File 22, xtal 856 done.
[Rank 22] File 22, xtal 857 done.
[Rank 22] File 22, xtal 858 done.
[Rank 22] File 22, xtal 859 done.
[Rank 22] File 22, xtal 860 done.
[Rank 22] File 22, xtal 861 done.
[Rank 22] File 22, xtal 862 done.
[Rank 22] File 22, xtal 863 done.
All processes completed.
[Rank 1] File 1, xtal 768 done.
[Rank 1] File 1, xtal 769 done.
[Rank 1] File 1, xtal 770 done.
[Rank 1] File 1, xtal 771 done.
[Rank 1] File 1, xtal 772 done.
[Rank 1] File 1, xtal 773 done.
[Rank 1] File 1, xtal 774 done.
[Rank 1] File 1, xtal 775 done.
[Rank 1] File 1, xtal 776 done.
[Rank 1] File 1, xtal 777 done.
[Rank 1] File 1, xtal 778 done.
[Rank 1] File 1, xtal 779 done.
[Rank 1] File 1, xtal 780 done.
[Rank 1] File 1, xtal 781 done.
[Rank 1] File 1, xtal 782 done.
[Rank 1] File 1, xtal 783 done.
[Rank 1] File 1, xtal 784 done.
[Rank 1] File 1, xtal 785 done.
[Rank 1] File 1, xtal 786 done.
[Rank 1] File 1, xtal 787 done.
[Rank 1] File 1, xtal 788 done.
[Rank 1] File 1, xtal 789 done.
[Rank 1] File 1, xtal 790 done.
[Rank 1] File 1, xtal 791 done.
[Rank 1] File 1, xtal 792 done.
[Rank 1] File 1, xtal 793 done.
[Rank 1] File 1, xtal 794 done.
[Rank 1] File 1, xtal 795 done.
[Rank 1] File 1, xtal 796 done.
[Rank 1] File 1, xtal 797 done.
[Rank 1] File 1, xtal 798 done.
[Rank 1] File 1, xtal 799 done.
[Rank 1] File 1, xtal 800 done.
[Rank 1] File 1, xtal 801 done.
[Rank 1] File 1, xtal 802 done.
[Rank 1] File 1, xtal 803 done.
[Rank 1] File 1, xtal 804 done.
[Rank 1] File 1, xtal 805 done.
[Rank 1] File 1, xtal 806 done.
[Rank 1] File 1, xtal 807 done.
[Rank 1] File 1, xtal 808 done.
[Rank 1] File 1, xtal 809 done.
[Rank 1] File 1, xtal 810 done.
[Rank 1] File 1, xtal 811 done.
[Rank 1] File 1, xtal 812 done.
[Rank 1] File 1, xtal 813 done.
[Rank 1] File 1, xtal 814 done.
[Rank 1] File 1, xtal 815 done.
[Rank 1] File 1, xtal 816 done.
[Rank 1] File 1, xtal 817 done.
[Rank 1] File 1, xtal 818 done.
[Rank 1] File 1, xtal 819 done.
[Rank 1] File 1, xtal 820 done.
[Rank 1] File 1, xtal 821 done.
[Rank 1] File 1, xtal 822 done.
[Rank 1] File 1, xtal 823 done.
[Rank 1] File 1, xtal 824 done.
[Rank 1] File 1, xtal 825 done.
[Rank 1] File 1, xtal 826 done.
[Rank 1] File 1, xtal 827 done.
[Rank 1] File 1, xtal 828 done.
[Rank 1] File 1, xtal 829 done.
[Rank 1] File 1, xtal 830 done.
[Rank 1] File 1, xtal 831 done.
[Rank 1] File 1, xtal 832 done.
[Rank 1] File 1, xtal 833 done.
[Rank 1] File 1, xtal 834 done.
[Rank 1] File 1, xtal 835 done.
[Rank 1] File 1, xtal 836 done.
[Rank 1] File 1, xtal 837 done.
[Rank 1] File 1, xtal 838 done.
[Rank 1] File 1, xtal 839 done.
[Rank 1] File 1, xtal 840 done.
[Rank 1] File 1, xtal 841 done.
[Rank 1] File 1, xtal 842 done.
[Rank 1] File 1, xtal 843 done.
[Rank 1] File 1, xtal 844 done.
[Rank 1] File 1, xtal 845 done.
[Rank 1] File 1, xtal 846 done.
[Rank 1] File 1, xtal 847 done.
[Rank 1] File 1, xtal 848 done.
[Rank 1] File 1, xtal 849 done.
[Rank 1] File 1, xtal 850 done.
[Rank 1] File 1, xtal 851 done.
[Rank 1] File 1, xtal 852 done.
[Rank 1] File 1, xtal 853 done.
[Rank 1] File 1, xtal 854 done.
[Rank 1] File 1, xtal 855 done.
[Rank 1] File 1, xtal 856 done.
[Rank 1] File 1, xtal 857 done.
[Rank 1] File 1, xtal 858 done.
[Rank 1] File 1, xtal 859 done.
[Rank 1] File 1, xtal 860 done.
[Rank 1] File 1, xtal 861 done.
[Rank 1] File 1, xtal 862 done.
[Rank 1] File 1, xtal 863 done.
All processes completed.
[Rank 2] File 2, xtal 768 done.
[Rank 2] File 2, xtal 769 done.
[Rank 2] File 2, xtal 770 done.
[Rank 2] File 2, xtal 771 done.
[Rank 2] File 2, xtal 772 done.
[Rank 2] File 2, xtal 773 done.
[Rank 2] File 2, xtal 774 done.
[Rank 2] File 2, xtal 775 done.
[Rank 2] File 2, xtal 776 done.
[Rank 2] File 2, xtal 777 done.
[Rank 2] File 2, xtal 778 done.
[Rank 2] File 2, xtal 779 done.
[Rank 2] File 2, xtal 780 done.
[Rank 2] File 2, xtal 781 done.
[Rank 2] File 2, xtal 782 done.
[Rank 2] File 2, xtal 783 done.
[Rank 2] File 2, xtal 784 done.
[Rank 2] File 2, xtal 785 done.
[Rank 2] File 2, xtal 786 done.
[Rank 2] File 2, xtal 787 done.
[Rank 2] File 2, xtal 788 done.
[Rank 2] File 2, xtal 789 done.
[Rank 2] File 2, xtal 790 done.
[Rank 2] File 2, xtal 791 done.
[Rank 2] File 2, xtal 792 done.
[Rank 2] File 2, xtal 793 done.
[Rank 2] File 2, xtal 794 done.
[Rank 2] File 2, xtal 795 done.
[Rank 2] File 2, xtal 796 done.
[Rank 2] File 2, xtal 797 done.
[Rank 2] File 2, xtal 798 done.
[Rank 2] File 2, xtal 799 done.
[Rank 2] File 2, xtal 800 done.
[Rank 2] File 2, xtal 801 done.
[Rank 2] File 2, xtal 802 done.
[Rank 2] File 2, xtal 803 done.
[Rank 2] File 2, xtal 804 done.
[Rank 2] File 2, xtal 805 done.
[Rank 2] File 2, xtal 806 done.
[Rank 2] File 2, xtal 807 done.
[Rank 2] File 2, xtal 808 done.
[Rank 2] File 2, xtal 809 done.
[Rank 2] File 2, xtal 810 done.
[Rank 2] File 2, xtal 811 done.
[Rank 2] File 2, xtal 812 done.
[Rank 2] File 2, xtal 813 done.
[Rank 2] File 2, xtal 814 done.
[Rank 2] File 2, xtal 815 done.
[Rank 2] File 2, xtal 816 done.
[Rank 2] File 2, xtal 817 done.
[Rank 2] File 2, xtal 818 done.
[Rank 2] File 2, xtal 819 done.
[Rank 2] File 2, xtal 820 done.
[Rank 2] File 2, xtal 821 done.
[Rank 2] File 2, xtal 822 done.
[Rank 2] File 2, xtal 823 done.
[Rank 2] File 2, xtal 824 done.
[Rank 2] File 2, xtal 825 done.
[Rank 2] File 2, xtal 826 done.
[Rank 2] File 2, xtal 827 done.
[Rank 2] File 2, xtal 828 done.
[Rank 2] File 2, xtal 829 done.
[Rank 2] File 2, xtal 830 done.
[Rank 2] File 2, xtal 831 done.
[Rank 2] File 2, xtal 832 done.
[Rank 2] File 2, xtal 833 done.
[Rank 2] File 2, xtal 834 done.
[Rank 2] File 2, xtal 835 done.
[Rank 2] File 2, xtal 836 done.
[Rank 2] File 2, xtal 837 done.
[Rank 2] File 2, xtal 838 done.
[Rank 2] File 2, xtal 839 done.
[Rank 2] File 2, xtal 840 done.
[Rank 2] File 2, xtal 841 done.
[Rank 2] File 2, xtal 842 done.
[Rank 2] File 2, xtal 843 done.
[Rank 2] File 2, xtal 844 done.
[Rank 2] File 2, xtal 845 done.
[Rank 2] File 2, xtal 846 done.
[Rank 2] File 2, xtal 847 done.
[Rank 2] File 2, xtal 848 done.
[Rank 2] File 2, xtal 849 done.
[Rank 2] File 2, xtal 850 done.
[Rank 2] File 2, xtal 851 done.
[Rank 2] File 2, xtal 852 done.
[Rank 2] File 2, xtal 853 done.
[Rank 2] File 2, xtal 854 done.
[Rank 2] File 2, xtal 855 done.
[Rank 2] File 2, xtal 856 done.
[Rank 2] File 2, xtal 857 done.
[Rank 2] File 2, xtal 858 done.
[Rank 2] File 2, xtal 859 done.
[Rank 2] File 2, xtal 860 done.
[Rank 2] File 2, xtal 861 done.
[Rank 2] File 2, xtal 862 done.
[Rank 2] File 2, xtal 863 done.
All processes completed.
[Rank 9] File 9, xtal 768 done.
[Rank 9] File 9, xtal 769 done.
[Rank 9] File 9, xtal 770 done.
[Rank 9] File 9, xtal 771 done.
[Rank 9] File 9, xtal 772 done.
[Rank 9] File 9, xtal 773 done.
[Rank 9] File 9, xtal 774 done.
[Rank 9] File 9, xtal 775 done.
[Rank 9] File 9, xtal 776 done.
[Rank 9] File 9, xtal 777 done.
[Rank 9] File 9, xtal 778 done.
[Rank 9] File 9, xtal 779 done.
[Rank 9] File 9, xtal 780 done.
[Rank 9] File 9, xtal 781 done.
[Rank 9] File 9, xtal 782 done.
[Rank 9] File 9, xtal 783 done.
[Rank 9] File 9, xtal 784 done.
[Rank 9] File 9, xtal 785 done.
[Rank 9] File 9, xtal 786 done.
[Rank 9] File 9, xtal 787 done.
[Rank 9] File 9, xtal 788 done.
[Rank 9] File 9, xtal 789 done.
[Rank 9] File 9, xtal 790 done.
[Rank 9] File 9, xtal 791 done.
[Rank 9] File 9, xtal 792 done.
[Rank 9] File 9, xtal 793 done.
[Rank 9] File 9, xtal 794 done.
[Rank 9] File 9, xtal 795 done.
[Rank 9] File 9, xtal 796 done.
[Rank 9] File 9, xtal 797 done.
[Rank 9] File 9, xtal 798 done.
[Rank 9] File 9, xtal 799 done.
[Rank 9] File 9, xtal 800 done.
[Rank 9] File 9, xtal 801 done.
[Rank 9] File 9, xtal 802 done.
[Rank 9] File 9, xtal 803 done.
[Rank 9] File 9, xtal 804 done.
[Rank 9] File 9, xtal 805 done.
[Rank 9] File 9, xtal 806 done.
[Rank 9] File 9, xtal 807 done.
[Rank 9] File 9, xtal 808 done.
[Rank 9] File 9, xtal 809 done.
[Rank 9] File 9, xtal 810 done.
[Rank 9] File 9, xtal 811 done.
[Rank 9] File 9, xtal 812 done.
[Rank 9] File 9, xtal 813 done.
[Rank 9] File 9, xtal 814 done.
[Rank 9] File 9, xtal 815 done.
[Rank 9] File 9, xtal 816 done.
[Rank 9] File 9, xtal 817 done.
[Rank 9] File 9, xtal 818 done.
[Rank 9] File 9, xtal 819 done.
[Rank 9] File 9, xtal 820 done.
[Rank 9] File 9, xtal 821 done.
[Rank 9] File 9, xtal 822 done.
[Rank 9] File 9, xtal 823 done.
[Rank 9] File 9, xtal 824 done.
[Rank 9] File 9, xtal 825 done.
[Rank 9] File 9, xtal 826 done.
[Rank 9] File 9, xtal 827 done.
[Rank 9] File 9, xtal 828 done.
[Rank 9] File 9, xtal 829 done.
[Rank 9] File 9, xtal 830 done.
[Rank 9] File 9, xtal 831 done.
[Rank 9] File 9, xtal 832 done.
[Rank 9] File 9, xtal 833 done.
[Rank 9] File 9, xtal 834 done.
[Rank 9] File 9, xtal 835 done.
[Rank 9] File 9, xtal 836 done.
[Rank 9] File 9, xtal 837 done.
[Rank 9] File 9, xtal 838 done.
[Rank 9] File 9, xtal 839 done.
[Rank 9] File 9, xtal 840 done.
[Rank 9] File 9, xtal 841 done.
[Rank 9] File 9, xtal 842 done.
[Rank 9] File 9, xtal 843 done.
[Rank 9] File 9, xtal 844 done.
[Rank 9] File 9, xtal 845 done.
[Rank 9] File 9, xtal 846 done.
[Rank 9] File 9, xtal 847 done.
[Rank 9] File 9, xtal 848 done.
[Rank 9] File 9, xtal 849 done.
[Rank 9] File 9, xtal 850 done.
[Rank 9] File 9, xtal 851 done.
[Rank 9] File 9, xtal 852 done.
[Rank 9] File 9, xtal 853 done.
[Rank 9] File 9, xtal 854 done.
[Rank 9] File 9, xtal 855 done.
[Rank 9] File 9, xtal 856 done.
[Rank 9] File 9, xtal 857 done.
[Rank 9] File 9, xtal 858 done.
[Rank 9] File 9, xtal 859 done.
[Rank 9] File 9, xtal 860 done.
[Rank 9] File 9, xtal 861 done.
[Rank 9] File 9, xtal 862 done.
[Rank 9] File 9, xtal 863 done.
All processes completed.
[Rank 3] File 3, xtal 768 done.
[Rank 3] File 3, xtal 769 done.
[Rank 3] File 3, xtal 770 done.
[Rank 3] File 3, xtal 771 done.
[Rank 3] File 3, xtal 772 done.
[Rank 3] File 3, xtal 773 done.
[Rank 3] File 3, xtal 774 done.
[Rank 3] File 3, xtal 775 done.
[Rank 3] File 3, xtal 776 done.
[Rank 3] File 3, xtal 777 done.
[Rank 3] File 3, xtal 778 done.
[Rank 3] File 3, xtal 779 done.
[Rank 3] File 3, xtal 780 done.
[Rank 3] File 3, xtal 781 done.
[Rank 3] File 3, xtal 782 done.
[Rank 3] File 3, xtal 783 done.
[Rank 3] File 3, xtal 784 done.
[Rank 3] File 3, xtal 785 done.
[Rank 3] File 3, xtal 786 done.
[Rank 3] File 3, xtal 787 done.
[Rank 3] File 3, xtal 788 done.
[Rank 3] File 3, xtal 789 done.
[Rank 3] File 3, xtal 790 done.
[Rank 3] File 3, xtal 791 done.
[Rank 3] File 3, xtal 792 done.
[Rank 3] File 3, xtal 793 done.
[Rank 3] File 3, xtal 794 done.
[Rank 3] File 3, xtal 795 done.
[Rank 3] File 3, xtal 796 done.
[Rank 3] File 3, xtal 797 done.
[Rank 3] File 3, xtal 798 done.
[Rank 3] File 3, xtal 799 done.
[Rank 3] File 3, xtal 800 done.
[Rank 3] File 3, xtal 801 done.
[Rank 3] File 3, xtal 802 done.
[Rank 3] File 3, xtal 803 done.
[Rank 3] File 3, xtal 804 done.
[Rank 3] File 3, xtal 805 done.
[Rank 3] File 3, xtal 806 done.
[Rank 3] File 3, xtal 807 done.
[Rank 3] File 3, xtal 808 done.
[Rank 3] File 3, xtal 809 done.
[Rank 3] File 3, xtal 810 done.
[Rank 3] File 3, xtal 811 done.
[Rank 3] File 3, xtal 812 done.
[Rank 3] File 3, xtal 813 done.
[Rank 3] File 3, xtal 814 done.
[Rank 3] File 3, xtal 815 done.
[Rank 3] File 3, xtal 816 done.
[Rank 3] File 3, xtal 817 done.
[Rank 3] File 3, xtal 818 done.
[Rank 3] File 3, xtal 819 done.
[Rank 3] File 3, xtal 820 done.
[Rank 3] File 3, xtal 821 done.
[Rank 3] File 3, xtal 822 done.
[Rank 3] File 3, xtal 823 done.
[Rank 3] File 3, xtal 824 done.
[Rank 3] File 3, xtal 825 done.
[Rank 3] File 3, xtal 826 done.
[Rank 3] File 3, xtal 827 done.
[Rank 3] File 3, xtal 828 done.
[Rank 3] File 3, xtal 829 done.
[Rank 3] File 3, xtal 830 done.
[Rank 3] File 3, xtal 831 done.
[Rank 3] File 3, xtal 832 done.
[Rank 3] File 3, xtal 833 done.
[Rank 3] File 3, xtal 834 done.
[Rank 3] File 3, xtal 835 done.
[Rank 3] File 3, xtal 836 done.
[Rank 3] File 3, xtal 837 done.
[Rank 3] File 3, xtal 838 done.
[Rank 3] File 3, xtal 839 done.
[Rank 3] File 3, xtal 840 done.
[Rank 3] File 3, xtal 841 done.
[Rank 3] File 3, xtal 842 done.
[Rank 3] File 3, xtal 843 done.
[Rank 3] File 3, xtal 844 done.
[Rank 3] File 3, xtal 845 done.
[Rank 3] File 3, xtal 846 done.
[Rank 3] File 3, xtal 847 done.
[Rank 3] File 3, xtal 848 done.
[Rank 3] File 3, xtal 849 done.
[Rank 3] File 3, xtal 850 done.
[Rank 3] File 3, xtal 851 done.
[Rank 3] File 3, xtal 852 done.
[Rank 3] File 3, xtal 853 done.
[Rank 3] File 3, xtal 854 done.
[Rank 3] File 3, xtal 855 done.
[Rank 3] File 3, xtal 856 done.
[Rank 3] File 3, xtal 857 done.
[Rank 3] File 3, xtal 858 done.
[Rank 3] File 3, xtal 859 done.
[Rank 3] File 3, xtal 860 done.
[Rank 3] File 3, xtal 861 done.
[Rank 3] File 3, xtal 862 done.
[Rank 3] File 3, xtal 863 done.
All processes completed.
[Rank 8] File 8, xtal 768 done.
[Rank 8] File 8, xtal 769 done.
[Rank 8] File 8, xtal 770 done.
[Rank 8] File 8, xtal 771 done.
[Rank 8] File 8, xtal 772 done.
[Rank 8] File 8, xtal 773 done.
[Rank 8] File 8, xtal 774 done.
[Rank 8] File 8, xtal 775 done.
[Rank 8] File 8, xtal 776 done.
[Rank 8] File 8, xtal 777 done.
[Rank 8] File 8, xtal 778 done.
[Rank 8] File 8, xtal 779 done.
[Rank 8] File 8, xtal 780 done.
[Rank 8] File 8, xtal 781 done.
[Rank 8] File 8, xtal 782 done.
[Rank 8] File 8, xtal 783 done.
[Rank 8] File 8, xtal 784 done.
[Rank 8] File 8, xtal 785 done.
[Rank 8] File 8, xtal 786 done.
[Rank 8] File 8, xtal 787 done.
[Rank 8] File 8, xtal 788 done.
[Rank 8] File 8, xtal 789 done.
[Rank 8] File 8, xtal 790 done.
[Rank 8] File 8, xtal 791 done.
[Rank 8] File 8, xtal 792 done.
[Rank 8] File 8, xtal 793 done.
[Rank 8] File 8, xtal 794 done.
[Rank 8] File 8, xtal 795 done.
[Rank 8] File 8, xtal 796 done.
[Rank 8] File 8, xtal 797 done.
[Rank 8] File 8, xtal 798 done.
[Rank 8] File 8, xtal 799 done.
[Rank 8] File 8, xtal 800 done.
[Rank 8] File 8, xtal 801 done.
[Rank 8] File 8, xtal 802 done.
[Rank 8] File 8, xtal 803 done.
[Rank 8] File 8, xtal 804 done.
[Rank 8] File 8, xtal 805 done.
[Rank 8] File 8, xtal 806 done.
[Rank 8] File 8, xtal 807 done.
[Rank 8] File 8, xtal 808 done.
[Rank 8] File 8, xtal 809 done.
[Rank 8] File 8, xtal 810 done.
[Rank 8] File 8, xtal 811 done.
[Rank 8] File 8, xtal 812 done.
[Rank 8] File 8, xtal 813 done.
[Rank 8] File 8, xtal 814 done.
[Rank 8] File 8, xtal 815 done.
[Rank 8] File 8, xtal 816 done.
[Rank 8] File 8, xtal 817 done.
[Rank 8] File 8, xtal 818 done.
[Rank 8] File 8, xtal 819 done.
[Rank 8] File 8, xtal 820 done.
[Rank 8] File 8, xtal 821 done.
[Rank 8] File 8, xtal 822 done.
[Rank 8] File 8, xtal 823 done.
[Rank 8] File 8, xtal 824 done.
[Rank 8] File 8, xtal 825 done.
[Rank 8] File 8, xtal 826 done.
[Rank 8] File 8, xtal 827 done.
[Rank 8] File 8, xtal 828 done.
[Rank 8] File 8, xtal 829 done.
[Rank 8] File 8, xtal 830 done.
[Rank 8] File 8, xtal 831 done.
[Rank 8] File 8, xtal 832 done.
[Rank 8] File 8, xtal 833 done.
[Rank 8] File 8, xtal 834 done.
[Rank 8] File 8, xtal 835 done.
[Rank 8] File 8, xtal 836 done.
[Rank 8] File 8, xtal 837 done.
[Rank 8] File 8, xtal 838 done.
[Rank 8] File 8, xtal 839 done.
[Rank 8] File 8, xtal 840 done.
[Rank 8] File 8, xtal 841 done.
[Rank 8] File 8, xtal 842 done.
[Rank 8] File 8, xtal 843 done.
[Rank 8] File 8, xtal 844 done.
[Rank 8] File 8, xtal 845 done.
[Rank 8] File 8, xtal 846 done.
[Rank 8] File 8, xtal 847 done.
[Rank 8] File 8, xtal 848 done.
[Rank 8] File 8, xtal 849 done.
[Rank 8] File 8, xtal 850 done.
[Rank 8] File 8, xtal 851 done.
[Rank 8] File 8, xtal 852 done.
[Rank 8] File 8, xtal 853 done.
[Rank 8] File 8, xtal 854 done.
[Rank 8] File 8, xtal 855 done.
[Rank 8] File 8, xtal 856 done.
[Rank 8] File 8, xtal 857 done.
[Rank 8] File 8, xtal 858 done.
[Rank 8] File 8, xtal 859 done.
[Rank 8] File 8, xtal 860 done.
[Rank 8] File 8, xtal 861 done.
[Rank 8] File 8, xtal 862 done.
[Rank 8] File 8, xtal 863 done.
All processes completed.
[Rank 10] File 10, xtal 721 done.
[Rank 10] File 10, xtal 722 done.
[Rank 10] File 10, xtal 723 done.
[Rank 10] File 10, xtal 724 done.
[Rank 10] File 10, xtal 725 done.
[Rank 10] File 10, xtal 726 done.
[Rank 10] File 10, xtal 727 done.
[Rank 10] File 10, xtal 728 done.
[Rank 10] File 10, xtal 729 done.
[Rank 10] File 10, xtal 730 done.
[Rank 10] File 10, xtal 731 done.
[Rank 10] File 10, xtal 732 done.
[Rank 10] File 10, xtal 733 done.
[Rank 10] File 10, xtal 734 done.
[Rank 10] File 10, xtal 735 done.
[Rank 10] File 10, xtal 736 done.
[Rank 10] File 10, xtal 737 done.
[Rank 10] File 10, xtal 738 done.
[Rank 10] File 10, xtal 739 done.
[Rank 10] File 10, xtal 740 done.
[Rank 10] File 10, xtal 741 done.
[Rank 10] File 10, xtal 742 done.
[Rank 10] File 10, xtal 743 done.
[Rank 10] File 10, xtal 744 done.
[Rank 10] File 10, xtal 745 done.
[Rank 10] File 10, xtal 746 done.
[Rank 10] File 10, xtal 747 done.
[Rank 10] File 10, xtal 748 done.
[Rank 10] File 10, xtal 749 done.
[Rank 10] File 10, xtal 750 done.
[Rank 10] File 10, xtal 751 done.
[Rank 10] File 10, xtal 752 done.
[Rank 10] File 10, xtal 753 done.
[Rank 10] File 10, xtal 754 done.
[Rank 10] File 10, xtal 755 done.
[Rank 10] File 10, xtal 756 done.
[Rank 10] File 10, xtal 757 done.
[Rank 10] File 10, xtal 758 done.
[Rank 10] File 10, xtal 759 done.
[Rank 10] File 10, xtal 760 done.
[Rank 10] File 10, xtal 761 done.
[Rank 10] File 10, xtal 762 done.
[Rank 10] File 10, xtal 763 done.
[Rank 10] File 10, xtal 764 done.
[Rank 10] File 10, xtal 765 done.
[Rank 10] File 10, xtal 766 done.
[Rank 10] File 10, xtal 767 done.
[Rank 10] File 10, xtal 768 done.
[Rank 10] File 10, xtal 769 done.
[Rank 10] File 10, xtal 770 done.
[Rank 10] File 10, xtal 771 done.
[Rank 10] File 10, xtal 772 done.
[Rank 10] File 10, xtal 773 done.
[Rank 10] File 10, xtal 774 done.
[Rank 10] File 10, xtal 775 done.
[Rank 10] File 10, xtal 776 done.
[Rank 10] File 10, xtal 777 done.
[Rank 10] File 10, xtal 778 done.
[Rank 10] File 10, xtal 779 done.
[Rank 10] File 10, xtal 780 done.
[Rank 10] File 10, xtal 781 done.
[Rank 10] File 10, xtal 782 done.
[Rank 10] File 10, xtal 783 done.
[Rank 10] File 10, xtal 784 done.
[Rank 10] File 10, xtal 785 done.
[Rank 10] File 10, xtal 786 done.
[Rank 10] File 10, xtal 787 done.
[Rank 10] File 10, xtal 788 done.
[Rank 10] File 10, xtal 789 done.
[Rank 10] File 10, xtal 790 done.
[Rank 10] File 10, xtal 791 done.
[Rank 10] File 10, xtal 792 done.
[Rank 10] File 10, xtal 793 done.
[Rank 10] File 10, xtal 794 done.
[Rank 10] File 10, xtal 795 done.
[Rank 10] File 10, xtal 796 done.
[Rank 10] File 10, xtal 797 done.
[Rank 10] File 10, xtal 798 done.
[Rank 10] File 10, xtal 799 done.
[Rank 10] File 10, xtal 800 done.
[Rank 10] File 10, xtal 801 done.
[Rank 10] File 10, xtal 802 done.
[Rank 10] File 10, xtal 803 done.
[Rank 10] File 10, xtal 804 done.
[Rank 10] File 10, xtal 805 done.
[Rank 10] File 10, xtal 806 done.
[Rank 10] File 10, xtal 807 done.
[Rank 10] File 10, xtal 808 done.
[Rank 10] File 10, xtal 809 done.
[Rank 10] File 10, xtal 810 done.
[Rank 10] File 10, xtal 811 done.
[Rank 10] File 10, xtal 812 done.
[Rank 10] File 10, xtal 813 done.
[Rank 10] File 10, xtal 814 done.
[Rank 10] File 10, xtal 815 done.
[Rank 10] File 10, xtal 816 done.
[Rank 10] File 10, xtal 817 done.
[Rank 10] File 10, xtal 818 done.
[Rank 10] File 10, xtal 819 done.
[Rank 10] File 10, xtal 820 done.
[Rank 10] File 10, xtal 821 done.
[Rank 10] File 10, xtal 822 done.
[Rank 10] File 10, xtal 823 done.
[Rank 10] File 10, xtal 824 done.
[Rank 10] File 10, xtal 825 done.
[Rank 10] File 10, xtal 826 done.
[Rank 10] File 10, xtal 827 done.
[Rank 10] File 10, xtal 828 done.
[Rank 10] File 10, xtal 829 done.
[Rank 10] File 10, xtal 830 done.
[Rank 10] File 10, xtal 831 done.
[Rank 10] File 10, xtal 832 done.
[Rank 10] File 10, xtal 833 done.
[Rank 10] File 10, xtal 834 done.
[Rank 10] File 10, xtal 835 done.
[Rank 10] File 10, xtal 836 done.
[Rank 10] File 10, xtal 837 done.
[Rank 10] File 10, xtal 838 done.
[Rank 10] File 10, xtal 839 done.
[Rank 10] File 10, xtal 840 done.
[Rank 10] File 10, xtal 841 done.
[Rank 10] File 10, xtal 842 done.
[Rank 10] File 10, xtal 843 done.
[Rank 10] File 10, xtal 844 done.
[Rank 10] File 10, xtal 845 done.
[Rank 10] File 10, xtal 846 done.
[Rank 10] File 10, xtal 847 done.
[Rank 10] File 10, xtal 848 done.
[Rank 10] File 10, xtal 849 done.
[Rank 10] File 10, xtal 850 done.
[Rank 10] File 10, xtal 851 done.
[Rank 10] File 10, xtal 852 done.
[Rank 10] File 10, xtal 853 done.
[Rank 10] File 10, xtal 854 done.
[Rank 10] File 10, xtal 855 done.
[Rank 10] File 10, xtal 856 done.
[Rank 10] File 10, xtal 857 done.
[Rank 10] File 10, xtal 858 done.
[Rank 10] File 10, xtal 859 done.
[Rank 10] File 10, xtal 860 done.
[Rank 10] File 10, xtal 861 done.
[Rank 10] File 10, xtal 862 done.
[Rank 10] File 10, xtal 863 done.
All processes completed.
[Rank 7] File 7, xtal 768 done.
[Rank 7] File 7, xtal 769 done.
[Rank 7] File 7, xtal 770 done.
[Rank 7] File 7, xtal 771 done.
[Rank 7] File 7, xtal 772 done.
[Rank 7] File 7, xtal 773 done.
[Rank 7] File 7, xtal 774 done.
[Rank 7] File 7, xtal 775 done.
[Rank 7] File 7, xtal 776 done.
[Rank 7] File 7, xtal 777 done.
[Rank 7] File 7, xtal 778 done.
[Rank 7] File 7, xtal 779 done.
[Rank 7] File 7, xtal 780 done.
[Rank 7] File 7, xtal 781 done.
[Rank 7] File 7, xtal 782 done.
[Rank 7] File 7, xtal 783 done.
[Rank 7] File 7, xtal 784 done.
[Rank 7] File 7, xtal 785 done.
[Rank 7] File 7, xtal 786 done.
[Rank 7] File 7, xtal 787 done.
[Rank 7] File 7, xtal 788 done.
[Rank 7] File 7, xtal 789 done.
[Rank 7] File 7, xtal 790 done.
[Rank 7] File 7, xtal 791 done.
[Rank 7] File 7, xtal 792 done.
[Rank 7] File 7, xtal 793 done.
[Rank 7] File 7, xtal 794 done.
[Rank 7] File 7, xtal 795 done.
[Rank 7] File 7, xtal 796 done.
[Rank 7] File 7, xtal 797 done.
[Rank 7] File 7, xtal 798 done.
[Rank 7] File 7, xtal 799 done.
[Rank 7] File 7, xtal 800 done.
[Rank 7] File 7, xtal 801 done.
[Rank 7] File 7, xtal 802 done.
[Rank 7] File 7, xtal 803 done.
[Rank 7] File 7, xtal 804 done.
[Rank 7] File 7, xtal 805 done.
[Rank 7] File 7, xtal 806 done.
[Rank 7] File 7, xtal 807 done.
[Rank 7] File 7, xtal 808 done.
[Rank 7] File 7, xtal 809 done.
[Rank 7] File 7, xtal 810 done.
[Rank 7] File 7, xtal 811 done.
[Rank 7] File 7, xtal 812 done.
[Rank 7] File 7, xtal 813 done.
[Rank 7] File 7, xtal 814 done.
[Rank 7] File 7, xtal 815 done.
[Rank 7] File 7, xtal 816 done.
[Rank 7] File 7, xtal 817 done.
[Rank 7] File 7, xtal 818 done.
[Rank 7] File 7, xtal 819 done.
[Rank 7] File 7, xtal 820 done.
[Rank 7] File 7, xtal 821 done.
[Rank 7] File 7, xtal 822 done.
[Rank 7] File 7, xtal 823 done.
[Rank 7] File 7, xtal 824 done.
[Rank 7] File 7, xtal 825 done.
[Rank 7] File 7, xtal 826 done.
[Rank 7] File 7, xtal 827 done.
[Rank 7] File 7, xtal 828 done.
[Rank 7] File 7, xtal 829 done.
[Rank 7] File 7, xtal 830 done.
[Rank 7] File 7, xtal 831 done.
[Rank 7] File 7, xtal 832 done.
[Rank 7] File 7, xtal 833 done.
[Rank 7] File 7, xtal 834 done.
[Rank 7] File 7, xtal 835 done.
[Rank 7] File 7, xtal 836 done.
[Rank 7] File 7, xtal 837 done.
[Rank 7] File 7, xtal 838 done.
[Rank 7] File 7, xtal 839 done.
[Rank 7] File 7, xtal 840 done.
[Rank 7] File 7, xtal 841 done.
[Rank 7] File 7, xtal 842 done.
[Rank 7] File 7, xtal 843 done.
[Rank 7] File 7, xtal 844 done.
[Rank 7] File 7, xtal 845 done.
[Rank 7] File 7, xtal 846 done.
[Rank 7] File 7, xtal 847 done.
[Rank 7] File 7, xtal 848 done.
[Rank 7] File 7, xtal 849 done.
[Rank 7] File 7, xtal 850 done.
[Rank 7] File 7, xtal 851 done.
[Rank 7] File 7, xtal 852 done.
[Rank 7] File 7, xtal 853 done.
[Rank 7] File 7, xtal 854 done.
[Rank 7] File 7, xtal 855 done.
[Rank 7] File 7, xtal 856 done.
[Rank 7] File 7, xtal 857 done.
[Rank 7] File 7, xtal 858 done.
[Rank 7] File 7, xtal 859 done.
[Rank 7] File 7, xtal 860 done.
[Rank 7] File 7, xtal 861 done.
[Rank 7] File 7, xtal 862 done.
[Rank 7] File 7, xtal 863 done.
All processes completed.
[Rank 16] File 16, xtal 721 done.
[Rank 16] File 16, xtal 722 done.
[Rank 16] File 16, xtal 723 done.
[Rank 16] File 16, xtal 724 done.
[Rank 16] File 16, xtal 725 done.
[Rank 16] File 16, xtal 726 done.
[Rank 16] File 16, xtal 727 done.
[Rank 16] File 16, xtal 728 done.
[Rank 16] File 16, xtal 729 done.
[Rank 16] File 16, xtal 730 done.
[Rank 16] File 16, xtal 731 done.
[Rank 16] File 16, xtal 732 done.
[Rank 16] File 16, xtal 733 done.
[Rank 16] File 16, xtal 734 done.
[Rank 16] File 16, xtal 735 done.
[Rank 16] File 16, xtal 736 done.
[Rank 16] File 16, xtal 737 done.
[Rank 16] File 16, xtal 738 done.
[Rank 16] File 16, xtal 739 done.
[Rank 16] File 16, xtal 740 done.
[Rank 16] File 16, xtal 741 done.
[Rank 16] File 16, xtal 742 done.
[Rank 16] File 16, xtal 743 done.
[Rank 16] File 16, xtal 744 done.
[Rank 16] File 16, xtal 745 done.
[Rank 16] File 16, xtal 746 done.
[Rank 16] File 16, xtal 747 done.
[Rank 16] File 16, xtal 748 done.
[Rank 16] File 16, xtal 749 done.
[Rank 16] File 16, xtal 750 done.
[Rank 16] File 16, xtal 751 done.
[Rank 16] File 16, xtal 752 done.
[Rank 16] File 16, xtal 753 done.
[Rank 16] File 16, xtal 754 done.
[Rank 16] File 16, xtal 755 done.
[Rank 16] File 16, xtal 756 done.
[Rank 16] File 16, xtal 757 done.
[Rank 16] File 16, xtal 758 done.
[Rank 16] File 16, xtal 759 done.
[Rank 16] File 16, xtal 760 done.
[Rank 16] File 16, xtal 761 done.
[Rank 16] File 16, xtal 762 done.
[Rank 16] File 16, xtal 763 done.
[Rank 16] File 16, xtal 764 done.
[Rank 16] File 16, xtal 765 done.
[Rank 16] File 16, xtal 766 done.
[Rank 16] File 16, xtal 767 done.
[Rank 16] File 16, xtal 768 done.
[Rank 16] File 16, xtal 769 done.
[Rank 16] File 16, xtal 770 done.
[Rank 16] File 16, xtal 771 done.
[Rank 16] File 16, xtal 772 done.
[Rank 16] File 16, xtal 773 done.
[Rank 16] File 16, xtal 774 done.
[Rank 16] File 16, xtal 775 done.
[Rank 16] File 16, xtal 776 done.
[Rank 16] File 16, xtal 777 done.
[Rank 16] File 16, xtal 778 done.
[Rank 16] File 16, xtal 779 done.
[Rank 16] File 16, xtal 780 done.
[Rank 16] File 16, xtal 781 done.
[Rank 16] File 16, xtal 782 done.
[Rank 16] File 16, xtal 783 done.
[Rank 16] File 16, xtal 784 done.
[Rank 16] File 16, xtal 785 done.
[Rank 16] File 16, xtal 786 done.
[Rank 16] File 16, xtal 787 done.
[Rank 16] File 16, xtal 788 done.
[Rank 16] File 16, xtal 789 done.
[Rank 16] File 16, xtal 790 done.
[Rank 16] File 16, xtal 791 done.
[Rank 16] File 16, xtal 792 done.
[Rank 16] File 16, xtal 793 done.
[Rank 16] File 16, xtal 794 done.
[Rank 16] File 16, xtal 795 done.
[Rank 16] File 16, xtal 796 done.
[Rank 16] File 16, xtal 797 done.
[Rank 16] File 16, xtal 798 done.
[Rank 16] File 16, xtal 799 done.
[Rank 16] File 16, xtal 800 done.
[Rank 16] File 16, xtal 801 done.
[Rank 16] File 16, xtal 802 done.
[Rank 16] File 16, xtal 803 done.
[Rank 16] File 16, xtal 804 done.
[Rank 16] File 16, xtal 805 done.
[Rank 16] File 16, xtal 806 done.
[Rank 16] File 16, xtal 807 done.
[Rank 16] File 16, xtal 808 done.
[Rank 16] File 16, xtal 809 done.
[Rank 16] File 16, xtal 810 done.
[Rank 16] File 16, xtal 811 done.
[Rank 16] File 16, xtal 812 done.
[Rank 16] File 16, xtal 813 done.
[Rank 16] File 16, xtal 814 done.
[Rank 16] File 16, xtal 815 done.
[Rank 16] File 16, xtal 816 done.
[Rank 16] File 16, xtal 817 done.
[Rank 16] File 16, xtal 818 done.
[Rank 16] File 16, xtal 819 done.
[Rank 16] File 16, xtal 820 done.
[Rank 16] File 16, xtal 821 done.
[Rank 16] File 16, xtal 822 done.
[Rank 16] File 16, xtal 823 done.
[Rank 16] File 16, xtal 824 done.
[Rank 16] File 16, xtal 825 done.
[Rank 16] File 16, xtal 826 done.
[Rank 16] File 16, xtal 827 done.
[Rank 16] File 16, xtal 828 done.
[Rank 16] File 16, xtal 829 done.
[Rank 16] File 16, xtal 830 done.
[Rank 16] File 16, xtal 831 done.
[Rank 16] File 16, xtal 832 done.
[Rank 16] File 16, xtal 833 done.
[Rank 16] File 16, xtal 834 done.
[Rank 16] File 16, xtal 835 done.
[Rank 16] File 16, xtal 836 done.
[Rank 16] File 16, xtal 837 done.
[Rank 16] File 16, xtal 838 done.
[Rank 16] File 16, xtal 839 done.
[Rank 16] File 16, xtal 840 done.
[Rank 16] File 16, xtal 841 done.
[Rank 16] File 16, xtal 842 done.
[Rank 16] File 16, xtal 843 done.
[Rank 16] File 16, xtal 844 done.
[Rank 16] File 16, xtal 845 done.
[Rank 16] File 16, xtal 846 done.
[Rank 16] File 16, xtal 847 done.
[Rank 16] File 16, xtal 848 done.
[Rank 16] File 16, xtal 849 done.
[Rank 16] File 16, xtal 850 done.
[Rank 16] File 16, xtal 851 done.
[Rank 16] File 16, xtal 852 done.
[Rank 16] File 16, xtal 853 done.
[Rank 16] File 16, xtal 854 done.
[Rank 16] File 16, xtal 855 done.
[Rank 16] File 16, xtal 856 done.
[Rank 16] File 16, xtal 857 done.
[Rank 16] File 16, xtal 858 done.
[Rank 16] File 16, xtal 859 done.
[Rank 16] File 16, xtal 860 done.
[Rank 16] File 16, xtal 861 done.
[Rank 16] File 16, xtal 862 done.
[Rank 16] File 16, xtal 863 done.
All processes completed.
[Rank 23] File 23, xtal 721 done.
[Rank 23] File 23, xtal 722 done.
[Rank 23] File 23, xtal 723 done.
[Rank 23] File 23, xtal 724 done.
[Rank 23] File 23, xtal 725 done.
[Rank 23] File 23, xtal 726 done.
[Rank 23] File 23, xtal 727 done.
[Rank 23] File 23, xtal 728 done.
[Rank 23] File 23, xtal 729 done.
[Rank 23] File 23, xtal 730 done.
[Rank 23] File 23, xtal 731 done.
[Rank 23] File 23, xtal 732 done.
[Rank 23] File 23, xtal 733 done.
[Rank 23] File 23, xtal 734 done.
[Rank 23] File 23, xtal 735 done.
[Rank 23] File 23, xtal 736 done.
[Rank 23] File 23, xtal 737 done.
[Rank 23] File 23, xtal 738 done.
[Rank 23] File 23, xtal 739 done.
[Rank 23] File 23, xtal 740 done.
[Rank 23] File 23, xtal 741 done.
[Rank 23] File 23, xtal 742 done.
[Rank 23] File 23, xtal 743 done.
[Rank 23] File 23, xtal 744 done.
[Rank 23] File 23, xtal 745 done.
[Rank 23] File 23, xtal 746 done.
[Rank 23] File 23, xtal 747 done.
[Rank 23] File 23, xtal 748 done.
[Rank 23] File 23, xtal 749 done.
[Rank 23] File 23, xtal 750 done.
[Rank 23] File 23, xtal 751 done.
[Rank 23] File 23, xtal 752 done.
[Rank 23] File 23, xtal 753 done.
[Rank 23] File 23, xtal 754 done.
[Rank 23] File 23, xtal 755 done.
[Rank 23] File 23, xtal 756 done.
[Rank 23] File 23, xtal 757 done.
[Rank 23] File 23, xtal 758 done.
[Rank 23] File 23, xtal 759 done.
[Rank 23] File 23, xtal 760 done.
[Rank 23] File 23, xtal 761 done.
[Rank 23] File 23, xtal 762 done.
[Rank 23] File 23, xtal 763 done.
[Rank 23] File 23, xtal 764 done.
[Rank 23] File 23, xtal 765 done.
[Rank 23] File 23, xtal 766 done.
[Rank 23] File 23, xtal 767 done.
[Rank 23] File 23, xtal 768 done.
[Rank 23] File 23, xtal 769 done.
[Rank 23] File 23, xtal 770 done.
[Rank 23] File 23, xtal 771 done.
[Rank 23] File 23, xtal 772 done.
[Rank 23] File 23, xtal 773 done.
[Rank 23] File 23, xtal 774 done.
[Rank 23] File 23, xtal 775 done.
[Rank 23] File 23, xtal 776 done.
[Rank 23] File 23, xtal 777 done.
[Rank 23] File 23, xtal 778 done.
[Rank 23] File 23, xtal 779 done.
[Rank 23] File 23, xtal 780 done.
[Rank 23] File 23, xtal 781 done.
[Rank 23] File 23, xtal 782 done.
[Rank 23] File 23, xtal 783 done.
[Rank 23] File 23, xtal 784 done.
[Rank 23] File 23, xtal 785 done.
[Rank 23] File 23, xtal 786 done.
[Rank 23] File 23, xtal 787 done.
[Rank 23] File 23, xtal 788 done.
[Rank 23] File 23, xtal 789 done.
[Rank 23] File 23, xtal 790 done.
[Rank 23] File 23, xtal 791 done.
[Rank 23] File 23, xtal 792 done.
[Rank 23] File 23, xtal 793 done.
[Rank 23] File 23, xtal 794 done.
[Rank 23] File 23, xtal 795 done.
[Rank 23] File 23, xtal 796 done.
[Rank 23] File 23, xtal 797 done.
[Rank 23] File 23, xtal 798 done.
[Rank 23] File 23, xtal 799 done.
[Rank 23] File 23, xtal 800 done.
[Rank 23] File 23, xtal 801 done.
[Rank 23] File 23, xtal 802 done.
[Rank 23] File 23, xtal 803 done.
[Rank 23] File 23, xtal 804 done.
[Rank 23] File 23, xtal 805 done.
[Rank 23] File 23, xtal 806 done.
[Rank 23] File 23, xtal 807 done.
[Rank 23] File 23, xtal 808 done.
[Rank 23] File 23, xtal 809 done.
[Rank 23] File 23, xtal 810 done.
[Rank 23] File 23, xtal 811 done.
[Rank 23] File 23, xtal 812 done.
[Rank 23] File 23, xtal 813 done.
[Rank 23] File 23, xtal 814 done.
[Rank 23] File 23, xtal 815 done.
[Rank 23] File 23, xtal 816 done.
[Rank 23] File 23, xtal 817 done.
[Rank 23] File 23, xtal 818 done.
[Rank 23] File 23, xtal 819 done.
[Rank 23] File 23, xtal 820 done.
[Rank 23] File 23, xtal 821 done.
[Rank 23] File 23, xtal 822 done.
[Rank 23] File 23, xtal 823 done.
[Rank 23] File 23, xtal 824 done.
[Rank 23] File 23, xtal 825 done.
[Rank 23] File 23, xtal 826 done.
[Rank 23] File 23, xtal 827 done.
[Rank 23] File 23, xtal 828 done.
[Rank 23] File 23, xtal 829 done.
[Rank 23] File 23, xtal 830 done.
[Rank 23] File 23, xtal 831 done.
[Rank 23] File 23, xtal 832 done.
[Rank 23] File 23, xtal 833 done.
[Rank 23] File 23, xtal 834 done.
[Rank 23] File 23, xtal 835 done.
[Rank 23] File 23, xtal 836 done.
[Rank 23] File 23, xtal 837 done.
[Rank 23] File 23, xtal 838 done.
[Rank 23] File 23, xtal 839 done.
[Rank 23] File 23, xtal 840 done.
[Rank 23] File 23, xtal 841 done.
[Rank 23] File 23, xtal 842 done.
[Rank 23] File 23, xtal 843 done.
[Rank 23] File 23, xtal 844 done.
[Rank 23] File 23, xtal 845 done.
[Rank 23] File 23, xtal 846 done.
[Rank 23] File 23, xtal 847 done.
[Rank 23] File 23, xtal 848 done.
[Rank 23] File 23, xtal 849 done.
[Rank 23] File 23, xtal 850 done.
[Rank 23] File 23, xtal 851 done.
[Rank 23] File 23, xtal 852 done.
[Rank 23] File 23, xtal 853 done.
[Rank 23] File 23, xtal 854 done.
[Rank 23] File 23, xtal 855 done.
[Rank 23] File 23, xtal 856 done.
[Rank 23] File 23, xtal 857 done.
[Rank 23] File 23, xtal 858 done.
[Rank 23] File 23, xtal 859 done.
[Rank 23] File 23, xtal 860 done.
[Rank 23] File 23, xtal 861 done.
[Rank 23] File 23, xtal 862 done.
[Rank 23] File 23, xtal 863 done.
All processes completed.
[Rank 6] File 6, xtal 768 done.
[Rank 6] File 6, xtal 769 done.
[Rank 6] File 6, xtal 770 done.
[Rank 6] File 6, xtal 771 done.
[Rank 6] File 6, xtal 772 done.
[Rank 6] File 6, xtal 773 done.
[Rank 6] File 6, xtal 774 done.
[Rank 6] File 6, xtal 775 done.
[Rank 6] File 6, xtal 776 done.
[Rank 6] File 6, xtal 777 done.
[Rank 6] File 6, xtal 778 done.
[Rank 6] File 6, xtal 779 done.
[Rank 6] File 6, xtal 780 done.
[Rank 6] File 6, xtal 781 done.
[Rank 6] File 6, xtal 782 done.
[Rank 6] File 6, xtal 783 done.
[Rank 6] File 6, xtal 784 done.
[Rank 6] File 6, xtal 785 done.
[Rank 6] File 6, xtal 786 done.
[Rank 6] File 6, xtal 787 done.
[Rank 6] File 6, xtal 788 done.
[Rank 6] File 6, xtal 789 done.
[Rank 6] File 6, xtal 790 done.
[Rank 6] File 6, xtal 791 done.
[Rank 6] File 6, xtal 792 done.
[Rank 6] File 6, xtal 793 done.
[Rank 6] File 6, xtal 794 done.
[Rank 6] File 6, xtal 795 done.
[Rank 6] File 6, xtal 796 done.
[Rank 6] File 6, xtal 797 done.
[Rank 6] File 6, xtal 798 done.
[Rank 6] File 6, xtal 799 done.
[Rank 6] File 6, xtal 800 done.
[Rank 6] File 6, xtal 801 done.
[Rank 6] File 6, xtal 802 done.
[Rank 6] File 6, xtal 803 done.
[Rank 6] File 6, xtal 804 done.
[Rank 6] File 6, xtal 805 done.
[Rank 6] File 6, xtal 806 done.
[Rank 6] File 6, xtal 807 done.
[Rank 6] File 6, xtal 808 done.
[Rank 6] File 6, xtal 809 done.
[Rank 6] File 6, xtal 810 done.
[Rank 6] File 6, xtal 811 done.
[Rank 6] File 6, xtal 812 done.
[Rank 6] File 6, xtal 813 done.
[Rank 6] File 6, xtal 814 done.
[Rank 6] File 6, xtal 815 done.
[Rank 6] File 6, xtal 816 done.
[Rank 6] File 6, xtal 817 done.
[Rank 6] File 6, xtal 818 done.
[Rank 6] File 6, xtal 819 done.
[Rank 6] File 6, xtal 820 done.
[Rank 6] File 6, xtal 821 done.
[Rank 6] File 6, xtal 822 done.
[Rank 6] File 6, xtal 823 done.
[Rank 6] File 6, xtal 824 done.
[Rank 6] File 6, xtal 825 done.
[Rank 6] File 6, xtal 826 done.
[Rank 6] File 6, xtal 827 done.
[Rank 6] File 6, xtal 828 done.
[Rank 6] File 6, xtal 829 done.
[Rank 6] File 6, xtal 830 done.
[Rank 6] File 6, xtal 831 done.
[Rank 6] File 6, xtal 832 done.
[Rank 6] File 6, xtal 833 done.
[Rank 6] File 6, xtal 834 done.
[Rank 6] File 6, xtal 835 done.
[Rank 6] File 6, xtal 836 done.
[Rank 6] File 6, xtal 837 done.
[Rank 6] File 6, xtal 838 done.
[Rank 6] File 6, xtal 839 done.
[Rank 6] File 6, xtal 840 done.
[Rank 6] File 6, xtal 841 done.
[Rank 6] File 6, xtal 842 done.
[Rank 6] File 6, xtal 843 done.
[Rank 6] File 6, xtal 844 done.
[Rank 6] File 6, xtal 845 done.
[Rank 6] File 6, xtal 846 done.
[Rank 6] File 6, xtal 847 done.
[Rank 6] File 6, xtal 848 done.
[Rank 6] File 6, xtal 849 done.
[Rank 6] File 6, xtal 850 done.
[Rank 6] File 6, xtal 851 done.
[Rank 6] File 6, xtal 852 done.
[Rank 6] File 6, xtal 853 done.
[Rank 6] File 6, xtal 854 done.
[Rank 6] File 6, xtal 855 done.
[Rank 6] File 6, xtal 856 done.
[Rank 6] File 6, xtal 857 done.
[Rank 6] File 6, xtal 858 done.
[Rank 6] File 6, xtal 859 done.
[Rank 6] File 6, xtal 860 done.
[Rank 6] File 6, xtal 861 done.
[Rank 6] File 6, xtal 862 done.
[Rank 6] File 6, xtal 863 done.
All processes completed.
[Rank 19] File 19, xtal 721 done.
[Rank 19] File 19, xtal 722 done.
[Rank 19] File 19, xtal 723 done.
[Rank 19] File 19, xtal 724 done.
[Rank 19] File 19, xtal 725 done.
[Rank 19] File 19, xtal 726 done.
[Rank 19] File 19, xtal 727 done.
[Rank 19] File 19, xtal 728 done.
[Rank 19] File 19, xtal 729 done.
[Rank 19] File 19, xtal 730 done.
[Rank 19] File 19, xtal 731 done.
[Rank 19] File 19, xtal 732 done.
[Rank 19] File 19, xtal 733 done.
[Rank 19] File 19, xtal 734 done.
[Rank 19] File 19, xtal 735 done.
[Rank 19] File 19, xtal 736 done.
[Rank 19] File 19, xtal 737 done.
[Rank 19] File 19, xtal 738 done.
[Rank 19] File 19, xtal 739 done.
[Rank 19] File 19, xtal 740 done.
[Rank 19] File 19, xtal 741 done.
[Rank 19] File 19, xtal 742 done.
[Rank 19] File 19, xtal 743 done.
[Rank 19] File 19, xtal 744 done.
[Rank 19] File 19, xtal 745 done.
[Rank 19] File 19, xtal 746 done.
[Rank 19] File 19, xtal 747 done.
[Rank 19] File 19, xtal 748 done.
[Rank 19] File 19, xtal 749 done.
[Rank 19] File 19, xtal 750 done.
[Rank 19] File 19, xtal 751 done.
[Rank 19] File 19, xtal 752 done.
[Rank 19] File 19, xtal 753 done.
[Rank 19] File 19, xtal 754 done.
[Rank 19] File 19, xtal 755 done.
[Rank 19] File 19, xtal 756 done.
[Rank 19] File 19, xtal 757 done.
[Rank 19] File 19, xtal 758 done.
[Rank 19] File 19, xtal 759 done.
[Rank 19] File 19, xtal 760 done.
[Rank 19] File 19, xtal 761 done.
[Rank 19] File 19, xtal 762 done.
[Rank 19] File 19, xtal 763 done.
[Rank 19] File 19, xtal 764 done.
[Rank 19] File 19, xtal 765 done.
[Rank 19] File 19, xtal 766 done.
[Rank 19] File 19, xtal 767 done.
[Rank 19] File 19, xtal 768 done.
[Rank 19] File 19, xtal 769 done.
[Rank 19] File 19, xtal 770 done.
[Rank 19] File 19, xtal 771 done.
[Rank 19] File 19, xtal 772 done.
[Rank 19] File 19, xtal 773 done.
[Rank 19] File 19, xtal 774 done.
[Rank 19] File 19, xtal 775 done.
[Rank 19] File 19, xtal 776 done.
[Rank 19] File 19, xtal 777 done.
[Rank 19] File 19, xtal 778 done.
[Rank 19] File 19, xtal 779 done.
[Rank 19] File 19, xtal 780 done.
[Rank 19] File 19, xtal 781 done.
[Rank 19] File 19, xtal 782 done.
[Rank 19] File 19, xtal 783 done.
[Rank 19] File 19, xtal 784 done.
[Rank 19] File 19, xtal 785 done.
[Rank 19] File 19, xtal 786 done.
[Rank 19] File 19, xtal 787 done.
[Rank 19] File 19, xtal 788 done.
[Rank 19] File 19, xtal 789 done.
[Rank 19] File 19, xtal 790 done.
[Rank 19] File 19, xtal 791 done.
[Rank 19] File 19, xtal 792 done.
[Rank 19] File 19, xtal 793 done.
[Rank 19] File 19, xtal 794 done.
[Rank 19] File 19, xtal 795 done.
[Rank 19] File 19, xtal 796 done.
[Rank 19] File 19, xtal 797 done.
[Rank 19] File 19, xtal 798 done.
[Rank 19] File 19, xtal 799 done.
[Rank 19] File 19, xtal 800 done.
[Rank 19] File 19, xtal 801 done.
[Rank 19] File 19, xtal 802 done.
[Rank 19] File 19, xtal 803 done.
[Rank 19] File 19, xtal 804 done.
[Rank 19] File 19, xtal 805 done.
[Rank 19] File 19, xtal 806 done.
[Rank 19] File 19, xtal 807 done.
[Rank 19] File 19, xtal 808 done.
[Rank 19] File 19, xtal 809 done.
[Rank 19] File 19, xtal 810 done.
[Rank 19] File 19, xtal 811 done.
[Rank 19] File 19, xtal 812 done.
[Rank 19] File 19, xtal 813 done.
[Rank 19] File 19, xtal 814 done.
[Rank 19] File 19, xtal 815 done.
[Rank 19] File 19, xtal 816 done.
[Rank 19] File 19, xtal 817 done.
[Rank 19] File 19, xtal 818 done.
[Rank 19] File 19, xtal 819 done.
[Rank 19] File 19, xtal 820 done.
[Rank 19] File 19, xtal 821 done.
[Rank 19] File 19, xtal 822 done.
[Rank 19] File 19, xtal 823 done.
[Rank 19] File 19, xtal 824 done.
[Rank 19] File 19, xtal 825 done.
[Rank 19] File 19, xtal 826 done.
[Rank 19] File 19, xtal 827 done.
[Rank 19] File 19, xtal 828 done.
[Rank 19] File 19, xtal 829 done.
[Rank 19] File 19, xtal 830 done.
[Rank 19] File 19, xtal 831 done.
[Rank 19] File 19, xtal 832 done.
[Rank 19] File 19, xtal 833 done.
[Rank 19] File 19, xtal 834 done.
[Rank 19] File 19, xtal 835 done.
[Rank 19] File 19, xtal 836 done.
[Rank 19] File 19, xtal 837 done.
[Rank 19] File 19, xtal 838 done.
[Rank 19] File 19, xtal 839 done.
[Rank 19] File 19, xtal 840 done.
[Rank 19] File 19, xtal 841 done.
[Rank 19] File 19, xtal 842 done.
[Rank 19] File 19, xtal 843 done.
[Rank 19] File 19, xtal 844 done.
[Rank 19] File 19, xtal 845 done.
[Rank 19] File 19, xtal 846 done.
[Rank 19] File 19, xtal 847 done.
[Rank 19] File 19, xtal 848 done.
[Rank 19] File 19, xtal 849 done.
[Rank 19] File 19, xtal 850 done.
[Rank 19] File 19, xtal 851 done.
[Rank 19] File 19, xtal 852 done.
[Rank 19] File 19, xtal 853 done.
[Rank 19] File 19, xtal 854 done.
[Rank 19] File 19, xtal 855 done.
[Rank 19] File 19, xtal 856 done.
[Rank 19] File 19, xtal 857 done.
[Rank 19] File 19, xtal 858 done.
[Rank 19] File 19, xtal 859 done.
[Rank 19] File 19, xtal 860 done.
[Rank 19] File 19, xtal 861 done.
[Rank 19] File 19, xtal 862 done.
[Rank 19] File 19, xtal 863 done.
All processes completed.
[Rank 4] File 4, xtal 768 done.
[Rank 4] File 4, xtal 769 done.
[Rank 4] File 4, xtal 770 done.
[Rank 4] File 4, xtal 771 done.
[Rank 4] File 4, xtal 772 done.
[Rank 4] File 4, xtal 773 done.
[Rank 4] File 4, xtal 774 done.
[Rank 4] File 4, xtal 775 done.
[Rank 4] File 4, xtal 776 done.
[Rank 4] File 4, xtal 777 done.
[Rank 4] File 4, xtal 778 done.
[Rank 4] File 4, xtal 779 done.
[Rank 4] File 4, xtal 780 done.
[Rank 4] File 4, xtal 781 done.
[Rank 4] File 4, xtal 782 done.
[Rank 4] File 4, xtal 783 done.
[Rank 4] File 4, xtal 784 done.
[Rank 4] File 4, xtal 785 done.
[Rank 4] File 4, xtal 786 done.
[Rank 4] File 4, xtal 787 done.
[Rank 4] File 4, xtal 788 done.
[Rank 4] File 4, xtal 789 done.
[Rank 4] File 4, xtal 790 done.
[Rank 4] File 4, xtal 791 done.
[Rank 4] File 4, xtal 792 done.
[Rank 4] File 4, xtal 793 done.
[Rank 4] File 4, xtal 794 done.
[Rank 4] File 4, xtal 795 done.
[Rank 4] File 4, xtal 796 done.
[Rank 4] File 4, xtal 797 done.
[Rank 4] File 4, xtal 798 done.
[Rank 4] File 4, xtal 799 done.
[Rank 4] File 4, xtal 800 done.
[Rank 4] File 4, xtal 801 done.
[Rank 4] File 4, xtal 802 done.
[Rank 4] File 4, xtal 803 done.
[Rank 4] File 4, xtal 804 done.
[Rank 4] File 4, xtal 805 done.
[Rank 4] File 4, xtal 806 done.
[Rank 4] File 4, xtal 807 done.
[Rank 4] File 4, xtal 808 done.
[Rank 4] File 4, xtal 809 done.
[Rank 4] File 4, xtal 810 done.
[Rank 4] File 4, xtal 811 done.
[Rank 4] File 4, xtal 812 done.
[Rank 4] File 4, xtal 813 done.
[Rank 4] File 4, xtal 814 done.
[Rank 4] File 4, xtal 815 done.
[Rank 4] File 4, xtal 816 done.
[Rank 4] File 4, xtal 817 done.
[Rank 4] File 4, xtal 818 done.
[Rank 4] File 4, xtal 819 done.
[Rank 4] File 4, xtal 820 done.
[Rank 4] File 4, xtal 821 done.
[Rank 4] File 4, xtal 822 done.
[Rank 4] File 4, xtal 823 done.
[Rank 4] File 4, xtal 824 done.
[Rank 4] File 4, xtal 825 done.
[Rank 4] File 4, xtal 826 done.
[Rank 4] File 4, xtal 827 done.
[Rank 4] File 4, xtal 828 done.
[Rank 4] File 4, xtal 829 done.
[Rank 4] File 4, xtal 830 done.
[Rank 4] File 4, xtal 831 done.
[Rank 4] File 4, xtal 832 done.
[Rank 4] File 4, xtal 833 done.
[Rank 4] File 4, xtal 834 done.
[Rank 4] File 4, xtal 835 done.
[Rank 4] File 4, xtal 836 done.
[Rank 4] File 4, xtal 837 done.
[Rank 4] File 4, xtal 838 done.
[Rank 4] File 4, xtal 839 done.
[Rank 4] File 4, xtal 840 done.
[Rank 4] File 4, xtal 841 done.
[Rank 4] File 4, xtal 842 done.
[Rank 4] File 4, xtal 843 done.
[Rank 4] File 4, xtal 844 done.
[Rank 4] File 4, xtal 845 done.
[Rank 4] File 4, xtal 846 done.
[Rank 4] File 4, xtal 847 done.
[Rank 4] File 4, xtal 848 done.
[Rank 4] File 4, xtal 849 done.
[Rank 4] File 4, xtal 850 done.
[Rank 4] File 4, xtal 851 done.
[Rank 4] File 4, xtal 852 done.
[Rank 4] File 4, xtal 853 done.
[Rank 4] File 4, xtal 854 done.
[Rank 4] File 4, xtal 855 done.
[Rank 4] File 4, xtal 856 done.
[Rank 4] File 4, xtal 857 done.
[Rank 4] File 4, xtal 858 done.
[Rank 4] File 4, xtal 859 done.
[Rank 4] File 4, xtal 860 done.
[Rank 4] File 4, xtal 861 done.
[Rank 4] File 4, xtal 862 done.
[Rank 4] File 4, xtal 863 done.
All processes completed.
[Rank 18] File 18, xtal 721 done.
[Rank 18] File 18, xtal 722 done.
[Rank 18] File 18, xtal 723 done.
[Rank 18] File 18, xtal 724 done.
[Rank 18] File 18, xtal 725 done.
[Rank 18] File 18, xtal 726 done.
[Rank 18] File 18, xtal 727 done.
[Rank 18] File 18, xtal 728 done.
[Rank 18] File 18, xtal 729 done.
[Rank 18] File 18, xtal 730 done.
[Rank 18] File 18, xtal 731 done.
[Rank 18] File 18, xtal 732 done.
[Rank 18] File 18, xtal 733 done.
[Rank 18] File 18, xtal 734 done.
[Rank 18] File 18, xtal 735 done.
[Rank 18] File 18, xtal 736 done.
[Rank 18] File 18, xtal 737 done.
[Rank 18] File 18, xtal 738 done.
[Rank 18] File 18, xtal 739 done.
[Rank 18] File 18, xtal 740 done.
[Rank 18] File 18, xtal 741 done.
[Rank 18] File 18, xtal 742 done.
[Rank 18] File 18, xtal 743 done.
[Rank 18] File 18, xtal 744 done.
[Rank 18] File 18, xtal 745 done.
[Rank 18] File 18, xtal 746 done.
[Rank 18] File 18, xtal 747 done.
[Rank 18] File 18, xtal 748 done.
[Rank 18] File 18, xtal 749 done.
[Rank 18] File 18, xtal 750 done.
[Rank 18] File 18, xtal 751 done.
[Rank 18] File 18, xtal 752 done.
[Rank 18] File 18, xtal 753 done.
[Rank 18] File 18, xtal 754 done.
[Rank 18] File 18, xtal 755 done.
[Rank 18] File 18, xtal 756 done.
[Rank 18] File 18, xtal 757 done.
[Rank 18] File 18, xtal 758 done.
[Rank 18] File 18, xtal 759 done.
[Rank 18] File 18, xtal 760 done.
[Rank 18] File 18, xtal 761 done.
[Rank 18] File 18, xtal 762 done.
[Rank 18] File 18, xtal 763 done.
[Rank 18] File 18, xtal 764 done.
[Rank 18] File 18, xtal 765 done.
[Rank 18] File 18, xtal 766 done.
[Rank 18] File 18, xtal 767 done.
[Rank 18] File 18, xtal 768 done.
[Rank 18] File 18, xtal 769 done.
[Rank 18] File 18, xtal 770 done.
[Rank 18] File 18, xtal 771 done.
[Rank 18] File 18, xtal 772 done.
[Rank 18] File 18, xtal 773 done.
[Rank 18] File 18, xtal 774 done.
[Rank 18] File 18, xtal 775 done.
[Rank 18] File 18, xtal 776 done.
[Rank 18] File 18, xtal 777 done.
[Rank 18] File 18, xtal 778 done.
[Rank 18] File 18, xtal 779 done.
[Rank 18] File 18, xtal 780 done.
[Rank 18] File 18, xtal 781 done.
[Rank 18] File 18, xtal 782 done.
[Rank 18] File 18, xtal 783 done.
[Rank 18] File 18, xtal 784 done.
[Rank 18] File 18, xtal 785 done.
[Rank 18] File 18, xtal 786 done.
[Rank 18] File 18, xtal 787 done.
[Rank 18] File 18, xtal 788 done.
[Rank 18] File 18, xtal 789 done.
[Rank 18] File 18, xtal 790 done.
[Rank 18] File 18, xtal 791 done.
[Rank 18] File 18, xtal 792 done.
[Rank 18] File 18, xtal 793 done.
[Rank 18] File 18, xtal 794 done.
[Rank 18] File 18, xtal 795 done.
[Rank 18] File 18, xtal 796 done.
[Rank 18] File 18, xtal 797 done.
[Rank 18] File 18, xtal 798 done.
[Rank 18] File 18, xtal 799 done.
[Rank 18] File 18, xtal 800 done.
[Rank 18] File 18, xtal 801 done.
[Rank 18] File 18, xtal 802 done.
[Rank 18] File 18, xtal 803 done.
[Rank 18] File 18, xtal 804 done.
[Rank 18] File 18, xtal 805 done.
[Rank 18] File 18, xtal 806 done.
[Rank 18] File 18, xtal 807 done.
[Rank 18] File 18, xtal 808 done.
[Rank 18] File 18, xtal 809 done.
[Rank 18] File 18, xtal 810 done.
[Rank 18] File 18, xtal 811 done.
[Rank 18] File 18, xtal 812 done.
[Rank 18] File 18, xtal 813 done.
[Rank 18] File 18, xtal 814 done.
[Rank 18] File 18, xtal 815 done.
[Rank 18] File 18, xtal 816 done.
[Rank 18] File 18, xtal 817 done.
[Rank 18] File 18, xtal 818 done.
[Rank 18] File 18, xtal 819 done.
[Rank 18] File 18, xtal 820 done.
[Rank 18] File 18, xtal 821 done.
[Rank 18] File 18, xtal 822 done.
[Rank 18] File 18, xtal 823 done.
[Rank 18] File 18, xtal 824 done.
[Rank 18] File 18, xtal 825 done.
[Rank 18] File 18, xtal 826 done.
[Rank 18] File 18, xtal 827 done.
[Rank 18] File 18, xtal 828 done.
[Rank 18] File 18, xtal 829 done.
[Rank 18] File 18, xtal 830 done.
[Rank 18] File 18, xtal 831 done.
[Rank 18] File 18, xtal 832 done.
[Rank 18] File 18, xtal 833 done.
[Rank 18] File 18, xtal 834 done.
[Rank 18] File 18, xtal 835 done.
[Rank 18] File 18, xtal 836 done.
[Rank 18] File 18, xtal 837 done.
[Rank 18] File 18, xtal 838 done.
[Rank 18] File 18, xtal 839 done.
[Rank 18] File 18, xtal 840 done.
[Rank 18] File 18, xtal 841 done.
[Rank 18] File 18, xtal 842 done.
[Rank 18] File 18, xtal 843 done.
[Rank 18] File 18, xtal 844 done.
[Rank 18] File 18, xtal 845 done.
[Rank 18] File 18, xtal 846 done.
[Rank 18] File 18, xtal 847 done.
[Rank 18] File 18, xtal 848 done.
[Rank 18] File 18, xtal 849 done.
[Rank 18] File 18, xtal 850 done.
[Rank 18] File 18, xtal 851 done.
[Rank 18] File 18, xtal 852 done.
[Rank 18] File 18, xtal 853 done.
[Rank 18] File 18, xtal 854 done.
[Rank 18] File 18, xtal 855 done.
[Rank 18] File 18, xtal 856 done.
[Rank 18] File 18, xtal 857 done.
[Rank 18] File 18, xtal 858 done.
[Rank 18] File 18, xtal 859 done.
[Rank 18] File 18, xtal 860 done.
[Rank 18] File 18, xtal 861 done.
[Rank 18] File 18, xtal 862 done.
[Rank 18] File 18, xtal 863 done.
All processes completed.
[Rank 15] File 15, xtal 721 done.
[Rank 15] File 15, xtal 722 done.
[Rank 15] File 15, xtal 723 done.
[Rank 15] File 15, xtal 724 done.
[Rank 15] File 15, xtal 725 done.
[Rank 15] File 15, xtal 726 done.
[Rank 15] File 15, xtal 727 done.
[Rank 15] File 15, xtal 728 done.
[Rank 15] File 15, xtal 729 done.
[Rank 15] File 15, xtal 730 done.
[Rank 15] File 15, xtal 731 done.
[Rank 15] File 15, xtal 732 done.
[Rank 15] File 15, xtal 733 done.
[Rank 15] File 15, xtal 734 done.
[Rank 15] File 15, xtal 735 done.
[Rank 15] File 15, xtal 736 done.
[Rank 15] File 15, xtal 737 done.
[Rank 15] File 15, xtal 738 done.
[Rank 15] File 15, xtal 739 done.
[Rank 15] File 15, xtal 740 done.
[Rank 15] File 15, xtal 741 done.
[Rank 15] File 15, xtal 742 done.
[Rank 15] File 15, xtal 743 done.
[Rank 15] File 15, xtal 744 done.
[Rank 15] File 15, xtal 745 done.
[Rank 15] File 15, xtal 746 done.
[Rank 15] File 15, xtal 747 done.
[Rank 15] File 15, xtal 748 done.
[Rank 15] File 15, xtal 749 done.
[Rank 15] File 15, xtal 750 done.
[Rank 15] File 15, xtal 751 done.
[Rank 15] File 15, xtal 752 done.
[Rank 15] File 15, xtal 753 done.
[Rank 15] File 15, xtal 754 done.
[Rank 15] File 15, xtal 755 done.
[Rank 15] File 15, xtal 756 done.
[Rank 15] File 15, xtal 757 done.
[Rank 15] File 15, xtal 758 done.
[Rank 15] File 15, xtal 759 done.
[Rank 15] File 15, xtal 760 done.
[Rank 15] File 15, xtal 761 done.
[Rank 15] File 15, xtal 762 done.
[Rank 15] File 15, xtal 763 done.
[Rank 15] File 15, xtal 764 done.
[Rank 15] File 15, xtal 765 done.
[Rank 15] File 15, xtal 766 done.
[Rank 15] File 15, xtal 767 done.
[Rank 15] File 15, xtal 768 done.
[Rank 15] File 15, xtal 769 done.
[Rank 15] File 15, xtal 770 done.
[Rank 15] File 15, xtal 771 done.
[Rank 15] File 15, xtal 772 done.
[Rank 15] File 15, xtal 773 done.
[Rank 15] File 15, xtal 774 done.
[Rank 15] File 15, xtal 775 done.
[Rank 15] File 15, xtal 776 done.
[Rank 15] File 15, xtal 777 done.
[Rank 15] File 15, xtal 778 done.
[Rank 15] File 15, xtal 779 done.
[Rank 15] File 15, xtal 780 done.
[Rank 15] File 15, xtal 781 done.
[Rank 15] File 15, xtal 782 done.
[Rank 15] File 15, xtal 783 done.
[Rank 15] File 15, xtal 784 done.
[Rank 15] File 15, xtal 785 done.
[Rank 15] File 15, xtal 786 done.
[Rank 15] File 15, xtal 787 done.
[Rank 15] File 15, xtal 788 done.
[Rank 15] File 15, xtal 789 done.
[Rank 15] File 15, xtal 790 done.
[Rank 15] File 15, xtal 791 done.
[Rank 15] File 15, xtal 792 done.
[Rank 15] File 15, xtal 793 done.
[Rank 15] File 15, xtal 794 done.
[Rank 15] File 15, xtal 795 done.
[Rank 15] File 15, xtal 796 done.
[Rank 15] File 15, xtal 797 done.
[Rank 15] File 15, xtal 798 done.
[Rank 15] File 15, xtal 799 done.
[Rank 15] File 15, xtal 800 done.
[Rank 15] File 15, xtal 801 done.
[Rank 15] File 15, xtal 802 done.
[Rank 15] File 15, xtal 803 done.
[Rank 15] File 15, xtal 804 done.
[Rank 15] File 15, xtal 805 done.
[Rank 15] File 15, xtal 806 done.
[Rank 15] File 15, xtal 807 done.
[Rank 15] File 15, xtal 808 done.
[Rank 15] File 15, xtal 809 done.
[Rank 15] File 15, xtal 810 done.
[Rank 15] File 15, xtal 811 done.
[Rank 15] File 15, xtal 812 done.
[Rank 15] File 15, xtal 813 done.
[Rank 15] File 15, xtal 814 done.
[Rank 15] File 15, xtal 815 done.
[Rank 15] File 15, xtal 816 done.
[Rank 15] File 15, xtal 817 done.
[Rank 15] File 15, xtal 818 done.
[Rank 15] File 15, xtal 819 done.
[Rank 15] File 15, xtal 820 done.
[Rank 15] File 15, xtal 821 done.
[Rank 15] File 15, xtal 822 done.
[Rank 15] File 15, xtal 823 done.
[Rank 15] File 15, xtal 824 done.
[Rank 15] File 15, xtal 825 done.
[Rank 15] File 15, xtal 826 done.
[Rank 15] File 15, xtal 827 done.
[Rank 15] File 15, xtal 828 done.
[Rank 15] File 15, xtal 829 done.
[Rank 15] File 15, xtal 830 done.
[Rank 15] File 15, xtal 831 done.
[Rank 15] File 15, xtal 832 done.
[Rank 15] File 15, xtal 833 done.
[Rank 15] File 15, xtal 834 done.
[Rank 15] File 15, xtal 835 done.
[Rank 15] File 15, xtal 836 done.
[Rank 15] File 15, xtal 837 done.
[Rank 15] File 15, xtal 838 done.
[Rank 15] File 15, xtal 839 done.
[Rank 15] File 15, xtal 840 done.
[Rank 15] File 15, xtal 841 done.
[Rank 15] File 15, xtal 842 done.
[Rank 15] File 15, xtal 843 done.
[Rank 15] File 15, xtal 844 done.
[Rank 15] File 15, xtal 845 done.
[Rank 15] File 15, xtal 846 done.
[Rank 15] File 15, xtal 847 done.
[Rank 15] File 15, xtal 848 done.
[Rank 15] File 15, xtal 849 done.
[Rank 15] File 15, xtal 850 done.
[Rank 15] File 15, xtal 851 done.
[Rank 15] File 15, xtal 852 done.
[Rank 15] File 15, xtal 853 done.
[Rank 15] File 15, xtal 854 done.
[Rank 15] File 15, xtal 855 done.
[Rank 15] File 15, xtal 856 done.
[Rank 15] File 15, xtal 857 done.
[Rank 15] File 15, xtal 858 done.
[Rank 15] File 15, xtal 859 done.
[Rank 15] File 15, xtal 860 done.
[Rank 15] File 15, xtal 861 done.
[Rank 15] File 15, xtal 862 done.
[Rank 15] File 15, xtal 863 done.
All processes completed.
[Rank 17] File 17, xtal 721 done.
[Rank 17] File 17, xtal 722 done.
[Rank 17] File 17, xtal 723 done.
[Rank 17] File 17, xtal 724 done.
[Rank 17] File 17, xtal 725 done.
[Rank 17] File 17, xtal 726 done.
[Rank 17] File 17, xtal 727 done.
[Rank 17] File 17, xtal 728 done.
[Rank 17] File 17, xtal 729 done.
[Rank 17] File 17, xtal 730 done.
[Rank 17] File 17, xtal 731 done.
[Rank 17] File 17, xtal 732 done.
[Rank 17] File 17, xtal 733 done.
[Rank 17] File 17, xtal 734 done.
[Rank 17] File 17, xtal 735 done.
[Rank 17] File 17, xtal 736 done.
[Rank 17] File 17, xtal 737 done.
[Rank 17] File 17, xtal 738 done.
[Rank 17] File 17, xtal 739 done.
[Rank 17] File 17, xtal 740 done.
[Rank 17] File 17, xtal 741 done.
[Rank 17] File 17, xtal 742 done.
[Rank 17] File 17, xtal 743 done.
[Rank 17] File 17, xtal 744 done.
[Rank 17] File 17, xtal 745 done.
[Rank 17] File 17, xtal 746 done.
[Rank 17] File 17, xtal 747 done.
[Rank 17] File 17, xtal 748 done.
[Rank 17] File 17, xtal 749 done.
[Rank 17] File 17, xtal 750 done.
[Rank 17] File 17, xtal 751 done.
[Rank 17] File 17, xtal 752 done.
[Rank 17] File 17, xtal 753 done.
[Rank 17] File 17, xtal 754 done.
[Rank 17] File 17, xtal 755 done.
[Rank 17] File 17, xtal 756 done.
[Rank 17] File 17, xtal 757 done.
[Rank 17] File 17, xtal 758 done.
[Rank 17] File 17, xtal 759 done.
[Rank 17] File 17, xtal 760 done.
[Rank 17] File 17, xtal 761 done.
[Rank 17] File 17, xtal 762 done.
[Rank 17] File 17, xtal 763 done.
[Rank 17] File 17, xtal 764 done.
[Rank 17] File 17, xtal 765 done.
[Rank 17] File 17, xtal 766 done.
[Rank 17] File 17, xtal 767 done.
[Rank 17] File 17, xtal 768 done.
[Rank 17] File 17, xtal 769 done.
[Rank 17] File 17, xtal 770 done.
[Rank 17] File 17, xtal 771 done.
[Rank 17] File 17, xtal 772 done.
[Rank 17] File 17, xtal 773 done.
[Rank 17] File 17, xtal 774 done.
[Rank 17] File 17, xtal 775 done.
[Rank 17] File 17, xtal 776 done.
[Rank 17] File 17, xtal 777 done.
[Rank 17] File 17, xtal 778 done.
[Rank 17] File 17, xtal 779 done.
[Rank 17] File 17, xtal 780 done.
[Rank 17] File 17, xtal 781 done.
[Rank 17] File 17, xtal 782 done.
[Rank 17] File 17, xtal 783 done.
[Rank 17] File 17, xtal 784 done.
[Rank 17] File 17, xtal 785 done.
[Rank 17] File 17, xtal 786 done.
[Rank 17] File 17, xtal 787 done.
[Rank 17] File 17, xtal 788 done.
[Rank 17] File 17, xtal 789 done.
[Rank 17] File 17, xtal 790 done.
[Rank 17] File 17, xtal 791 done.
[Rank 17] File 17, xtal 792 done.
[Rank 17] File 17, xtal 793 done.
[Rank 17] File 17, xtal 794 done.
[Rank 17] File 17, xtal 795 done.
[Rank 17] File 17, xtal 796 done.
[Rank 17] File 17, xtal 797 done.
[Rank 17] File 17, xtal 798 done.
[Rank 17] File 17, xtal 799 done.
[Rank 17] File 17, xtal 800 done.
[Rank 17] File 17, xtal 801 done.
[Rank 17] File 17, xtal 802 done.
[Rank 17] File 17, xtal 803 done.
[Rank 17] File 17, xtal 804 done.
[Rank 17] File 17, xtal 805 done.
[Rank 17] File 17, xtal 806 done.
[Rank 17] File 17, xtal 807 done.
[Rank 17] File 17, xtal 808 done.
[Rank 17] File 17, xtal 809 done.
[Rank 17] File 17, xtal 810 done.
[Rank 17] File 17, xtal 811 done.
[Rank 17] File 17, xtal 812 done.
[Rank 17] File 17, xtal 813 done.
[Rank 17] File 17, xtal 814 done.
[Rank 17] File 17, xtal 815 done.
[Rank 17] File 17, xtal 816 done.
[Rank 17] File 17, xtal 817 done.
[Rank 17] File 17, xtal 818 done.
[Rank 17] File 17, xtal 819 done.
[Rank 17] File 17, xtal 820 done.
[Rank 17] File 17, xtal 821 done.
[Rank 17] File 17, xtal 822 done.
[Rank 17] File 17, xtal 823 done.
[Rank 17] File 17, xtal 824 done.
[Rank 17] File 17, xtal 825 done.
[Rank 17] File 17, xtal 826 done.
[Rank 17] File 17, xtal 827 done.
[Rank 17] File 17, xtal 828 done.
[Rank 17] File 17, xtal 829 done.
[Rank 17] File 17, xtal 830 done.
[Rank 17] File 17, xtal 831 done.
[Rank 17] File 17, xtal 832 done.
[Rank 17] File 17, xtal 833 done.
[Rank 17] File 17, xtal 834 done.
[Rank 17] File 17, xtal 835 done.
[Rank 17] File 17, xtal 836 done.
[Rank 17] File 17, xtal 837 done.
[Rank 17] File 17, xtal 838 done.
[Rank 17] File 17, xtal 839 done.
[Rank 17] File 17, xtal 840 done.
[Rank 17] File 17, xtal 841 done.
[Rank 17] File 17, xtal 842 done.
[Rank 17] File 17, xtal 843 done.
[Rank 17] File 17, xtal 844 done.
[Rank 17] File 17, xtal 845 done.
[Rank 17] File 17, xtal 846 done.
[Rank 17] File 17, xtal 847 done.
[Rank 17] File 17, xtal 848 done.
[Rank 17] File 17, xtal 849 done.
[Rank 17] File 17, xtal 850 done.
[Rank 17] File 17, xtal 851 done.
[Rank 17] File 17, xtal 852 done.
[Rank 17] File 17, xtal 853 done.
[Rank 17] File 17, xtal 854 done.
[Rank 17] File 17, xtal 855 done.
[Rank 17] File 17, xtal 856 done.
[Rank 17] File 17, xtal 857 done.
[Rank 17] File 17, xtal 858 done.
[Rank 17] File 17, xtal 859 done.
[Rank 17] File 17, xtal 860 done.
[Rank 17] File 17, xtal 861 done.
[Rank 17] File 17, xtal 862 done.
[Rank 17] File 17, xtal 863 done.
All processes completed.
[Rank 20] File 20, xtal 721 done.
[Rank 20] File 20, xtal 722 done.
[Rank 20] File 20, xtal 723 done.
[Rank 20] File 20, xtal 724 done.
[Rank 20] File 20, xtal 725 done.
[Rank 20] File 20, xtal 726 done.
[Rank 20] File 20, xtal 727 done.
[Rank 20] File 20, xtal 728 done.
[Rank 20] File 20, xtal 729 done.
[Rank 20] File 20, xtal 730 done.
[Rank 20] File 20, xtal 731 done.
[Rank 20] File 20, xtal 732 done.
[Rank 20] File 20, xtal 733 done.
[Rank 20] File 20, xtal 734 done.
[Rank 20] File 20, xtal 735 done.
[Rank 20] File 20, xtal 736 done.
[Rank 20] File 20, xtal 737 done.
[Rank 20] File 20, xtal 738 done.
[Rank 20] File 20, xtal 739 done.
[Rank 20] File 20, xtal 740 done.
[Rank 20] File 20, xtal 741 done.
[Rank 20] File 20, xtal 742 done.
[Rank 20] File 20, xtal 743 done.
[Rank 20] File 20, xtal 744 done.
[Rank 20] File 20, xtal 745 done.
[Rank 20] File 20, xtal 746 done.
[Rank 20] File 20, xtal 747 done.
[Rank 20] File 20, xtal 748 done.
[Rank 20] File 20, xtal 749 done.
[Rank 20] File 20, xtal 750 done.
[Rank 20] File 20, xtal 751 done.
[Rank 20] File 20, xtal 752 done.
[Rank 20] File 20, xtal 753 done.
[Rank 20] File 20, xtal 754 done.
[Rank 20] File 20, xtal 755 done.
[Rank 20] File 20, xtal 756 done.
[Rank 20] File 20, xtal 757 done.
[Rank 20] File 20, xtal 758 done.
[Rank 20] File 20, xtal 759 done.
[Rank 20] File 20, xtal 760 done.
[Rank 20] File 20, xtal 761 done.
[Rank 20] File 20, xtal 762 done.
[Rank 20] File 20, xtal 763 done.
[Rank 20] File 20, xtal 764 done.
[Rank 20] File 20, xtal 765 done.
[Rank 20] File 20, xtal 766 done.
[Rank 20] File 20, xtal 767 done.
[Rank 20] File 20, xtal 768 done.
[Rank 20] File 20, xtal 769 done.
[Rank 20] File 20, xtal 770 done.
[Rank 20] File 20, xtal 771 done.
[Rank 20] File 20, xtal 772 done.
[Rank 20] File 20, xtal 773 done.
[Rank 20] File 20, xtal 774 done.
[Rank 20] File 20, xtal 775 done.
[Rank 20] File 20, xtal 776 done.
[Rank 20] File 20, xtal 777 done.
[Rank 20] File 20, xtal 778 done.
[Rank 20] File 20, xtal 779 done.
[Rank 20] File 20, xtal 780 done.
[Rank 20] File 20, xtal 781 done.
[Rank 20] File 20, xtal 782 done.
[Rank 20] File 20, xtal 783 done.
[Rank 20] File 20, xtal 784 done.
[Rank 20] File 20, xtal 785 done.
[Rank 20] File 20, xtal 786 done.
[Rank 20] File 20, xtal 787 done.
[Rank 20] File 20, xtal 788 done.
[Rank 20] File 20, xtal 789 done.
[Rank 20] File 20, xtal 790 done.
[Rank 20] File 20, xtal 791 done.
[Rank 20] File 20, xtal 792 done.
[Rank 20] File 20, xtal 793 done.
[Rank 20] File 20, xtal 794 done.
[Rank 20] File 20, xtal 795 done.
[Rank 20] File 20, xtal 796 done.
[Rank 20] File 20, xtal 797 done.
[Rank 20] File 20, xtal 798 done.
[Rank 20] File 20, xtal 799 done.
[Rank 20] File 20, xtal 800 done.
[Rank 20] File 20, xtal 801 done.
[Rank 20] File 20, xtal 802 done.
[Rank 20] File 20, xtal 803 done.
[Rank 20] File 20, xtal 804 done.
[Rank 20] File 20, xtal 805 done.
[Rank 20] File 20, xtal 806 done.
[Rank 20] File 20, xtal 807 done.
[Rank 20] File 20, xtal 808 done.
[Rank 20] File 20, xtal 809 done.
[Rank 20] File 20, xtal 810 done.
[Rank 20] File 20, xtal 811 done.
[Rank 20] File 20, xtal 812 done.
[Rank 20] File 20, xtal 813 done.
[Rank 20] File 20, xtal 814 done.
[Rank 20] File 20, xtal 815 done.
[Rank 20] File 20, xtal 816 done.
[Rank 20] File 20, xtal 817 done.
[Rank 20] File 20, xtal 818 done.
[Rank 20] File 20, xtal 819 done.
[Rank 20] File 20, xtal 820 done.
[Rank 20] File 20, xtal 821 done.
[Rank 20] File 20, xtal 822 done.
[Rank 20] File 20, xtal 823 done.
[Rank 20] File 20, xtal 824 done.
[Rank 20] File 20, xtal 825 done.
[Rank 20] File 20, xtal 826 done.
[Rank 20] File 20, xtal 827 done.
[Rank 20] File 20, xtal 828 done.
[Rank 20] File 20, xtal 829 done.
[Rank 20] File 20, xtal 830 done.
[Rank 20] File 20, xtal 831 done.
[Rank 20] File 20, xtal 832 done.
[Rank 20] File 20, xtal 833 done.
[Rank 20] File 20, xtal 834 done.
[Rank 20] File 20, xtal 835 done.
[Rank 20] File 20, xtal 836 done.
[Rank 20] File 20, xtal 837 done.
[Rank 20] File 20, xtal 838 done.
[Rank 20] File 20, xtal 839 done.
[Rank 20] File 20, xtal 840 done.
[Rank 20] File 20, xtal 841 done.
[Rank 20] File 20, xtal 842 done.
[Rank 20] File 20, xtal 843 done.
[Rank 20] File 20, xtal 844 done.
[Rank 20] File 20, xtal 845 done.
[Rank 20] File 20, xtal 846 done.
[Rank 20] File 20, xtal 847 done.
[Rank 20] File 20, xtal 848 done.
[Rank 20] File 20, xtal 849 done.
[Rank 20] File 20, xtal 850 done.
[Rank 20] File 20, xtal 851 done.
[Rank 20] File 20, xtal 852 done.
[Rank 20] File 20, xtal 853 done.
[Rank 20] File 20, xtal 854 done.
[Rank 20] File 20, xtal 855 done.
[Rank 20] File 20, xtal 856 done.
[Rank 20] File 20, xtal 857 done.
[Rank 20] File 20, xtal 858 done.
[Rank 20] File 20, xtal 859 done.
[Rank 20] File 20, xtal 860 done.
[Rank 20] File 20, xtal 861 done.
[Rank 20] File 20, xtal 862 done.
[Rank 20] File 20, xtal 863 done.
All processes completed.
[Rank 5] File 5, xtal 768 done.
[Rank 5] File 5, xtal 769 done.
[Rank 5] File 5, xtal 770 done.
[Rank 5] File 5, xtal 771 done.
[Rank 5] File 5, xtal 772 done.
[Rank 5] File 5, xtal 773 done.
[Rank 5] File 5, xtal 774 done.
[Rank 5] File 5, xtal 775 done.
[Rank 5] File 5, xtal 776 done.
[Rank 5] File 5, xtal 777 done.
[Rank 5] File 5, xtal 778 done.
[Rank 5] File 5, xtal 779 done.
[Rank 5] File 5, xtal 780 done.
[Rank 5] File 5, xtal 781 done.
[Rank 5] File 5, xtal 782 done.
[Rank 5] File 5, xtal 783 done.
[Rank 5] File 5, xtal 784 done.
[Rank 5] File 5, xtal 785 done.
[Rank 5] File 5, xtal 786 done.
[Rank 5] File 5, xtal 787 done.
[Rank 5] File 5, xtal 788 done.
[Rank 5] File 5, xtal 789 done.
[Rank 5] File 5, xtal 790 done.
[Rank 5] File 5, xtal 791 done.
[Rank 5] File 5, xtal 792 done.
[Rank 5] File 5, xtal 793 done.
[Rank 5] File 5, xtal 794 done.
[Rank 5] File 5, xtal 795 done.
[Rank 5] File 5, xtal 796 done.
[Rank 5] File 5, xtal 797 done.
[Rank 5] File 5, xtal 798 done.
[Rank 5] File 5, xtal 799 done.
[Rank 5] File 5, xtal 800 done.
[Rank 5] File 5, xtal 801 done.
[Rank 5] File 5, xtal 802 done.
[Rank 5] File 5, xtal 803 done.
[Rank 5] File 5, xtal 804 done.
[Rank 5] File 5, xtal 805 done.
[Rank 5] File 5, xtal 806 done.
[Rank 5] File 5, xtal 807 done.
[Rank 5] File 5, xtal 808 done.
[Rank 5] File 5, xtal 809 done.
[Rank 5] File 5, xtal 810 done.
[Rank 5] File 5, xtal 811 done.
[Rank 5] File 5, xtal 812 done.
[Rank 5] File 5, xtal 813 done.
[Rank 5] File 5, xtal 814 done.
[Rank 5] File 5, xtal 815 done.
[Rank 5] File 5, xtal 816 done.
[Rank 5] File 5, xtal 817 done.
[Rank 5] File 5, xtal 818 done.
[Rank 5] File 5, xtal 819 done.
[Rank 5] File 5, xtal 820 done.
[Rank 5] File 5, xtal 821 done.
[Rank 5] File 5, xtal 822 done.
[Rank 5] File 5, xtal 823 done.
[Rank 5] File 5, xtal 824 done.
[Rank 5] File 5, xtal 825 done.
[Rank 5] File 5, xtal 826 done.
[Rank 5] File 5, xtal 827 done.
[Rank 5] File 5, xtal 828 done.
[Rank 5] File 5, xtal 829 done.
[Rank 5] File 5, xtal 830 done.
[Rank 5] File 5, xtal 831 done.
[Rank 5] File 5, xtal 832 done.
[Rank 5] File 5, xtal 833 done.
[Rank 5] File 5, xtal 834 done.
[Rank 5] File 5, xtal 835 done.
[Rank 5] File 5, xtal 836 done.
[Rank 5] File 5, xtal 837 done.
[Rank 5] File 5, xtal 838 done.
[Rank 5] File 5, xtal 839 done.
[Rank 5] File 5, xtal 840 done.
[Rank 5] File 5, xtal 841 done.
[Rank 5] File 5, xtal 842 done.
[Rank 5] File 5, xtal 843 done.
[Rank 5] File 5, xtal 844 done.
[Rank 5] File 5, xtal 845 done.
[Rank 5] File 5, xtal 846 done.
[Rank 5] File 5, xtal 847 done.
[Rank 5] File 5, xtal 848 done.
[Rank 5] File 5, xtal 849 done.
[Rank 5] File 5, xtal 850 done.
[Rank 5] File 5, xtal 851 done.
[Rank 5] File 5, xtal 852 done.
[Rank 5] File 5, xtal 853 done.
[Rank 5] File 5, xtal 854 done.
[Rank 5] File 5, xtal 855 done.
[Rank 5] File 5, xtal 856 done.
[Rank 5] File 5, xtal 857 done.
[Rank 5] File 5, xtal 858 done.
[Rank 5] File 5, xtal 859 done.
[Rank 5] File 5, xtal 860 done.
[Rank 5] File 5, xtal 861 done.
[Rank 5] File 5, xtal 862 done.
[Rank 5] File 5, xtal 863 done.
All processes completed.
[Rank 14] File 14, xtal 721 done.
[Rank 14] File 14, xtal 722 done.
[Rank 14] File 14, xtal 723 done.
[Rank 14] File 14, xtal 724 done.
[Rank 14] File 14, xtal 725 done.
[Rank 14] File 14, xtal 726 done.
[Rank 14] File 14, xtal 727 done.
[Rank 14] File 14, xtal 728 done.
[Rank 14] File 14, xtal 729 done.
[Rank 14] File 14, xtal 730 done.
[Rank 14] File 14, xtal 731 done.
[Rank 14] File 14, xtal 732 done.
[Rank 14] File 14, xtal 733 done.
[Rank 14] File 14, xtal 734 done.
[Rank 14] File 14, xtal 735 done.
[Rank 14] File 14, xtal 736 done.
[Rank 14] File 14, xtal 737 done.
[Rank 14] File 14, xtal 738 done.
[Rank 14] File 14, xtal 739 done.
[Rank 14] File 14, xtal 740 done.
[Rank 14] File 14, xtal 741 done.
[Rank 14] File 14, xtal 742 done.
[Rank 14] File 14, xtal 743 done.
[Rank 14] File 14, xtal 744 done.
[Rank 14] File 14, xtal 745 done.
[Rank 14] File 14, xtal 746 done.
[Rank 14] File 14, xtal 747 done.
[Rank 14] File 14, xtal 748 done.
[Rank 14] File 14, xtal 749 done.
[Rank 14] File 14, xtal 750 done.
[Rank 14] File 14, xtal 751 done.
[Rank 14] File 14, xtal 752 done.
[Rank 14] File 14, xtal 753 done.
[Rank 14] File 14, xtal 754 done.
[Rank 14] File 14, xtal 755 done.
[Rank 14] File 14, xtal 756 done.
[Rank 14] File 14, xtal 757 done.
[Rank 14] File 14, xtal 758 done.
[Rank 14] File 14, xtal 759 done.
[Rank 14] File 14, xtal 760 done.
[Rank 14] File 14, xtal 761 done.
[Rank 14] File 14, xtal 762 done.
[Rank 14] File 14, xtal 763 done.
[Rank 14] File 14, xtal 764 done.
[Rank 14] File 14, xtal 765 done.
[Rank 14] File 14, xtal 766 done.
[Rank 14] File 14, xtal 767 done.
[Rank 14] File 14, xtal 768 done.
[Rank 14] File 14, xtal 769 done.
[Rank 14] File 14, xtal 770 done.
[Rank 14] File 14, xtal 771 done.
[Rank 14] File 14, xtal 772 done.
[Rank 14] File 14, xtal 773 done.
[Rank 14] File 14, xtal 774 done.
[Rank 14] File 14, xtal 775 done.
[Rank 14] File 14, xtal 776 done.
[Rank 14] File 14, xtal 777 done.
[Rank 14] File 14, xtal 778 done.
[Rank 14] File 14, xtal 779 done.
[Rank 14] File 14, xtal 780 done.
[Rank 14] File 14, xtal 781 done.
[Rank 14] File 14, xtal 782 done.
[Rank 14] File 14, xtal 783 done.
[Rank 14] File 14, xtal 784 done.
[Rank 14] File 14, xtal 785 done.
[Rank 14] File 14, xtal 786 done.
[Rank 14] File 14, xtal 787 done.
[Rank 14] File 14, xtal 788 done.
[Rank 14] File 14, xtal 789 done.
[Rank 14] File 14, xtal 790 done.
[Rank 14] File 14, xtal 791 done.
[Rank 14] File 14, xtal 792 done.
[Rank 14] File 14, xtal 793 done.
[Rank 14] File 14, xtal 794 done.
[Rank 14] File 14, xtal 795 done.
[Rank 14] File 14, xtal 796 done.
[Rank 14] File 14, xtal 797 done.
[Rank 14] File 14, xtal 798 done.
[Rank 14] File 14, xtal 799 done.
[Rank 14] File 14, xtal 800 done.
[Rank 14] File 14, xtal 801 done.
[Rank 14] File 14, xtal 802 done.
[Rank 14] File 14, xtal 803 done.
[Rank 14] File 14, xtal 804 done.
[Rank 14] File 14, xtal 805 done.
[Rank 14] File 14, xtal 806 done.
[Rank 14] File 14, xtal 807 done.
[Rank 14] File 14, xtal 808 done.
[Rank 14] File 14, xtal 809 done.
[Rank 14] File 14, xtal 810 done.
[Rank 14] File 14, xtal 811 done.
[Rank 14] File 14, xtal 812 done.
[Rank 14] File 14, xtal 813 done.
[Rank 14] File 14, xtal 814 done.
[Rank 14] File 14, xtal 815 done.
[Rank 14] File 14, xtal 816 done.
[Rank 14] File 14, xtal 817 done.
[Rank 14] File 14, xtal 818 done.
[Rank 14] File 14, xtal 819 done.
[Rank 14] File 14, xtal 820 done.
[Rank 14] File 14, xtal 821 done.
[Rank 14] File 14, xtal 822 done.
[Rank 14] File 14, xtal 823 done.
[Rank 14] File 14, xtal 824 done.
[Rank 14] File 14, xtal 825 done.
[Rank 14] File 14, xtal 826 done.
[Rank 14] File 14, xtal 827 done.
[Rank 14] File 14, xtal 828 done.
[Rank 14] File 14, xtal 829 done.
[Rank 14] File 14, xtal 830 done.
[Rank 14] File 14, xtal 831 done.
[Rank 14] File 14, xtal 832 done.
[Rank 14] File 14, xtal 833 done.
[Rank 14] File 14, xtal 834 done.
[Rank 14] File 14, xtal 835 done.
[Rank 14] File 14, xtal 836 done.
[Rank 14] File 14, xtal 837 done.
[Rank 14] File 14, xtal 838 done.
[Rank 14] File 14, xtal 839 done.
[Rank 14] File 14, xtal 840 done.
[Rank 14] File 14, xtal 841 done.
[Rank 14] File 14, xtal 842 done.
[Rank 14] File 14, xtal 843 done.
[Rank 14] File 14, xtal 844 done.
[Rank 14] File 14, xtal 845 done.
[Rank 14] File 14, xtal 846 done.
[Rank 14] File 14, xtal 847 done.
[Rank 14] File 14, xtal 848 done.
[Rank 14] File 14, xtal 849 done.
[Rank 14] File 14, xtal 850 done.
[Rank 14] File 14, xtal 851 done.
[Rank 14] File 14, xtal 852 done.
[Rank 14] File 14, xtal 853 done.
[Rank 14] File 14, xtal 854 done.
[Rank 14] File 14, xtal 855 done.
[Rank 14] File 14, xtal 856 done.
[Rank 14] File 14, xtal 857 done.
[Rank 14] File 14, xtal 858 done.
[Rank 14] File 14, xtal 859 done.
[Rank 14] File 14, xtal 860 done.
[Rank 14] File 14, xtal 861 done.
[Rank 14] File 14, xtal 862 done.
[Rank 14] File 14, xtal 863 done.
All processes completed.
[Rank 11] File 11, xtal 721 done.
[Rank 11] File 11, xtal 722 done.
[Rank 11] File 11, xtal 723 done.
[Rank 11] File 11, xtal 724 done.
[Rank 11] File 11, xtal 725 done.
[Rank 11] File 11, xtal 726 done.
[Rank 11] File 11, xtal 727 done.
[Rank 11] File 11, xtal 728 done.
[Rank 11] File 11, xtal 729 done.
[Rank 11] File 11, xtal 730 done.
[Rank 11] File 11, xtal 731 done.
[Rank 11] File 11, xtal 732 done.
[Rank 11] File 11, xtal 733 done.
[Rank 11] File 11, xtal 734 done.
[Rank 11] File 11, xtal 735 done.
[Rank 11] File 11, xtal 736 done.
[Rank 11] File 11, xtal 737 done.
[Rank 11] File 11, xtal 738 done.
[Rank 11] File 11, xtal 739 done.
[Rank 11] File 11, xtal 740 done.
[Rank 11] File 11, xtal 741 done.
[Rank 11] File 11, xtal 742 done.
[Rank 11] File 11, xtal 743 done.
[Rank 11] File 11, xtal 744 done.
[Rank 11] File 11, xtal 745 done.
[Rank 11] File 11, xtal 746 done.
[Rank 11] File 11, xtal 747 done.
[Rank 11] File 11, xtal 748 done.
[Rank 11] File 11, xtal 749 done.
[Rank 11] File 11, xtal 750 done.
[Rank 11] File 11, xtal 751 done.
[Rank 11] File 11, xtal 752 done.
[Rank 11] File 11, xtal 753 done.
[Rank 11] File 11, xtal 754 done.
[Rank 11] File 11, xtal 755 done.
[Rank 11] File 11, xtal 756 done.
[Rank 11] File 11, xtal 757 done.
[Rank 11] File 11, xtal 758 done.
[Rank 11] File 11, xtal 759 done.
[Rank 11] File 11, xtal 760 done.
[Rank 11] File 11, xtal 761 done.
[Rank 11] File 11, xtal 762 done.
[Rank 11] File 11, xtal 763 done.
[Rank 11] File 11, xtal 764 done.
[Rank 11] File 11, xtal 765 done.
[Rank 11] File 11, xtal 766 done.
[Rank 11] File 11, xtal 767 done.
[Rank 11] File 11, xtal 768 done.
[Rank 11] File 11, xtal 769 done.
[Rank 11] File 11, xtal 770 done.
[Rank 11] File 11, xtal 771 done.
[Rank 11] File 11, xtal 772 done.
[Rank 11] File 11, xtal 773 done.
[Rank 11] File 11, xtal 774 done.
[Rank 11] File 11, xtal 775 done.
[Rank 11] File 11, xtal 776 done.
[Rank 11] File 11, xtal 777 done.
[Rank 11] File 11, xtal 778 done.
[Rank 11] File 11, xtal 779 done.
[Rank 11] File 11, xtal 780 done.
[Rank 11] File 11, xtal 781 done.
[Rank 11] File 11, xtal 782 done.
[Rank 11] File 11, xtal 783 done.
[Rank 11] File 11, xtal 784 done.
[Rank 11] File 11, xtal 785 done.
[Rank 11] File 11, xtal 786 done.
[Rank 11] File 11, xtal 787 done.
[Rank 11] File 11, xtal 788 done.
[Rank 11] File 11, xtal 789 done.
[Rank 11] File 11, xtal 790 done.
[Rank 11] File 11, xtal 791 done.
[Rank 11] File 11, xtal 792 done.
[Rank 11] File 11, xtal 793 done.
[Rank 11] File 11, xtal 794 done.
[Rank 11] File 11, xtal 795 done.
[Rank 11] File 11, xtal 796 done.
[Rank 11] File 11, xtal 797 done.
[Rank 11] File 11, xtal 798 done.
[Rank 11] File 11, xtal 799 done.
[Rank 11] File 11, xtal 800 done.
[Rank 11] File 11, xtal 801 done.
[Rank 11] File 11, xtal 802 done.
[Rank 11] File 11, xtal 803 done.
[Rank 11] File 11, xtal 804 done.
[Rank 11] File 11, xtal 805 done.
[Rank 11] File 11, xtal 806 done.
[Rank 11] File 11, xtal 807 done.
[Rank 11] File 11, xtal 808 done.
[Rank 11] File 11, xtal 809 done.
[Rank 11] File 11, xtal 810 done.
[Rank 11] File 11, xtal 811 done.
[Rank 11] File 11, xtal 812 done.
[Rank 11] File 11, xtal 813 done.
[Rank 11] File 11, xtal 814 done.
[Rank 11] File 11, xtal 815 done.
[Rank 11] File 11, xtal 816 done.
[Rank 11] File 11, xtal 817 done.
[Rank 11] File 11, xtal 818 done.
[Rank 11] File 11, xtal 819 done.
[Rank 11] File 11, xtal 820 done.
[Rank 11] File 11, xtal 821 done.
[Rank 11] File 11, xtal 822 done.
[Rank 11] File 11, xtal 823 done.
[Rank 11] File 11, xtal 824 done.
[Rank 11] File 11, xtal 825 done.
[Rank 11] File 11, xtal 826 done.
[Rank 11] File 11, xtal 827 done.
[Rank 11] File 11, xtal 828 done.
[Rank 11] File 11, xtal 829 done.
[Rank 11] File 11, xtal 830 done.
[Rank 11] File 11, xtal 831 done.
[Rank 11] File 11, xtal 832 done.
[Rank 11] File 11, xtal 833 done.
[Rank 11] File 11, xtal 834 done.
[Rank 11] File 11, xtal 835 done.
[Rank 11] File 11, xtal 836 done.
[Rank 11] File 11, xtal 837 done.
[Rank 11] File 11, xtal 838 done.
[Rank 11] File 11, xtal 839 done.
[Rank 11] File 11, xtal 840 done.
[Rank 11] File 11, xtal 841 done.
[Rank 11] File 11, xtal 842 done.
[Rank 11] File 11, xtal 843 done.
[Rank 11] File 11, xtal 844 done.
[Rank 11] File 11, xtal 845 done.
[Rank 11] File 11, xtal 846 done.
[Rank 11] File 11, xtal 847 done.
[Rank 11] File 11, xtal 848 done.
[Rank 11] File 11, xtal 849 done.
[Rank 11] File 11, xtal 850 done.
[Rank 11] File 11, xtal 851 done.
[Rank 11] File 11, xtal 852 done.
[Rank 11] File 11, xtal 853 done.
[Rank 11] File 11, xtal 854 done.
[Rank 11] File 11, xtal 855 done.
[Rank 11] File 11, xtal 856 done.
[Rank 11] File 11, xtal 857 done.
[Rank 11] File 11, xtal 858 done.
[Rank 11] File 11, xtal 859 done.
[Rank 11] File 11, xtal 860 done.
[Rank 11] File 11, xtal 861 done.
[Rank 11] File 11, xtal 862 done.
[Rank 11] File 11, xtal 863 done.
All processes completed.
[Rank 13] File 13, xtal 721 done.
[Rank 13] File 13, xtal 722 done.
[Rank 13] File 13, xtal 723 done.
[Rank 13] File 13, xtal 724 done.
[Rank 13] File 13, xtal 725 done.
[Rank 13] File 13, xtal 726 done.
[Rank 13] File 13, xtal 727 done.
[Rank 13] File 13, xtal 728 done.
[Rank 13] File 13, xtal 729 done.
[Rank 13] File 13, xtal 730 done.
[Rank 13] File 13, xtal 731 done.
[Rank 13] File 13, xtal 732 done.
[Rank 13] File 13, xtal 733 done.
[Rank 13] File 13, xtal 734 done.
[Rank 13] File 13, xtal 735 done.
[Rank 13] File 13, xtal 736 done.
[Rank 13] File 13, xtal 737 done.
[Rank 13] File 13, xtal 738 done.
[Rank 13] File 13, xtal 739 done.
[Rank 13] File 13, xtal 740 done.
[Rank 13] File 13, xtal 741 done.
[Rank 13] File 13, xtal 742 done.
[Rank 13] File 13, xtal 743 done.
[Rank 13] File 13, xtal 744 done.
[Rank 13] File 13, xtal 745 done.
[Rank 13] File 13, xtal 746 done.
[Rank 13] File 13, xtal 747 done.
[Rank 13] File 13, xtal 748 done.
[Rank 13] File 13, xtal 749 done.
[Rank 13] File 13, xtal 750 done.
[Rank 13] File 13, xtal 751 done.
[Rank 13] File 13, xtal 752 done.
[Rank 13] File 13, xtal 753 done.
[Rank 13] File 13, xtal 754 done.
[Rank 13] File 13, xtal 755 done.
[Rank 13] File 13, xtal 756 done.
[Rank 13] File 13, xtal 757 done.
[Rank 13] File 13, xtal 758 done.
[Rank 13] File 13, xtal 759 done.
[Rank 13] File 13, xtal 760 done.
[Rank 13] File 13, xtal 761 done.
[Rank 13] File 13, xtal 762 done.
[Rank 13] File 13, xtal 763 done.
[Rank 13] File 13, xtal 764 done.
[Rank 13] File 13, xtal 765 done.
[Rank 13] File 13, xtal 766 done.
[Rank 13] File 13, xtal 767 done.
[Rank 13] File 13, xtal 768 done.
[Rank 13] File 13, xtal 769 done.
[Rank 13] File 13, xtal 770 done.
[Rank 13] File 13, xtal 771 done.
[Rank 13] File 13, xtal 772 done.
[Rank 13] File 13, xtal 773 done.
[Rank 13] File 13, xtal 774 done.
[Rank 13] File 13, xtal 775 done.
[Rank 13] File 13, xtal 776 done.
[Rank 13] File 13, xtal 777 done.
[Rank 13] File 13, xtal 778 done.
[Rank 13] File 13, xtal 779 done.
[Rank 13] File 13, xtal 780 done.
[Rank 13] File 13, xtal 781 done.
[Rank 13] File 13, xtal 782 done.
[Rank 13] File 13, xtal 783 done.
[Rank 13] File 13, xtal 784 done.
[Rank 13] File 13, xtal 785 done.
[Rank 13] File 13, xtal 786 done.
[Rank 13] File 13, xtal 787 done.
[Rank 13] File 13, xtal 788 done.
[Rank 13] File 13, xtal 789 done.
[Rank 13] File 13, xtal 790 done.
[Rank 13] File 13, xtal 791 done.
[Rank 13] File 13, xtal 792 done.
[Rank 13] File 13, xtal 793 done.
[Rank 13] File 13, xtal 794 done.
[Rank 13] File 13, xtal 795 done.
[Rank 13] File 13, xtal 796 done.
[Rank 13] File 13, xtal 797 done.
[Rank 13] File 13, xtal 798 done.
[Rank 13] File 13, xtal 799 done.
[Rank 13] File 13, xtal 800 done.
[Rank 13] File 13, xtal 801 done.
[Rank 13] File 13, xtal 802 done.
[Rank 13] File 13, xtal 803 done.
[Rank 13] File 13, xtal 804 done.
[Rank 13] File 13, xtal 805 done.
[Rank 13] File 13, xtal 806 done.
[Rank 13] File 13, xtal 807 done.
[Rank 13] File 13, xtal 808 done.
[Rank 13] File 13, xtal 809 done.
[Rank 13] File 13, xtal 810 done.
[Rank 13] File 13, xtal 811 done.
[Rank 13] File 13, xtal 812 done.
[Rank 13] File 13, xtal 813 done.
[Rank 13] File 13, xtal 814 done.
[Rank 13] File 13, xtal 815 done.
[Rank 13] File 13, xtal 816 done.
[Rank 13] File 13, xtal 817 done.
[Rank 13] File 13, xtal 818 done.
[Rank 13] File 13, xtal 819 done.
[Rank 13] File 13, xtal 820 done.
[Rank 13] File 13, xtal 821 done.
[Rank 13] File 13, xtal 822 done.
[Rank 13] File 13, xtal 823 done.
[Rank 13] File 13, xtal 824 done.
[Rank 13] File 13, xtal 825 done.
[Rank 13] File 13, xtal 826 done.
[Rank 13] File 13, xtal 827 done.
[Rank 13] File 13, xtal 828 done.
[Rank 13] File 13, xtal 829 done.
[Rank 13] File 13, xtal 830 done.
[Rank 13] File 13, xtal 831 done.
[Rank 13] File 13, xtal 832 done.
[Rank 13] File 13, xtal 833 done.
[Rank 13] File 13, xtal 834 done.
[Rank 13] File 13, xtal 835 done.
[Rank 13] File 13, xtal 836 done.
[Rank 13] File 13, xtal 837 done.
[Rank 13] File 13, xtal 838 done.
[Rank 13] File 13, xtal 839 done.
[Rank 13] File 13, xtal 840 done.
[Rank 13] File 13, xtal 841 done.
[Rank 13] File 13, xtal 842 done.
[Rank 13] File 13, xtal 843 done.
[Rank 13] File 13, xtal 844 done.
[Rank 13] File 13, xtal 845 done.
[Rank 13] File 13, xtal 846 done.
[Rank 13] File 13, xtal 847 done.
[Rank 13] File 13, xtal 848 done.
[Rank 13] File 13, xtal 849 done.
[Rank 13] File 13, xtal 850 done.
[Rank 13] File 13, xtal 851 done.
[Rank 13] File 13, xtal 852 done.
[Rank 13] File 13, xtal 853 done.
[Rank 13] File 13, xtal 854 done.
[Rank 13] File 13, xtal 855 done.
[Rank 13] File 13, xtal 856 done.
[Rank 13] File 13, xtal 857 done.
[Rank 13] File 13, xtal 858 done.
[Rank 13] File 13, xtal 859 done.
[Rank 13] File 13, xtal 860 done.
[Rank 13] File 13, xtal 861 done.
[Rank 13] File 13, xtal 862 done.
[Rank 13] File 13, xtal 863 done.
All processes completed.
[Rank 21] File 21, xtal 481 done.
[Rank 21] File 21, xtal 482 done.
[Rank 21] File 21, xtal 483 done.
[Rank 21] File 21, xtal 484 done.
[Rank 21] File 21, xtal 485 done.
[Rank 21] File 21, xtal 486 done.
[Rank 21] File 21, xtal 487 done.
[Rank 21] File 21, xtal 488 done.
[Rank 21] File 21, xtal 489 done.
[Rank 21] File 21, xtal 490 done.
[Rank 21] File 21, xtal 491 done.
[Rank 21] File 21, xtal 492 done.
[Rank 21] File 21, xtal 493 done.
[Rank 21] File 21, xtal 494 done.
[Rank 21] File 21, xtal 495 done.
[Rank 21] File 21, xtal 496 done.
[Rank 21] File 21, xtal 497 done.
[Rank 21] File 21, xtal 498 done.
[Rank 21] File 21, xtal 499 done.
[Rank 21] File 21, xtal 500 done.
[Rank 21] File 21, xtal 501 done.
[Rank 21] File 21, xtal 502 done.
[Rank 21] File 21, xtal 503 done.
[Rank 21] File 21, xtal 504 done.
[Rank 21] File 21, xtal 505 done.
[Rank 21] File 21, xtal 506 done.
[Rank 21] File 21, xtal 507 done.
[Rank 21] File 21, xtal 508 done.
[Rank 21] File 21, xtal 509 done.
[Rank 21] File 21, xtal 510 done.
[Rank 21] File 21, xtal 511 done.
[Rank 21] File 21, xtal 512 done.
[Rank 21] File 21, xtal 513 done.
[Rank 21] File 21, xtal 514 done.
[Rank 21] File 21, xtal 515 done.
[Rank 21] File 21, xtal 516 done.
[Rank 21] File 21, xtal 517 done.
[Rank 21] File 21, xtal 518 done.
[Rank 21] File 21, xtal 519 done.
[Rank 21] File 21, xtal 520 done.
[Rank 21] File 21, xtal 521 done.
[Rank 21] File 21, xtal 522 done.
[Rank 21] File 21, xtal 523 done.
[Rank 21] File 21, xtal 524 done.
[Rank 21] File 21, xtal 525 done.
[Rank 21] File 21, xtal 526 done.
[Rank 21] File 21, xtal 527 done.
[Rank 21] File 21, xtal 528 done.
[Rank 21] File 21, xtal 529 done.
[Rank 21] File 21, xtal 530 done.
[Rank 21] File 21, xtal 531 done.
[Rank 21] File 21, xtal 532 done.
[Rank 21] File 21, xtal 533 done.
[Rank 21] File 21, xtal 534 done.
[Rank 21] File 21, xtal 535 done.
[Rank 21] File 21, xtal 536 done.
[Rank 21] File 21, xtal 537 done.
[Rank 21] File 21, xtal 538 done.
[Rank 21] File 21, xtal 539 done.
[Rank 21] File 21, xtal 540 done.
[Rank 21] File 21, xtal 541 done.
[Rank 21] File 21, xtal 542 done.
[Rank 21] File 21, xtal 543 done.
[Rank 21] File 21, xtal 544 done.
[Rank 21] File 21, xtal 545 done.
[Rank 21] File 21, xtal 546 done.
[Rank 21] File 21, xtal 547 done.
[Rank 21] File 21, xtal 548 done.
[Rank 21] File 21, xtal 549 done.
[Rank 21] File 21, xtal 550 done.
[Rank 21] File 21, xtal 551 done.
[Rank 21] File 21, xtal 552 done.
[Rank 21] File 21, xtal 553 done.
[Rank 21] File 21, xtal 554 done.
[Rank 21] File 21, xtal 555 done.
[Rank 21] File 21, xtal 556 done.
[Rank 21] File 21, xtal 557 done.
[Rank 21] File 21, xtal 558 done.
[Rank 21] File 21, xtal 559 done.
[Rank 21] File 21, xtal 560 done.
[Rank 21] File 21, xtal 561 done.
[Rank 21] File 21, xtal 562 done.
[Rank 21] File 21, xtal 563 done.
[Rank 21] File 21, xtal 564 done.
[Rank 21] File 21, xtal 565 done.
[Rank 21] File 21, xtal 566 done.
[Rank 21] File 21, xtal 567 done.
[Rank 21] File 21, xtal 568 done.
[Rank 21] File 21, xtal 569 done.
[Rank 21] File 21, xtal 570 done.
[Rank 21] File 21, xtal 571 done.
[Rank 21] File 21, xtal 572 done.
[Rank 21] File 21, xtal 573 done.
[Rank 21] File 21, xtal 574 done.
[Rank 21] File 21, xtal 575 done.
[Rank 21] File 21, xtal 576 done.
[Rank 21] File 21, xtal 577 done.
[Rank 21] File 21, xtal 578 done.
[Rank 21] File 21, xtal 579 done.
[Rank 21] File 21, xtal 580 done.
[Rank 21] File 21, xtal 581 done.
[Rank 21] File 21, xtal 582 done.
[Rank 21] File 21, xtal 583 done.
[Rank 21] File 21, xtal 584 done.
[Rank 21] File 21, xtal 585 done.
[Rank 21] File 21, xtal 586 done.
[Rank 21] File 21, xtal 587 done.
[Rank 21] File 21, xtal 588 done.
[Rank 21] File 21, xtal 589 done.
[Rank 21] File 21, xtal 590 done.
[Rank 21] File 21, xtal 591 done.
[Rank 21] File 21, xtal 592 done.
[Rank 21] File 21, xtal 593 done.
[Rank 21] File 21, xtal 594 done.
[Rank 21] File 21, xtal 595 done.
[Rank 21] File 21, xtal 596 done.
[Rank 21] File 21, xtal 597 done.
[Rank 21] File 21, xtal 598 done.
[Rank 21] File 21, xtal 599 done.
[Rank 21] File 21, xtal 600 done.
[Rank 21] File 21, xtal 601 done.
[Rank 21] File 21, xtal 602 done.
[Rank 21] File 21, xtal 603 done.
[Rank 21] File 21, xtal 604 done.
[Rank 21] File 21, xtal 605 done.
[Rank 21] File 21, xtal 606 done.
[Rank 21] File 21, xtal 607 done.
[Rank 21] File 21, xtal 608 done.
[Rank 21] File 21, xtal 609 done.
[Rank 21] File 21, xtal 610 done.
[Rank 21] File 21, xtal 611 done.
[Rank 21] File 21, xtal 612 done.
[Rank 21] File 21, xtal 613 done.
[Rank 21] File 21, xtal 614 done.
[Rank 21] File 21, xtal 615 done.
[Rank 21] File 21, xtal 616 done.
[Rank 21] File 21, xtal 617 done.
[Rank 21] File 21, xtal 618 done.
[Rank 21] File 21, xtal 619 done.
[Rank 21] File 21, xtal 620 done.
[Rank 21] File 21, xtal 621 done.
[Rank 21] File 21, xtal 622 done.
[Rank 21] File 21, xtal 623 done.
[Rank 21] File 21, xtal 624 done.
[Rank 21] File 21, xtal 625 done.
[Rank 21] File 21, xtal 626 done.
[Rank 21] File 21, xtal 627 done.
[Rank 21] File 21, xtal 628 done.
[Rank 21] File 21, xtal 629 done.
[Rank 21] File 21, xtal 630 done.
[Rank 21] File 21, xtal 631 done.
[Rank 21] File 21, xtal 632 done.
[Rank 21] File 21, xtal 633 done.
[Rank 21] File 21, xtal 634 done.
[Rank 21] File 21, xtal 635 done.
[Rank 21] File 21, xtal 636 done.
[Rank 21] File 21, xtal 637 done.
[Rank 21] File 21, xtal 638 done.
[Rank 21] File 21, xtal 639 done.
[Rank 21] File 21, xtal 640 done.
[Rank 21] File 21, xtal 641 done.
[Rank 21] File 21, xtal 642 done.
[Rank 21] File 21, xtal 643 done.
[Rank 21] File 21, xtal 644 done.
[Rank 21] File 21, xtal 645 done.
[Rank 21] File 21, xtal 646 done.
[Rank 21] File 21, xtal 647 done.
[Rank 21] File 21, xtal 648 done.
[Rank 21] File 21, xtal 649 done.
[Rank 21] File 21, xtal 650 done.
[Rank 21] File 21, xtal 651 done.
[Rank 21] File 21, xtal 652 done.
[Rank 21] File 21, xtal 653 done.
[Rank 21] File 21, xtal 654 done.
[Rank 21] File 21, xtal 655 done.
[Rank 21] File 21, xtal 656 done.
[Rank 21] File 21, xtal 657 done.
[Rank 21] File 21, xtal 658 done.
[Rank 21] File 21, xtal 659 done.
[Rank 21] File 21, xtal 660 done.
[Rank 21] File 21, xtal 661 done.
[Rank 21] File 21, xtal 662 done.
[Rank 21] File 21, xtal 663 done.
[Rank 21] File 21, xtal 664 done.
[Rank 21] File 21, xtal 665 done.
[Rank 21] File 21, xtal 666 done.
[Rank 21] File 21, xtal 667 done.
[Rank 21] File 21, xtal 668 done.
[Rank 21] File 21, xtal 669 done.
[Rank 21] File 21, xtal 670 done.
[Rank 21] File 21, xtal 671 done.
[Rank 21] File 21, xtal 672 done.
[Rank 21] File 21, xtal 673 done.
[Rank 21] File 21, xtal 674 done.
[Rank 21] File 21, xtal 675 done.
[Rank 21] File 21, xtal 676 done.
[Rank 21] File 21, xtal 677 done.
[Rank 21] File 21, xtal 678 done.
[Rank 21] File 21, xtal 679 done.
[Rank 21] File 21, xtal 680 done.
[Rank 21] File 21, xtal 681 done.
[Rank 21] File 21, xtal 682 done.
[Rank 21] File 21, xtal 683 done.
[Rank 21] File 21, xtal 684 done.
[Rank 21] File 21, xtal 685 done.
[Rank 21] File 21, xtal 686 done.
[Rank 21] File 21, xtal 687 done.
[Rank 21] File 21, xtal 688 done.
[Rank 21] File 21, xtal 689 done.
[Rank 21] File 21, xtal 690 done.
[Rank 21] File 21, xtal 691 done.
[Rank 21] File 21, xtal 692 done.
[Rank 21] File 21, xtal 693 done.
[Rank 21] File 21, xtal 694 done.
[Rank 21] File 21, xtal 695 done.
[Rank 21] File 21, xtal 696 done.
[Rank 21] File 21, xtal 697 done.
[Rank 21] File 21, xtal 698 done.
[Rank 21] File 21, xtal 699 done.
[Rank 21] File 21, xtal 700 done.
[Rank 21] File 21, xtal 701 done.
[Rank 21] File 21, xtal 702 done.
[Rank 21] File 21, xtal 703 done.
[Rank 21] File 21, xtal 704 done.
[Rank 21] File 21, xtal 705 done.
[Rank 21] File 21, xtal 706 done.
[Rank 21] File 21, xtal 707 done.
[Rank 21] File 21, xtal 708 done.
[Rank 21] File 21, xtal 709 done.
[Rank 21] File 21, xtal 710 done.
[Rank 21] File 21, xtal 711 done.
[Rank 21] File 21, xtal 712 done.
[Rank 21] File 21, xtal 713 done.
[Rank 21] File 21, xtal 714 done.
[Rank 21] File 21, xtal 715 done.
[Rank 21] File 21, xtal 716 done.
[Rank 21] File 21, xtal 717 done.
[Rank 21] File 21, xtal 718 done.
[Rank 21] File 21, xtal 719 done.
[Rank 21] File 21, xtal 720 done.
[Rank 21] File 21, xtal 721 done.
[Rank 21] File 21, xtal 722 done.
[Rank 21] File 21, xtal 723 done.
[Rank 21] File 21, xtal 724 done.
[Rank 21] File 21, xtal 725 done.
[Rank 21] File 21, xtal 726 done.
[Rank 21] File 21, xtal 727 done.
[Rank 21] File 21, xtal 728 done.
[Rank 21] File 21, xtal 729 done.
[Rank 21] File 21, xtal 730 done.
[Rank 21] File 21, xtal 731 done.
[Rank 21] File 21, xtal 732 done.
[Rank 21] File 21, xtal 733 done.
[Rank 21] File 21, xtal 734 done.
[Rank 21] File 21, xtal 735 done.
[Rank 21] File 21, xtal 736 done.
[Rank 21] File 21, xtal 737 done.
[Rank 21] File 21, xtal 738 done.
[Rank 21] File 21, xtal 739 done.
[Rank 21] File 21, xtal 740 done.
[Rank 21] File 21, xtal 741 done.
[Rank 21] File 21, xtal 742 done.
[Rank 21] File 21, xtal 743 done.
[Rank 21] File 21, xtal 744 done.
[Rank 21] File 21, xtal 745 done.
[Rank 21] File 21, xtal 746 done.
[Rank 21] File 21, xtal 747 done.
[Rank 21] File 21, xtal 748 done.
[Rank 21] File 21, xtal 749 done.
[Rank 21] File 21, xtal 750 done.
[Rank 21] File 21, xtal 751 done.
[Rank 21] File 21, xtal 752 done.
[Rank 21] File 21, xtal 753 done.
[Rank 21] File 21, xtal 754 done.
[Rank 21] File 21, xtal 755 done.
[Rank 21] File 21, xtal 756 done.
[Rank 21] File 21, xtal 757 done.
[Rank 21] File 21, xtal 758 done.
[Rank 21] File 21, xtal 759 done.
[Rank 21] File 21, xtal 760 done.
[Rank 21] File 21, xtal 761 done.
[Rank 21] File 21, xtal 762 done.
[Rank 21] File 21, xtal 763 done.
[Rank 21] File 21, xtal 764 done.
[Rank 21] File 21, xtal 765 done.
[Rank 21] File 21, xtal 766 done.
[Rank 21] File 21, xtal 767 done.
[Rank 21] File 21, xtal 768 done.
[Rank 21] File 21, xtal 769 done.
[Rank 21] File 21, xtal 770 done.
[Rank 21] File 21, xtal 771 done.
[Rank 21] File 21, xtal 772 done.
[Rank 21] File 21, xtal 773 done.
[Rank 21] File 21, xtal 774 done.
[Rank 21] File 21, xtal 775 done.
[Rank 21] File 21, xtal 776 done.
[Rank 21] File 21, xtal 777 done.
[Rank 21] File 21, xtal 778 done.
[Rank 21] File 21, xtal 779 done.
[Rank 21] File 21, xtal 780 done.
[Rank 21] File 21, xtal 781 done.
[Rank 21] File 21, xtal 782 done.
[Rank 21] File 21, xtal 783 done.
[Rank 21] File 21, xtal 784 done.
[Rank 21] File 21, xtal 785 done.
[Rank 21] File 21, xtal 786 done.
[Rank 21] File 21, xtal 787 done.
[Rank 21] File 21, xtal 788 done.
[Rank 21] File 21, xtal 789 done.
[Rank 21] File 21, xtal 790 done.
[Rank 21] File 21, xtal 791 done.
[Rank 21] File 21, xtal 792 done.
[Rank 21] File 21, xtal 793 done.
[Rank 21] File 21, xtal 794 done.
[Rank 21] File 21, xtal 795 done.
[Rank 21] File 21, xtal 796 done.
[Rank 21] File 21, xtal 797 done.
[Rank 21] File 21, xtal 798 done.
[Rank 21] File 21, xtal 799 done.
[Rank 21] File 21, xtal 800 done.
[Rank 21] File 21, xtal 801 done.
[Rank 21] File 21, xtal 802 done.
[Rank 21] File 21, xtal 803 done.
[Rank 21] File 21, xtal 804 done.
[Rank 21] File 21, xtal 805 done.
[Rank 21] File 21, xtal 806 done.
[Rank 21] File 21, xtal 807 done.
[Rank 21] File 21, xtal 808 done.
[Rank 21] File 21, xtal 809 done.
[Rank 21] File 21, xtal 810 done.
[Rank 21] File 21, xtal 811 done.
[Rank 21] File 21, xtal 812 done.
[Rank 21] File 21, xtal 813 done.
[Rank 21] File 21, xtal 814 done.
[Rank 21] File 21, xtal 815 done.
[Rank 21] File 21, xtal 816 done.
[Rank 21] File 21, xtal 817 done.
[Rank 21] File 21, xtal 818 done.
[Rank 21] File 21, xtal 819 done.
[Rank 21] File 21, xtal 820 done.
[Rank 21] File 21, xtal 821 done.
[Rank 21] File 21, xtal 822 done.
[Rank 21] File 21, xtal 823 done.
[Rank 21] File 21, xtal 824 done.
[Rank 21] File 21, xtal 825 done.
[Rank 21] File 21, xtal 826 done.
[Rank 21] File 21, xtal 827 done.
[Rank 21] File 21, xtal 828 done.
[Rank 21] File 21, xtal 829 done.
[Rank 21] File 21, xtal 830 done.
[Rank 21] File 21, xtal 831 done.
[Rank 21] File 21, xtal 832 done.
[Rank 21] File 21, xtal 833 done.
[Rank 21] File 21, xtal 834 done.
[Rank 21] File 21, xtal 835 done.
[Rank 21] File 21, xtal 836 done.
[Rank 21] File 21, xtal 837 done.
[Rank 21] File 21, xtal 838 done.
[Rank 21] File 21, xtal 839 done.
[Rank 21] File 21, xtal 840 done.
[Rank 21] File 21, xtal 841 done.
[Rank 21] File 21, xtal 842 done.
[Rank 21] File 21, xtal 843 done.
[Rank 21] File 21, xtal 844 done.
[Rank 21] File 21, xtal 845 done.
[Rank 21] File 21, xtal 846 done.
[Rank 21] File 21, xtal 847 done.
[Rank 21] File 21, xtal 848 done.
[Rank 21] File 21, xtal 849 done.
[Rank 21] File 21, xtal 850 done.
[Rank 21] File 21, xtal 851 done.
[Rank 21] File 21, xtal 852 done.
[Rank 21] File 21, xtal 853 done.
[Rank 21] File 21, xtal 854 done.
[Rank 21] File 21, xtal 855 done.
[Rank 21] File 21, xtal 856 done.
[Rank 21] File 21, xtal 857 done.
[Rank 21] File 21, xtal 858 done.
[Rank 21] File 21, xtal 859 done.
[Rank 21] File 21, xtal 860 done.
[Rank 21] File 21, xtal 861 done.
[Rank 21] File 21, xtal 862 done.
[Rank 21] File 21, xtal 863 done.
All processes completed.
