Using Python at: /user/htripath/myenv/bin/python3
✅ Torch version: 2.6.0+cu124
✅ h5py MPI support: True
✅ mpi4py version: 4.0.3
Number of nodes allocated: 27
[cpn-q07-31-02.core.ccr.buffalo.edu:876344] common_ucx.c:362  Warning: UCX is unable to handle VM_UNMAP event. This may cause performance degradation or data corruption. Pls try adding --mca opal_common_ucx_opal_mem_hooks 1 to mpirun/oshrun command line to resolve this issue.
[cpn-q07-32-02.core.ccr.buffalo.edu:405423] common_ucx.c:362  Warning: UCX is unable to handle VM_UNMAP event. This may cause performance degradation or data corruption. Pls try adding --mca opal_common_ucx_opal_mem_hooks 1 to mpirun/oshrun command line to resolve this issue.
[cpn-q07-32-01.core.ccr.buffalo.edu:382748] common_ucx.c:362  Warning: UCX is unable to handle VM_UNMAP event. This may cause performance degradation or data corruption. Pls try adding --mca opal_common_ucx_opal_mem_hooks 1 to mpirun/oshrun command line to resolve this issue.
[cpn-q07-40-01.core.ccr.buffalo.edu:275216] common_ucx.c:362  Warning: UCX is unable to handle VM_UNMAP event. This may cause performance degradation or data corruption. Pls try adding --mca opal_common_ucx_opal_mem_hooks 1 to mpirun/oshrun command line to resolve this issue.
[cpn-q07-13-01.core.ccr.buffalo.edu:609075] common_ucx.c:362  Warning: UCX is unable to handle VM_UNMAP event. This may cause performance degradation or data corruption. Pls try adding --mca opal_common_ucx_opal_mem_hooks 1 to mpirun/oshrun command line to resolve this issue.
[cpn-q07-28-01.core.ccr.buffalo.edu:460709] common_ucx.c:362  Warning: UCX is unable to handle VM_UNMAP event. This may cause performance degradation or data corruption. Pls try adding --mca opal_common_ucx_opal_mem_hooks 1 to mpirun/oshrun command line to resolve this issue.
[cpn-q07-39-02.core.ccr.buffalo.edu:285815] common_ucx.c:362  Warning: UCX is unable to handle VM_UNMAP event. This may cause performance degradation or data corruption. Pls try adding --mca opal_common_ucx_opal_mem_hooks 1 to mpirun/oshrun command line to resolve this issue.
[cpn-q07-27-01.core.ccr.buffalo.edu:1866850] common_ucx.c:362  Warning: UCX is unable to handle VM_UNMAP event. This may cause performance degradation or data corruption. Pls try adding --mca opal_common_ucx_opal_mem_hooks 1 to mpirun/oshrun command line to resolve this issue.
[cpn-q07-08-01.core.ccr.buffalo.edu:1645367] common_ucx.c:362  Warning: UCX is unable to handle VM_UNMAP event. This may cause performance degradation or data corruption. Pls try adding --mca opal_common_ucx_opal_mem_hooks 1 to mpirun/oshrun command line to resolve this issue.
[cpn-q07-39-01.core.ccr.buffalo.edu:306850] common_ucx.c:362  Warning: UCX is unable to handle VM_UNMAP event. This may cause performance degradation or data corruption. Pls try adding --mca opal_common_ucx_opal_mem_hooks 1 to mpirun/oshrun command line to resolve this issue.
[cpn-q07-08-02.core.ccr.buffalo.edu:123343] common_ucx.c:362  Warning: UCX is unable to handle VM_UNMAP event. This may cause performance degradation or data corruption. Pls try adding --mca opal_common_ucx_opal_mem_hooks 1 to mpirun/oshrun command line to resolve this issue.
[cpn-q07-05-02.core.ccr.buffalo.edu:522434] common_ucx.c:362  Warning: UCX is unable to handle VM_UNMAP event. This may cause performance degradation or data corruption. Pls try adding --mca opal_common_ucx_opal_mem_hooks 1 to mpirun/oshrun command line to resolve this issue.
[cpn-q07-40-02.core.ccr.buffalo.edu:291624] common_ucx.c:362  Warning: UCX is unable to handle VM_UNMAP event. This may cause performance degradation or data corruption. Pls try adding --mca opal_common_ucx_opal_mem_hooks 1 to mpirun/oshrun command line to resolve this issue.
[cpn-q07-17-02.core.ccr.buffalo.edu:1488699] common_ucx.c:362  Warning: UCX is unable to handle VM_UNMAP event. This may cause performance degradation or data corruption. Pls try adding --mca opal_common_ucx_opal_mem_hooks 1 to mpirun/oshrun command line to resolve this issue.
[cpn-q07-16-01.core.ccr.buffalo.edu:1165169] common_ucx.c:362  Warning: UCX is unable to handle VM_UNMAP event. This may cause performance degradation or data corruption. Pls try adding --mca opal_common_ucx_opal_mem_hooks 1 to mpirun/oshrun command line to resolve this issue.
[cpn-q07-12-02.core.ccr.buffalo.edu:462214] common_ucx.c:362  Warning: UCX is unable to handle VM_UNMAP event. This may cause performance degradation or data corruption. Pls try adding --mca opal_common_ucx_opal_mem_hooks 1 to mpirun/oshrun command line to resolve this issue.
[cpn-q07-12-01.core.ccr.buffalo.edu:1393955] common_ucx.c:362  Warning: UCX is unable to handle VM_UNMAP event. This may cause performance degradation or data corruption. Pls try adding --mca opal_common_ucx_opal_mem_hooks 1 to mpirun/oshrun command line to resolve this issue.
[cpn-q07-20.core.ccr.buffalo.edu:624269] common_ucx.c:362  Warning: UCX is unable to handle VM_UNMAP event. This may cause performance degradation or data corruption. Pls try adding --mca opal_common_ucx_opal_mem_hooks 1 to mpirun/oshrun command line to resolve this issue.
[cpn-q07-28-02.core.ccr.buffalo.edu:355042] common_ucx.c:362  Warning: UCX is unable to handle VM_UNMAP event. This may cause performance degradation or data corruption. Pls try adding --mca opal_common_ucx_opal_mem_hooks 1 to mpirun/oshrun command line to resolve this issue.
[cpn-q07-04-02.core.ccr.buffalo.edu:1210808] common_ucx.c:362  Warning: UCX is unable to handle VM_UNMAP event. This may cause performance degradation or data corruption. Pls try adding --mca opal_common_ucx_opal_mem_hooks 1 to mpirun/oshrun command line to resolve this issue.
[cpn-q06-04-01.core.ccr.buffalo.edu:1067376] common_ucx.c:362  Warning: UCX is unable to handle VM_UNMAP event. This may cause performance degradation or data corruption. Pls try adding --mca opal_common_ucx_opal_mem_hooks 1 to mpirun/oshrun command line to resolve this issue.
[cpn-q07-05-01.core.ccr.buffalo.edu:965890] common_ucx.c:362  Warning: UCX is unable to handle VM_UNMAP event. This may cause performance degradation or data corruption. Pls try adding --mca opal_common_ucx_opal_mem_hooks 1 to mpirun/oshrun command line to resolve this issue.
[cpn-q07-09-02.core.ccr.buffalo.edu:122113] common_ucx.c:362  Warning: UCX is unable to handle VM_UNMAP event. This may cause performance degradation or data corruption. Pls try adding --mca opal_common_ucx_opal_mem_hooks 1 to mpirun/oshrun command line to resolve this issue.
[cpn-q07-35-01.core.ccr.buffalo.edu:1372290] common_ucx.c:362  Warning: UCX is unable to handle VM_UNMAP event. This may cause performance degradation or data corruption. Pls try adding --mca opal_common_ucx_opal_mem_hooks 1 to mpirun/oshrun command line to resolve this issue.
[cpn-q07-04-01.core.ccr.buffalo.edu:3719786] common_ucx.c:362  Warning: UCX is unable to handle VM_UNMAP event. This may cause performance degradation or data corruption. Pls try adding --mca opal_common_ucx_opal_mem_hooks 1 to mpirun/oshrun command line to resolve this issue.
[cpn-q07-16-02.core.ccr.buffalo.edu:445439] common_ucx.c:362  Warning: UCX is unable to handle VM_UNMAP event. This may cause performance degradation or data corruption. Pls try adding --mca opal_common_ucx_opal_mem_hooks 1 to mpirun/oshrun command line to resolve this issue.
[cpn-q07-36-02.core.ccr.buffalo.edu:216825] common_ucx.c:362  Warning: UCX is unable to handle VM_UNMAP event. This may cause performance degradation or data corruption. Pls try adding --mca opal_common_ucx_opal_mem_hooks 1 to mpirun/oshrun command line to resolve this issue.
[cpn-q07-16-02.core.ccr.buffalo.edu:445440] common_ucx.c:362  Warning: UCX is unable to handle VM_UNMAP event. This may cause performance degradation or data corruption. Pls try adding --mca opal_common_ucx_opal_mem_hooks 1 to mpirun/oshrun command line to resolve this issue.
[cpn-q07-35-01.core.ccr.buffalo.edu:1372291] common_ucx.c:362  Warning: UCX is unable to handle VM_UNMAP event. This may cause performance degradation or data corruption. Pls try adding --mca opal_common_ucx_opal_mem_hooks 1 to mpirun/oshrun command line to resolve this issue.
[cpn-q07-20.core.ccr.buffalo.edu:624271] common_ucx.c:362  Warning: UCX is unable to handle VM_UNMAP event. This may cause performance degradation or data corruption. Pls try adding --mca opal_common_ucx_opal_mem_hooks 1 to mpirun/oshrun command line to resolve this issue.
[cpn-q07-20.core.ccr.buffalo.edu:624270] common_ucx.c:362  Warning: UCX is unable to handle VM_UNMAP event. This may cause performance degradation or data corruption. Pls try adding --mca opal_common_ucx_opal_mem_hooks 1 to mpirun/oshrun command line to resolve this issue.
[cpn-q07-16-02.core.ccr.buffalo.edu:445441] common_ucx.c:362  Warning: UCX is unable to handle VM_UNMAP event. This may cause performance degradation or data corruption. Pls try adding --mca opal_common_ucx_opal_mem_hooks 1 to mpirun/oshrun command line to resolve this issue.
All processes completed.
All processes completed.
All processes completed.
All processes completed.
All processes completed.
All processes completed.
All processes completed.
All processes completed.
[Rank 16] File 16, xtal 0 done.
[Rank 16] File 16, xtal 1 done.
[Rank 16] File 16, xtal 2 done.
[Rank 16] File 16, xtal 3 done.
[Rank 16] File 16, xtal 4 done.
[Rank 16] File 16, xtal 5 done.
[Rank 16] File 16, xtal 6 done.
[Rank 16] File 16, xtal 7 done.
[Rank 16] File 16, xtal 8 done.
[Rank 16] File 16, xtal 9 done.
[Rank 16] File 16, xtal 10 done.
[Rank 16] File 16, xtal 11 done.
[Rank 16] File 16, xtal 12 done.
[Rank 16] File 16, xtal 13 done.
[Rank 16] File 16, xtal 14 done.
[Rank 16] File 16, xtal 15 done.
[Rank 16] File 16, xtal 16 done.
[Rank 16] File 16, xtal 17 done.
[Rank 16] File 16, xtal 18 done.
[Rank 16] File 16, xtal 19 done.
[Rank 16] File 16, xtal 20 done.
[Rank 16] File 16, xtal 21 done.
[Rank 16] File 16, xtal 22 done.
[Rank 16] File 16, xtal 23 done.
[Rank 16] File 16, xtal 24 done.
[Rank 16] File 16, xtal 25 done.
[Rank 16] File 16, xtal 26 done.
[Rank 16] File 16, xtal 27 done.
[Rank 16] File 16, xtal 28 done.
[Rank 16] File 16, xtal 29 done.
[Rank 16] File 16, xtal 30 done.
[Rank 16] File 16, xtal 31 done.
[Rank 16] File 16, xtal 32 done.
[Rank 16] File 16, xtal 33 done.
[Rank 16] File 16, xtal 34 done.
[Rank 16] File 16, xtal 35 done.
[Rank 16] File 16, xtal 36 done.
[Rank 16] File 16, xtal 37 done.
[Rank 16] File 16, xtal 38 done.
[Rank 16] File 16, xtal 39 done.
[Rank 16] File 16, xtal 40 done.
[Rank 16] File 16, xtal 41 done.
[Rank 16] File 16, xtal 42 done.
[Rank 16] File 16, xtal 43 done.
[Rank 16] File 16, xtal 44 done.
[Rank 16] File 16, xtal 45 done.
[Rank 16] File 16, xtal 46 done.
[Rank 16] File 16, xtal 47 done.
[Rank 16] File 16, xtal 48 done.
[Rank 16] File 16, xtal 49 done.
[Rank 16] File 16, xtal 50 done.
[Rank 16] File 16, xtal 51 done.
[Rank 16] File 16, xtal 52 done.
[Rank 16] File 16, xtal 53 done.
[Rank 16] File 16, xtal 54 done.
[Rank 16] File 16, xtal 55 done.
[Rank 16] File 16, xtal 56 done.
[Rank 16] File 16, xtal 57 done.
[Rank 16] File 16, xtal 58 done.
[Rank 16] File 16, xtal 59 done.
[Rank 16] File 16, xtal 60 done.
[Rank 16] File 16, xtal 61 done.
[Rank 16] File 16, xtal 62 done.
[Rank 16] File 16, xtal 63 done.
[Rank 16] File 16, xtal 64 done.
[Rank 16] File 16, xtal 65 done.
[Rank 16] File 16, xtal 66 done.
[Rank 16] File 16, xtal 67 done.
[Rank 16] File 16, xtal 68 done.
[Rank 16] File 16, xtal 69 done.
[Rank 16] File 16, xtal 70 done.
[Rank 16] File 16, xtal 71 done.
[Rank 16] File 16, xtal 72 done.
[Rank 16] File 16, xtal 73 done.
[Rank 16] File 16, xtal 74 done.
[Rank 16] File 16, xtal 75 done.
[Rank 16] File 16, xtal 76 done.
[Rank 16] File 16, xtal 77 done.
[Rank 16] File 16, xtal 78 done.
[Rank 16] File 16, xtal 79 done.
[Rank 16] File 16, xtal 80 done.
[Rank 16] File 16, xtal 81 done.
[Rank 16] File 16, xtal 82 done.
[Rank 16] File 16, xtal 83 done.
[Rank 16] File 16, xtal 84 done.
[Rank 16] File 16, xtal 85 done.
[Rank 16] File 16, xtal 86 done.
[Rank 16] File 16, xtal 87 done.
[Rank 16] File 16, xtal 88 done.
[Rank 16] File 16, xtal 89 done.
[Rank 16] File 16, xtal 90 done.
[Rank 16] File 16, xtal 91 done.
[Rank 16] File 16, xtal 92 done.
[Rank 16] File 16, xtal 93 done.
[Rank 16] File 16, xtal 94 done.
[Rank 16] File 16, xtal 95 done.
[Rank 16] File 16, xtal 96 done.
[Rank 16] File 16, xtal 97 done.
[Rank 16] File 16, xtal 98 done.
[Rank 16] File 16, xtal 99 done.
[Rank 16] File 16, xtal 100 done.
[Rank 16] File 16, xtal 101 done.
[Rank 16] File 16, xtal 102 done.
[Rank 16] File 16, xtal 103 done.
[Rank 16] File 16, xtal 104 done.
[Rank 16] File 16, xtal 105 done.
[Rank 16] File 16, xtal 106 done.
[Rank 16] File 16, xtal 107 done.
[Rank 16] File 16, xtal 108 done.
[Rank 16] File 16, xtal 109 done.
[Rank 16] File 16, xtal 110 done.
[Rank 16] File 16, xtal 111 done.
[Rank 16] File 16, xtal 112 done.
[Rank 16] File 16, xtal 113 done.
[Rank 16] File 16, xtal 114 done.
[Rank 16] File 16, xtal 115 done.
[Rank 16] File 16, xtal 116 done.
[Rank 16] File 16, xtal 117 done.
[Rank 16] File 16, xtal 118 done.
[Rank 16] File 16, xtal 119 done.
[Rank 16] File 16, xtal 120 done.
[Rank 16] File 16, xtal 121 done.
[Rank 16] File 16, xtal 122 done.
[Rank 16] File 16, xtal 123 done.
[Rank 16] File 16, xtal 124 done.
[Rank 16] File 16, xtal 125 done.
[Rank 16] File 16, xtal 126 done.
[Rank 16] File 16, xtal 127 done.
[Rank 16] File 16, xtal 128 done.
[Rank 16] File 16, xtal 129 done.
[Rank 16] File 16, xtal 130 done.
[Rank 16] File 16, xtal 131 done.
[Rank 16] File 16, xtal 132 done.
[Rank 16] File 16, xtal 133 done.
[Rank 16] File 16, xtal 134 done.
[Rank 16] File 16, xtal 135 done.
[Rank 16] File 16, xtal 136 done.
[Rank 16] File 16, xtal 137 done.
[Rank 16] File 16, xtal 138 done.
[Rank 16] File 16, xtal 139 done.
[Rank 16] File 16, xtal 140 done.
[Rank 16] File 16, xtal 141 done.
[Rank 16] File 16, xtal 142 done.
[Rank 16] File 16, xtal 143 done.
[Rank 16] File 16, xtal 144 done.
[Rank 16] File 16, xtal 145 done.
[Rank 16] File 16, xtal 146 done.
[Rank 16] File 16, xtal 147 done.
[Rank 16] File 16, xtal 148 done.
[Rank 16] File 16, xtal 149 done.
[Rank 16] File 16, xtal 150 done.
[Rank 16] File 16, xtal 151 done.
[Rank 16] File 16, xtal 152 done.
[Rank 16] File 16, xtal 153 done.
[Rank 16] File 16, xtal 154 done.
[Rank 16] File 16, xtal 155 done.
[Rank 16] File 16, xtal 156 done.
[Rank 16] File 16, xtal 157 done.
[Rank 16] File 16, xtal 158 done.
[Rank 16] File 16, xtal 159 done.
[Rank 16] File 16, xtal 160 done.
[Rank 16] File 16, xtal 161 done.
[Rank 16] File 16, xtal 162 done.
[Rank 16] File 16, xtal 163 done.
[Rank 16] File 16, xtal 164 done.
[Rank 16] File 16, xtal 165 done.
[Rank 16] File 16, xtal 166 done.
[Rank 16] File 16, xtal 167 done.
[Rank 16] File 16, xtal 168 done.
[Rank 16] File 16, xtal 169 done.
[Rank 16] File 16, xtal 170 done.
[Rank 16] File 16, xtal 171 done.
[Rank 16] File 16, xtal 172 done.
[Rank 16] File 16, xtal 173 done.
[Rank 16] File 16, xtal 174 done.
[Rank 16] File 16, xtal 175 done.
[Rank 16] File 16, xtal 176 done.
[Rank 16] File 16, xtal 177 done.
[Rank 16] File 16, xtal 178 done.
[Rank 16] File 16, xtal 179 done.
[Rank 16] File 16, xtal 180 done.
[Rank 16] File 16, xtal 181 done.
[Rank 16] File 16, xtal 182 done.
[Rank 16] File 16, xtal 183 done.
[Rank 16] File 16, xtal 184 done.
[Rank 16] File 16, xtal 185 done.
[Rank 16] File 16, xtal 186 done.
[Rank 16] File 16, xtal 187 done.
[Rank 16] File 16, xtal 188 done.
[Rank 16] File 16, xtal 189 done.
[Rank 16] File 16, xtal 190 done.
[Rank 16] File 16, xtal 191 done.
[Rank 16] File 16, xtal 192 done.
[Rank 16] File 16, xtal 193 done.
[Rank 16] File 16, xtal 194 done.
[Rank 16] File 16, xtal 195 done.
[Rank 16] File 16, xtal 196 done.
[Rank 16] File 16, xtal 197 done.
[Rank 16] File 16, xtal 198 done.
[Rank 16] File 16, xtal 199 done.
[Rank 16] File 16, xtal 200 done.
[Rank 16] File 16, xtal 201 done.
[Rank 16] File 16, xtal 202 done.
[Rank 16] File 16, xtal 203 done.
[Rank 16] File 16, xtal 204 done.
[Rank 16] File 16, xtal 205 done.
[Rank 16] File 16, xtal 206 done.
[Rank 16] File 16, xtal 207 done.
[Rank 16] File 16, xtal 208 done.
[Rank 16] File 16, xtal 209 done.
[Rank 16] File 16, xtal 210 done.
[Rank 16] File 16, xtal 211 done.
[Rank 16] File 16, xtal 212 done.
[Rank 16] File 16, xtal 213 done.
[Rank 16] File 16, xtal 214 done.
[Rank 16] File 16, xtal 215 done.
[Rank 16] File 16, xtal 216 done.
[Rank 16] File 16, xtal 217 done.
[Rank 16] File 16, xtal 218 done.
[Rank 16] File 16, xtal 219 done.
[Rank 16] File 16, xtal 220 done.
[Rank 16] File 16, xtal 221 done.
[Rank 16] File 16, xtal 222 done.
[Rank 16] File 16, xtal 223 done.
[Rank 16] File 16, xtal 224 done.
[Rank 16] File 16, xtal 225 done.
[Rank 16] File 16, xtal 226 done.
[Rank 16] File 16, xtal 227 done.
[Rank 16] File 16, xtal 228 done.
[Rank 16] File 16, xtal 229 done.
[Rank 16] File 16, xtal 230 done.
[Rank 16] File 16, xtal 231 done.
[Rank 16] File 16, xtal 232 done.
[Rank 16] File 16, xtal 233 done.
[Rank 16] File 16, xtal 234 done.
[Rank 16] File 16, xtal 235 done.
[Rank 16] File 16, xtal 236 done.
[Rank 16] File 16, xtal 237 done.
[Rank 16] File 16, xtal 238 done.
[Rank 16] File 16, xtal 239 done.
[Rank 16] File 16, xtal 240 done.
[Rank 16] File 16, xtal 241 done.
[Rank 16] File 16, xtal 242 done.
[Rank 16] File 16, xtal 243 done.
[Rank 19] File 19, xtal 0 done.
[Rank 19] File 19, xtal 1 done.
[Rank 19] File 19, xtal 2 done.
[Rank 19] File 19, xtal 3 done.
[Rank 19] File 19, xtal 4 done.
[Rank 19] File 19, xtal 5 done.
[Rank 19] File 19, xtal 6 done.
[Rank 19] File 19, xtal 7 done.
[Rank 19] File 19, xtal 8 done.
[Rank 19] File 19, xtal 9 done.
[Rank 19] File 19, xtal 10 done.
[Rank 19] File 19, xtal 11 done.
[Rank 19] File 19, xtal 12 done.
[Rank 19] File 19, xtal 13 done.
[Rank 19] File 19, xtal 14 done.
[Rank 19] File 19, xtal 15 done.
[Rank 19] File 19, xtal 16 done.
[Rank 19] File 19, xtal 17 done.
[Rank 19] File 19, xtal 18 done.
[Rank 19] File 19, xtal 19 done.
[Rank 19] File 19, xtal 20 done.
[Rank 19] File 19, xtal 21 done.
[Rank 19] File 19, xtal 22 done.
[Rank 19] File 19, xtal 23 done.
[Rank 19] File 19, xtal 24 done.
[Rank 19] File 19, xtal 25 done.
[Rank 19] File 19, xtal 26 done.
[Rank 19] File 19, xtal 27 done.
[Rank 19] File 19, xtal 28 done.
[Rank 19] File 19, xtal 29 done.
[Rank 19] File 19, xtal 30 done.
[Rank 19] File 19, xtal 31 done.
[Rank 19] File 19, xtal 32 done.
[Rank 19] File 19, xtal 33 done.
[Rank 19] File 19, xtal 34 done.
[Rank 19] File 19, xtal 35 done.
[Rank 19] File 19, xtal 36 done.
[Rank 19] File 19, xtal 37 done.
[Rank 19] File 19, xtal 38 done.
[Rank 19] File 19, xtal 39 done.
[Rank 19] File 19, xtal 40 done.
[Rank 19] File 19, xtal 41 done.
[Rank 19] File 19, xtal 42 done.
[Rank 19] File 19, xtal 43 done.
[Rank 19] File 19, xtal 44 done.
[Rank 19] File 19, xtal 45 done.
[Rank 19] File 19, xtal 46 done.
[Rank 19] File 19, xtal 47 done.
[Rank 19] File 19, xtal 48 done.
[Rank 19] File 19, xtal 49 done.
[Rank 19] File 19, xtal 50 done.
[Rank 19] File 19, xtal 51 done.
[Rank 19] File 19, xtal 52 done.
[Rank 19] File 19, xtal 53 done.
[Rank 19] File 19, xtal 54 done.
[Rank 19] File 19, xtal 55 done.
[Rank 19] File 19, xtal 56 done.
[Rank 19] File 19, xtal 57 done.
[Rank 19] File 19, xtal 58 done.
[Rank 19] File 19, xtal 59 done.
[Rank 19] File 19, xtal 60 done.
[Rank 19] File 19, xtal 61 done.
[Rank 19] File 19, xtal 62 done.
[Rank 19] File 19, xtal 63 done.
[Rank 19] File 19, xtal 64 done.
[Rank 19] File 19, xtal 65 done.
[Rank 19] File 19, xtal 66 done.
[Rank 19] File 19, xtal 67 done.
[Rank 19] File 19, xtal 68 done.
[Rank 19] File 19, xtal 69 done.
[Rank 19] File 19, xtal 70 done.
[Rank 19] File 19, xtal 71 done.
[Rank 19] File 19, xtal 72 done.
[Rank 19] File 19, xtal 73 done.
[Rank 19] File 19, xtal 74 done.
[Rank 19] File 19, xtal 75 done.
[Rank 19] File 19, xtal 76 done.
[Rank 19] File 19, xtal 77 done.
[Rank 19] File 19, xtal 78 done.
[Rank 19] File 19, xtal 79 done.
[Rank 19] File 19, xtal 80 done.
[Rank 19] File 19, xtal 81 done.
[Rank 19] File 19, xtal 82 done.
[Rank 19] File 19, xtal 83 done.
[Rank 19] File 19, xtal 84 done.
[Rank 19] File 19, xtal 85 done.
[Rank 19] File 19, xtal 86 done.
[Rank 19] File 19, xtal 87 done.
[Rank 19] File 19, xtal 88 done.
[Rank 19] File 19, xtal 89 done.
[Rank 19] File 19, xtal 90 done.
[Rank 19] File 19, xtal 91 done.
[Rank 19] File 19, xtal 92 done.
[Rank 19] File 19, xtal 93 done.
[Rank 19] File 19, xtal 94 done.
[Rank 19] File 19, xtal 95 done.
[Rank 19] File 19, xtal 96 done.
[Rank 19] File 19, xtal 97 done.
[Rank 19] File 19, xtal 98 done.
[Rank 19] File 19, xtal 99 done.
[Rank 19] File 19, xtal 100 done.
[Rank 19] File 19, xtal 101 done.
[Rank 19] File 19, xtal 102 done.
[Rank 19] File 19, xtal 103 done.
[Rank 19] File 19, xtal 104 done.
[Rank 19] File 19, xtal 105 done.
[Rank 19] File 19, xtal 106 done.
[Rank 19] File 19, xtal 107 done.
[Rank 19] File 19, xtal 108 done.
[Rank 19] File 19, xtal 109 done.
[Rank 19] File 19, xtal 110 done.
[Rank 19] File 19, xtal 111 done.
[Rank 19] File 19, xtal 112 done.
[Rank 19] File 19, xtal 113 done.
[Rank 19] File 19, xtal 114 done.
[Rank 19] File 19, xtal 115 done.
[Rank 19] File 19, xtal 116 done.
[Rank 19] File 19, xtal 117 done.
[Rank 19] File 19, xtal 118 done.
[Rank 19] File 19, xtal 119 done.
[Rank 19] File 19, xtal 120 done.
[Rank 19] File 19, xtal 121 done.
[Rank 19] File 19, xtal 122 done.
[Rank 19] File 19, xtal 123 done.
[Rank 19] File 19, xtal 124 done.
[Rank 19] File 19, xtal 125 done.
[Rank 19] File 19, xtal 126 done.
[Rank 19] File 19, xtal 127 done.
[Rank 19] File 19, xtal 128 done.
[Rank 19] File 19, xtal 129 done.
[Rank 19] File 19, xtal 130 done.
[Rank 19] File 19, xtal 131 done.
[Rank 19] File 19, xtal 132 done.
[Rank 19] File 19, xtal 133 done.
[Rank 19] File 19, xtal 134 done.
[Rank 19] File 19, xtal 135 done.
[Rank 19] File 19, xtal 136 done.
[Rank 19] File 19, xtal 137 done.
[Rank 19] File 19, xtal 138 done.
[Rank 19] File 19, xtal 139 done.
[Rank 19] File 19, xtal 140 done.
[Rank 19] File 19, xtal 141 done.
[Rank 19] File 19, xtal 142 done.
[Rank 19] File 19, xtal 143 done.
[Rank 19] File 19, xtal 144 done.
[Rank 19] File 19, xtal 145 done.
[Rank 19] File 19, xtal 146 done.
[Rank 19] File 19, xtal 147 done.
[Rank 19] File 19, xtal 148 done.
[Rank 19] File 19, xtal 149 done.
[Rank 19] File 19, xtal 150 done.
[Rank 19] File 19, xtal 151 done.
[Rank 19] File 19, xtal 152 done.
[Rank 19] File 19, xtal 153 done.
[Rank 19] File 19, xtal 154 done.
[Rank 19] File 19, xtal 155 done.
[Rank 19] File 19, xtal 156 done.
[Rank 19] File 19, xtal 157 done.
[Rank 19] File 19, xtal 158 done.
[Rank 19] File 19, xtal 159 done.
[Rank 19] File 19, xtal 160 done.
[Rank 19] File 19, xtal 161 done.
[Rank 19] File 19, xtal 162 done.
[Rank 19] File 19, xtal 163 done.
[Rank 19] File 19, xtal 164 done.
[Rank 19] File 19, xtal 165 done.
[Rank 19] File 19, xtal 166 done.
[Rank 19] File 19, xtal 167 done.
[Rank 19] File 19, xtal 168 done.
[Rank 19] File 19, xtal 169 done.
[Rank 19] File 19, xtal 170 done.
[Rank 19] File 19, xtal 171 done.
[Rank 19] File 19, xtal 172 done.
[Rank 19] File 19, xtal 173 done.
[Rank 19] File 19, xtal 174 done.
[Rank 19] File 19, xtal 175 done.
[Rank 19] File 19, xtal 176 done.
[Rank 19] File 19, xtal 177 done.
[Rank 19] File 19, xtal 178 done.
[Rank 19] File 19, xtal 179 done.
[Rank 19] File 19, xtal 180 done.
[Rank 19] File 19, xtal 181 done.
[Rank 19] File 19, xtal 182 done.
[Rank 19] File 19, xtal 183 done.
[Rank 19] File 19, xtal 184 done.
[Rank 19] File 19, xtal 185 done.
[Rank 19] File 19, xtal 186 done.
[Rank 19] File 19, xtal 187 done.
[Rank 19] File 19, xtal 188 done.
[Rank 19] File 19, xtal 189 done.
[Rank 19] File 19, xtal 190 done.
[Rank 19] File 19, xtal 191 done.
[Rank 19] File 19, xtal 192 done.
[Rank 19] File 19, xtal 193 done.
[Rank 19] File 19, xtal 194 done.
[Rank 19] File 19, xtal 195 done.
[Rank 19] File 19, xtal 196 done.
[Rank 19] File 19, xtal 197 done.
[Rank 19] File 19, xtal 198 done.
[Rank 19] File 19, xtal 199 done.
[Rank 19] File 19, xtal 200 done.
[Rank 19] File 19, xtal 201 done.
[Rank 19] File 19, xtal 202 done.
[Rank 19] File 19, xtal 203 done.
[Rank 19] File 19, xtal 204 done.
[Rank 19] File 19, xtal 205 done.
[Rank 19] File 19, xtal 206 done.
[Rank 19] File 19, xtal 207 done.
[Rank 19] File 19, xtal 208 done.
[Rank 19] File 19, xtal 209 done.
[Rank 19] File 19, xtal 210 done.
[Rank 19] File 19, xtal 211 done.
[Rank 19] File 19, xtal 212 done.
[Rank 19] File 19, xtal 213 done.
[Rank 19] File 19, xtal 214 done.
[Rank 19] File 19, xtal 215 done.
[Rank 19] File 19, xtal 216 done.
[Rank 19] File 19, xtal 217 done.
[Rank 19] File 19, xtal 218 done.
[Rank 19] File 19, xtal 219 done.
[Rank 19] File 19, xtal 220 done.
[Rank 19] File 19, xtal 221 done.
[Rank 19] File 19, xtal 222 done.
[Rank 19] File 19, xtal 223 done.
[Rank 19] File 19, xtal 224 done.
[Rank 19] File 19, xtal 225 done.
[Rank 19] File 19, xtal 226 done.
[Rank 19] File 19, xtal 227 done.
[Rank 19] File 19, xtal 228 done.
[Rank 19] File 19, xtal 229 done.
[Rank 19] File 19, xtal 230 done.
[Rank 19] File 19, xtal 231 done.
[Rank 19] File 19, xtal 232 done.
[Rank 19] File 19, xtal 233 done.
[Rank 19] File 19, xtal 234 done.
[Rank 19] File 19, xtal 235 done.
[Rank 19] File 19, xtal 236 done.
[Rank 19] File 19, xtal 237 done.
[Rank 19] File 19, xtal 238 done.
[Rank 19] File 19, xtal 239 done.
[Rank 19] File 19, xtal 240 done.
[Rank 19] File 19, xtal 241 done.
[Rank 19] File 19, xtal 242 done.
[Rank 19] File 19, xtal 243 done.
[Rank 18] File 18, xtal 0 done.
[Rank 18] File 18, xtal 1 done.
[Rank 18] File 18, xtal 2 done.
[Rank 18] File 18, xtal 3 done.
[Rank 18] File 18, xtal 4 done.
[Rank 18] File 18, xtal 5 done.
[Rank 18] File 18, xtal 6 done.
[Rank 18] File 18, xtal 7 done.
[Rank 18] File 18, xtal 8 done.
[Rank 18] File 18, xtal 9 done.
[Rank 18] File 18, xtal 10 done.
[Rank 18] File 18, xtal 11 done.
[Rank 18] File 18, xtal 12 done.
[Rank 18] File 18, xtal 13 done.
[Rank 18] File 18, xtal 14 done.
[Rank 18] File 18, xtal 15 done.
[Rank 18] File 18, xtal 16 done.
[Rank 18] File 18, xtal 17 done.
[Rank 18] File 18, xtal 18 done.
[Rank 18] File 18, xtal 19 done.
[Rank 18] File 18, xtal 20 done.
[Rank 18] File 18, xtal 21 done.
[Rank 18] File 18, xtal 22 done.
[Rank 18] File 18, xtal 23 done.
[Rank 18] File 18, xtal 24 done.
[Rank 18] File 18, xtal 25 done.
[Rank 18] File 18, xtal 26 done.
[Rank 18] File 18, xtal 27 done.
[Rank 18] File 18, xtal 28 done.
[Rank 18] File 18, xtal 29 done.
[Rank 18] File 18, xtal 30 done.
[Rank 18] File 18, xtal 31 done.
[Rank 18] File 18, xtal 32 done.
[Rank 18] File 18, xtal 33 done.
[Rank 18] File 18, xtal 34 done.
[Rank 18] File 18, xtal 35 done.
[Rank 18] File 18, xtal 36 done.
[Rank 18] File 18, xtal 37 done.
[Rank 18] File 18, xtal 38 done.
[Rank 18] File 18, xtal 39 done.
[Rank 18] File 18, xtal 40 done.
[Rank 18] File 18, xtal 41 done.
[Rank 18] File 18, xtal 42 done.
[Rank 18] File 18, xtal 43 done.
[Rank 18] File 18, xtal 44 done.
[Rank 18] File 18, xtal 45 done.
[Rank 18] File 18, xtal 46 done.
[Rank 18] File 18, xtal 47 done.
[Rank 18] File 18, xtal 48 done.
[Rank 18] File 18, xtal 49 done.
[Rank 18] File 18, xtal 50 done.
[Rank 18] File 18, xtal 51 done.
[Rank 18] File 18, xtal 52 done.
[Rank 18] File 18, xtal 53 done.
[Rank 18] File 18, xtal 54 done.
[Rank 18] File 18, xtal 55 done.
[Rank 18] File 18, xtal 56 done.
[Rank 18] File 18, xtal 57 done.
[Rank 18] File 18, xtal 58 done.
[Rank 18] File 18, xtal 59 done.
[Rank 18] File 18, xtal 60 done.
[Rank 18] File 18, xtal 61 done.
[Rank 18] File 18, xtal 62 done.
[Rank 18] File 18, xtal 63 done.
[Rank 18] File 18, xtal 64 done.
[Rank 18] File 18, xtal 65 done.
[Rank 18] File 18, xtal 66 done.
[Rank 18] File 18, xtal 67 done.
[Rank 18] File 18, xtal 68 done.
[Rank 18] File 18, xtal 69 done.
[Rank 18] File 18, xtal 70 done.
[Rank 18] File 18, xtal 71 done.
[Rank 18] File 18, xtal 72 done.
[Rank 18] File 18, xtal 73 done.
[Rank 18] File 18, xtal 74 done.
[Rank 18] File 18, xtal 75 done.
[Rank 18] File 18, xtal 76 done.
[Rank 18] File 18, xtal 77 done.
[Rank 18] File 18, xtal 78 done.
[Rank 18] File 18, xtal 79 done.
[Rank 18] File 18, xtal 80 done.
[Rank 18] File 18, xtal 81 done.
[Rank 18] File 18, xtal 82 done.
[Rank 18] File 18, xtal 83 done.
[Rank 18] File 18, xtal 84 done.
[Rank 18] File 18, xtal 85 done.
[Rank 18] File 18, xtal 86 done.
[Rank 18] File 18, xtal 87 done.
[Rank 18] File 18, xtal 88 done.
[Rank 18] File 18, xtal 89 done.
[Rank 18] File 18, xtal 90 done.
[Rank 18] File 18, xtal 91 done.
[Rank 18] File 18, xtal 92 done.
[Rank 18] File 18, xtal 93 done.
[Rank 18] File 18, xtal 94 done.
[Rank 18] File 18, xtal 95 done.
[Rank 18] File 18, xtal 96 done.
[Rank 18] File 18, xtal 97 done.
[Rank 18] File 18, xtal 98 done.
[Rank 18] File 18, xtal 99 done.
[Rank 18] File 18, xtal 100 done.
[Rank 18] File 18, xtal 101 done.
[Rank 18] File 18, xtal 102 done.
[Rank 18] File 18, xtal 103 done.
[Rank 18] File 18, xtal 104 done.
[Rank 18] File 18, xtal 105 done.
[Rank 18] File 18, xtal 106 done.
[Rank 18] File 18, xtal 107 done.
[Rank 18] File 18, xtal 108 done.
[Rank 18] File 18, xtal 109 done.
[Rank 18] File 18, xtal 110 done.
[Rank 18] File 18, xtal 111 done.
[Rank 18] File 18, xtal 112 done.
[Rank 18] File 18, xtal 113 done.
[Rank 18] File 18, xtal 114 done.
[Rank 18] File 18, xtal 115 done.
[Rank 18] File 18, xtal 116 done.
[Rank 18] File 18, xtal 117 done.
[Rank 18] File 18, xtal 118 done.
[Rank 18] File 18, xtal 119 done.
[Rank 18] File 18, xtal 120 done.
[Rank 18] File 18, xtal 121 done.
[Rank 18] File 18, xtal 122 done.
[Rank 18] File 18, xtal 123 done.
[Rank 18] File 18, xtal 124 done.
[Rank 18] File 18, xtal 125 done.
[Rank 18] File 18, xtal 126 done.
[Rank 18] File 18, xtal 127 done.
[Rank 18] File 18, xtal 128 done.
[Rank 18] File 18, xtal 129 done.
[Rank 18] File 18, xtal 130 done.
[Rank 18] File 18, xtal 131 done.
[Rank 18] File 18, xtal 132 done.
[Rank 18] File 18, xtal 133 done.
[Rank 18] File 18, xtal 134 done.
[Rank 18] File 18, xtal 135 done.
[Rank 18] File 18, xtal 136 done.
[Rank 18] File 18, xtal 137 done.
[Rank 18] File 18, xtal 138 done.
[Rank 18] File 18, xtal 139 done.
[Rank 18] File 18, xtal 140 done.
[Rank 18] File 18, xtal 141 done.
[Rank 18] File 18, xtal 142 done.
[Rank 18] File 18, xtal 143 done.
[Rank 18] File 18, xtal 144 done.
[Rank 18] File 18, xtal 145 done.
[Rank 18] File 18, xtal 146 done.
[Rank 18] File 18, xtal 147 done.
[Rank 18] File 18, xtal 148 done.
[Rank 18] File 18, xtal 149 done.
[Rank 18] File 18, xtal 150 done.
[Rank 18] File 18, xtal 151 done.
[Rank 18] File 18, xtal 152 done.
[Rank 18] File 18, xtal 153 done.
[Rank 18] File 18, xtal 154 done.
[Rank 18] File 18, xtal 155 done.
[Rank 18] File 18, xtal 156 done.
[Rank 18] File 18, xtal 157 done.
[Rank 18] File 18, xtal 158 done.
[Rank 18] File 18, xtal 159 done.
[Rank 18] File 18, xtal 160 done.
[Rank 18] File 18, xtal 161 done.
[Rank 18] File 18, xtal 162 done.
[Rank 18] File 18, xtal 163 done.
[Rank 18] File 18, xtal 164 done.
[Rank 18] File 18, xtal 165 done.
[Rank 18] File 18, xtal 166 done.
[Rank 18] File 18, xtal 167 done.
[Rank 18] File 18, xtal 168 done.
[Rank 18] File 18, xtal 169 done.
[Rank 18] File 18, xtal 170 done.
[Rank 18] File 18, xtal 171 done.
[Rank 18] File 18, xtal 172 done.
[Rank 18] File 18, xtal 173 done.
[Rank 18] File 18, xtal 174 done.
[Rank 18] File 18, xtal 175 done.
[Rank 18] File 18, xtal 176 done.
[Rank 18] File 18, xtal 177 done.
[Rank 18] File 18, xtal 178 done.
[Rank 18] File 18, xtal 179 done.
[Rank 18] File 18, xtal 180 done.
[Rank 18] File 18, xtal 181 done.
[Rank 18] File 18, xtal 182 done.
[Rank 18] File 18, xtal 183 done.
[Rank 18] File 18, xtal 184 done.
[Rank 18] File 18, xtal 185 done.
[Rank 18] File 18, xtal 186 done.
[Rank 18] File 18, xtal 187 done.
[Rank 18] File 18, xtal 188 done.
[Rank 18] File 18, xtal 189 done.
[Rank 18] File 18, xtal 190 done.
[Rank 18] File 18, xtal 191 done.
[Rank 18] File 18, xtal 192 done.
[Rank 18] File 18, xtal 193 done.
[Rank 18] File 18, xtal 194 done.
[Rank 18] File 18, xtal 195 done.
[Rank 18] File 18, xtal 196 done.
[Rank 18] File 18, xtal 197 done.
[Rank 18] File 18, xtal 198 done.
[Rank 18] File 18, xtal 199 done.
[Rank 18] File 18, xtal 200 done.
[Rank 18] File 18, xtal 201 done.
[Rank 18] File 18, xtal 202 done.
[Rank 18] File 18, xtal 203 done.
[Rank 18] File 18, xtal 204 done.
[Rank 18] File 18, xtal 205 done.
[Rank 18] File 18, xtal 206 done.
[Rank 18] File 18, xtal 207 done.
[Rank 18] File 18, xtal 208 done.
[Rank 18] File 18, xtal 209 done.
[Rank 18] File 18, xtal 210 done.
[Rank 18] File 18, xtal 211 done.
[Rank 18] File 18, xtal 212 done.
[Rank 18] File 18, xtal 213 done.
[Rank 18] File 18, xtal 214 done.
[Rank 18] File 18, xtal 215 done.
[Rank 18] File 18, xtal 216 done.
[Rank 18] File 18, xtal 217 done.
[Rank 18] File 18, xtal 218 done.
[Rank 18] File 18, xtal 219 done.
[Rank 18] File 18, xtal 220 done.
[Rank 18] File 18, xtal 221 done.
[Rank 18] File 18, xtal 222 done.
[Rank 18] File 18, xtal 223 done.
[Rank 18] File 18, xtal 224 done.
[Rank 18] File 18, xtal 225 done.
[Rank 18] File 18, xtal 226 done.
[Rank 18] File 18, xtal 227 done.
[Rank 18] File 18, xtal 228 done.
[Rank 18] File 18, xtal 229 done.
[Rank 18] File 18, xtal 230 done.
[Rank 18] File 18, xtal 231 done.
[Rank 18] File 18, xtal 232 done.
[Rank 18] File 18, xtal 233 done.
[Rank 18] File 18, xtal 234 done.
[Rank 18] File 18, xtal 235 done.
[Rank 18] File 18, xtal 236 done.
[Rank 18] File 18, xtal 237 done.
[Rank 18] File 18, xtal 238 done.
[Rank 18] File 18, xtal 239 done.
[Rank 18] File 18, xtal 240 done.
[Rank 18] File 18, xtal 241 done.
[Rank 18] File 18, xtal 242 done.
[Rank 18] File 18, xtal 243 done.
[Rank 21] File 21, xtal 0 done.
[Rank 21] File 21, xtal 1 done.
[Rank 21] File 21, xtal 2 done.
[Rank 21] File 21, xtal 3 done.
[Rank 21] File 21, xtal 4 done.
[Rank 21] File 21, xtal 5 done.
[Rank 21] File 21, xtal 6 done.
[Rank 21] File 21, xtal 7 done.
[Rank 21] File 21, xtal 8 done.
[Rank 21] File 21, xtal 9 done.
[Rank 21] File 21, xtal 10 done.
[Rank 21] File 21, xtal 11 done.
[Rank 21] File 21, xtal 12 done.
[Rank 21] File 21, xtal 13 done.
[Rank 21] File 21, xtal 14 done.
[Rank 21] File 21, xtal 15 done.
[Rank 21] File 21, xtal 16 done.
[Rank 21] File 21, xtal 17 done.
[Rank 21] File 21, xtal 18 done.
[Rank 21] File 21, xtal 19 done.
[Rank 21] File 21, xtal 20 done.
[Rank 21] File 21, xtal 21 done.
[Rank 21] File 21, xtal 22 done.
[Rank 21] File 21, xtal 23 done.
[Rank 21] File 21, xtal 24 done.
[Rank 21] File 21, xtal 25 done.
[Rank 21] File 21, xtal 26 done.
[Rank 21] File 21, xtal 27 done.
[Rank 21] File 21, xtal 28 done.
[Rank 21] File 21, xtal 29 done.
[Rank 21] File 21, xtal 30 done.
[Rank 21] File 21, xtal 31 done.
[Rank 21] File 21, xtal 32 done.
[Rank 21] File 21, xtal 33 done.
[Rank 21] File 21, xtal 34 done.
[Rank 21] File 21, xtal 35 done.
[Rank 21] File 21, xtal 36 done.
[Rank 21] File 21, xtal 37 done.
[Rank 21] File 21, xtal 38 done.
[Rank 21] File 21, xtal 39 done.
[Rank 21] File 21, xtal 40 done.
[Rank 21] File 21, xtal 41 done.
[Rank 21] File 21, xtal 42 done.
[Rank 21] File 21, xtal 43 done.
[Rank 21] File 21, xtal 44 done.
[Rank 21] File 21, xtal 45 done.
[Rank 21] File 21, xtal 46 done.
[Rank 21] File 21, xtal 47 done.
[Rank 21] File 21, xtal 48 done.
[Rank 21] File 21, xtal 49 done.
[Rank 21] File 21, xtal 50 done.
[Rank 21] File 21, xtal 51 done.
[Rank 21] File 21, xtal 52 done.
[Rank 21] File 21, xtal 53 done.
[Rank 21] File 21, xtal 54 done.
[Rank 21] File 21, xtal 55 done.
[Rank 21] File 21, xtal 56 done.
[Rank 21] File 21, xtal 57 done.
[Rank 21] File 21, xtal 58 done.
[Rank 21] File 21, xtal 59 done.
[Rank 21] File 21, xtal 60 done.
[Rank 21] File 21, xtal 61 done.
[Rank 21] File 21, xtal 62 done.
[Rank 21] File 21, xtal 63 done.
[Rank 21] File 21, xtal 64 done.
[Rank 21] File 21, xtal 65 done.
[Rank 21] File 21, xtal 66 done.
[Rank 21] File 21, xtal 67 done.
[Rank 21] File 21, xtal 68 done.
[Rank 21] File 21, xtal 69 done.
[Rank 21] File 21, xtal 70 done.
[Rank 21] File 21, xtal 71 done.
[Rank 21] File 21, xtal 72 done.
[Rank 21] File 21, xtal 73 done.
[Rank 21] File 21, xtal 74 done.
[Rank 21] File 21, xtal 75 done.
[Rank 21] File 21, xtal 76 done.
[Rank 21] File 21, xtal 77 done.
[Rank 21] File 21, xtal 78 done.
[Rank 21] File 21, xtal 79 done.
[Rank 21] File 21, xtal 80 done.
[Rank 21] File 21, xtal 81 done.
[Rank 21] File 21, xtal 82 done.
[Rank 21] File 21, xtal 83 done.
[Rank 21] File 21, xtal 84 done.
[Rank 21] File 21, xtal 85 done.
[Rank 21] File 21, xtal 86 done.
[Rank 21] File 21, xtal 87 done.
[Rank 21] File 21, xtal 88 done.
[Rank 21] File 21, xtal 89 done.
[Rank 21] File 21, xtal 90 done.
[Rank 21] File 21, xtal 91 done.
[Rank 21] File 21, xtal 92 done.
[Rank 21] File 21, xtal 93 done.
[Rank 21] File 21, xtal 94 done.
[Rank 21] File 21, xtal 95 done.
[Rank 21] File 21, xtal 96 done.
[Rank 21] File 21, xtal 97 done.
[Rank 21] File 21, xtal 98 done.
[Rank 21] File 21, xtal 99 done.
[Rank 21] File 21, xtal 100 done.
[Rank 21] File 21, xtal 101 done.
[Rank 21] File 21, xtal 102 done.
[Rank 21] File 21, xtal 103 done.
[Rank 21] File 21, xtal 104 done.
[Rank 21] File 21, xtal 105 done.
[Rank 21] File 21, xtal 106 done.
[Rank 21] File 21, xtal 107 done.
[Rank 21] File 21, xtal 108 done.
[Rank 21] File 21, xtal 109 done.
[Rank 21] File 21, xtal 110 done.
[Rank 21] File 21, xtal 111 done.
[Rank 21] File 21, xtal 112 done.
[Rank 21] File 21, xtal 113 done.
[Rank 21] File 21, xtal 114 done.
[Rank 21] File 21, xtal 115 done.
[Rank 21] File 21, xtal 116 done.
[Rank 21] File 21, xtal 117 done.
[Rank 21] File 21, xtal 118 done.
[Rank 21] File 21, xtal 119 done.
[Rank 21] File 21, xtal 120 done.
[Rank 21] File 21, xtal 121 done.
[Rank 21] File 21, xtal 122 done.
[Rank 21] File 21, xtal 123 done.
[Rank 21] File 21, xtal 124 done.
[Rank 21] File 21, xtal 125 done.
[Rank 21] File 21, xtal 126 done.
[Rank 21] File 21, xtal 127 done.
[Rank 21] File 21, xtal 128 done.
[Rank 21] File 21, xtal 129 done.
[Rank 21] File 21, xtal 130 done.
[Rank 21] File 21, xtal 131 done.
[Rank 21] File 21, xtal 132 done.
[Rank 21] File 21, xtal 133 done.
[Rank 21] File 21, xtal 134 done.
[Rank 21] File 21, xtal 135 done.
[Rank 21] File 21, xtal 136 done.
[Rank 21] File 21, xtal 137 done.
[Rank 21] File 21, xtal 138 done.
[Rank 21] File 21, xtal 139 done.
[Rank 21] File 21, xtal 140 done.
[Rank 21] File 21, xtal 141 done.
[Rank 21] File 21, xtal 142 done.
[Rank 21] File 21, xtal 143 done.
[Rank 21] File 21, xtal 144 done.
[Rank 21] File 21, xtal 145 done.
[Rank 21] File 21, xtal 146 done.
[Rank 21] File 21, xtal 147 done.
[Rank 21] File 21, xtal 148 done.
[Rank 21] File 21, xtal 149 done.
[Rank 21] File 21, xtal 150 done.
[Rank 21] File 21, xtal 151 done.
[Rank 21] File 21, xtal 152 done.
[Rank 21] File 21, xtal 153 done.
[Rank 21] File 21, xtal 154 done.
[Rank 21] File 21, xtal 155 done.
[Rank 21] File 21, xtal 156 done.
[Rank 21] File 21, xtal 157 done.
[Rank 21] File 21, xtal 158 done.
[Rank 21] File 21, xtal 159 done.
[Rank 21] File 21, xtal 160 done.
[Rank 21] File 21, xtal 161 done.
[Rank 21] File 21, xtal 162 done.
[Rank 21] File 21, xtal 163 done.
[Rank 21] File 21, xtal 164 done.
[Rank 21] File 21, xtal 165 done.
[Rank 21] File 21, xtal 166 done.
[Rank 21] File 21, xtal 167 done.
[Rank 21] File 21, xtal 168 done.
[Rank 21] File 21, xtal 169 done.
[Rank 21] File 21, xtal 170 done.
[Rank 21] File 21, xtal 171 done.
[Rank 21] File 21, xtal 172 done.
[Rank 21] File 21, xtal 173 done.
[Rank 21] File 21, xtal 174 done.
[Rank 21] File 21, xtal 175 done.
[Rank 21] File 21, xtal 176 done.
[Rank 21] File 21, xtal 177 done.
[Rank 21] File 21, xtal 178 done.
[Rank 21] File 21, xtal 179 done.
[Rank 21] File 21, xtal 180 done.
[Rank 21] File 21, xtal 181 done.
[Rank 21] File 21, xtal 182 done.
[Rank 21] File 21, xtal 183 done.
[Rank 21] File 21, xtal 184 done.
[Rank 21] File 21, xtal 185 done.
[Rank 21] File 21, xtal 186 done.
[Rank 21] File 21, xtal 187 done.
[Rank 21] File 21, xtal 188 done.
[Rank 21] File 21, xtal 189 done.
[Rank 21] File 21, xtal 190 done.
[Rank 21] File 21, xtal 191 done.
[Rank 21] File 21, xtal 192 done.
[Rank 21] File 21, xtal 193 done.
[Rank 21] File 21, xtal 194 done.
[Rank 21] File 21, xtal 195 done.
[Rank 21] File 21, xtal 196 done.
[Rank 21] File 21, xtal 197 done.
[Rank 21] File 21, xtal 198 done.
[Rank 21] File 21, xtal 199 done.
[Rank 21] File 21, xtal 200 done.
[Rank 21] File 21, xtal 201 done.
[Rank 21] File 21, xtal 202 done.
[Rank 21] File 21, xtal 203 done.
[Rank 21] File 21, xtal 204 done.
[Rank 21] File 21, xtal 205 done.
[Rank 21] File 21, xtal 206 done.
[Rank 21] File 21, xtal 207 done.
[Rank 21] File 21, xtal 208 done.
[Rank 21] File 21, xtal 209 done.
[Rank 21] File 21, xtal 210 done.
[Rank 21] File 21, xtal 211 done.
[Rank 21] File 21, xtal 212 done.
[Rank 21] File 21, xtal 213 done.
[Rank 21] File 21, xtal 214 done.
[Rank 21] File 21, xtal 215 done.
[Rank 21] File 21, xtal 216 done.
[Rank 21] File 21, xtal 217 done.
[Rank 21] File 21, xtal 218 done.
[Rank 21] File 21, xtal 219 done.
[Rank 21] File 21, xtal 220 done.
[Rank 21] File 21, xtal 221 done.
[Rank 21] File 21, xtal 222 done.
[Rank 21] File 21, xtal 223 done.
[Rank 21] File 21, xtal 224 done.
[Rank 21] File 21, xtal 225 done.
[Rank 21] File 21, xtal 226 done.
[Rank 21] File 21, xtal 227 done.
[Rank 21] File 21, xtal 228 done.
[Rank 21] File 21, xtal 229 done.
[Rank 21] File 21, xtal 230 done.
[Rank 21] File 21, xtal 231 done.
[Rank 21] File 21, xtal 232 done.
[Rank 21] File 21, xtal 233 done.
[Rank 21] File 21, xtal 234 done.
[Rank 21] File 21, xtal 235 done.
[Rank 21] File 21, xtal 236 done.
[Rank 21] File 21, xtal 237 done.
[Rank 21] File 21, xtal 238 done.
[Rank 21] File 21, xtal 239 done.
[Rank 21] File 21, xtal 240 done.
[Rank 21] File 21, xtal 241 done.
[Rank 21] File 21, xtal 242 done.
[Rank 21] File 21, xtal 243 done.
[Rank 23] File 23, xtal 0 done.
[Rank 23] File 23, xtal 1 done.
[Rank 23] File 23, xtal 2 done.
[Rank 23] File 23, xtal 3 done.
[Rank 23] File 23, xtal 4 done.
[Rank 23] File 23, xtal 5 done.
[Rank 23] File 23, xtal 6 done.
[Rank 23] File 23, xtal 7 done.
[Rank 23] File 23, xtal 8 done.
[Rank 23] File 23, xtal 9 done.
[Rank 23] File 23, xtal 10 done.
[Rank 23] File 23, xtal 11 done.
[Rank 23] File 23, xtal 12 done.
[Rank 23] File 23, xtal 13 done.
[Rank 23] File 23, xtal 14 done.
[Rank 23] File 23, xtal 15 done.
[Rank 23] File 23, xtal 16 done.
[Rank 23] File 23, xtal 17 done.
[Rank 23] File 23, xtal 18 done.
[Rank 23] File 23, xtal 19 done.
[Rank 23] File 23, xtal 20 done.
[Rank 23] File 23, xtal 21 done.
[Rank 23] File 23, xtal 22 done.
[Rank 23] File 23, xtal 23 done.
[Rank 23] File 23, xtal 24 done.
[Rank 23] File 23, xtal 25 done.
[Rank 23] File 23, xtal 26 done.
[Rank 23] File 23, xtal 27 done.
[Rank 23] File 23, xtal 28 done.
[Rank 23] File 23, xtal 29 done.
[Rank 23] File 23, xtal 30 done.
[Rank 23] File 23, xtal 31 done.
[Rank 23] File 23, xtal 32 done.
[Rank 23] File 23, xtal 33 done.
[Rank 23] File 23, xtal 34 done.
[Rank 23] File 23, xtal 35 done.
[Rank 23] File 23, xtal 36 done.
[Rank 23] File 23, xtal 37 done.
[Rank 23] File 23, xtal 38 done.
[Rank 23] File 23, xtal 39 done.
[Rank 23] File 23, xtal 40 done.
[Rank 23] File 23, xtal 41 done.
[Rank 23] File 23, xtal 42 done.
[Rank 23] File 23, xtal 43 done.
[Rank 23] File 23, xtal 44 done.
[Rank 23] File 23, xtal 45 done.
[Rank 23] File 23, xtal 46 done.
[Rank 23] File 23, xtal 47 done.
[Rank 23] File 23, xtal 48 done.
[Rank 23] File 23, xtal 49 done.
[Rank 23] File 23, xtal 50 done.
[Rank 23] File 23, xtal 51 done.
[Rank 23] File 23, xtal 52 done.
[Rank 23] File 23, xtal 53 done.
[Rank 23] File 23, xtal 54 done.
[Rank 23] File 23, xtal 55 done.
[Rank 23] File 23, xtal 56 done.
[Rank 23] File 23, xtal 57 done.
[Rank 23] File 23, xtal 58 done.
[Rank 23] File 23, xtal 59 done.
[Rank 23] File 23, xtal 60 done.
[Rank 23] File 23, xtal 61 done.
[Rank 23] File 23, xtal 62 done.
[Rank 23] File 23, xtal 63 done.
[Rank 23] File 23, xtal 64 done.
[Rank 23] File 23, xtal 65 done.
[Rank 23] File 23, xtal 66 done.
[Rank 23] File 23, xtal 67 done.
[Rank 23] File 23, xtal 68 done.
[Rank 23] File 23, xtal 69 done.
[Rank 23] File 23, xtal 70 done.
[Rank 23] File 23, xtal 71 done.
[Rank 23] File 23, xtal 72 done.
[Rank 23] File 23, xtal 73 done.
[Rank 23] File 23, xtal 74 done.
[Rank 23] File 23, xtal 75 done.
[Rank 23] File 23, xtal 76 done.
[Rank 23] File 23, xtal 77 done.
[Rank 23] File 23, xtal 78 done.
[Rank 23] File 23, xtal 79 done.
[Rank 23] File 23, xtal 80 done.
[Rank 23] File 23, xtal 81 done.
[Rank 23] File 23, xtal 82 done.
[Rank 23] File 23, xtal 83 done.
[Rank 23] File 23, xtal 84 done.
[Rank 23] File 23, xtal 85 done.
[Rank 23] File 23, xtal 86 done.
[Rank 23] File 23, xtal 87 done.
[Rank 23] File 23, xtal 88 done.
[Rank 23] File 23, xtal 89 done.
[Rank 23] File 23, xtal 90 done.
[Rank 23] File 23, xtal 91 done.
[Rank 23] File 23, xtal 92 done.
[Rank 23] File 23, xtal 93 done.
[Rank 23] File 23, xtal 94 done.
[Rank 23] File 23, xtal 95 done.
[Rank 23] File 23, xtal 96 done.
[Rank 23] File 23, xtal 97 done.
[Rank 23] File 23, xtal 98 done.
[Rank 23] File 23, xtal 99 done.
[Rank 23] File 23, xtal 100 done.
[Rank 23] File 23, xtal 101 done.
[Rank 23] File 23, xtal 102 done.
[Rank 23] File 23, xtal 103 done.
[Rank 23] File 23, xtal 104 done.
[Rank 23] File 23, xtal 105 done.
[Rank 23] File 23, xtal 106 done.
[Rank 23] File 23, xtal 107 done.
[Rank 23] File 23, xtal 108 done.
[Rank 23] File 23, xtal 109 done.
[Rank 23] File 23, xtal 110 done.
[Rank 23] File 23, xtal 111 done.
[Rank 23] File 23, xtal 112 done.
[Rank 23] File 23, xtal 113 done.
[Rank 23] File 23, xtal 114 done.
[Rank 23] File 23, xtal 115 done.
[Rank 23] File 23, xtal 116 done.
[Rank 23] File 23, xtal 117 done.
[Rank 23] File 23, xtal 118 done.
[Rank 23] File 23, xtal 119 done.
[Rank 23] File 23, xtal 120 done.
[Rank 23] File 23, xtal 121 done.
[Rank 23] File 23, xtal 122 done.
[Rank 23] File 23, xtal 123 done.
[Rank 23] File 23, xtal 124 done.
[Rank 23] File 23, xtal 125 done.
[Rank 23] File 23, xtal 126 done.
[Rank 23] File 23, xtal 127 done.
[Rank 23] File 23, xtal 128 done.
[Rank 23] File 23, xtal 129 done.
[Rank 23] File 23, xtal 130 done.
[Rank 23] File 23, xtal 131 done.
[Rank 23] File 23, xtal 132 done.
[Rank 23] File 23, xtal 133 done.
[Rank 23] File 23, xtal 134 done.
[Rank 23] File 23, xtal 135 done.
[Rank 23] File 23, xtal 136 done.
[Rank 23] File 23, xtal 137 done.
[Rank 23] File 23, xtal 138 done.
[Rank 23] File 23, xtal 139 done.
[Rank 23] File 23, xtal 140 done.
[Rank 23] File 23, xtal 141 done.
[Rank 23] File 23, xtal 142 done.
[Rank 23] File 23, xtal 143 done.
[Rank 23] File 23, xtal 144 done.
[Rank 23] File 23, xtal 145 done.
[Rank 23] File 23, xtal 146 done.
[Rank 23] File 23, xtal 147 done.
[Rank 23] File 23, xtal 148 done.
[Rank 23] File 23, xtal 149 done.
[Rank 23] File 23, xtal 150 done.
[Rank 23] File 23, xtal 151 done.
[Rank 23] File 23, xtal 152 done.
[Rank 23] File 23, xtal 153 done.
[Rank 23] File 23, xtal 154 done.
[Rank 23] File 23, xtal 155 done.
[Rank 23] File 23, xtal 156 done.
[Rank 23] File 23, xtal 157 done.
[Rank 23] File 23, xtal 158 done.
[Rank 23] File 23, xtal 159 done.
[Rank 23] File 23, xtal 160 done.
[Rank 23] File 23, xtal 161 done.
[Rank 23] File 23, xtal 162 done.
[Rank 23] File 23, xtal 163 done.
[Rank 23] File 23, xtal 164 done.
[Rank 23] File 23, xtal 165 done.
[Rank 23] File 23, xtal 166 done.
[Rank 23] File 23, xtal 167 done.
[Rank 23] File 23, xtal 168 done.
[Rank 23] File 23, xtal 169 done.
[Rank 23] File 23, xtal 170 done.
[Rank 23] File 23, xtal 171 done.
[Rank 23] File 23, xtal 172 done.
[Rank 23] File 23, xtal 173 done.
[Rank 23] File 23, xtal 174 done.
[Rank 23] File 23, xtal 175 done.
[Rank 23] File 23, xtal 176 done.
[Rank 23] File 23, xtal 177 done.
[Rank 23] File 23, xtal 178 done.
[Rank 23] File 23, xtal 179 done.
[Rank 23] File 23, xtal 180 done.
[Rank 23] File 23, xtal 181 done.
[Rank 23] File 23, xtal 182 done.
[Rank 23] File 23, xtal 183 done.
[Rank 23] File 23, xtal 184 done.
[Rank 23] File 23, xtal 185 done.
[Rank 23] File 23, xtal 186 done.
[Rank 23] File 23, xtal 187 done.
[Rank 23] File 23, xtal 188 done.
[Rank 23] File 23, xtal 189 done.
[Rank 23] File 23, xtal 190 done.
[Rank 23] File 23, xtal 191 done.
[Rank 23] File 23, xtal 192 done.
[Rank 23] File 23, xtal 193 done.
[Rank 23] File 23, xtal 194 done.
[Rank 23] File 23, xtal 195 done.
[Rank 23] File 23, xtal 196 done.
[Rank 23] File 23, xtal 197 done.
[Rank 23] File 23, xtal 198 done.
[Rank 23] File 23, xtal 199 done.
[Rank 23] File 23, xtal 200 done.
[Rank 23] File 23, xtal 201 done.
[Rank 23] File 23, xtal 202 done.
[Rank 23] File 23, xtal 203 done.
[Rank 23] File 23, xtal 204 done.
[Rank 23] File 23, xtal 205 done.
[Rank 23] File 23, xtal 206 done.
[Rank 23] File 23, xtal 207 done.
[Rank 23] File 23, xtal 208 done.
[Rank 23] File 23, xtal 209 done.
[Rank 23] File 23, xtal 210 done.
[Rank 23] File 23, xtal 211 done.
[Rank 23] File 23, xtal 212 done.
[Rank 23] File 23, xtal 213 done.
[Rank 23] File 23, xtal 214 done.
[Rank 23] File 23, xtal 215 done.
[Rank 23] File 23, xtal 216 done.
[Rank 23] File 23, xtal 217 done.
[Rank 23] File 23, xtal 218 done.
[Rank 23] File 23, xtal 219 done.
[Rank 23] File 23, xtal 220 done.
[Rank 23] File 23, xtal 221 done.
[Rank 23] File 23, xtal 222 done.
[Rank 23] File 23, xtal 223 done.
[Rank 23] File 23, xtal 224 done.
[Rank 23] File 23, xtal 225 done.
[Rank 23] File 23, xtal 226 done.
[Rank 23] File 23, xtal 227 done.
[Rank 23] File 23, xtal 228 done.
[Rank 23] File 23, xtal 229 done.
[Rank 23] File 23, xtal 230 done.
[Rank 23] File 23, xtal 231 done.
[Rank 23] File 23, xtal 232 done.
[Rank 23] File 23, xtal 233 done.
[Rank 23] File 23, xtal 234 done.
[Rank 23] File 23, xtal 235 done.
[Rank 23] File 23, xtal 236 done.
[Rank 23] File 23, xtal 237 done.
[Rank 23] File 23, xtal 238 done.
[Rank 23] File 23, xtal 239 done.
[Rank 23] File 23, xtal 240 done.
[Rank 23] File 23, xtal 241 done.
[Rank 23] File 23, xtal 242 done.
[Rank 23] File 23, xtal 243 done.
[Rank 12] File 12, xtal 0 done.
[Rank 12] File 12, xtal 1 done.
[Rank 12] File 12, xtal 2 done.
[Rank 12] File 12, xtal 3 done.
[Rank 12] File 12, xtal 4 done.
[Rank 12] File 12, xtal 5 done.
[Rank 12] File 12, xtal 6 done.
[Rank 12] File 12, xtal 7 done.
[Rank 12] File 12, xtal 8 done.
[Rank 12] File 12, xtal 9 done.
[Rank 12] File 12, xtal 10 done.
[Rank 12] File 12, xtal 11 done.
[Rank 12] File 12, xtal 12 done.
[Rank 12] File 12, xtal 13 done.
[Rank 12] File 12, xtal 14 done.
[Rank 12] File 12, xtal 15 done.
[Rank 12] File 12, xtal 16 done.
[Rank 12] File 12, xtal 17 done.
[Rank 12] File 12, xtal 18 done.
[Rank 12] File 12, xtal 19 done.
[Rank 12] File 12, xtal 20 done.
[Rank 12] File 12, xtal 21 done.
[Rank 12] File 12, xtal 22 done.
[Rank 12] File 12, xtal 23 done.
[Rank 12] File 12, xtal 24 done.
[Rank 12] File 12, xtal 25 done.
[Rank 12] File 12, xtal 26 done.
[Rank 12] File 12, xtal 27 done.
[Rank 12] File 12, xtal 28 done.
[Rank 12] File 12, xtal 29 done.
[Rank 12] File 12, xtal 30 done.
[Rank 12] File 12, xtal 31 done.
[Rank 12] File 12, xtal 32 done.
[Rank 12] File 12, xtal 33 done.
[Rank 12] File 12, xtal 34 done.
[Rank 12] File 12, xtal 35 done.
[Rank 12] File 12, xtal 36 done.
[Rank 12] File 12, xtal 37 done.
[Rank 12] File 12, xtal 38 done.
[Rank 12] File 12, xtal 39 done.
[Rank 12] File 12, xtal 40 done.
[Rank 12] File 12, xtal 41 done.
[Rank 12] File 12, xtal 42 done.
[Rank 12] File 12, xtal 43 done.
[Rank 12] File 12, xtal 44 done.
[Rank 12] File 12, xtal 45 done.
[Rank 12] File 12, xtal 46 done.
[Rank 12] File 12, xtal 47 done.
[Rank 12] File 12, xtal 48 done.
[Rank 12] File 12, xtal 49 done.
[Rank 12] File 12, xtal 50 done.
[Rank 12] File 12, xtal 51 done.
[Rank 12] File 12, xtal 52 done.
[Rank 12] File 12, xtal 53 done.
[Rank 12] File 12, xtal 54 done.
[Rank 12] File 12, xtal 55 done.
[Rank 12] File 12, xtal 56 done.
[Rank 12] File 12, xtal 57 done.
[Rank 12] File 12, xtal 58 done.
[Rank 12] File 12, xtal 59 done.
[Rank 12] File 12, xtal 60 done.
[Rank 12] File 12, xtal 61 done.
[Rank 12] File 12, xtal 62 done.
[Rank 12] File 12, xtal 63 done.
[Rank 12] File 12, xtal 64 done.
[Rank 12] File 12, xtal 65 done.
[Rank 12] File 12, xtal 66 done.
[Rank 12] File 12, xtal 67 done.
[Rank 12] File 12, xtal 68 done.
[Rank 12] File 12, xtal 69 done.
[Rank 12] File 12, xtal 70 done.
[Rank 12] File 12, xtal 71 done.
[Rank 12] File 12, xtal 72 done.
[Rank 12] File 12, xtal 73 done.
[Rank 12] File 12, xtal 74 done.
[Rank 12] File 12, xtal 75 done.
[Rank 12] File 12, xtal 76 done.
[Rank 12] File 12, xtal 77 done.
[Rank 12] File 12, xtal 78 done.
[Rank 12] File 12, xtal 79 done.
[Rank 12] File 12, xtal 80 done.
[Rank 12] File 12, xtal 81 done.
[Rank 12] File 12, xtal 82 done.
[Rank 12] File 12, xtal 83 done.
[Rank 12] File 12, xtal 84 done.
[Rank 12] File 12, xtal 85 done.
[Rank 12] File 12, xtal 86 done.
[Rank 12] File 12, xtal 87 done.
[Rank 12] File 12, xtal 88 done.
[Rank 12] File 12, xtal 89 done.
[Rank 12] File 12, xtal 90 done.
[Rank 12] File 12, xtal 91 done.
[Rank 12] File 12, xtal 92 done.
[Rank 12] File 12, xtal 93 done.
[Rank 12] File 12, xtal 94 done.
[Rank 12] File 12, xtal 95 done.
[Rank 12] File 12, xtal 96 done.
[Rank 12] File 12, xtal 97 done.
[Rank 12] File 12, xtal 98 done.
[Rank 12] File 12, xtal 99 done.
[Rank 12] File 12, xtal 100 done.
[Rank 12] File 12, xtal 101 done.
[Rank 12] File 12, xtal 102 done.
[Rank 12] File 12, xtal 103 done.
[Rank 12] File 12, xtal 104 done.
[Rank 12] File 12, xtal 105 done.
[Rank 12] File 12, xtal 106 done.
[Rank 12] File 12, xtal 107 done.
[Rank 12] File 12, xtal 108 done.
[Rank 12] File 12, xtal 109 done.
[Rank 12] File 12, xtal 110 done.
[Rank 12] File 12, xtal 111 done.
[Rank 12] File 12, xtal 112 done.
[Rank 12] File 12, xtal 113 done.
[Rank 12] File 12, xtal 114 done.
[Rank 12] File 12, xtal 115 done.
[Rank 12] File 12, xtal 116 done.
[Rank 12] File 12, xtal 117 done.
[Rank 12] File 12, xtal 118 done.
[Rank 12] File 12, xtal 119 done.
[Rank 12] File 12, xtal 120 done.
[Rank 12] File 12, xtal 121 done.
[Rank 12] File 12, xtal 122 done.
[Rank 12] File 12, xtal 123 done.
[Rank 12] File 12, xtal 124 done.
[Rank 12] File 12, xtal 125 done.
[Rank 12] File 12, xtal 126 done.
[Rank 12] File 12, xtal 127 done.
[Rank 12] File 12, xtal 128 done.
[Rank 12] File 12, xtal 129 done.
[Rank 12] File 12, xtal 130 done.
[Rank 12] File 12, xtal 131 done.
[Rank 12] File 12, xtal 132 done.
[Rank 12] File 12, xtal 133 done.
[Rank 12] File 12, xtal 134 done.
[Rank 12] File 12, xtal 135 done.
[Rank 12] File 12, xtal 136 done.
[Rank 12] File 12, xtal 137 done.
[Rank 12] File 12, xtal 138 done.
[Rank 12] File 12, xtal 139 done.
[Rank 12] File 12, xtal 140 done.
[Rank 12] File 12, xtal 141 done.
[Rank 12] File 12, xtal 142 done.
[Rank 12] File 12, xtal 143 done.
[Rank 12] File 12, xtal 144 done.
[Rank 12] File 12, xtal 145 done.
[Rank 12] File 12, xtal 146 done.
[Rank 12] File 12, xtal 147 done.
[Rank 12] File 12, xtal 148 done.
[Rank 12] File 12, xtal 149 done.
[Rank 12] File 12, xtal 150 done.
[Rank 12] File 12, xtal 151 done.
[Rank 12] File 12, xtal 152 done.
[Rank 12] File 12, xtal 153 done.
[Rank 12] File 12, xtal 154 done.
[Rank 12] File 12, xtal 155 done.
[Rank 12] File 12, xtal 156 done.
[Rank 12] File 12, xtal 157 done.
[Rank 12] File 12, xtal 158 done.
[Rank 12] File 12, xtal 159 done.
[Rank 12] File 12, xtal 160 done.
[Rank 12] File 12, xtal 161 done.
[Rank 12] File 12, xtal 162 done.
[Rank 12] File 12, xtal 163 done.
[Rank 12] File 12, xtal 164 done.
[Rank 12] File 12, xtal 165 done.
[Rank 12] File 12, xtal 166 done.
[Rank 12] File 12, xtal 167 done.
[Rank 12] File 12, xtal 168 done.
[Rank 12] File 12, xtal 169 done.
[Rank 12] File 12, xtal 170 done.
[Rank 12] File 12, xtal 171 done.
[Rank 12] File 12, xtal 172 done.
[Rank 12] File 12, xtal 173 done.
[Rank 12] File 12, xtal 174 done.
[Rank 12] File 12, xtal 175 done.
[Rank 12] File 12, xtal 176 done.
[Rank 12] File 12, xtal 177 done.
[Rank 12] File 12, xtal 178 done.
[Rank 12] File 12, xtal 179 done.
[Rank 12] File 12, xtal 180 done.
[Rank 12] File 12, xtal 181 done.
[Rank 12] File 12, xtal 182 done.
[Rank 12] File 12, xtal 183 done.
[Rank 12] File 12, xtal 184 done.
[Rank 12] File 12, xtal 185 done.
[Rank 12] File 12, xtal 186 done.
[Rank 12] File 12, xtal 187 done.
[Rank 12] File 12, xtal 188 done.
[Rank 12] File 12, xtal 189 done.
[Rank 12] File 12, xtal 190 done.
[Rank 12] File 12, xtal 191 done.
[Rank 12] File 12, xtal 192 done.
[Rank 12] File 12, xtal 193 done.
[Rank 12] File 12, xtal 194 done.
[Rank 12] File 12, xtal 195 done.
[Rank 12] File 12, xtal 196 done.
[Rank 12] File 12, xtal 197 done.
[Rank 12] File 12, xtal 198 done.
[Rank 12] File 12, xtal 199 done.
[Rank 12] File 12, xtal 200 done.
[Rank 12] File 12, xtal 201 done.
[Rank 12] File 12, xtal 202 done.
[Rank 12] File 12, xtal 203 done.
[Rank 12] File 12, xtal 204 done.
[Rank 12] File 12, xtal 205 done.
[Rank 12] File 12, xtal 206 done.
[Rank 12] File 12, xtal 207 done.
[Rank 12] File 12, xtal 208 done.
[Rank 12] File 12, xtal 209 done.
[Rank 12] File 12, xtal 210 done.
[Rank 12] File 12, xtal 211 done.
[Rank 12] File 12, xtal 212 done.
[Rank 12] File 12, xtal 213 done.
[Rank 12] File 12, xtal 214 done.
[Rank 12] File 12, xtal 215 done.
[Rank 12] File 12, xtal 216 done.
[Rank 12] File 12, xtal 217 done.
[Rank 12] File 12, xtal 218 done.
[Rank 12] File 12, xtal 219 done.
[Rank 12] File 12, xtal 220 done.
[Rank 12] File 12, xtal 221 done.
[Rank 12] File 12, xtal 222 done.
[Rank 12] File 12, xtal 223 done.
[Rank 12] File 12, xtal 224 done.
[Rank 12] File 12, xtal 225 done.
[Rank 12] File 12, xtal 226 done.
[Rank 12] File 12, xtal 227 done.
[Rank 12] File 12, xtal 228 done.
[Rank 12] File 12, xtal 229 done.
[Rank 12] File 12, xtal 230 done.
[Rank 12] File 12, xtal 231 done.
[Rank 12] File 12, xtal 232 done.
[Rank 12] File 12, xtal 233 done.
[Rank 12] File 12, xtal 234 done.
[Rank 12] File 12, xtal 235 done.
[Rank 12] File 12, xtal 236 done.
[Rank 12] File 12, xtal 237 done.
[Rank 12] File 12, xtal 238 done.
[Rank 12] File 12, xtal 239 done.
[Rank 12] File 12, xtal 240 done.
[Rank 12] File 12, xtal 241 done.
[Rank 12] File 12, xtal 242 done.
[Rank 12] File 12, xtal 243 done.
[Rank 22] File 22, xtal 0 done.
[Rank 22] File 22, xtal 1 done.
[Rank 22] File 22, xtal 2 done.
[Rank 22] File 22, xtal 3 done.
[Rank 22] File 22, xtal 4 done.
[Rank 22] File 22, xtal 5 done.
[Rank 22] File 22, xtal 6 done.
[Rank 22] File 22, xtal 7 done.
[Rank 22] File 22, xtal 8 done.
[Rank 22] File 22, xtal 9 done.
[Rank 22] File 22, xtal 10 done.
[Rank 22] File 22, xtal 11 done.
[Rank 22] File 22, xtal 12 done.
[Rank 22] File 22, xtal 13 done.
[Rank 22] File 22, xtal 14 done.
[Rank 22] File 22, xtal 15 done.
[Rank 22] File 22, xtal 16 done.
[Rank 22] File 22, xtal 17 done.
[Rank 22] File 22, xtal 18 done.
[Rank 22] File 22, xtal 19 done.
[Rank 22] File 22, xtal 20 done.
[Rank 22] File 22, xtal 21 done.
[Rank 22] File 22, xtal 22 done.
[Rank 22] File 22, xtal 23 done.
[Rank 22] File 22, xtal 24 done.
[Rank 22] File 22, xtal 25 done.
[Rank 22] File 22, xtal 26 done.
[Rank 22] File 22, xtal 27 done.
[Rank 22] File 22, xtal 28 done.
[Rank 22] File 22, xtal 29 done.
[Rank 22] File 22, xtal 30 done.
[Rank 22] File 22, xtal 31 done.
[Rank 22] File 22, xtal 32 done.
[Rank 22] File 22, xtal 33 done.
[Rank 22] File 22, xtal 34 done.
[Rank 22] File 22, xtal 35 done.
[Rank 22] File 22, xtal 36 done.
[Rank 22] File 22, xtal 37 done.
[Rank 22] File 22, xtal 38 done.
[Rank 22] File 22, xtal 39 done.
[Rank 22] File 22, xtal 40 done.
[Rank 22] File 22, xtal 41 done.
[Rank 22] File 22, xtal 42 done.
[Rank 22] File 22, xtal 43 done.
[Rank 22] File 22, xtal 44 done.
[Rank 22] File 22, xtal 45 done.
[Rank 22] File 22, xtal 46 done.
[Rank 22] File 22, xtal 47 done.
[Rank 22] File 22, xtal 48 done.
[Rank 22] File 22, xtal 49 done.
[Rank 22] File 22, xtal 50 done.
[Rank 22] File 22, xtal 51 done.
[Rank 22] File 22, xtal 52 done.
[Rank 22] File 22, xtal 53 done.
[Rank 22] File 22, xtal 54 done.
[Rank 22] File 22, xtal 55 done.
[Rank 22] File 22, xtal 56 done.
[Rank 22] File 22, xtal 57 done.
[Rank 22] File 22, xtal 58 done.
[Rank 22] File 22, xtal 59 done.
[Rank 22] File 22, xtal 60 done.
[Rank 22] File 22, xtal 61 done.
[Rank 22] File 22, xtal 62 done.
[Rank 22] File 22, xtal 63 done.
[Rank 22] File 22, xtal 64 done.
[Rank 22] File 22, xtal 65 done.
[Rank 22] File 22, xtal 66 done.
[Rank 22] File 22, xtal 67 done.
[Rank 22] File 22, xtal 68 done.
[Rank 22] File 22, xtal 69 done.
[Rank 22] File 22, xtal 70 done.
[Rank 22] File 22, xtal 71 done.
[Rank 22] File 22, xtal 72 done.
[Rank 22] File 22, xtal 73 done.
[Rank 22] File 22, xtal 74 done.
[Rank 22] File 22, xtal 75 done.
[Rank 22] File 22, xtal 76 done.
[Rank 22] File 22, xtal 77 done.
[Rank 22] File 22, xtal 78 done.
[Rank 22] File 22, xtal 79 done.
[Rank 22] File 22, xtal 80 done.
[Rank 22] File 22, xtal 81 done.
[Rank 22] File 22, xtal 82 done.
[Rank 22] File 22, xtal 83 done.
[Rank 22] File 22, xtal 84 done.
[Rank 22] File 22, xtal 85 done.
[Rank 22] File 22, xtal 86 done.
[Rank 22] File 22, xtal 87 done.
[Rank 22] File 22, xtal 88 done.
[Rank 22] File 22, xtal 89 done.
[Rank 22] File 22, xtal 90 done.
[Rank 22] File 22, xtal 91 done.
[Rank 22] File 22, xtal 92 done.
[Rank 22] File 22, xtal 93 done.
[Rank 22] File 22, xtal 94 done.
[Rank 22] File 22, xtal 95 done.
[Rank 22] File 22, xtal 96 done.
[Rank 22] File 22, xtal 97 done.
[Rank 22] File 22, xtal 98 done.
[Rank 22] File 22, xtal 99 done.
[Rank 22] File 22, xtal 100 done.
[Rank 22] File 22, xtal 101 done.
[Rank 22] File 22, xtal 102 done.
[Rank 22] File 22, xtal 103 done.
[Rank 22] File 22, xtal 104 done.
[Rank 22] File 22, xtal 105 done.
[Rank 22] File 22, xtal 106 done.
[Rank 22] File 22, xtal 107 done.
[Rank 22] File 22, xtal 108 done.
[Rank 22] File 22, xtal 109 done.
[Rank 22] File 22, xtal 110 done.
[Rank 22] File 22, xtal 111 done.
[Rank 22] File 22, xtal 112 done.
[Rank 22] File 22, xtal 113 done.
[Rank 22] File 22, xtal 114 done.
[Rank 22] File 22, xtal 115 done.
[Rank 22] File 22, xtal 116 done.
[Rank 22] File 22, xtal 117 done.
[Rank 22] File 22, xtal 118 done.
[Rank 22] File 22, xtal 119 done.
[Rank 22] File 22, xtal 120 done.
[Rank 22] File 22, xtal 121 done.
[Rank 22] File 22, xtal 122 done.
[Rank 22] File 22, xtal 123 done.
[Rank 22] File 22, xtal 124 done.
[Rank 22] File 22, xtal 125 done.
[Rank 22] File 22, xtal 126 done.
[Rank 22] File 22, xtal 127 done.
[Rank 22] File 22, xtal 128 done.
[Rank 22] File 22, xtal 129 done.
[Rank 22] File 22, xtal 130 done.
[Rank 22] File 22, xtal 131 done.
[Rank 22] File 22, xtal 132 done.
[Rank 22] File 22, xtal 133 done.
[Rank 22] File 22, xtal 134 done.
[Rank 22] File 22, xtal 135 done.
[Rank 22] File 22, xtal 136 done.
[Rank 22] File 22, xtal 137 done.
[Rank 22] File 22, xtal 138 done.
[Rank 22] File 22, xtal 139 done.
[Rank 22] File 22, xtal 140 done.
[Rank 22] File 22, xtal 141 done.
[Rank 22] File 22, xtal 142 done.
[Rank 22] File 22, xtal 143 done.
[Rank 22] File 22, xtal 144 done.
[Rank 22] File 22, xtal 145 done.
[Rank 22] File 22, xtal 146 done.
[Rank 22] File 22, xtal 147 done.
[Rank 22] File 22, xtal 148 done.
[Rank 22] File 22, xtal 149 done.
[Rank 22] File 22, xtal 150 done.
[Rank 22] File 22, xtal 151 done.
[Rank 22] File 22, xtal 152 done.
[Rank 22] File 22, xtal 153 done.
[Rank 22] File 22, xtal 154 done.
[Rank 22] File 22, xtal 155 done.
[Rank 22] File 22, xtal 156 done.
[Rank 22] File 22, xtal 157 done.
[Rank 22] File 22, xtal 158 done.
[Rank 22] File 22, xtal 159 done.
[Rank 22] File 22, xtal 160 done.
[Rank 22] File 22, xtal 161 done.
[Rank 22] File 22, xtal 162 done.
[Rank 22] File 22, xtal 163 done.
[Rank 22] File 22, xtal 164 done.
[Rank 22] File 22, xtal 165 done.
[Rank 22] File 22, xtal 166 done.
[Rank 22] File 22, xtal 167 done.
[Rank 22] File 22, xtal 168 done.
[Rank 22] File 22, xtal 169 done.
[Rank 22] File 22, xtal 170 done.
[Rank 22] File 22, xtal 171 done.
[Rank 22] File 22, xtal 172 done.
[Rank 22] File 22, xtal 173 done.
[Rank 22] File 22, xtal 174 done.
[Rank 22] File 22, xtal 175 done.
[Rank 22] File 22, xtal 176 done.
[Rank 22] File 22, xtal 177 done.
[Rank 22] File 22, xtal 178 done.
[Rank 22] File 22, xtal 179 done.
[Rank 22] File 22, xtal 180 done.
[Rank 22] File 22, xtal 181 done.
[Rank 22] File 22, xtal 182 done.
[Rank 22] File 22, xtal 183 done.
[Rank 22] File 22, xtal 184 done.
[Rank 22] File 22, xtal 185 done.
[Rank 22] File 22, xtal 186 done.
[Rank 22] File 22, xtal 187 done.
[Rank 22] File 22, xtal 188 done.
[Rank 22] File 22, xtal 189 done.
[Rank 22] File 22, xtal 190 done.
[Rank 22] File 22, xtal 191 done.
[Rank 22] File 22, xtal 192 done.
[Rank 22] File 22, xtal 193 done.
[Rank 22] File 22, xtal 194 done.
[Rank 22] File 22, xtal 195 done.
[Rank 22] File 22, xtal 196 done.
[Rank 22] File 22, xtal 197 done.
[Rank 22] File 22, xtal 198 done.
[Rank 22] File 22, xtal 199 done.
[Rank 22] File 22, xtal 200 done.
[Rank 22] File 22, xtal 201 done.
[Rank 22] File 22, xtal 202 done.
[Rank 22] File 22, xtal 203 done.
[Rank 22] File 22, xtal 204 done.
[Rank 22] File 22, xtal 205 done.
[Rank 22] File 22, xtal 206 done.
[Rank 22] File 22, xtal 207 done.
[Rank 22] File 22, xtal 208 done.
[Rank 22] File 22, xtal 209 done.
[Rank 22] File 22, xtal 210 done.
[Rank 22] File 22, xtal 211 done.
[Rank 22] File 22, xtal 212 done.
[Rank 22] File 22, xtal 213 done.
[Rank 22] File 22, xtal 214 done.
[Rank 22] File 22, xtal 215 done.
[Rank 22] File 22, xtal 216 done.
[Rank 22] File 22, xtal 217 done.
[Rank 22] File 22, xtal 218 done.
[Rank 22] File 22, xtal 219 done.
[Rank 22] File 22, xtal 220 done.
[Rank 22] File 22, xtal 221 done.
[Rank 22] File 22, xtal 222 done.
[Rank 22] File 22, xtal 223 done.
[Rank 22] File 22, xtal 224 done.
[Rank 22] File 22, xtal 225 done.
[Rank 22] File 22, xtal 226 done.
[Rank 22] File 22, xtal 227 done.
[Rank 22] File 22, xtal 228 done.
[Rank 22] File 22, xtal 229 done.
[Rank 22] File 22, xtal 230 done.
[Rank 22] File 22, xtal 231 done.
[Rank 22] File 22, xtal 232 done.
[Rank 22] File 22, xtal 233 done.
[Rank 22] File 22, xtal 234 done.
[Rank 22] File 22, xtal 235 done.
[Rank 22] File 22, xtal 236 done.
[Rank 22] File 22, xtal 237 done.
[Rank 22] File 22, xtal 238 done.
[Rank 22] File 22, xtal 239 done.
[Rank 22] File 22, xtal 240 done.
[Rank 22] File 22, xtal 241 done.
[Rank 22] File 22, xtal 242 done.
[Rank 22] File 22, xtal 243 done.
[Rank 20] File 20, xtal 0 done.
[Rank 20] File 20, xtal 1 done.
[Rank 20] File 20, xtal 2 done.
[Rank 20] File 20, xtal 3 done.
[Rank 20] File 20, xtal 4 done.
[Rank 20] File 20, xtal 5 done.
[Rank 20] File 20, xtal 6 done.
[Rank 20] File 20, xtal 7 done.
[Rank 20] File 20, xtal 8 done.
[Rank 20] File 20, xtal 9 done.
[Rank 20] File 20, xtal 10 done.
[Rank 20] File 20, xtal 11 done.
[Rank 20] File 20, xtal 12 done.
[Rank 20] File 20, xtal 13 done.
[Rank 20] File 20, xtal 14 done.
[Rank 20] File 20, xtal 15 done.
[Rank 20] File 20, xtal 16 done.
[Rank 20] File 20, xtal 17 done.
[Rank 20] File 20, xtal 18 done.
[Rank 20] File 20, xtal 19 done.
[Rank 20] File 20, xtal 20 done.
[Rank 20] File 20, xtal 21 done.
[Rank 20] File 20, xtal 22 done.
[Rank 20] File 20, xtal 23 done.
[Rank 20] File 20, xtal 24 done.
[Rank 20] File 20, xtal 25 done.
[Rank 20] File 20, xtal 26 done.
[Rank 20] File 20, xtal 27 done.
[Rank 20] File 20, xtal 28 done.
[Rank 20] File 20, xtal 29 done.
[Rank 20] File 20, xtal 30 done.
[Rank 20] File 20, xtal 31 done.
[Rank 20] File 20, xtal 32 done.
[Rank 20] File 20, xtal 33 done.
[Rank 20] File 20, xtal 34 done.
[Rank 20] File 20, xtal 35 done.
[Rank 20] File 20, xtal 36 done.
[Rank 20] File 20, xtal 37 done.
[Rank 20] File 20, xtal 38 done.
[Rank 20] File 20, xtal 39 done.
[Rank 20] File 20, xtal 40 done.
[Rank 20] File 20, xtal 41 done.
[Rank 20] File 20, xtal 42 done.
[Rank 20] File 20, xtal 43 done.
[Rank 20] File 20, xtal 44 done.
[Rank 20] File 20, xtal 45 done.
[Rank 20] File 20, xtal 46 done.
[Rank 20] File 20, xtal 47 done.
[Rank 20] File 20, xtal 48 done.
[Rank 20] File 20, xtal 49 done.
[Rank 20] File 20, xtal 50 done.
[Rank 20] File 20, xtal 51 done.
[Rank 20] File 20, xtal 52 done.
[Rank 20] File 20, xtal 53 done.
[Rank 20] File 20, xtal 54 done.
[Rank 20] File 20, xtal 55 done.
[Rank 20] File 20, xtal 56 done.
[Rank 20] File 20, xtal 57 done.
[Rank 20] File 20, xtal 58 done.
[Rank 20] File 20, xtal 59 done.
[Rank 20] File 20, xtal 60 done.
[Rank 20] File 20, xtal 61 done.
[Rank 20] File 20, xtal 62 done.
[Rank 20] File 20, xtal 63 done.
[Rank 20] File 20, xtal 64 done.
[Rank 20] File 20, xtal 65 done.
[Rank 20] File 20, xtal 66 done.
[Rank 20] File 20, xtal 67 done.
[Rank 20] File 20, xtal 68 done.
[Rank 20] File 20, xtal 69 done.
[Rank 20] File 20, xtal 70 done.
[Rank 20] File 20, xtal 71 done.
[Rank 20] File 20, xtal 72 done.
[Rank 20] File 20, xtal 73 done.
[Rank 20] File 20, xtal 74 done.
[Rank 20] File 20, xtal 75 done.
[Rank 20] File 20, xtal 76 done.
[Rank 20] File 20, xtal 77 done.
[Rank 20] File 20, xtal 78 done.
[Rank 20] File 20, xtal 79 done.
[Rank 20] File 20, xtal 80 done.
[Rank 20] File 20, xtal 81 done.
[Rank 20] File 20, xtal 82 done.
[Rank 20] File 20, xtal 83 done.
[Rank 20] File 20, xtal 84 done.
[Rank 20] File 20, xtal 85 done.
[Rank 20] File 20, xtal 86 done.
[Rank 20] File 20, xtal 87 done.
[Rank 20] File 20, xtal 88 done.
[Rank 20] File 20, xtal 89 done.
[Rank 20] File 20, xtal 90 done.
[Rank 20] File 20, xtal 91 done.
[Rank 20] File 20, xtal 92 done.
[Rank 20] File 20, xtal 93 done.
[Rank 20] File 20, xtal 94 done.
[Rank 20] File 20, xtal 95 done.
[Rank 20] File 20, xtal 96 done.
[Rank 20] File 20, xtal 97 done.
[Rank 20] File 20, xtal 98 done.
[Rank 20] File 20, xtal 99 done.
[Rank 20] File 20, xtal 100 done.
[Rank 20] File 20, xtal 101 done.
[Rank 20] File 20, xtal 102 done.
[Rank 20] File 20, xtal 103 done.
[Rank 20] File 20, xtal 104 done.
[Rank 20] File 20, xtal 105 done.
[Rank 20] File 20, xtal 106 done.
[Rank 20] File 20, xtal 107 done.
[Rank 20] File 20, xtal 108 done.
[Rank 20] File 20, xtal 109 done.
[Rank 20] File 20, xtal 110 done.
[Rank 20] File 20, xtal 111 done.
[Rank 20] File 20, xtal 112 done.
[Rank 20] File 20, xtal 113 done.
[Rank 20] File 20, xtal 114 done.
[Rank 20] File 20, xtal 115 done.
[Rank 20] File 20, xtal 116 done.
[Rank 20] File 20, xtal 117 done.
[Rank 20] File 20, xtal 118 done.
[Rank 20] File 20, xtal 119 done.
[Rank 20] File 20, xtal 120 done.
[Rank 20] File 20, xtal 121 done.
[Rank 20] File 20, xtal 122 done.
[Rank 20] File 20, xtal 123 done.
[Rank 20] File 20, xtal 124 done.
[Rank 20] File 20, xtal 125 done.
[Rank 20] File 20, xtal 126 done.
[Rank 20] File 20, xtal 127 done.
[Rank 20] File 20, xtal 128 done.
[Rank 20] File 20, xtal 129 done.
[Rank 20] File 20, xtal 130 done.
[Rank 20] File 20, xtal 131 done.
[Rank 20] File 20, xtal 132 done.
[Rank 20] File 20, xtal 133 done.
[Rank 20] File 20, xtal 134 done.
[Rank 20] File 20, xtal 135 done.
[Rank 20] File 20, xtal 136 done.
[Rank 20] File 20, xtal 137 done.
[Rank 20] File 20, xtal 138 done.
[Rank 20] File 20, xtal 139 done.
[Rank 20] File 20, xtal 140 done.
[Rank 20] File 20, xtal 141 done.
[Rank 20] File 20, xtal 142 done.
[Rank 20] File 20, xtal 143 done.
[Rank 20] File 20, xtal 144 done.
[Rank 20] File 20, xtal 145 done.
[Rank 20] File 20, xtal 146 done.
[Rank 20] File 20, xtal 147 done.
[Rank 20] File 20, xtal 148 done.
[Rank 20] File 20, xtal 149 done.
[Rank 20] File 20, xtal 150 done.
[Rank 20] File 20, xtal 151 done.
[Rank 20] File 20, xtal 152 done.
[Rank 20] File 20, xtal 153 done.
[Rank 20] File 20, xtal 154 done.
[Rank 20] File 20, xtal 155 done.
[Rank 20] File 20, xtal 156 done.
[Rank 20] File 20, xtal 157 done.
[Rank 20] File 20, xtal 158 done.
[Rank 20] File 20, xtal 159 done.
[Rank 20] File 20, xtal 160 done.
[Rank 20] File 20, xtal 161 done.
[Rank 20] File 20, xtal 162 done.
[Rank 20] File 20, xtal 163 done.
[Rank 20] File 20, xtal 164 done.
[Rank 20] File 20, xtal 165 done.
[Rank 20] File 20, xtal 166 done.
[Rank 20] File 20, xtal 167 done.
[Rank 20] File 20, xtal 168 done.
[Rank 20] File 20, xtal 169 done.
[Rank 20] File 20, xtal 170 done.
[Rank 20] File 20, xtal 171 done.
[Rank 20] File 20, xtal 172 done.
[Rank 20] File 20, xtal 173 done.
[Rank 20] File 20, xtal 174 done.
[Rank 20] File 20, xtal 175 done.
[Rank 20] File 20, xtal 176 done.
[Rank 20] File 20, xtal 177 done.
[Rank 20] File 20, xtal 178 done.
[Rank 20] File 20, xtal 179 done.
[Rank 20] File 20, xtal 180 done.
[Rank 20] File 20, xtal 181 done.
[Rank 20] File 20, xtal 182 done.
[Rank 20] File 20, xtal 183 done.
[Rank 20] File 20, xtal 184 done.
[Rank 20] File 20, xtal 185 done.
[Rank 20] File 20, xtal 186 done.
[Rank 20] File 20, xtal 187 done.
[Rank 20] File 20, xtal 188 done.
[Rank 20] File 20, xtal 189 done.
[Rank 20] File 20, xtal 190 done.
[Rank 20] File 20, xtal 191 done.
[Rank 20] File 20, xtal 192 done.
[Rank 20] File 20, xtal 193 done.
[Rank 20] File 20, xtal 194 done.
[Rank 20] File 20, xtal 195 done.
[Rank 20] File 20, xtal 196 done.
[Rank 20] File 20, xtal 197 done.
[Rank 20] File 20, xtal 198 done.
[Rank 20] File 20, xtal 199 done.
[Rank 20] File 20, xtal 200 done.
[Rank 20] File 20, xtal 201 done.
[Rank 20] File 20, xtal 202 done.
[Rank 20] File 20, xtal 203 done.
[Rank 20] File 20, xtal 204 done.
[Rank 20] File 20, xtal 205 done.
[Rank 20] File 20, xtal 206 done.
[Rank 20] File 20, xtal 207 done.
[Rank 20] File 20, xtal 208 done.
[Rank 20] File 20, xtal 209 done.
[Rank 20] File 20, xtal 210 done.
[Rank 20] File 20, xtal 211 done.
[Rank 20] File 20, xtal 212 done.
[Rank 20] File 20, xtal 213 done.
[Rank 20] File 20, xtal 214 done.
[Rank 20] File 20, xtal 215 done.
[Rank 20] File 20, xtal 216 done.
[Rank 20] File 20, xtal 217 done.
[Rank 20] File 20, xtal 218 done.
[Rank 20] File 20, xtal 219 done.
[Rank 20] File 20, xtal 220 done.
[Rank 20] File 20, xtal 221 done.
[Rank 20] File 20, xtal 222 done.
[Rank 20] File 20, xtal 223 done.
[Rank 20] File 20, xtal 224 done.
[Rank 20] File 20, xtal 225 done.
[Rank 20] File 20, xtal 226 done.
[Rank 20] File 20, xtal 227 done.
[Rank 20] File 20, xtal 228 done.
[Rank 20] File 20, xtal 229 done.
[Rank 20] File 20, xtal 230 done.
[Rank 20] File 20, xtal 231 done.
[Rank 20] File 20, xtal 232 done.
[Rank 20] File 20, xtal 233 done.
[Rank 20] File 20, xtal 234 done.
[Rank 20] File 20, xtal 235 done.
[Rank 20] File 20, xtal 236 done.
[Rank 20] File 20, xtal 237 done.
[Rank 20] File 20, xtal 238 done.
[Rank 20] File 20, xtal 239 done.
[Rank 20] File 20, xtal 240 done.
[Rank 20] File 20, xtal 241 done.
[Rank 20] File 20, xtal 242 done.
[Rank 20] File 20, xtal 243 done.
[Rank 14] File 14, xtal 0 done.
[Rank 14] File 14, xtal 1 done.
[Rank 14] File 14, xtal 2 done.
[Rank 14] File 14, xtal 3 done.
[Rank 14] File 14, xtal 4 done.
[Rank 14] File 14, xtal 5 done.
[Rank 14] File 14, xtal 6 done.
[Rank 14] File 14, xtal 7 done.
[Rank 14] File 14, xtal 8 done.
[Rank 14] File 14, xtal 9 done.
[Rank 14] File 14, xtal 10 done.
[Rank 14] File 14, xtal 11 done.
[Rank 14] File 14, xtal 12 done.
[Rank 14] File 14, xtal 13 done.
[Rank 14] File 14, xtal 14 done.
[Rank 14] File 14, xtal 15 done.
[Rank 14] File 14, xtal 16 done.
[Rank 14] File 14, xtal 17 done.
[Rank 14] File 14, xtal 18 done.
[Rank 14] File 14, xtal 19 done.
[Rank 14] File 14, xtal 20 done.
[Rank 14] File 14, xtal 21 done.
[Rank 14] File 14, xtal 22 done.
[Rank 14] File 14, xtal 23 done.
[Rank 14] File 14, xtal 24 done.
[Rank 14] File 14, xtal 25 done.
[Rank 14] File 14, xtal 26 done.
[Rank 14] File 14, xtal 27 done.
[Rank 14] File 14, xtal 28 done.
[Rank 14] File 14, xtal 29 done.
[Rank 14] File 14, xtal 30 done.
[Rank 14] File 14, xtal 31 done.
[Rank 14] File 14, xtal 32 done.
[Rank 14] File 14, xtal 33 done.
[Rank 14] File 14, xtal 34 done.
[Rank 14] File 14, xtal 35 done.
[Rank 14] File 14, xtal 36 done.
[Rank 14] File 14, xtal 37 done.
[Rank 14] File 14, xtal 38 done.
[Rank 14] File 14, xtal 39 done.
[Rank 14] File 14, xtal 40 done.
[Rank 14] File 14, xtal 41 done.
[Rank 14] File 14, xtal 42 done.
[Rank 14] File 14, xtal 43 done.
[Rank 14] File 14, xtal 44 done.
[Rank 14] File 14, xtal 45 done.
[Rank 14] File 14, xtal 46 done.
[Rank 14] File 14, xtal 47 done.
[Rank 14] File 14, xtal 48 done.
[Rank 14] File 14, xtal 49 done.
[Rank 14] File 14, xtal 50 done.
[Rank 14] File 14, xtal 51 done.
[Rank 14] File 14, xtal 52 done.
[Rank 14] File 14, xtal 53 done.
[Rank 14] File 14, xtal 54 done.
[Rank 14] File 14, xtal 55 done.
[Rank 14] File 14, xtal 56 done.
[Rank 14] File 14, xtal 57 done.
[Rank 14] File 14, xtal 58 done.
[Rank 14] File 14, xtal 59 done.
[Rank 14] File 14, xtal 60 done.
[Rank 14] File 14, xtal 61 done.
[Rank 14] File 14, xtal 62 done.
[Rank 14] File 14, xtal 63 done.
[Rank 14] File 14, xtal 64 done.
[Rank 14] File 14, xtal 65 done.
[Rank 14] File 14, xtal 66 done.
[Rank 14] File 14, xtal 67 done.
[Rank 14] File 14, xtal 68 done.
[Rank 14] File 14, xtal 69 done.
[Rank 14] File 14, xtal 70 done.
[Rank 14] File 14, xtal 71 done.
[Rank 14] File 14, xtal 72 done.
[Rank 14] File 14, xtal 73 done.
[Rank 14] File 14, xtal 74 done.
[Rank 14] File 14, xtal 75 done.
[Rank 14] File 14, xtal 76 done.
[Rank 14] File 14, xtal 77 done.
[Rank 14] File 14, xtal 78 done.
[Rank 14] File 14, xtal 79 done.
[Rank 14] File 14, xtal 80 done.
[Rank 14] File 14, xtal 81 done.
[Rank 14] File 14, xtal 82 done.
[Rank 14] File 14, xtal 83 done.
[Rank 14] File 14, xtal 84 done.
[Rank 14] File 14, xtal 85 done.
[Rank 14] File 14, xtal 86 done.
[Rank 14] File 14, xtal 87 done.
[Rank 14] File 14, xtal 88 done.
[Rank 14] File 14, xtal 89 done.
[Rank 14] File 14, xtal 90 done.
[Rank 14] File 14, xtal 91 done.
[Rank 14] File 14, xtal 92 done.
[Rank 14] File 14, xtal 93 done.
[Rank 14] File 14, xtal 94 done.
[Rank 14] File 14, xtal 95 done.
[Rank 14] File 14, xtal 96 done.
[Rank 14] File 14, xtal 97 done.
[Rank 14] File 14, xtal 98 done.
[Rank 14] File 14, xtal 99 done.
[Rank 14] File 14, xtal 100 done.
[Rank 14] File 14, xtal 101 done.
[Rank 14] File 14, xtal 102 done.
[Rank 14] File 14, xtal 103 done.
[Rank 14] File 14, xtal 104 done.
[Rank 14] File 14, xtal 105 done.
[Rank 14] File 14, xtal 106 done.
[Rank 14] File 14, xtal 107 done.
[Rank 14] File 14, xtal 108 done.
[Rank 14] File 14, xtal 109 done.
[Rank 14] File 14, xtal 110 done.
[Rank 14] File 14, xtal 111 done.
[Rank 14] File 14, xtal 112 done.
[Rank 14] File 14, xtal 113 done.
[Rank 14] File 14, xtal 114 done.
[Rank 14] File 14, xtal 115 done.
[Rank 14] File 14, xtal 116 done.
[Rank 14] File 14, xtal 117 done.
[Rank 14] File 14, xtal 118 done.
[Rank 14] File 14, xtal 119 done.
[Rank 14] File 14, xtal 120 done.
[Rank 14] File 14, xtal 121 done.
[Rank 14] File 14, xtal 122 done.
[Rank 14] File 14, xtal 123 done.
[Rank 14] File 14, xtal 124 done.
[Rank 14] File 14, xtal 125 done.
[Rank 14] File 14, xtal 126 done.
[Rank 14] File 14, xtal 127 done.
[Rank 14] File 14, xtal 128 done.
[Rank 14] File 14, xtal 129 done.
[Rank 14] File 14, xtal 130 done.
[Rank 14] File 14, xtal 131 done.
[Rank 14] File 14, xtal 132 done.
[Rank 14] File 14, xtal 133 done.
[Rank 14] File 14, xtal 134 done.
[Rank 14] File 14, xtal 135 done.
[Rank 14] File 14, xtal 136 done.
[Rank 14] File 14, xtal 137 done.
[Rank 14] File 14, xtal 138 done.
[Rank 14] File 14, xtal 139 done.
[Rank 14] File 14, xtal 140 done.
[Rank 14] File 14, xtal 141 done.
[Rank 14] File 14, xtal 142 done.
[Rank 14] File 14, xtal 143 done.
[Rank 14] File 14, xtal 144 done.
[Rank 14] File 14, xtal 145 done.
[Rank 14] File 14, xtal 146 done.
[Rank 14] File 14, xtal 147 done.
[Rank 14] File 14, xtal 148 done.
[Rank 14] File 14, xtal 149 done.
[Rank 14] File 14, xtal 150 done.
[Rank 14] File 14, xtal 151 done.
[Rank 14] File 14, xtal 152 done.
[Rank 14] File 14, xtal 153 done.
[Rank 14] File 14, xtal 154 done.
[Rank 14] File 14, xtal 155 done.
[Rank 14] File 14, xtal 156 done.
[Rank 14] File 14, xtal 157 done.
[Rank 14] File 14, xtal 158 done.
[Rank 14] File 14, xtal 159 done.
[Rank 14] File 14, xtal 160 done.
[Rank 14] File 14, xtal 161 done.
[Rank 14] File 14, xtal 162 done.
[Rank 14] File 14, xtal 163 done.
[Rank 14] File 14, xtal 164 done.
[Rank 14] File 14, xtal 165 done.
[Rank 14] File 14, xtal 166 done.
[Rank 14] File 14, xtal 167 done.
[Rank 14] File 14, xtal 168 done.
[Rank 14] File 14, xtal 169 done.
[Rank 14] File 14, xtal 170 done.
[Rank 14] File 14, xtal 171 done.
[Rank 14] File 14, xtal 172 done.
[Rank 14] File 14, xtal 173 done.
[Rank 14] File 14, xtal 174 done.
[Rank 14] File 14, xtal 175 done.
[Rank 14] File 14, xtal 176 done.
[Rank 14] File 14, xtal 177 done.
[Rank 14] File 14, xtal 178 done.
[Rank 14] File 14, xtal 179 done.
[Rank 14] File 14, xtal 180 done.
[Rank 14] File 14, xtal 181 done.
[Rank 14] File 14, xtal 182 done.
[Rank 14] File 14, xtal 183 done.
[Rank 14] File 14, xtal 184 done.
[Rank 14] File 14, xtal 185 done.
[Rank 14] File 14, xtal 186 done.
[Rank 14] File 14, xtal 187 done.
[Rank 14] File 14, xtal 188 done.
[Rank 14] File 14, xtal 189 done.
[Rank 14] File 14, xtal 190 done.
[Rank 14] File 14, xtal 191 done.
[Rank 14] File 14, xtal 192 done.
[Rank 14] File 14, xtal 193 done.
[Rank 14] File 14, xtal 194 done.
[Rank 14] File 14, xtal 195 done.
[Rank 14] File 14, xtal 196 done.
[Rank 14] File 14, xtal 197 done.
[Rank 14] File 14, xtal 198 done.
[Rank 14] File 14, xtal 199 done.
[Rank 14] File 14, xtal 200 done.
[Rank 14] File 14, xtal 201 done.
[Rank 14] File 14, xtal 202 done.
[Rank 14] File 14, xtal 203 done.
[Rank 14] File 14, xtal 204 done.
[Rank 14] File 14, xtal 205 done.
[Rank 14] File 14, xtal 206 done.
[Rank 14] File 14, xtal 207 done.
[Rank 14] File 14, xtal 208 done.
[Rank 14] File 14, xtal 209 done.
[Rank 14] File 14, xtal 210 done.
[Rank 14] File 14, xtal 211 done.
[Rank 14] File 14, xtal 212 done.
[Rank 14] File 14, xtal 213 done.
[Rank 14] File 14, xtal 214 done.
[Rank 14] File 14, xtal 215 done.
[Rank 14] File 14, xtal 216 done.
[Rank 14] File 14, xtal 217 done.
[Rank 14] File 14, xtal 218 done.
[Rank 14] File 14, xtal 219 done.
[Rank 14] File 14, xtal 220 done.
[Rank 14] File 14, xtal 221 done.
[Rank 14] File 14, xtal 222 done.
[Rank 14] File 14, xtal 223 done.
[Rank 14] File 14, xtal 224 done.
[Rank 14] File 14, xtal 225 done.
[Rank 14] File 14, xtal 226 done.
[Rank 14] File 14, xtal 227 done.
[Rank 14] File 14, xtal 228 done.
[Rank 14] File 14, xtal 229 done.
[Rank 14] File 14, xtal 230 done.
[Rank 14] File 14, xtal 231 done.
[Rank 14] File 14, xtal 232 done.
[Rank 14] File 14, xtal 233 done.
[Rank 14] File 14, xtal 234 done.
[Rank 14] File 14, xtal 235 done.
[Rank 14] File 14, xtal 236 done.
[Rank 14] File 14, xtal 237 done.
[Rank 14] File 14, xtal 238 done.
[Rank 14] File 14, xtal 239 done.
[Rank 14] File 14, xtal 240 done.
[Rank 14] File 14, xtal 241 done.
[Rank 14] File 14, xtal 242 done.
[Rank 14] File 14, xtal 243 done.
[Rank 15] File 15, xtal 0 done.
[Rank 15] File 15, xtal 1 done.
[Rank 15] File 15, xtal 2 done.
[Rank 15] File 15, xtal 3 done.
[Rank 15] File 15, xtal 4 done.
[Rank 15] File 15, xtal 5 done.
[Rank 15] File 15, xtal 6 done.
[Rank 15] File 15, xtal 7 done.
[Rank 15] File 15, xtal 8 done.
[Rank 15] File 15, xtal 9 done.
[Rank 15] File 15, xtal 10 done.
[Rank 15] File 15, xtal 11 done.
[Rank 15] File 15, xtal 12 done.
[Rank 15] File 15, xtal 13 done.
[Rank 15] File 15, xtal 14 done.
[Rank 15] File 15, xtal 15 done.
[Rank 15] File 15, xtal 16 done.
[Rank 15] File 15, xtal 17 done.
[Rank 15] File 15, xtal 18 done.
[Rank 15] File 15, xtal 19 done.
[Rank 15] File 15, xtal 20 done.
[Rank 15] File 15, xtal 21 done.
[Rank 15] File 15, xtal 22 done.
[Rank 15] File 15, xtal 23 done.
[Rank 15] File 15, xtal 24 done.
[Rank 15] File 15, xtal 25 done.
[Rank 15] File 15, xtal 26 done.
[Rank 15] File 15, xtal 27 done.
[Rank 15] File 15, xtal 28 done.
[Rank 15] File 15, xtal 29 done.
[Rank 15] File 15, xtal 30 done.
[Rank 15] File 15, xtal 31 done.
[Rank 15] File 15, xtal 32 done.
[Rank 15] File 15, xtal 33 done.
[Rank 15] File 15, xtal 34 done.
[Rank 15] File 15, xtal 35 done.
[Rank 15] File 15, xtal 36 done.
[Rank 15] File 15, xtal 37 done.
[Rank 15] File 15, xtal 38 done.
[Rank 15] File 15, xtal 39 done.
[Rank 15] File 15, xtal 40 done.
[Rank 15] File 15, xtal 41 done.
[Rank 15] File 15, xtal 42 done.
[Rank 15] File 15, xtal 43 done.
[Rank 15] File 15, xtal 44 done.
[Rank 15] File 15, xtal 45 done.
[Rank 15] File 15, xtal 46 done.
[Rank 15] File 15, xtal 47 done.
[Rank 15] File 15, xtal 48 done.
[Rank 15] File 15, xtal 49 done.
[Rank 15] File 15, xtal 50 done.
[Rank 15] File 15, xtal 51 done.
[Rank 15] File 15, xtal 52 done.
[Rank 15] File 15, xtal 53 done.
[Rank 15] File 15, xtal 54 done.
[Rank 15] File 15, xtal 55 done.
[Rank 15] File 15, xtal 56 done.
[Rank 15] File 15, xtal 57 done.
[Rank 15] File 15, xtal 58 done.
[Rank 15] File 15, xtal 59 done.
[Rank 15] File 15, xtal 60 done.
[Rank 15] File 15, xtal 61 done.
[Rank 15] File 15, xtal 62 done.
[Rank 15] File 15, xtal 63 done.
[Rank 15] File 15, xtal 64 done.
[Rank 15] File 15, xtal 65 done.
[Rank 15] File 15, xtal 66 done.
[Rank 15] File 15, xtal 67 done.
[Rank 15] File 15, xtal 68 done.
[Rank 15] File 15, xtal 69 done.
[Rank 15] File 15, xtal 70 done.
[Rank 15] File 15, xtal 71 done.
[Rank 15] File 15, xtal 72 done.
[Rank 15] File 15, xtal 73 done.
[Rank 15] File 15, xtal 74 done.
[Rank 15] File 15, xtal 75 done.
[Rank 15] File 15, xtal 76 done.
[Rank 15] File 15, xtal 77 done.
[Rank 15] File 15, xtal 78 done.
[Rank 15] File 15, xtal 79 done.
[Rank 15] File 15, xtal 80 done.
[Rank 15] File 15, xtal 81 done.
[Rank 15] File 15, xtal 82 done.
[Rank 15] File 15, xtal 83 done.
[Rank 15] File 15, xtal 84 done.
[Rank 15] File 15, xtal 85 done.
[Rank 15] File 15, xtal 86 done.
[Rank 15] File 15, xtal 87 done.
[Rank 15] File 15, xtal 88 done.
[Rank 15] File 15, xtal 89 done.
[Rank 15] File 15, xtal 90 done.
[Rank 15] File 15, xtal 91 done.
[Rank 15] File 15, xtal 92 done.
[Rank 15] File 15, xtal 93 done.
[Rank 15] File 15, xtal 94 done.
[Rank 15] File 15, xtal 95 done.
[Rank 15] File 15, xtal 96 done.
[Rank 15] File 15, xtal 97 done.
[Rank 15] File 15, xtal 98 done.
[Rank 15] File 15, xtal 99 done.
[Rank 15] File 15, xtal 100 done.
[Rank 15] File 15, xtal 101 done.
[Rank 15] File 15, xtal 102 done.
[Rank 15] File 15, xtal 103 done.
[Rank 15] File 15, xtal 104 done.
[Rank 15] File 15, xtal 105 done.
[Rank 15] File 15, xtal 106 done.
[Rank 15] File 15, xtal 107 done.
[Rank 15] File 15, xtal 108 done.
[Rank 15] File 15, xtal 109 done.
[Rank 15] File 15, xtal 110 done.
[Rank 15] File 15, xtal 111 done.
[Rank 15] File 15, xtal 112 done.
[Rank 15] File 15, xtal 113 done.
[Rank 15] File 15, xtal 114 done.
[Rank 15] File 15, xtal 115 done.
[Rank 15] File 15, xtal 116 done.
[Rank 15] File 15, xtal 117 done.
[Rank 15] File 15, xtal 118 done.
[Rank 15] File 15, xtal 119 done.
[Rank 15] File 15, xtal 120 done.
[Rank 15] File 15, xtal 121 done.
[Rank 15] File 15, xtal 122 done.
[Rank 15] File 15, xtal 123 done.
[Rank 15] File 15, xtal 124 done.
[Rank 15] File 15, xtal 125 done.
[Rank 15] File 15, xtal 126 done.
[Rank 15] File 15, xtal 127 done.
[Rank 15] File 15, xtal 128 done.
[Rank 15] File 15, xtal 129 done.
[Rank 15] File 15, xtal 130 done.
[Rank 15] File 15, xtal 131 done.
[Rank 15] File 15, xtal 132 done.
[Rank 15] File 15, xtal 133 done.
[Rank 15] File 15, xtal 134 done.
[Rank 15] File 15, xtal 135 done.
[Rank 15] File 15, xtal 136 done.
[Rank 15] File 15, xtal 137 done.
[Rank 15] File 15, xtal 138 done.
[Rank 15] File 15, xtal 139 done.
[Rank 15] File 15, xtal 140 done.
[Rank 15] File 15, xtal 141 done.
[Rank 15] File 15, xtal 142 done.
[Rank 15] File 15, xtal 143 done.
[Rank 15] File 15, xtal 144 done.
[Rank 15] File 15, xtal 145 done.
[Rank 15] File 15, xtal 146 done.
[Rank 15] File 15, xtal 147 done.
[Rank 15] File 15, xtal 148 done.
[Rank 15] File 15, xtal 149 done.
[Rank 15] File 15, xtal 150 done.
[Rank 15] File 15, xtal 151 done.
[Rank 15] File 15, xtal 152 done.
[Rank 15] File 15, xtal 153 done.
[Rank 15] File 15, xtal 154 done.
[Rank 15] File 15, xtal 155 done.
[Rank 15] File 15, xtal 156 done.
[Rank 15] File 15, xtal 157 done.
[Rank 15] File 15, xtal 158 done.
[Rank 15] File 15, xtal 159 done.
[Rank 15] File 15, xtal 160 done.
[Rank 15] File 15, xtal 161 done.
[Rank 15] File 15, xtal 162 done.
[Rank 15] File 15, xtal 163 done.
[Rank 15] File 15, xtal 164 done.
[Rank 15] File 15, xtal 165 done.
[Rank 15] File 15, xtal 166 done.
[Rank 15] File 15, xtal 167 done.
[Rank 15] File 15, xtal 168 done.
[Rank 15] File 15, xtal 169 done.
[Rank 15] File 15, xtal 170 done.
[Rank 15] File 15, xtal 171 done.
[Rank 15] File 15, xtal 172 done.
[Rank 15] File 15, xtal 173 done.
[Rank 15] File 15, xtal 174 done.
[Rank 15] File 15, xtal 175 done.
[Rank 15] File 15, xtal 176 done.
[Rank 15] File 15, xtal 177 done.
[Rank 15] File 15, xtal 178 done.
[Rank 15] File 15, xtal 179 done.
[Rank 15] File 15, xtal 180 done.
[Rank 15] File 15, xtal 181 done.
[Rank 15] File 15, xtal 182 done.
[Rank 15] File 15, xtal 183 done.
[Rank 15] File 15, xtal 184 done.
[Rank 15] File 15, xtal 185 done.
[Rank 15] File 15, xtal 186 done.
[Rank 15] File 15, xtal 187 done.
[Rank 15] File 15, xtal 188 done.
[Rank 15] File 15, xtal 189 done.
[Rank 15] File 15, xtal 190 done.
[Rank 15] File 15, xtal 191 done.
[Rank 15] File 15, xtal 192 done.
[Rank 15] File 15, xtal 193 done.
[Rank 15] File 15, xtal 194 done.
[Rank 15] File 15, xtal 195 done.
[Rank 15] File 15, xtal 196 done.
[Rank 15] File 15, xtal 197 done.
[Rank 15] File 15, xtal 198 done.
[Rank 15] File 15, xtal 199 done.
[Rank 15] File 15, xtal 200 done.
[Rank 15] File 15, xtal 201 done.
[Rank 15] File 15, xtal 202 done.
[Rank 15] File 15, xtal 203 done.
[Rank 15] File 15, xtal 204 done.
[Rank 15] File 15, xtal 205 done.
[Rank 15] File 15, xtal 206 done.
[Rank 15] File 15, xtal 207 done.
[Rank 15] File 15, xtal 208 done.
[Rank 15] File 15, xtal 209 done.
[Rank 15] File 15, xtal 210 done.
[Rank 15] File 15, xtal 211 done.
[Rank 15] File 15, xtal 212 done.
[Rank 15] File 15, xtal 213 done.
[Rank 15] File 15, xtal 214 done.
[Rank 15] File 15, xtal 215 done.
[Rank 15] File 15, xtal 216 done.
[Rank 15] File 15, xtal 217 done.
[Rank 15] File 15, xtal 218 done.
[Rank 15] File 15, xtal 219 done.
[Rank 15] File 15, xtal 220 done.
[Rank 15] File 15, xtal 221 done.
[Rank 15] File 15, xtal 222 done.
[Rank 15] File 15, xtal 223 done.
[Rank 15] File 15, xtal 224 done.
[Rank 15] File 15, xtal 225 done.
[Rank 15] File 15, xtal 226 done.
[Rank 15] File 15, xtal 227 done.
[Rank 15] File 15, xtal 228 done.
[Rank 15] File 15, xtal 229 done.
[Rank 15] File 15, xtal 230 done.
[Rank 15] File 15, xtal 231 done.
[Rank 15] File 15, xtal 232 done.
[Rank 15] File 15, xtal 233 done.
[Rank 15] File 15, xtal 234 done.
[Rank 15] File 15, xtal 235 done.
[Rank 15] File 15, xtal 236 done.
[Rank 15] File 15, xtal 237 done.
[Rank 15] File 15, xtal 238 done.
[Rank 15] File 15, xtal 239 done.
[Rank 15] File 15, xtal 240 done.
[Rank 15] File 15, xtal 241 done.
[Rank 15] File 15, xtal 242 done.
[Rank 15] File 15, xtal 243 done.
[Rank 13] File 13, xtal 0 done.
[Rank 13] File 13, xtal 1 done.
[Rank 13] File 13, xtal 2 done.
[Rank 13] File 13, xtal 3 done.
[Rank 13] File 13, xtal 4 done.
[Rank 13] File 13, xtal 5 done.
[Rank 13] File 13, xtal 6 done.
[Rank 13] File 13, xtal 7 done.
[Rank 13] File 13, xtal 8 done.
[Rank 13] File 13, xtal 9 done.
[Rank 13] File 13, xtal 10 done.
[Rank 13] File 13, xtal 11 done.
[Rank 13] File 13, xtal 12 done.
[Rank 13] File 13, xtal 13 done.
[Rank 13] File 13, xtal 14 done.
[Rank 13] File 13, xtal 15 done.
[Rank 13] File 13, xtal 16 done.
[Rank 13] File 13, xtal 17 done.
[Rank 13] File 13, xtal 18 done.
[Rank 13] File 13, xtal 19 done.
[Rank 13] File 13, xtal 20 done.
[Rank 13] File 13, xtal 21 done.
[Rank 13] File 13, xtal 22 done.
[Rank 13] File 13, xtal 23 done.
[Rank 13] File 13, xtal 24 done.
[Rank 13] File 13, xtal 25 done.
[Rank 13] File 13, xtal 26 done.
[Rank 13] File 13, xtal 27 done.
[Rank 13] File 13, xtal 28 done.
[Rank 13] File 13, xtal 29 done.
[Rank 13] File 13, xtal 30 done.
[Rank 13] File 13, xtal 31 done.
[Rank 13] File 13, xtal 32 done.
[Rank 13] File 13, xtal 33 done.
[Rank 13] File 13, xtal 34 done.
[Rank 13] File 13, xtal 35 done.
[Rank 13] File 13, xtal 36 done.
[Rank 13] File 13, xtal 37 done.
[Rank 13] File 13, xtal 38 done.
[Rank 13] File 13, xtal 39 done.
[Rank 13] File 13, xtal 40 done.
[Rank 13] File 13, xtal 41 done.
[Rank 13] File 13, xtal 42 done.
[Rank 13] File 13, xtal 43 done.
[Rank 13] File 13, xtal 44 done.
[Rank 13] File 13, xtal 45 done.
[Rank 13] File 13, xtal 46 done.
[Rank 13] File 13, xtal 47 done.
[Rank 13] File 13, xtal 48 done.
[Rank 13] File 13, xtal 49 done.
[Rank 13] File 13, xtal 50 done.
[Rank 13] File 13, xtal 51 done.
[Rank 13] File 13, xtal 52 done.
[Rank 13] File 13, xtal 53 done.
[Rank 13] File 13, xtal 54 done.
[Rank 13] File 13, xtal 55 done.
[Rank 13] File 13, xtal 56 done.
[Rank 13] File 13, xtal 57 done.
[Rank 13] File 13, xtal 58 done.
[Rank 13] File 13, xtal 59 done.
[Rank 13] File 13, xtal 60 done.
[Rank 13] File 13, xtal 61 done.
[Rank 13] File 13, xtal 62 done.
[Rank 13] File 13, xtal 63 done.
[Rank 13] File 13, xtal 64 done.
[Rank 13] File 13, xtal 65 done.
[Rank 13] File 13, xtal 66 done.
[Rank 13] File 13, xtal 67 done.
[Rank 13] File 13, xtal 68 done.
[Rank 13] File 13, xtal 69 done.
[Rank 13] File 13, xtal 70 done.
[Rank 13] File 13, xtal 71 done.
[Rank 13] File 13, xtal 72 done.
[Rank 13] File 13, xtal 73 done.
[Rank 13] File 13, xtal 74 done.
[Rank 13] File 13, xtal 75 done.
[Rank 13] File 13, xtal 76 done.
[Rank 13] File 13, xtal 77 done.
[Rank 13] File 13, xtal 78 done.
[Rank 13] File 13, xtal 79 done.
[Rank 13] File 13, xtal 80 done.
[Rank 13] File 13, xtal 81 done.
[Rank 13] File 13, xtal 82 done.
[Rank 13] File 13, xtal 83 done.
[Rank 13] File 13, xtal 84 done.
[Rank 13] File 13, xtal 85 done.
[Rank 13] File 13, xtal 86 done.
[Rank 13] File 13, xtal 87 done.
[Rank 13] File 13, xtal 88 done.
[Rank 13] File 13, xtal 89 done.
[Rank 13] File 13, xtal 90 done.
[Rank 13] File 13, xtal 91 done.
[Rank 13] File 13, xtal 92 done.
[Rank 13] File 13, xtal 93 done.
[Rank 13] File 13, xtal 94 done.
[Rank 13] File 13, xtal 95 done.
[Rank 13] File 13, xtal 96 done.
[Rank 13] File 13, xtal 97 done.
[Rank 13] File 13, xtal 98 done.
[Rank 13] File 13, xtal 99 done.
[Rank 13] File 13, xtal 100 done.
[Rank 13] File 13, xtal 101 done.
[Rank 13] File 13, xtal 102 done.
[Rank 13] File 13, xtal 103 done.
[Rank 13] File 13, xtal 104 done.
[Rank 13] File 13, xtal 105 done.
[Rank 13] File 13, xtal 106 done.
[Rank 13] File 13, xtal 107 done.
[Rank 13] File 13, xtal 108 done.
[Rank 13] File 13, xtal 109 done.
[Rank 13] File 13, xtal 110 done.
[Rank 13] File 13, xtal 111 done.
[Rank 13] File 13, xtal 112 done.
[Rank 13] File 13, xtal 113 done.
[Rank 13] File 13, xtal 114 done.
[Rank 13] File 13, xtal 115 done.
[Rank 13] File 13, xtal 116 done.
[Rank 13] File 13, xtal 117 done.
[Rank 13] File 13, xtal 118 done.
[Rank 13] File 13, xtal 119 done.
[Rank 13] File 13, xtal 120 done.
[Rank 13] File 13, xtal 121 done.
[Rank 13] File 13, xtal 122 done.
[Rank 13] File 13, xtal 123 done.
[Rank 13] File 13, xtal 124 done.
[Rank 13] File 13, xtal 125 done.
[Rank 13] File 13, xtal 126 done.
[Rank 13] File 13, xtal 127 done.
[Rank 13] File 13, xtal 128 done.
[Rank 13] File 13, xtal 129 done.
[Rank 13] File 13, xtal 130 done.
[Rank 13] File 13, xtal 131 done.
[Rank 13] File 13, xtal 132 done.
[Rank 13] File 13, xtal 133 done.
[Rank 13] File 13, xtal 134 done.
[Rank 13] File 13, xtal 135 done.
[Rank 13] File 13, xtal 136 done.
[Rank 13] File 13, xtal 137 done.
[Rank 13] File 13, xtal 138 done.
[Rank 13] File 13, xtal 139 done.
[Rank 13] File 13, xtal 140 done.
[Rank 13] File 13, xtal 141 done.
[Rank 13] File 13, xtal 142 done.
[Rank 13] File 13, xtal 143 done.
[Rank 13] File 13, xtal 144 done.
[Rank 13] File 13, xtal 145 done.
[Rank 13] File 13, xtal 146 done.
[Rank 13] File 13, xtal 147 done.
[Rank 13] File 13, xtal 148 done.
[Rank 13] File 13, xtal 149 done.
[Rank 13] File 13, xtal 150 done.
[Rank 13] File 13, xtal 151 done.
[Rank 13] File 13, xtal 152 done.
[Rank 13] File 13, xtal 153 done.
[Rank 13] File 13, xtal 154 done.
[Rank 13] File 13, xtal 155 done.
[Rank 13] File 13, xtal 156 done.
[Rank 13] File 13, xtal 157 done.
[Rank 13] File 13, xtal 158 done.
[Rank 13] File 13, xtal 159 done.
[Rank 13] File 13, xtal 160 done.
[Rank 13] File 13, xtal 161 done.
[Rank 13] File 13, xtal 162 done.
[Rank 13] File 13, xtal 163 done.
[Rank 13] File 13, xtal 164 done.
[Rank 13] File 13, xtal 165 done.
[Rank 13] File 13, xtal 166 done.
[Rank 13] File 13, xtal 167 done.
[Rank 13] File 13, xtal 168 done.
[Rank 13] File 13, xtal 169 done.
[Rank 13] File 13, xtal 170 done.
[Rank 13] File 13, xtal 171 done.
[Rank 13] File 13, xtal 172 done.
[Rank 13] File 13, xtal 173 done.
[Rank 13] File 13, xtal 174 done.
[Rank 13] File 13, xtal 175 done.
[Rank 13] File 13, xtal 176 done.
[Rank 13] File 13, xtal 177 done.
[Rank 13] File 13, xtal 178 done.
[Rank 13] File 13, xtal 179 done.
[Rank 13] File 13, xtal 180 done.
[Rank 13] File 13, xtal 181 done.
[Rank 13] File 13, xtal 182 done.
[Rank 13] File 13, xtal 183 done.
[Rank 13] File 13, xtal 184 done.
[Rank 13] File 13, xtal 185 done.
[Rank 13] File 13, xtal 186 done.
[Rank 13] File 13, xtal 187 done.
[Rank 13] File 13, xtal 188 done.
[Rank 13] File 13, xtal 189 done.
[Rank 13] File 13, xtal 190 done.
[Rank 13] File 13, xtal 191 done.
[Rank 13] File 13, xtal 192 done.
[Rank 13] File 13, xtal 193 done.
[Rank 13] File 13, xtal 194 done.
[Rank 13] File 13, xtal 195 done.
[Rank 13] File 13, xtal 196 done.
[Rank 13] File 13, xtal 197 done.
[Rank 13] File 13, xtal 198 done.
[Rank 13] File 13, xtal 199 done.
[Rank 13] File 13, xtal 200 done.
[Rank 13] File 13, xtal 201 done.
[Rank 13] File 13, xtal 202 done.
[Rank 13] File 13, xtal 203 done.
[Rank 13] File 13, xtal 204 done.
[Rank 13] File 13, xtal 205 done.
[Rank 13] File 13, xtal 206 done.
[Rank 13] File 13, xtal 207 done.
[Rank 13] File 13, xtal 208 done.
[Rank 13] File 13, xtal 209 done.
[Rank 13] File 13, xtal 210 done.
[Rank 13] File 13, xtal 211 done.
[Rank 13] File 13, xtal 212 done.
[Rank 13] File 13, xtal 213 done.
[Rank 13] File 13, xtal 214 done.
[Rank 13] File 13, xtal 215 done.
[Rank 13] File 13, xtal 216 done.
[Rank 13] File 13, xtal 217 done.
[Rank 13] File 13, xtal 218 done.
[Rank 13] File 13, xtal 219 done.
[Rank 13] File 13, xtal 220 done.
[Rank 13] File 13, xtal 221 done.
[Rank 13] File 13, xtal 222 done.
[Rank 13] File 13, xtal 223 done.
[Rank 13] File 13, xtal 224 done.
[Rank 13] File 13, xtal 225 done.
[Rank 13] File 13, xtal 226 done.
[Rank 13] File 13, xtal 227 done.
[Rank 13] File 13, xtal 228 done.
[Rank 13] File 13, xtal 229 done.
[Rank 13] File 13, xtal 230 done.
[Rank 13] File 13, xtal 231 done.
[Rank 13] File 13, xtal 232 done.
[Rank 13] File 13, xtal 233 done.
[Rank 13] File 13, xtal 234 done.
[Rank 13] File 13, xtal 235 done.
[Rank 13] File 13, xtal 236 done.
[Rank 13] File 13, xtal 237 done.
[Rank 13] File 13, xtal 238 done.
[Rank 13] File 13, xtal 239 done.
[Rank 13] File 13, xtal 240 done.
[Rank 13] File 13, xtal 241 done.
[Rank 13] File 13, xtal 242 done.
[Rank 13] File 13, xtal 243 done.
[Rank 11] File 11, xtal 0 done.
[Rank 11] File 11, xtal 1 done.
[Rank 11] File 11, xtal 2 done.
[Rank 11] File 11, xtal 3 done.
[Rank 11] File 11, xtal 4 done.
[Rank 11] File 11, xtal 5 done.
[Rank 11] File 11, xtal 6 done.
[Rank 11] File 11, xtal 7 done.
[Rank 11] File 11, xtal 8 done.
[Rank 11] File 11, xtal 9 done.
[Rank 11] File 11, xtal 10 done.
[Rank 11] File 11, xtal 11 done.
[Rank 11] File 11, xtal 12 done.
[Rank 11] File 11, xtal 13 done.
[Rank 11] File 11, xtal 14 done.
[Rank 11] File 11, xtal 15 done.
[Rank 11] File 11, xtal 16 done.
[Rank 11] File 11, xtal 17 done.
[Rank 11] File 11, xtal 18 done.
[Rank 11] File 11, xtal 19 done.
[Rank 11] File 11, xtal 20 done.
[Rank 11] File 11, xtal 21 done.
[Rank 11] File 11, xtal 22 done.
[Rank 11] File 11, xtal 23 done.
[Rank 11] File 11, xtal 24 done.
[Rank 11] File 11, xtal 25 done.
[Rank 11] File 11, xtal 26 done.
[Rank 11] File 11, xtal 27 done.
[Rank 11] File 11, xtal 28 done.
[Rank 11] File 11, xtal 29 done.
[Rank 11] File 11, xtal 30 done.
[Rank 11] File 11, xtal 31 done.
[Rank 11] File 11, xtal 32 done.
[Rank 11] File 11, xtal 33 done.
[Rank 11] File 11, xtal 34 done.
[Rank 11] File 11, xtal 35 done.
[Rank 11] File 11, xtal 36 done.
[Rank 11] File 11, xtal 37 done.
[Rank 11] File 11, xtal 38 done.
[Rank 11] File 11, xtal 39 done.
[Rank 11] File 11, xtal 40 done.
[Rank 11] File 11, xtal 41 done.
[Rank 11] File 11, xtal 42 done.
[Rank 11] File 11, xtal 43 done.
[Rank 11] File 11, xtal 44 done.
[Rank 11] File 11, xtal 45 done.
[Rank 11] File 11, xtal 46 done.
[Rank 11] File 11, xtal 47 done.
[Rank 11] File 11, xtal 48 done.
[Rank 11] File 11, xtal 49 done.
[Rank 11] File 11, xtal 50 done.
[Rank 11] File 11, xtal 51 done.
[Rank 11] File 11, xtal 52 done.
[Rank 11] File 11, xtal 53 done.
[Rank 11] File 11, xtal 54 done.
[Rank 11] File 11, xtal 55 done.
[Rank 11] File 11, xtal 56 done.
[Rank 11] File 11, xtal 57 done.
[Rank 11] File 11, xtal 58 done.
[Rank 11] File 11, xtal 59 done.
[Rank 11] File 11, xtal 60 done.
[Rank 11] File 11, xtal 61 done.
[Rank 11] File 11, xtal 62 done.
[Rank 11] File 11, xtal 63 done.
[Rank 11] File 11, xtal 64 done.
[Rank 11] File 11, xtal 65 done.
[Rank 11] File 11, xtal 66 done.
[Rank 11] File 11, xtal 67 done.
[Rank 11] File 11, xtal 68 done.
[Rank 11] File 11, xtal 69 done.
[Rank 11] File 11, xtal 70 done.
[Rank 11] File 11, xtal 71 done.
[Rank 11] File 11, xtal 72 done.
[Rank 11] File 11, xtal 73 done.
[Rank 11] File 11, xtal 74 done.
[Rank 11] File 11, xtal 75 done.
[Rank 11] File 11, xtal 76 done.
[Rank 11] File 11, xtal 77 done.
[Rank 11] File 11, xtal 78 done.
[Rank 11] File 11, xtal 79 done.
[Rank 11] File 11, xtal 80 done.
[Rank 11] File 11, xtal 81 done.
[Rank 11] File 11, xtal 82 done.
[Rank 11] File 11, xtal 83 done.
[Rank 11] File 11, xtal 84 done.
[Rank 11] File 11, xtal 85 done.
[Rank 11] File 11, xtal 86 done.
[Rank 11] File 11, xtal 87 done.
[Rank 11] File 11, xtal 88 done.
[Rank 11] File 11, xtal 89 done.
[Rank 11] File 11, xtal 90 done.
[Rank 11] File 11, xtal 91 done.
[Rank 11] File 11, xtal 92 done.
[Rank 11] File 11, xtal 93 done.
[Rank 11] File 11, xtal 94 done.
[Rank 11] File 11, xtal 95 done.
[Rank 11] File 11, xtal 96 done.
[Rank 11] File 11, xtal 97 done.
[Rank 11] File 11, xtal 98 done.
[Rank 11] File 11, xtal 99 done.
[Rank 11] File 11, xtal 100 done.
[Rank 11] File 11, xtal 101 done.
[Rank 11] File 11, xtal 102 done.
[Rank 11] File 11, xtal 103 done.
[Rank 11] File 11, xtal 104 done.
[Rank 11] File 11, xtal 105 done.
[Rank 11] File 11, xtal 106 done.
[Rank 11] File 11, xtal 107 done.
[Rank 11] File 11, xtal 108 done.
[Rank 11] File 11, xtal 109 done.
[Rank 11] File 11, xtal 110 done.
[Rank 11] File 11, xtal 111 done.
[Rank 11] File 11, xtal 112 done.
[Rank 11] File 11, xtal 113 done.
[Rank 11] File 11, xtal 114 done.
[Rank 11] File 11, xtal 115 done.
[Rank 11] File 11, xtal 116 done.
[Rank 11] File 11, xtal 117 done.
[Rank 11] File 11, xtal 118 done.
[Rank 11] File 11, xtal 119 done.
[Rank 11] File 11, xtal 120 done.
[Rank 11] File 11, xtal 121 done.
[Rank 11] File 11, xtal 122 done.
[Rank 11] File 11, xtal 123 done.
[Rank 11] File 11, xtal 124 done.
[Rank 11] File 11, xtal 125 done.
[Rank 11] File 11, xtal 126 done.
[Rank 11] File 11, xtal 127 done.
[Rank 11] File 11, xtal 128 done.
[Rank 11] File 11, xtal 129 done.
[Rank 11] File 11, xtal 130 done.
[Rank 11] File 11, xtal 131 done.
[Rank 11] File 11, xtal 132 done.
[Rank 11] File 11, xtal 133 done.
[Rank 11] File 11, xtal 134 done.
[Rank 11] File 11, xtal 135 done.
[Rank 11] File 11, xtal 136 done.
[Rank 11] File 11, xtal 137 done.
[Rank 11] File 11, xtal 138 done.
[Rank 11] File 11, xtal 139 done.
[Rank 11] File 11, xtal 140 done.
[Rank 11] File 11, xtal 141 done.
[Rank 11] File 11, xtal 142 done.
[Rank 11] File 11, xtal 143 done.
[Rank 11] File 11, xtal 144 done.
[Rank 11] File 11, xtal 145 done.
[Rank 11] File 11, xtal 146 done.
[Rank 11] File 11, xtal 147 done.
[Rank 11] File 11, xtal 148 done.
[Rank 11] File 11, xtal 149 done.
[Rank 11] File 11, xtal 150 done.
[Rank 11] File 11, xtal 151 done.
[Rank 11] File 11, xtal 152 done.
[Rank 11] File 11, xtal 153 done.
[Rank 11] File 11, xtal 154 done.
[Rank 11] File 11, xtal 155 done.
[Rank 11] File 11, xtal 156 done.
[Rank 11] File 11, xtal 157 done.
[Rank 11] File 11, xtal 158 done.
[Rank 11] File 11, xtal 159 done.
[Rank 11] File 11, xtal 160 done.
[Rank 11] File 11, xtal 161 done.
[Rank 11] File 11, xtal 162 done.
[Rank 11] File 11, xtal 163 done.
[Rank 11] File 11, xtal 164 done.
[Rank 11] File 11, xtal 165 done.
[Rank 11] File 11, xtal 166 done.
[Rank 11] File 11, xtal 167 done.
[Rank 11] File 11, xtal 168 done.
[Rank 11] File 11, xtal 169 done.
[Rank 11] File 11, xtal 170 done.
[Rank 11] File 11, xtal 171 done.
[Rank 11] File 11, xtal 172 done.
[Rank 11] File 11, xtal 173 done.
[Rank 11] File 11, xtal 174 done.
[Rank 11] File 11, xtal 175 done.
[Rank 11] File 11, xtal 176 done.
[Rank 11] File 11, xtal 177 done.
[Rank 11] File 11, xtal 178 done.
[Rank 11] File 11, xtal 179 done.
[Rank 11] File 11, xtal 180 done.
[Rank 11] File 11, xtal 181 done.
[Rank 11] File 11, xtal 182 done.
[Rank 11] File 11, xtal 183 done.
[Rank 11] File 11, xtal 184 done.
[Rank 11] File 11, xtal 185 done.
[Rank 11] File 11, xtal 186 done.
[Rank 11] File 11, xtal 187 done.
[Rank 11] File 11, xtal 188 done.
[Rank 11] File 11, xtal 189 done.
[Rank 11] File 11, xtal 190 done.
[Rank 11] File 11, xtal 191 done.
[Rank 11] File 11, xtal 192 done.
[Rank 11] File 11, xtal 193 done.
[Rank 11] File 11, xtal 194 done.
[Rank 11] File 11, xtal 195 done.
[Rank 11] File 11, xtal 196 done.
[Rank 11] File 11, xtal 197 done.
[Rank 11] File 11, xtal 198 done.
[Rank 11] File 11, xtal 199 done.
[Rank 11] File 11, xtal 200 done.
[Rank 11] File 11, xtal 201 done.
[Rank 11] File 11, xtal 202 done.
[Rank 11] File 11, xtal 203 done.
[Rank 11] File 11, xtal 204 done.
[Rank 11] File 11, xtal 205 done.
[Rank 11] File 11, xtal 206 done.
[Rank 11] File 11, xtal 207 done.
[Rank 11] File 11, xtal 208 done.
[Rank 11] File 11, xtal 209 done.
[Rank 11] File 11, xtal 210 done.
[Rank 11] File 11, xtal 211 done.
[Rank 11] File 11, xtal 212 done.
[Rank 11] File 11, xtal 213 done.
[Rank 11] File 11, xtal 214 done.
[Rank 11] File 11, xtal 215 done.
[Rank 11] File 11, xtal 216 done.
[Rank 11] File 11, xtal 217 done.
[Rank 11] File 11, xtal 218 done.
[Rank 11] File 11, xtal 219 done.
[Rank 11] File 11, xtal 220 done.
[Rank 11] File 11, xtal 221 done.
[Rank 11] File 11, xtal 222 done.
[Rank 11] File 11, xtal 223 done.
[Rank 11] File 11, xtal 224 done.
[Rank 11] File 11, xtal 225 done.
[Rank 11] File 11, xtal 226 done.
[Rank 11] File 11, xtal 227 done.
[Rank 11] File 11, xtal 228 done.
[Rank 11] File 11, xtal 229 done.
[Rank 11] File 11, xtal 230 done.
[Rank 11] File 11, xtal 231 done.
[Rank 11] File 11, xtal 232 done.
[Rank 11] File 11, xtal 233 done.
[Rank 11] File 11, xtal 234 done.
[Rank 11] File 11, xtal 235 done.
[Rank 11] File 11, xtal 236 done.
[Rank 11] File 11, xtal 237 done.
[Rank 11] File 11, xtal 238 done.
[Rank 11] File 11, xtal 239 done.
[Rank 11] File 11, xtal 240 done.
[Rank 11] File 11, xtal 241 done.
[Rank 11] File 11, xtal 242 done.
[Rank 11] File 11, xtal 243 done.
[Rank 10] File 10, xtal 0 done.
[Rank 10] File 10, xtal 1 done.
[Rank 10] File 10, xtal 2 done.
[Rank 10] File 10, xtal 3 done.
[Rank 10] File 10, xtal 4 done.
[Rank 10] File 10, xtal 5 done.
[Rank 10] File 10, xtal 6 done.
[Rank 10] File 10, xtal 7 done.
[Rank 10] File 10, xtal 8 done.
[Rank 10] File 10, xtal 9 done.
[Rank 10] File 10, xtal 10 done.
[Rank 10] File 10, xtal 11 done.
[Rank 10] File 10, xtal 12 done.
[Rank 10] File 10, xtal 13 done.
[Rank 10] File 10, xtal 14 done.
[Rank 10] File 10, xtal 15 done.
[Rank 10] File 10, xtal 16 done.
[Rank 10] File 10, xtal 17 done.
[Rank 10] File 10, xtal 18 done.
[Rank 10] File 10, xtal 19 done.
[Rank 10] File 10, xtal 20 done.
[Rank 10] File 10, xtal 21 done.
[Rank 10] File 10, xtal 22 done.
[Rank 10] File 10, xtal 23 done.
[Rank 10] File 10, xtal 24 done.
[Rank 10] File 10, xtal 25 done.
[Rank 10] File 10, xtal 26 done.
[Rank 10] File 10, xtal 27 done.
[Rank 10] File 10, xtal 28 done.
[Rank 10] File 10, xtal 29 done.
[Rank 10] File 10, xtal 30 done.
[Rank 10] File 10, xtal 31 done.
[Rank 10] File 10, xtal 32 done.
[Rank 10] File 10, xtal 33 done.
[Rank 10] File 10, xtal 34 done.
[Rank 10] File 10, xtal 35 done.
[Rank 10] File 10, xtal 36 done.
[Rank 10] File 10, xtal 37 done.
[Rank 10] File 10, xtal 38 done.
[Rank 10] File 10, xtal 39 done.
[Rank 10] File 10, xtal 40 done.
[Rank 10] File 10, xtal 41 done.
[Rank 10] File 10, xtal 42 done.
[Rank 10] File 10, xtal 43 done.
[Rank 10] File 10, xtal 44 done.
[Rank 10] File 10, xtal 45 done.
[Rank 10] File 10, xtal 46 done.
[Rank 10] File 10, xtal 47 done.
[Rank 10] File 10, xtal 48 done.
[Rank 10] File 10, xtal 49 done.
[Rank 10] File 10, xtal 50 done.
[Rank 10] File 10, xtal 51 done.
[Rank 10] File 10, xtal 52 done.
[Rank 10] File 10, xtal 53 done.
[Rank 10] File 10, xtal 54 done.
[Rank 10] File 10, xtal 55 done.
[Rank 10] File 10, xtal 56 done.
[Rank 10] File 10, xtal 57 done.
[Rank 10] File 10, xtal 58 done.
[Rank 10] File 10, xtal 59 done.
[Rank 10] File 10, xtal 60 done.
[Rank 10] File 10, xtal 61 done.
[Rank 10] File 10, xtal 62 done.
[Rank 10] File 10, xtal 63 done.
[Rank 10] File 10, xtal 64 done.
[Rank 10] File 10, xtal 65 done.
[Rank 10] File 10, xtal 66 done.
[Rank 10] File 10, xtal 67 done.
[Rank 10] File 10, xtal 68 done.
[Rank 10] File 10, xtal 69 done.
[Rank 10] File 10, xtal 70 done.
[Rank 10] File 10, xtal 71 done.
[Rank 10] File 10, xtal 72 done.
[Rank 10] File 10, xtal 73 done.
[Rank 10] File 10, xtal 74 done.
[Rank 10] File 10, xtal 75 done.
[Rank 10] File 10, xtal 76 done.
[Rank 10] File 10, xtal 77 done.
[Rank 10] File 10, xtal 78 done.
[Rank 10] File 10, xtal 79 done.
[Rank 10] File 10, xtal 80 done.
[Rank 10] File 10, xtal 81 done.
[Rank 10] File 10, xtal 82 done.
[Rank 10] File 10, xtal 83 done.
[Rank 10] File 10, xtal 84 done.
[Rank 10] File 10, xtal 85 done.
[Rank 10] File 10, xtal 86 done.
[Rank 10] File 10, xtal 87 done.
[Rank 10] File 10, xtal 88 done.
[Rank 10] File 10, xtal 89 done.
[Rank 10] File 10, xtal 90 done.
[Rank 10] File 10, xtal 91 done.
[Rank 10] File 10, xtal 92 done.
[Rank 10] File 10, xtal 93 done.
[Rank 10] File 10, xtal 94 done.
[Rank 10] File 10, xtal 95 done.
[Rank 10] File 10, xtal 96 done.
[Rank 10] File 10, xtal 97 done.
[Rank 10] File 10, xtal 98 done.
[Rank 10] File 10, xtal 99 done.
[Rank 10] File 10, xtal 100 done.
[Rank 10] File 10, xtal 101 done.
[Rank 10] File 10, xtal 102 done.
[Rank 10] File 10, xtal 103 done.
[Rank 10] File 10, xtal 104 done.
[Rank 10] File 10, xtal 105 done.
[Rank 10] File 10, xtal 106 done.
[Rank 10] File 10, xtal 107 done.
[Rank 10] File 10, xtal 108 done.
[Rank 10] File 10, xtal 109 done.
[Rank 10] File 10, xtal 110 done.
[Rank 10] File 10, xtal 111 done.
[Rank 10] File 10, xtal 112 done.
[Rank 10] File 10, xtal 113 done.
[Rank 10] File 10, xtal 114 done.
[Rank 10] File 10, xtal 115 done.
[Rank 10] File 10, xtal 116 done.
[Rank 10] File 10, xtal 117 done.
[Rank 10] File 10, xtal 118 done.
[Rank 10] File 10, xtal 119 done.
[Rank 10] File 10, xtal 120 done.
[Rank 10] File 10, xtal 121 done.
[Rank 10] File 10, xtal 122 done.
[Rank 10] File 10, xtal 123 done.
[Rank 10] File 10, xtal 124 done.
[Rank 10] File 10, xtal 125 done.
[Rank 10] File 10, xtal 126 done.
[Rank 10] File 10, xtal 127 done.
[Rank 10] File 10, xtal 128 done.
[Rank 10] File 10, xtal 129 done.
[Rank 10] File 10, xtal 130 done.
[Rank 10] File 10, xtal 131 done.
[Rank 10] File 10, xtal 132 done.
[Rank 10] File 10, xtal 133 done.
[Rank 10] File 10, xtal 134 done.
[Rank 10] File 10, xtal 135 done.
[Rank 10] File 10, xtal 136 done.
[Rank 10] File 10, xtal 137 done.
[Rank 10] File 10, xtal 138 done.
[Rank 10] File 10, xtal 139 done.
[Rank 10] File 10, xtal 140 done.
[Rank 10] File 10, xtal 141 done.
[Rank 10] File 10, xtal 142 done.
[Rank 10] File 10, xtal 143 done.
[Rank 10] File 10, xtal 144 done.
[Rank 10] File 10, xtal 145 done.
[Rank 10] File 10, xtal 146 done.
[Rank 10] File 10, xtal 147 done.
[Rank 10] File 10, xtal 148 done.
[Rank 10] File 10, xtal 149 done.
[Rank 10] File 10, xtal 150 done.
[Rank 10] File 10, xtal 151 done.
[Rank 10] File 10, xtal 152 done.
[Rank 10] File 10, xtal 153 done.
[Rank 10] File 10, xtal 154 done.
[Rank 10] File 10, xtal 155 done.
[Rank 10] File 10, xtal 156 done.
[Rank 10] File 10, xtal 157 done.
[Rank 10] File 10, xtal 158 done.
[Rank 10] File 10, xtal 159 done.
[Rank 10] File 10, xtal 160 done.
[Rank 10] File 10, xtal 161 done.
[Rank 10] File 10, xtal 162 done.
[Rank 10] File 10, xtal 163 done.
[Rank 10] File 10, xtal 164 done.
[Rank 10] File 10, xtal 165 done.
[Rank 10] File 10, xtal 166 done.
[Rank 10] File 10, xtal 167 done.
[Rank 10] File 10, xtal 168 done.
[Rank 10] File 10, xtal 169 done.
[Rank 10] File 10, xtal 170 done.
[Rank 10] File 10, xtal 171 done.
[Rank 10] File 10, xtal 172 done.
[Rank 10] File 10, xtal 173 done.
[Rank 10] File 10, xtal 174 done.
[Rank 10] File 10, xtal 175 done.
[Rank 10] File 10, xtal 176 done.
[Rank 10] File 10, xtal 177 done.
[Rank 10] File 10, xtal 178 done.
[Rank 10] File 10, xtal 179 done.
[Rank 10] File 10, xtal 180 done.
[Rank 10] File 10, xtal 181 done.
[Rank 10] File 10, xtal 182 done.
[Rank 10] File 10, xtal 183 done.
[Rank 10] File 10, xtal 184 done.
[Rank 10] File 10, xtal 185 done.
[Rank 10] File 10, xtal 186 done.
[Rank 10] File 10, xtal 187 done.
[Rank 10] File 10, xtal 188 done.
[Rank 10] File 10, xtal 189 done.
[Rank 10] File 10, xtal 190 done.
[Rank 10] File 10, xtal 191 done.
[Rank 10] File 10, xtal 192 done.
[Rank 10] File 10, xtal 193 done.
[Rank 10] File 10, xtal 194 done.
[Rank 10] File 10, xtal 195 done.
[Rank 10] File 10, xtal 196 done.
[Rank 10] File 10, xtal 197 done.
[Rank 10] File 10, xtal 198 done.
[Rank 10] File 10, xtal 199 done.
[Rank 10] File 10, xtal 200 done.
[Rank 10] File 10, xtal 201 done.
[Rank 10] File 10, xtal 202 done.
[Rank 10] File 10, xtal 203 done.
[Rank 10] File 10, xtal 204 done.
[Rank 10] File 10, xtal 205 done.
[Rank 10] File 10, xtal 206 done.
[Rank 10] File 10, xtal 207 done.
[Rank 10] File 10, xtal 208 done.
[Rank 10] File 10, xtal 209 done.
[Rank 10] File 10, xtal 210 done.
[Rank 10] File 10, xtal 211 done.
[Rank 10] File 10, xtal 212 done.
[Rank 10] File 10, xtal 213 done.
[Rank 10] File 10, xtal 214 done.
[Rank 10] File 10, xtal 215 done.
[Rank 10] File 10, xtal 216 done.
[Rank 10] File 10, xtal 217 done.
[Rank 10] File 10, xtal 218 done.
[Rank 10] File 10, xtal 219 done.
[Rank 10] File 10, xtal 220 done.
[Rank 10] File 10, xtal 221 done.
[Rank 10] File 10, xtal 222 done.
[Rank 10] File 10, xtal 223 done.
[Rank 10] File 10, xtal 224 done.
[Rank 10] File 10, xtal 225 done.
[Rank 10] File 10, xtal 226 done.
[Rank 10] File 10, xtal 227 done.
[Rank 10] File 10, xtal 228 done.
[Rank 10] File 10, xtal 229 done.
[Rank 10] File 10, xtal 230 done.
[Rank 10] File 10, xtal 231 done.
[Rank 10] File 10, xtal 232 done.
[Rank 10] File 10, xtal 233 done.
[Rank 10] File 10, xtal 234 done.
[Rank 10] File 10, xtal 235 done.
[Rank 10] File 10, xtal 236 done.
[Rank 10] File 10, xtal 237 done.
[Rank 10] File 10, xtal 238 done.
[Rank 10] File 10, xtal 239 done.
[Rank 10] File 10, xtal 240 done.
[Rank 10] File 10, xtal 241 done.
[Rank 10] File 10, xtal 242 done.
[Rank 10] File 10, xtal 243 done.
[Rank 0] File 0, xtal 0 done.
[Rank 0] File 0, xtal 1 done.
[Rank 0] File 0, xtal 2 done.
[Rank 0] File 0, xtal 3 done.
[Rank 0] File 0, xtal 4 done.
[Rank 0] File 0, xtal 5 done.
[Rank 0] File 0, xtal 6 done.
[Rank 0] File 0, xtal 7 done.
[Rank 0] File 0, xtal 8 done.
[Rank 0] File 0, xtal 9 done.
[Rank 0] File 0, xtal 10 done.
[Rank 0] File 0, xtal 11 done.
[Rank 0] File 0, xtal 12 done.
[Rank 0] File 0, xtal 13 done.
[Rank 0] File 0, xtal 14 done.
[Rank 0] File 0, xtal 15 done.
[Rank 0] File 0, xtal 16 done.
[Rank 0] File 0, xtal 17 done.
[Rank 0] File 0, xtal 18 done.
[Rank 0] File 0, xtal 19 done.
[Rank 0] File 0, xtal 20 done.
[Rank 0] File 0, xtal 21 done.
[Rank 0] File 0, xtal 22 done.
[Rank 0] File 0, xtal 23 done.
[Rank 0] File 0, xtal 24 done.
[Rank 0] File 0, xtal 25 done.
[Rank 0] File 0, xtal 26 done.
[Rank 0] File 0, xtal 27 done.
[Rank 0] File 0, xtal 28 done.
[Rank 0] File 0, xtal 29 done.
[Rank 0] File 0, xtal 30 done.
[Rank 0] File 0, xtal 31 done.
[Rank 0] File 0, xtal 32 done.
[Rank 0] File 0, xtal 33 done.
[Rank 0] File 0, xtal 34 done.
[Rank 0] File 0, xtal 35 done.
[Rank 0] File 0, xtal 36 done.
[Rank 0] File 0, xtal 37 done.
[Rank 0] File 0, xtal 38 done.
[Rank 0] File 0, xtal 39 done.
[Rank 0] File 0, xtal 40 done.
[Rank 0] File 0, xtal 41 done.
[Rank 0] File 0, xtal 42 done.
[Rank 0] File 0, xtal 43 done.
[Rank 0] File 0, xtal 44 done.
[Rank 0] File 0, xtal 45 done.
[Rank 0] File 0, xtal 46 done.
[Rank 0] File 0, xtal 47 done.
[Rank 0] File 0, xtal 48 done.
[Rank 0] File 0, xtal 49 done.
[Rank 0] File 0, xtal 50 done.
[Rank 0] File 0, xtal 51 done.
[Rank 0] File 0, xtal 52 done.
[Rank 0] File 0, xtal 53 done.
[Rank 0] File 0, xtal 54 done.
[Rank 0] File 0, xtal 55 done.
[Rank 0] File 0, xtal 56 done.
[Rank 0] File 0, xtal 57 done.
[Rank 0] File 0, xtal 58 done.
[Rank 0] File 0, xtal 59 done.
[Rank 0] File 0, xtal 60 done.
[Rank 0] File 0, xtal 61 done.
[Rank 0] File 0, xtal 62 done.
[Rank 0] File 0, xtal 63 done.
[Rank 0] File 0, xtal 64 done.
[Rank 0] File 0, xtal 65 done.
[Rank 0] File 0, xtal 66 done.
[Rank 0] File 0, xtal 67 done.
[Rank 0] File 0, xtal 68 done.
[Rank 0] File 0, xtal 69 done.
[Rank 0] File 0, xtal 70 done.
[Rank 0] File 0, xtal 71 done.
[Rank 0] File 0, xtal 72 done.
[Rank 0] File 0, xtal 73 done.
[Rank 0] File 0, xtal 74 done.
[Rank 0] File 0, xtal 75 done.
[Rank 0] File 0, xtal 76 done.
[Rank 0] File 0, xtal 77 done.
[Rank 0] File 0, xtal 78 done.
[Rank 0] File 0, xtal 79 done.
[Rank 0] File 0, xtal 80 done.
[Rank 0] File 0, xtal 81 done.
[Rank 0] File 0, xtal 82 done.
[Rank 0] File 0, xtal 83 done.
[Rank 0] File 0, xtal 84 done.
[Rank 0] File 0, xtal 85 done.
[Rank 0] File 0, xtal 86 done.
[Rank 0] File 0, xtal 87 done.
[Rank 0] File 0, xtal 88 done.
[Rank 0] File 0, xtal 89 done.
[Rank 0] File 0, xtal 90 done.
[Rank 0] File 0, xtal 91 done.
[Rank 0] File 0, xtal 92 done.
[Rank 0] File 0, xtal 93 done.
[Rank 0] File 0, xtal 94 done.
[Rank 0] File 0, xtal 95 done.
[Rank 0] File 0, xtal 96 done.
[Rank 0] File 0, xtal 97 done.
[Rank 0] File 0, xtal 98 done.
[Rank 0] File 0, xtal 99 done.
[Rank 0] File 0, xtal 100 done.
[Rank 0] File 0, xtal 101 done.
[Rank 0] File 0, xtal 102 done.
[Rank 0] File 0, xtal 103 done.
[Rank 0] File 0, xtal 104 done.
[Rank 0] File 0, xtal 105 done.
[Rank 0] File 0, xtal 106 done.
[Rank 0] File 0, xtal 107 done.
[Rank 0] File 0, xtal 108 done.
[Rank 0] File 0, xtal 109 done.
[Rank 0] File 0, xtal 110 done.
[Rank 0] File 0, xtal 111 done.
[Rank 0] File 0, xtal 112 done.
[Rank 0] File 0, xtal 113 done.
[Rank 0] File 0, xtal 114 done.
[Rank 0] File 0, xtal 115 done.
[Rank 0] File 0, xtal 116 done.
[Rank 0] File 0, xtal 117 done.
[Rank 0] File 0, xtal 118 done.
[Rank 0] File 0, xtal 119 done.
[Rank 0] File 0, xtal 120 done.
[Rank 0] File 0, xtal 121 done.
[Rank 0] File 0, xtal 122 done.
[Rank 0] File 0, xtal 123 done.
[Rank 0] File 0, xtal 124 done.
[Rank 0] File 0, xtal 125 done.
[Rank 0] File 0, xtal 126 done.
[Rank 0] File 0, xtal 127 done.
[Rank 0] File 0, xtal 128 done.
[Rank 0] File 0, xtal 129 done.
[Rank 0] File 0, xtal 130 done.
[Rank 0] File 0, xtal 131 done.
[Rank 0] File 0, xtal 132 done.
[Rank 0] File 0, xtal 133 done.
[Rank 0] File 0, xtal 134 done.
[Rank 0] File 0, xtal 135 done.
[Rank 0] File 0, xtal 136 done.
[Rank 0] File 0, xtal 137 done.
[Rank 0] File 0, xtal 138 done.
[Rank 0] File 0, xtal 139 done.
[Rank 0] File 0, xtal 140 done.
[Rank 0] File 0, xtal 141 done.
[Rank 0] File 0, xtal 142 done.
[Rank 0] File 0, xtal 143 done.
[Rank 0] File 0, xtal 144 done.
[Rank 0] File 0, xtal 145 done.
[Rank 0] File 0, xtal 146 done.
[Rank 0] File 0, xtal 147 done.
[Rank 0] File 0, xtal 148 done.
[Rank 0] File 0, xtal 149 done.
[Rank 0] File 0, xtal 150 done.
[Rank 0] File 0, xtal 151 done.
[Rank 0] File 0, xtal 152 done.
[Rank 0] File 0, xtal 153 done.
[Rank 0] File 0, xtal 154 done.
[Rank 0] File 0, xtal 155 done.
[Rank 0] File 0, xtal 156 done.
[Rank 0] File 0, xtal 157 done.
[Rank 0] File 0, xtal 158 done.
[Rank 0] File 0, xtal 159 done.
[Rank 0] File 0, xtal 160 done.
[Rank 0] File 0, xtal 161 done.
[Rank 0] File 0, xtal 162 done.
[Rank 0] File 0, xtal 163 done.
[Rank 0] File 0, xtal 164 done.
[Rank 0] File 0, xtal 165 done.
[Rank 0] File 0, xtal 166 done.
[Rank 0] File 0, xtal 167 done.
[Rank 0] File 0, xtal 168 done.
[Rank 0] File 0, xtal 169 done.
[Rank 0] File 0, xtal 170 done.
[Rank 0] File 0, xtal 171 done.
[Rank 0] File 0, xtal 172 done.
[Rank 0] File 0, xtal 173 done.
[Rank 0] File 0, xtal 174 done.
[Rank 0] File 0, xtal 175 done.
[Rank 0] File 0, xtal 176 done.
[Rank 0] File 0, xtal 177 done.
[Rank 0] File 0, xtal 178 done.
[Rank 0] File 0, xtal 179 done.
[Rank 0] File 0, xtal 180 done.
[Rank 0] File 0, xtal 181 done.
[Rank 0] File 0, xtal 182 done.
[Rank 0] File 0, xtal 183 done.
[Rank 0] File 0, xtal 184 done.
[Rank 0] File 0, xtal 185 done.
[Rank 0] File 0, xtal 186 done.
[Rank 0] File 0, xtal 187 done.
[Rank 0] File 0, xtal 188 done.
[Rank 0] File 0, xtal 189 done.
[Rank 0] File 0, xtal 190 done.
[Rank 0] File 0, xtal 191 done.
[Rank 0] File 0, xtal 192 done.
[Rank 0] File 0, xtal 193 done.
[Rank 0] File 0, xtal 194 done.
[Rank 0] File 0, xtal 195 done.
[Rank 0] File 0, xtal 196 done.
[Rank 0] File 0, xtal 197 done.
[Rank 0] File 0, xtal 198 done.
[Rank 0] File 0, xtal 199 done.
[Rank 0] File 0, xtal 200 done.
[Rank 0] File 0, xtal 201 done.
[Rank 0] File 0, xtal 202 done.
[Rank 0] File 0, xtal 203 done.
[Rank 0] File 0, xtal 204 done.
[Rank 0] File 0, xtal 205 done.
[Rank 0] File 0, xtal 206 done.
[Rank 0] File 0, xtal 207 done.
[Rank 0] File 0, xtal 208 done.
[Rank 0] File 0, xtal 209 done.
[Rank 0] File 0, xtal 210 done.
[Rank 0] File 0, xtal 211 done.
[Rank 0] File 0, xtal 212 done.
[Rank 0] File 0, xtal 213 done.
[Rank 0] File 0, xtal 214 done.
[Rank 0] File 0, xtal 215 done.
[Rank 0] File 0, xtal 216 done.
[Rank 0] File 0, xtal 217 done.
[Rank 0] File 0, xtal 218 done.
[Rank 0] File 0, xtal 219 done.
[Rank 0] File 0, xtal 220 done.
[Rank 0] File 0, xtal 221 done.
[Rank 0] File 0, xtal 222 done.
[Rank 0] File 0, xtal 223 done.
[Rank 0] File 0, xtal 224 done.
[Rank 0] File 0, xtal 225 done.
[Rank 0] File 0, xtal 226 done.
[Rank 0] File 0, xtal 227 done.
[Rank 0] File 0, xtal 228 done.
[Rank 0] File 0, xtal 229 done.
[Rank 0] File 0, xtal 230 done.
[Rank 0] File 0, xtal 231 done.
[Rank 0] File 0, xtal 232 done.
[Rank 0] File 0, xtal 233 done.
[Rank 0] File 0, xtal 234 done.
[Rank 0] File 0, xtal 235 done.
[Rank 0] File 0, xtal 236 done.
[Rank 0] File 0, xtal 237 done.
[Rank 0] File 0, xtal 238 done.
[Rank 0] File 0, xtal 239 done.
[Rank 0] File 0, xtal 240 done.
[Rank 0] File 0, xtal 241 done.
[Rank 0] File 0, xtal 242 done.
[Rank 0] File 0, xtal 243 done.
[Rank 0] File 0, xtal 244 done.
[Rank 0] File 0, xtal 245 done.
[Rank 0] File 0, xtal 246 done.
[Rank 0] File 0, xtal 247 done.
[Rank 0] File 0, xtal 248 done.
[Rank 0] File 0, xtal 249 done.
[Rank 0] File 0, xtal 250 done.
[Rank 0] File 0, xtal 251 done.
[Rank 0] File 0, xtal 252 done.
[Rank 0] File 0, xtal 253 done.
[Rank 0] File 0, xtal 254 done.
[Rank 0] File 0, xtal 255 done.
[Rank 0] File 0, xtal 256 done.
[Rank 0] File 0, xtal 257 done.
[Rank 0] File 0, xtal 258 done.
[Rank 6] File 6, xtal 0 done.
[Rank 6] File 6, xtal 1 done.
[Rank 6] File 6, xtal 2 done.
[Rank 6] File 6, xtal 3 done.
[Rank 6] File 6, xtal 4 done.
[Rank 6] File 6, xtal 5 done.
[Rank 6] File 6, xtal 6 done.
[Rank 6] File 6, xtal 7 done.
[Rank 6] File 6, xtal 8 done.
[Rank 6] File 6, xtal 9 done.
[Rank 6] File 6, xtal 10 done.
[Rank 6] File 6, xtal 11 done.
[Rank 6] File 6, xtal 12 done.
[Rank 6] File 6, xtal 13 done.
[Rank 6] File 6, xtal 14 done.
[Rank 6] File 6, xtal 15 done.
[Rank 6] File 6, xtal 16 done.
[Rank 6] File 6, xtal 17 done.
[Rank 6] File 6, xtal 18 done.
[Rank 6] File 6, xtal 19 done.
[Rank 6] File 6, xtal 20 done.
[Rank 6] File 6, xtal 21 done.
[Rank 6] File 6, xtal 22 done.
[Rank 6] File 6, xtal 23 done.
[Rank 6] File 6, xtal 24 done.
[Rank 6] File 6, xtal 25 done.
[Rank 6] File 6, xtal 26 done.
[Rank 6] File 6, xtal 27 done.
[Rank 6] File 6, xtal 28 done.
[Rank 6] File 6, xtal 29 done.
[Rank 6] File 6, xtal 30 done.
[Rank 6] File 6, xtal 31 done.
[Rank 6] File 6, xtal 32 done.
[Rank 6] File 6, xtal 33 done.
[Rank 6] File 6, xtal 34 done.
[Rank 6] File 6, xtal 35 done.
[Rank 6] File 6, xtal 36 done.
[Rank 6] File 6, xtal 37 done.
[Rank 6] File 6, xtal 38 done.
[Rank 6] File 6, xtal 39 done.
[Rank 6] File 6, xtal 40 done.
[Rank 6] File 6, xtal 41 done.
[Rank 6] File 6, xtal 42 done.
[Rank 6] File 6, xtal 43 done.
[Rank 6] File 6, xtal 44 done.
[Rank 6] File 6, xtal 45 done.
[Rank 6] File 6, xtal 46 done.
[Rank 6] File 6, xtal 47 done.
[Rank 6] File 6, xtal 48 done.
[Rank 6] File 6, xtal 49 done.
[Rank 6] File 6, xtal 50 done.
[Rank 6] File 6, xtal 51 done.
[Rank 6] File 6, xtal 52 done.
[Rank 6] File 6, xtal 53 done.
[Rank 6] File 6, xtal 54 done.
[Rank 6] File 6, xtal 55 done.
[Rank 6] File 6, xtal 56 done.
[Rank 6] File 6, xtal 57 done.
[Rank 6] File 6, xtal 58 done.
[Rank 6] File 6, xtal 59 done.
[Rank 6] File 6, xtal 60 done.
[Rank 6] File 6, xtal 61 done.
[Rank 6] File 6, xtal 62 done.
[Rank 6] File 6, xtal 63 done.
[Rank 6] File 6, xtal 64 done.
[Rank 6] File 6, xtal 65 done.
[Rank 6] File 6, xtal 66 done.
[Rank 6] File 6, xtal 67 done.
[Rank 6] File 6, xtal 68 done.
[Rank 6] File 6, xtal 69 done.
[Rank 6] File 6, xtal 70 done.
[Rank 6] File 6, xtal 71 done.
[Rank 6] File 6, xtal 72 done.
[Rank 6] File 6, xtal 73 done.
[Rank 6] File 6, xtal 74 done.
[Rank 6] File 6, xtal 75 done.
[Rank 6] File 6, xtal 76 done.
[Rank 6] File 6, xtal 77 done.
[Rank 6] File 6, xtal 78 done.
[Rank 6] File 6, xtal 79 done.
[Rank 6] File 6, xtal 80 done.
[Rank 6] File 6, xtal 81 done.
[Rank 6] File 6, xtal 82 done.
[Rank 6] File 6, xtal 83 done.
[Rank 6] File 6, xtal 84 done.
[Rank 6] File 6, xtal 85 done.
[Rank 6] File 6, xtal 86 done.
[Rank 6] File 6, xtal 87 done.
[Rank 6] File 6, xtal 88 done.
[Rank 6] File 6, xtal 89 done.
[Rank 6] File 6, xtal 90 done.
[Rank 6] File 6, xtal 91 done.
[Rank 6] File 6, xtal 92 done.
[Rank 6] File 6, xtal 93 done.
[Rank 6] File 6, xtal 94 done.
[Rank 6] File 6, xtal 95 done.
[Rank 6] File 6, xtal 96 done.
[Rank 6] File 6, xtal 97 done.
[Rank 6] File 6, xtal 98 done.
[Rank 6] File 6, xtal 99 done.
[Rank 6] File 6, xtal 100 done.
[Rank 6] File 6, xtal 101 done.
[Rank 6] File 6, xtal 102 done.
[Rank 6] File 6, xtal 103 done.
[Rank 6] File 6, xtal 104 done.
[Rank 6] File 6, xtal 105 done.
[Rank 6] File 6, xtal 106 done.
[Rank 6] File 6, xtal 107 done.
[Rank 6] File 6, xtal 108 done.
[Rank 6] File 6, xtal 109 done.
[Rank 6] File 6, xtal 110 done.
[Rank 6] File 6, xtal 111 done.
[Rank 6] File 6, xtal 112 done.
[Rank 6] File 6, xtal 113 done.
[Rank 6] File 6, xtal 114 done.
[Rank 6] File 6, xtal 115 done.
[Rank 6] File 6, xtal 116 done.
[Rank 6] File 6, xtal 117 done.
[Rank 6] File 6, xtal 118 done.
[Rank 6] File 6, xtal 119 done.
[Rank 6] File 6, xtal 120 done.
[Rank 6] File 6, xtal 121 done.
[Rank 6] File 6, xtal 122 done.
[Rank 6] File 6, xtal 123 done.
[Rank 6] File 6, xtal 124 done.
[Rank 6] File 6, xtal 125 done.
[Rank 6] File 6, xtal 126 done.
[Rank 6] File 6, xtal 127 done.
[Rank 6] File 6, xtal 128 done.
[Rank 6] File 6, xtal 129 done.
[Rank 6] File 6, xtal 130 done.
[Rank 6] File 6, xtal 131 done.
[Rank 6] File 6, xtal 132 done.
[Rank 6] File 6, xtal 133 done.
[Rank 6] File 6, xtal 134 done.
[Rank 6] File 6, xtal 135 done.
[Rank 6] File 6, xtal 136 done.
[Rank 6] File 6, xtal 137 done.
[Rank 6] File 6, xtal 138 done.
[Rank 6] File 6, xtal 139 done.
[Rank 6] File 6, xtal 140 done.
[Rank 6] File 6, xtal 141 done.
[Rank 6] File 6, xtal 142 done.
[Rank 6] File 6, xtal 143 done.
[Rank 6] File 6, xtal 144 done.
[Rank 6] File 6, xtal 145 done.
[Rank 6] File 6, xtal 146 done.
[Rank 6] File 6, xtal 147 done.
[Rank 6] File 6, xtal 148 done.
[Rank 6] File 6, xtal 149 done.
[Rank 6] File 6, xtal 150 done.
[Rank 6] File 6, xtal 151 done.
[Rank 6] File 6, xtal 152 done.
[Rank 6] File 6, xtal 153 done.
[Rank 6] File 6, xtal 154 done.
[Rank 6] File 6, xtal 155 done.
[Rank 6] File 6, xtal 156 done.
[Rank 6] File 6, xtal 157 done.
[Rank 6] File 6, xtal 158 done.
[Rank 6] File 6, xtal 159 done.
[Rank 6] File 6, xtal 160 done.
[Rank 6] File 6, xtal 161 done.
[Rank 6] File 6, xtal 162 done.
[Rank 6] File 6, xtal 163 done.
[Rank 6] File 6, xtal 164 done.
[Rank 6] File 6, xtal 165 done.
[Rank 6] File 6, xtal 166 done.
[Rank 6] File 6, xtal 167 done.
[Rank 6] File 6, xtal 168 done.
[Rank 6] File 6, xtal 169 done.
[Rank 6] File 6, xtal 170 done.
[Rank 6] File 6, xtal 171 done.
[Rank 6] File 6, xtal 172 done.
[Rank 6] File 6, xtal 173 done.
[Rank 6] File 6, xtal 174 done.
[Rank 6] File 6, xtal 175 done.
[Rank 6] File 6, xtal 176 done.
[Rank 6] File 6, xtal 177 done.
[Rank 6] File 6, xtal 178 done.
[Rank 6] File 6, xtal 179 done.
[Rank 6] File 6, xtal 180 done.
[Rank 6] File 6, xtal 181 done.
[Rank 6] File 6, xtal 182 done.
[Rank 6] File 6, xtal 183 done.
[Rank 6] File 6, xtal 184 done.
[Rank 6] File 6, xtal 185 done.
[Rank 6] File 6, xtal 186 done.
[Rank 6] File 6, xtal 187 done.
[Rank 6] File 6, xtal 188 done.
[Rank 6] File 6, xtal 189 done.
[Rank 6] File 6, xtal 190 done.
[Rank 6] File 6, xtal 191 done.
[Rank 6] File 6, xtal 192 done.
[Rank 6] File 6, xtal 193 done.
[Rank 6] File 6, xtal 194 done.
[Rank 6] File 6, xtal 195 done.
[Rank 6] File 6, xtal 196 done.
[Rank 6] File 6, xtal 197 done.
[Rank 6] File 6, xtal 198 done.
[Rank 6] File 6, xtal 199 done.
[Rank 6] File 6, xtal 200 done.
[Rank 6] File 6, xtal 201 done.
[Rank 6] File 6, xtal 202 done.
[Rank 6] File 6, xtal 203 done.
[Rank 6] File 6, xtal 204 done.
[Rank 6] File 6, xtal 205 done.
[Rank 6] File 6, xtal 206 done.
[Rank 6] File 6, xtal 207 done.
[Rank 6] File 6, xtal 208 done.
[Rank 6] File 6, xtal 209 done.
[Rank 6] File 6, xtal 210 done.
[Rank 6] File 6, xtal 211 done.
[Rank 6] File 6, xtal 212 done.
[Rank 6] File 6, xtal 213 done.
[Rank 6] File 6, xtal 214 done.
[Rank 6] File 6, xtal 215 done.
[Rank 6] File 6, xtal 216 done.
[Rank 6] File 6, xtal 217 done.
[Rank 6] File 6, xtal 218 done.
[Rank 6] File 6, xtal 219 done.
[Rank 6] File 6, xtal 220 done.
[Rank 6] File 6, xtal 221 done.
[Rank 6] File 6, xtal 222 done.
[Rank 6] File 6, xtal 223 done.
[Rank 6] File 6, xtal 224 done.
[Rank 6] File 6, xtal 225 done.
[Rank 6] File 6, xtal 226 done.
[Rank 6] File 6, xtal 227 done.
[Rank 6] File 6, xtal 228 done.
[Rank 6] File 6, xtal 229 done.
[Rank 6] File 6, xtal 230 done.
[Rank 6] File 6, xtal 231 done.
[Rank 6] File 6, xtal 232 done.
[Rank 6] File 6, xtal 233 done.
[Rank 6] File 6, xtal 234 done.
[Rank 6] File 6, xtal 235 done.
[Rank 6] File 6, xtal 236 done.
[Rank 6] File 6, xtal 237 done.
[Rank 6] File 6, xtal 238 done.
[Rank 6] File 6, xtal 239 done.
[Rank 6] File 6, xtal 240 done.
[Rank 6] File 6, xtal 241 done.
[Rank 6] File 6, xtal 242 done.
[Rank 6] File 6, xtal 243 done.
[Rank 6] File 6, xtal 244 done.
[Rank 6] File 6, xtal 245 done.
[Rank 6] File 6, xtal 246 done.
[Rank 6] File 6, xtal 247 done.
[Rank 6] File 6, xtal 248 done.
[Rank 6] File 6, xtal 249 done.
[Rank 6] File 6, xtal 250 done.
[Rank 6] File 6, xtal 251 done.
[Rank 6] File 6, xtal 252 done.
[Rank 6] File 6, xtal 253 done.
[Rank 6] File 6, xtal 254 done.
[Rank 6] File 6, xtal 255 done.
[Rank 6] File 6, xtal 256 done.
[Rank 6] File 6, xtal 257 done.
[Rank 6] File 6, xtal 258 done.
[Rank 8] File 8, xtal 0 done.
[Rank 8] File 8, xtal 1 done.
[Rank 8] File 8, xtal 2 done.
[Rank 8] File 8, xtal 3 done.
[Rank 8] File 8, xtal 4 done.
[Rank 8] File 8, xtal 5 done.
[Rank 8] File 8, xtal 6 done.
[Rank 8] File 8, xtal 7 done.
[Rank 8] File 8, xtal 8 done.
[Rank 8] File 8, xtal 9 done.
[Rank 8] File 8, xtal 10 done.
[Rank 8] File 8, xtal 11 done.
[Rank 8] File 8, xtal 12 done.
[Rank 8] File 8, xtal 13 done.
[Rank 8] File 8, xtal 14 done.
[Rank 8] File 8, xtal 15 done.
[Rank 8] File 8, xtal 16 done.
[Rank 8] File 8, xtal 17 done.
[Rank 8] File 8, xtal 18 done.
[Rank 8] File 8, xtal 19 done.
[Rank 8] File 8, xtal 20 done.
[Rank 8] File 8, xtal 21 done.
[Rank 8] File 8, xtal 22 done.
[Rank 8] File 8, xtal 23 done.
[Rank 8] File 8, xtal 24 done.
[Rank 8] File 8, xtal 25 done.
[Rank 8] File 8, xtal 26 done.
[Rank 8] File 8, xtal 27 done.
[Rank 8] File 8, xtal 28 done.
[Rank 8] File 8, xtal 29 done.
[Rank 8] File 8, xtal 30 done.
[Rank 8] File 8, xtal 31 done.
[Rank 8] File 8, xtal 32 done.
[Rank 8] File 8, xtal 33 done.
[Rank 8] File 8, xtal 34 done.
[Rank 8] File 8, xtal 35 done.
[Rank 8] File 8, xtal 36 done.
[Rank 8] File 8, xtal 37 done.
[Rank 8] File 8, xtal 38 done.
[Rank 8] File 8, xtal 39 done.
[Rank 8] File 8, xtal 40 done.
[Rank 8] File 8, xtal 41 done.
[Rank 8] File 8, xtal 42 done.
[Rank 8] File 8, xtal 43 done.
[Rank 8] File 8, xtal 44 done.
[Rank 8] File 8, xtal 45 done.
[Rank 8] File 8, xtal 46 done.
[Rank 8] File 8, xtal 47 done.
[Rank 8] File 8, xtal 48 done.
[Rank 8] File 8, xtal 49 done.
[Rank 8] File 8, xtal 50 done.
[Rank 8] File 8, xtal 51 done.
[Rank 8] File 8, xtal 52 done.
[Rank 8] File 8, xtal 53 done.
[Rank 8] File 8, xtal 54 done.
[Rank 8] File 8, xtal 55 done.
[Rank 8] File 8, xtal 56 done.
[Rank 8] File 8, xtal 57 done.
[Rank 8] File 8, xtal 58 done.
[Rank 8] File 8, xtal 59 done.
[Rank 8] File 8, xtal 60 done.
[Rank 8] File 8, xtal 61 done.
[Rank 8] File 8, xtal 62 done.
[Rank 8] File 8, xtal 63 done.
[Rank 8] File 8, xtal 64 done.
[Rank 8] File 8, xtal 65 done.
[Rank 8] File 8, xtal 66 done.
[Rank 8] File 8, xtal 67 done.
[Rank 8] File 8, xtal 68 done.
[Rank 8] File 8, xtal 69 done.
[Rank 8] File 8, xtal 70 done.
[Rank 8] File 8, xtal 71 done.
[Rank 8] File 8, xtal 72 done.
[Rank 8] File 8, xtal 73 done.
[Rank 8] File 8, xtal 74 done.
[Rank 8] File 8, xtal 75 done.
[Rank 8] File 8, xtal 76 done.
[Rank 8] File 8, xtal 77 done.
[Rank 8] File 8, xtal 78 done.
[Rank 8] File 8, xtal 79 done.
[Rank 8] File 8, xtal 80 done.
[Rank 8] File 8, xtal 81 done.
[Rank 8] File 8, xtal 82 done.
[Rank 8] File 8, xtal 83 done.
[Rank 8] File 8, xtal 84 done.
[Rank 8] File 8, xtal 85 done.
[Rank 8] File 8, xtal 86 done.
[Rank 8] File 8, xtal 87 done.
[Rank 8] File 8, xtal 88 done.
[Rank 8] File 8, xtal 89 done.
[Rank 8] File 8, xtal 90 done.
[Rank 8] File 8, xtal 91 done.
[Rank 8] File 8, xtal 92 done.
[Rank 8] File 8, xtal 93 done.
[Rank 8] File 8, xtal 94 done.
[Rank 8] File 8, xtal 95 done.
[Rank 8] File 8, xtal 96 done.
[Rank 8] File 8, xtal 97 done.
[Rank 8] File 8, xtal 98 done.
[Rank 8] File 8, xtal 99 done.
[Rank 8] File 8, xtal 100 done.
[Rank 8] File 8, xtal 101 done.
[Rank 8] File 8, xtal 102 done.
[Rank 8] File 8, xtal 103 done.
[Rank 8] File 8, xtal 104 done.
[Rank 8] File 8, xtal 105 done.
[Rank 8] File 8, xtal 106 done.
[Rank 8] File 8, xtal 107 done.
[Rank 8] File 8, xtal 108 done.
[Rank 8] File 8, xtal 109 done.
[Rank 8] File 8, xtal 110 done.
[Rank 8] File 8, xtal 111 done.
[Rank 8] File 8, xtal 112 done.
[Rank 8] File 8, xtal 113 done.
[Rank 8] File 8, xtal 114 done.
[Rank 8] File 8, xtal 115 done.
[Rank 8] File 8, xtal 116 done.
[Rank 8] File 8, xtal 117 done.
[Rank 8] File 8, xtal 118 done.
[Rank 8] File 8, xtal 119 done.
[Rank 8] File 8, xtal 120 done.
[Rank 8] File 8, xtal 121 done.
[Rank 8] File 8, xtal 122 done.
[Rank 8] File 8, xtal 123 done.
[Rank 8] File 8, xtal 124 done.
[Rank 8] File 8, xtal 125 done.
[Rank 8] File 8, xtal 126 done.
[Rank 8] File 8, xtal 127 done.
[Rank 8] File 8, xtal 128 done.
[Rank 8] File 8, xtal 129 done.
[Rank 8] File 8, xtal 130 done.
[Rank 8] File 8, xtal 131 done.
[Rank 8] File 8, xtal 132 done.
[Rank 8] File 8, xtal 133 done.
[Rank 8] File 8, xtal 134 done.
[Rank 8] File 8, xtal 135 done.
[Rank 8] File 8, xtal 136 done.
[Rank 8] File 8, xtal 137 done.
[Rank 8] File 8, xtal 138 done.
[Rank 8] File 8, xtal 139 done.
[Rank 8] File 8, xtal 140 done.
[Rank 8] File 8, xtal 141 done.
[Rank 8] File 8, xtal 142 done.
[Rank 8] File 8, xtal 143 done.
[Rank 8] File 8, xtal 144 done.
[Rank 8] File 8, xtal 145 done.
[Rank 8] File 8, xtal 146 done.
[Rank 8] File 8, xtal 147 done.
[Rank 8] File 8, xtal 148 done.
[Rank 8] File 8, xtal 149 done.
[Rank 8] File 8, xtal 150 done.
[Rank 8] File 8, xtal 151 done.
[Rank 8] File 8, xtal 152 done.
[Rank 8] File 8, xtal 153 done.
[Rank 8] File 8, xtal 154 done.
[Rank 8] File 8, xtal 155 done.
[Rank 8] File 8, xtal 156 done.
[Rank 8] File 8, xtal 157 done.
[Rank 8] File 8, xtal 158 done.
[Rank 8] File 8, xtal 159 done.
[Rank 8] File 8, xtal 160 done.
[Rank 8] File 8, xtal 161 done.
[Rank 8] File 8, xtal 162 done.
[Rank 8] File 8, xtal 163 done.
[Rank 8] File 8, xtal 164 done.
[Rank 8] File 8, xtal 165 done.
[Rank 8] File 8, xtal 166 done.
[Rank 8] File 8, xtal 167 done.
[Rank 8] File 8, xtal 168 done.
[Rank 8] File 8, xtal 169 done.
[Rank 8] File 8, xtal 170 done.
[Rank 8] File 8, xtal 171 done.
[Rank 8] File 8, xtal 172 done.
[Rank 8] File 8, xtal 173 done.
[Rank 8] File 8, xtal 174 done.
[Rank 8] File 8, xtal 175 done.
[Rank 8] File 8, xtal 176 done.
[Rank 8] File 8, xtal 177 done.
[Rank 8] File 8, xtal 178 done.
[Rank 8] File 8, xtal 179 done.
[Rank 8] File 8, xtal 180 done.
[Rank 8] File 8, xtal 181 done.
[Rank 8] File 8, xtal 182 done.
[Rank 8] File 8, xtal 183 done.
[Rank 8] File 8, xtal 184 done.
[Rank 8] File 8, xtal 185 done.
[Rank 8] File 8, xtal 186 done.
[Rank 8] File 8, xtal 187 done.
[Rank 8] File 8, xtal 188 done.
[Rank 8] File 8, xtal 189 done.
[Rank 8] File 8, xtal 190 done.
[Rank 8] File 8, xtal 191 done.
[Rank 8] File 8, xtal 192 done.
[Rank 8] File 8, xtal 193 done.
[Rank 8] File 8, xtal 194 done.
[Rank 8] File 8, xtal 195 done.
[Rank 8] File 8, xtal 196 done.
[Rank 8] File 8, xtal 197 done.
[Rank 8] File 8, xtal 198 done.
[Rank 8] File 8, xtal 199 done.
[Rank 8] File 8, xtal 200 done.
[Rank 8] File 8, xtal 201 done.
[Rank 8] File 8, xtal 202 done.
[Rank 8] File 8, xtal 203 done.
[Rank 8] File 8, xtal 204 done.
[Rank 8] File 8, xtal 205 done.
[Rank 8] File 8, xtal 206 done.
[Rank 8] File 8, xtal 207 done.
[Rank 8] File 8, xtal 208 done.
[Rank 8] File 8, xtal 209 done.
[Rank 8] File 8, xtal 210 done.
[Rank 8] File 8, xtal 211 done.
[Rank 8] File 8, xtal 212 done.
[Rank 8] File 8, xtal 213 done.
[Rank 8] File 8, xtal 214 done.
[Rank 8] File 8, xtal 215 done.
[Rank 8] File 8, xtal 216 done.
[Rank 8] File 8, xtal 217 done.
[Rank 8] File 8, xtal 218 done.
[Rank 8] File 8, xtal 219 done.
[Rank 8] File 8, xtal 220 done.
[Rank 8] File 8, xtal 221 done.
[Rank 8] File 8, xtal 222 done.
[Rank 8] File 8, xtal 223 done.
[Rank 8] File 8, xtal 224 done.
[Rank 8] File 8, xtal 225 done.
[Rank 8] File 8, xtal 226 done.
[Rank 8] File 8, xtal 227 done.
[Rank 8] File 8, xtal 228 done.
[Rank 8] File 8, xtal 229 done.
[Rank 8] File 8, xtal 230 done.
[Rank 8] File 8, xtal 231 done.
[Rank 8] File 8, xtal 232 done.
[Rank 8] File 8, xtal 233 done.
[Rank 8] File 8, xtal 234 done.
[Rank 8] File 8, xtal 235 done.
[Rank 8] File 8, xtal 236 done.
[Rank 8] File 8, xtal 237 done.
[Rank 8] File 8, xtal 238 done.
[Rank 8] File 8, xtal 239 done.
[Rank 8] File 8, xtal 240 done.
[Rank 8] File 8, xtal 241 done.
[Rank 8] File 8, xtal 242 done.
[Rank 8] File 8, xtal 243 done.
[Rank 8] File 8, xtal 244 done.
[Rank 8] File 8, xtal 245 done.
[Rank 8] File 8, xtal 246 done.
[Rank 8] File 8, xtal 247 done.
[Rank 8] File 8, xtal 248 done.
[Rank 8] File 8, xtal 249 done.
[Rank 8] File 8, xtal 250 done.
[Rank 8] File 8, xtal 251 done.
[Rank 8] File 8, xtal 252 done.
[Rank 8] File 8, xtal 253 done.
[Rank 8] File 8, xtal 254 done.
[Rank 8] File 8, xtal 255 done.
[Rank 8] File 8, xtal 256 done.
[Rank 8] File 8, xtal 257 done.
[Rank 8] File 8, xtal 258 done.
[Rank 7] File 7, xtal 0 done.
[Rank 7] File 7, xtal 1 done.
[Rank 7] File 7, xtal 2 done.
[Rank 7] File 7, xtal 3 done.
[Rank 7] File 7, xtal 4 done.
[Rank 7] File 7, xtal 5 done.
[Rank 7] File 7, xtal 6 done.
[Rank 7] File 7, xtal 7 done.
[Rank 7] File 7, xtal 8 done.
[Rank 7] File 7, xtal 9 done.
[Rank 7] File 7, xtal 10 done.
[Rank 7] File 7, xtal 11 done.
[Rank 7] File 7, xtal 12 done.
[Rank 7] File 7, xtal 13 done.
[Rank 7] File 7, xtal 14 done.
[Rank 7] File 7, xtal 15 done.
[Rank 7] File 7, xtal 16 done.
[Rank 7] File 7, xtal 17 done.
[Rank 7] File 7, xtal 18 done.
[Rank 7] File 7, xtal 19 done.
[Rank 7] File 7, xtal 20 done.
[Rank 7] File 7, xtal 21 done.
[Rank 7] File 7, xtal 22 done.
[Rank 7] File 7, xtal 23 done.
[Rank 7] File 7, xtal 24 done.
[Rank 7] File 7, xtal 25 done.
[Rank 7] File 7, xtal 26 done.
[Rank 7] File 7, xtal 27 done.
[Rank 7] File 7, xtal 28 done.
[Rank 7] File 7, xtal 29 done.
[Rank 7] File 7, xtal 30 done.
[Rank 7] File 7, xtal 31 done.
[Rank 7] File 7, xtal 32 done.
[Rank 7] File 7, xtal 33 done.
[Rank 7] File 7, xtal 34 done.
[Rank 7] File 7, xtal 35 done.
[Rank 7] File 7, xtal 36 done.
[Rank 7] File 7, xtal 37 done.
[Rank 7] File 7, xtal 38 done.
[Rank 7] File 7, xtal 39 done.
[Rank 7] File 7, xtal 40 done.
[Rank 7] File 7, xtal 41 done.
[Rank 7] File 7, xtal 42 done.
[Rank 7] File 7, xtal 43 done.
[Rank 7] File 7, xtal 44 done.
[Rank 7] File 7, xtal 45 done.
[Rank 7] File 7, xtal 46 done.
[Rank 7] File 7, xtal 47 done.
[Rank 7] File 7, xtal 48 done.
[Rank 7] File 7, xtal 49 done.
[Rank 7] File 7, xtal 50 done.
[Rank 7] File 7, xtal 51 done.
[Rank 7] File 7, xtal 52 done.
[Rank 7] File 7, xtal 53 done.
[Rank 7] File 7, xtal 54 done.
[Rank 7] File 7, xtal 55 done.
[Rank 7] File 7, xtal 56 done.
[Rank 7] File 7, xtal 57 done.
[Rank 7] File 7, xtal 58 done.
[Rank 7] File 7, xtal 59 done.
[Rank 7] File 7, xtal 60 done.
[Rank 7] File 7, xtal 61 done.
[Rank 7] File 7, xtal 62 done.
[Rank 7] File 7, xtal 63 done.
[Rank 7] File 7, xtal 64 done.
[Rank 7] File 7, xtal 65 done.
[Rank 7] File 7, xtal 66 done.
[Rank 7] File 7, xtal 67 done.
[Rank 7] File 7, xtal 68 done.
[Rank 7] File 7, xtal 69 done.
[Rank 7] File 7, xtal 70 done.
[Rank 7] File 7, xtal 71 done.
[Rank 7] File 7, xtal 72 done.
[Rank 7] File 7, xtal 73 done.
[Rank 7] File 7, xtal 74 done.
[Rank 7] File 7, xtal 75 done.
[Rank 7] File 7, xtal 76 done.
[Rank 7] File 7, xtal 77 done.
[Rank 7] File 7, xtal 78 done.
[Rank 7] File 7, xtal 79 done.
[Rank 7] File 7, xtal 80 done.
[Rank 7] File 7, xtal 81 done.
[Rank 7] File 7, xtal 82 done.
[Rank 7] File 7, xtal 83 done.
[Rank 7] File 7, xtal 84 done.
[Rank 7] File 7, xtal 85 done.
[Rank 7] File 7, xtal 86 done.
[Rank 7] File 7, xtal 87 done.
[Rank 7] File 7, xtal 88 done.
[Rank 7] File 7, xtal 89 done.
[Rank 7] File 7, xtal 90 done.
[Rank 7] File 7, xtal 91 done.
[Rank 7] File 7, xtal 92 done.
[Rank 7] File 7, xtal 93 done.
[Rank 7] File 7, xtal 94 done.
[Rank 7] File 7, xtal 95 done.
[Rank 7] File 7, xtal 96 done.
[Rank 7] File 7, xtal 97 done.
[Rank 7] File 7, xtal 98 done.
[Rank 7] File 7, xtal 99 done.
[Rank 7] File 7, xtal 100 done.
[Rank 7] File 7, xtal 101 done.
[Rank 7] File 7, xtal 102 done.
[Rank 7] File 7, xtal 103 done.
[Rank 7] File 7, xtal 104 done.
[Rank 7] File 7, xtal 105 done.
[Rank 7] File 7, xtal 106 done.
[Rank 7] File 7, xtal 107 done.
[Rank 7] File 7, xtal 108 done.
[Rank 7] File 7, xtal 109 done.
[Rank 7] File 7, xtal 110 done.
[Rank 7] File 7, xtal 111 done.
[Rank 7] File 7, xtal 112 done.
[Rank 7] File 7, xtal 113 done.
[Rank 7] File 7, xtal 114 done.
[Rank 7] File 7, xtal 115 done.
[Rank 7] File 7, xtal 116 done.
[Rank 7] File 7, xtal 117 done.
[Rank 7] File 7, xtal 118 done.
[Rank 7] File 7, xtal 119 done.
[Rank 7] File 7, xtal 120 done.
[Rank 7] File 7, xtal 121 done.
[Rank 7] File 7, xtal 122 done.
[Rank 7] File 7, xtal 123 done.
[Rank 7] File 7, xtal 124 done.
[Rank 7] File 7, xtal 125 done.
[Rank 7] File 7, xtal 126 done.
[Rank 7] File 7, xtal 127 done.
[Rank 7] File 7, xtal 128 done.
[Rank 7] File 7, xtal 129 done.
[Rank 7] File 7, xtal 130 done.
[Rank 7] File 7, xtal 131 done.
[Rank 7] File 7, xtal 132 done.
[Rank 7] File 7, xtal 133 done.
[Rank 7] File 7, xtal 134 done.
[Rank 7] File 7, xtal 135 done.
[Rank 7] File 7, xtal 136 done.
[Rank 7] File 7, xtal 137 done.
[Rank 7] File 7, xtal 138 done.
[Rank 7] File 7, xtal 139 done.
[Rank 7] File 7, xtal 140 done.
[Rank 7] File 7, xtal 141 done.
[Rank 7] File 7, xtal 142 done.
[Rank 7] File 7, xtal 143 done.
[Rank 7] File 7, xtal 144 done.
[Rank 7] File 7, xtal 145 done.
[Rank 7] File 7, xtal 146 done.
[Rank 7] File 7, xtal 147 done.
[Rank 7] File 7, xtal 148 done.
[Rank 7] File 7, xtal 149 done.
[Rank 7] File 7, xtal 150 done.
[Rank 7] File 7, xtal 151 done.
[Rank 7] File 7, xtal 152 done.
[Rank 7] File 7, xtal 153 done.
[Rank 7] File 7, xtal 154 done.
[Rank 7] File 7, xtal 155 done.
[Rank 7] File 7, xtal 156 done.
[Rank 7] File 7, xtal 157 done.
[Rank 7] File 7, xtal 158 done.
[Rank 7] File 7, xtal 159 done.
[Rank 7] File 7, xtal 160 done.
[Rank 7] File 7, xtal 161 done.
[Rank 7] File 7, xtal 162 done.
[Rank 7] File 7, xtal 163 done.
[Rank 7] File 7, xtal 164 done.
[Rank 7] File 7, xtal 165 done.
[Rank 7] File 7, xtal 166 done.
[Rank 7] File 7, xtal 167 done.
[Rank 7] File 7, xtal 168 done.
[Rank 7] File 7, xtal 169 done.
[Rank 7] File 7, xtal 170 done.
[Rank 7] File 7, xtal 171 done.
[Rank 7] File 7, xtal 172 done.
[Rank 7] File 7, xtal 173 done.
[Rank 7] File 7, xtal 174 done.
[Rank 7] File 7, xtal 175 done.
[Rank 7] File 7, xtal 176 done.
[Rank 7] File 7, xtal 177 done.
[Rank 7] File 7, xtal 178 done.
[Rank 7] File 7, xtal 179 done.
[Rank 7] File 7, xtal 180 done.
[Rank 7] File 7, xtal 181 done.
[Rank 7] File 7, xtal 182 done.
[Rank 7] File 7, xtal 183 done.
[Rank 7] File 7, xtal 184 done.
[Rank 7] File 7, xtal 185 done.
[Rank 7] File 7, xtal 186 done.
[Rank 7] File 7, xtal 187 done.
[Rank 7] File 7, xtal 188 done.
[Rank 7] File 7, xtal 189 done.
[Rank 7] File 7, xtal 190 done.
[Rank 7] File 7, xtal 191 done.
[Rank 7] File 7, xtal 192 done.
[Rank 7] File 7, xtal 193 done.
[Rank 7] File 7, xtal 194 done.
[Rank 7] File 7, xtal 195 done.
[Rank 7] File 7, xtal 196 done.
[Rank 7] File 7, xtal 197 done.
[Rank 7] File 7, xtal 198 done.
[Rank 7] File 7, xtal 199 done.
[Rank 7] File 7, xtal 200 done.
[Rank 7] File 7, xtal 201 done.
[Rank 7] File 7, xtal 202 done.
[Rank 7] File 7, xtal 203 done.
[Rank 7] File 7, xtal 204 done.
[Rank 7] File 7, xtal 205 done.
[Rank 7] File 7, xtal 206 done.
[Rank 7] File 7, xtal 207 done.
[Rank 7] File 7, xtal 208 done.
[Rank 7] File 7, xtal 209 done.
[Rank 7] File 7, xtal 210 done.
[Rank 7] File 7, xtal 211 done.
[Rank 7] File 7, xtal 212 done.
[Rank 7] File 7, xtal 213 done.
[Rank 7] File 7, xtal 214 done.
[Rank 7] File 7, xtal 215 done.
[Rank 7] File 7, xtal 216 done.
[Rank 7] File 7, xtal 217 done.
[Rank 7] File 7, xtal 218 done.
[Rank 7] File 7, xtal 219 done.
[Rank 7] File 7, xtal 220 done.
[Rank 7] File 7, xtal 221 done.
[Rank 7] File 7, xtal 222 done.
[Rank 7] File 7, xtal 223 done.
[Rank 7] File 7, xtal 224 done.
[Rank 7] File 7, xtal 225 done.
[Rank 7] File 7, xtal 226 done.
[Rank 7] File 7, xtal 227 done.
[Rank 7] File 7, xtal 228 done.
[Rank 7] File 7, xtal 229 done.
[Rank 7] File 7, xtal 230 done.
[Rank 7] File 7, xtal 231 done.
[Rank 7] File 7, xtal 232 done.
[Rank 7] File 7, xtal 233 done.
[Rank 7] File 7, xtal 234 done.
[Rank 7] File 7, xtal 235 done.
[Rank 7] File 7, xtal 236 done.
[Rank 7] File 7, xtal 237 done.
[Rank 7] File 7, xtal 238 done.
[Rank 7] File 7, xtal 239 done.
[Rank 7] File 7, xtal 240 done.
[Rank 7] File 7, xtal 241 done.
[Rank 7] File 7, xtal 242 done.
[Rank 7] File 7, xtal 243 done.
[Rank 7] File 7, xtal 244 done.
[Rank 7] File 7, xtal 245 done.
[Rank 7] File 7, xtal 246 done.
[Rank 7] File 7, xtal 247 done.
[Rank 7] File 7, xtal 248 done.
[Rank 7] File 7, xtal 249 done.
[Rank 7] File 7, xtal 250 done.
[Rank 7] File 7, xtal 251 done.
[Rank 7] File 7, xtal 252 done.
[Rank 7] File 7, xtal 253 done.
[Rank 7] File 7, xtal 254 done.
[Rank 7] File 7, xtal 255 done.
[Rank 7] File 7, xtal 256 done.
[Rank 7] File 7, xtal 257 done.
[Rank 7] File 7, xtal 258 done.
[Rank 9] File 9, xtal 0 done.
[Rank 9] File 9, xtal 1 done.
[Rank 9] File 9, xtal 2 done.
[Rank 9] File 9, xtal 3 done.
[Rank 9] File 9, xtal 4 done.
[Rank 9] File 9, xtal 5 done.
[Rank 9] File 9, xtal 6 done.
[Rank 9] File 9, xtal 7 done.
[Rank 9] File 9, xtal 8 done.
[Rank 9] File 9, xtal 9 done.
[Rank 9] File 9, xtal 10 done.
[Rank 9] File 9, xtal 11 done.
[Rank 9] File 9, xtal 12 done.
[Rank 9] File 9, xtal 13 done.
[Rank 9] File 9, xtal 14 done.
[Rank 9] File 9, xtal 15 done.
[Rank 9] File 9, xtal 16 done.
[Rank 9] File 9, xtal 17 done.
[Rank 9] File 9, xtal 18 done.
[Rank 9] File 9, xtal 19 done.
[Rank 9] File 9, xtal 20 done.
[Rank 9] File 9, xtal 21 done.
[Rank 9] File 9, xtal 22 done.
[Rank 9] File 9, xtal 23 done.
[Rank 9] File 9, xtal 24 done.
[Rank 9] File 9, xtal 25 done.
[Rank 9] File 9, xtal 26 done.
[Rank 9] File 9, xtal 27 done.
[Rank 9] File 9, xtal 28 done.
[Rank 9] File 9, xtal 29 done.
[Rank 9] File 9, xtal 30 done.
[Rank 9] File 9, xtal 31 done.
[Rank 9] File 9, xtal 32 done.
[Rank 9] File 9, xtal 33 done.
[Rank 9] File 9, xtal 34 done.
[Rank 9] File 9, xtal 35 done.
[Rank 9] File 9, xtal 36 done.
[Rank 9] File 9, xtal 37 done.
[Rank 9] File 9, xtal 38 done.
[Rank 9] File 9, xtal 39 done.
[Rank 9] File 9, xtal 40 done.
[Rank 9] File 9, xtal 41 done.
[Rank 9] File 9, xtal 42 done.
[Rank 9] File 9, xtal 43 done.
[Rank 9] File 9, xtal 44 done.
[Rank 9] File 9, xtal 45 done.
[Rank 9] File 9, xtal 46 done.
[Rank 9] File 9, xtal 47 done.
[Rank 9] File 9, xtal 48 done.
[Rank 9] File 9, xtal 49 done.
[Rank 9] File 9, xtal 50 done.
[Rank 9] File 9, xtal 51 done.
[Rank 9] File 9, xtal 52 done.
[Rank 9] File 9, xtal 53 done.
[Rank 9] File 9, xtal 54 done.
[Rank 9] File 9, xtal 55 done.
[Rank 9] File 9, xtal 56 done.
[Rank 9] File 9, xtal 57 done.
[Rank 9] File 9, xtal 58 done.
[Rank 9] File 9, xtal 59 done.
[Rank 9] File 9, xtal 60 done.
[Rank 9] File 9, xtal 61 done.
[Rank 9] File 9, xtal 62 done.
[Rank 9] File 9, xtal 63 done.
[Rank 9] File 9, xtal 64 done.
[Rank 9] File 9, xtal 65 done.
[Rank 9] File 9, xtal 66 done.
[Rank 9] File 9, xtal 67 done.
[Rank 9] File 9, xtal 68 done.
[Rank 9] File 9, xtal 69 done.
[Rank 9] File 9, xtal 70 done.
[Rank 9] File 9, xtal 71 done.
[Rank 9] File 9, xtal 72 done.
[Rank 9] File 9, xtal 73 done.
[Rank 9] File 9, xtal 74 done.
[Rank 9] File 9, xtal 75 done.
[Rank 9] File 9, xtal 76 done.
[Rank 9] File 9, xtal 77 done.
[Rank 9] File 9, xtal 78 done.
[Rank 9] File 9, xtal 79 done.
[Rank 9] File 9, xtal 80 done.
[Rank 9] File 9, xtal 81 done.
[Rank 9] File 9, xtal 82 done.
[Rank 9] File 9, xtal 83 done.
[Rank 9] File 9, xtal 84 done.
[Rank 9] File 9, xtal 85 done.
[Rank 9] File 9, xtal 86 done.
[Rank 9] File 9, xtal 87 done.
[Rank 9] File 9, xtal 88 done.
[Rank 9] File 9, xtal 89 done.
[Rank 9] File 9, xtal 90 done.
[Rank 9] File 9, xtal 91 done.
[Rank 9] File 9, xtal 92 done.
[Rank 9] File 9, xtal 93 done.
[Rank 9] File 9, xtal 94 done.
[Rank 9] File 9, xtal 95 done.
[Rank 9] File 9, xtal 96 done.
[Rank 9] File 9, xtal 97 done.
[Rank 9] File 9, xtal 98 done.
[Rank 9] File 9, xtal 99 done.
[Rank 9] File 9, xtal 100 done.
[Rank 9] File 9, xtal 101 done.
[Rank 9] File 9, xtal 102 done.
[Rank 9] File 9, xtal 103 done.
[Rank 9] File 9, xtal 104 done.
[Rank 9] File 9, xtal 105 done.
[Rank 9] File 9, xtal 106 done.
[Rank 9] File 9, xtal 107 done.
[Rank 9] File 9, xtal 108 done.
[Rank 9] File 9, xtal 109 done.
[Rank 9] File 9, xtal 110 done.
[Rank 9] File 9, xtal 111 done.
[Rank 9] File 9, xtal 112 done.
[Rank 9] File 9, xtal 113 done.
[Rank 9] File 9, xtal 114 done.
[Rank 9] File 9, xtal 115 done.
[Rank 9] File 9, xtal 116 done.
[Rank 9] File 9, xtal 117 done.
[Rank 9] File 9, xtal 118 done.
[Rank 9] File 9, xtal 119 done.
[Rank 9] File 9, xtal 120 done.
[Rank 9] File 9, xtal 121 done.
[Rank 9] File 9, xtal 122 done.
[Rank 9] File 9, xtal 123 done.
[Rank 9] File 9, xtal 124 done.
[Rank 9] File 9, xtal 125 done.
[Rank 9] File 9, xtal 126 done.
[Rank 9] File 9, xtal 127 done.
[Rank 9] File 9, xtal 128 done.
[Rank 9] File 9, xtal 129 done.
[Rank 9] File 9, xtal 130 done.
[Rank 9] File 9, xtal 131 done.
[Rank 9] File 9, xtal 132 done.
[Rank 9] File 9, xtal 133 done.
[Rank 9] File 9, xtal 134 done.
[Rank 9] File 9, xtal 135 done.
[Rank 9] File 9, xtal 136 done.
[Rank 9] File 9, xtal 137 done.
[Rank 9] File 9, xtal 138 done.
[Rank 9] File 9, xtal 139 done.
[Rank 9] File 9, xtal 140 done.
[Rank 9] File 9, xtal 141 done.
[Rank 9] File 9, xtal 142 done.
[Rank 9] File 9, xtal 143 done.
[Rank 9] File 9, xtal 144 done.
[Rank 9] File 9, xtal 145 done.
[Rank 9] File 9, xtal 146 done.
[Rank 9] File 9, xtal 147 done.
[Rank 9] File 9, xtal 148 done.
[Rank 9] File 9, xtal 149 done.
[Rank 9] File 9, xtal 150 done.
[Rank 9] File 9, xtal 151 done.
[Rank 9] File 9, xtal 152 done.
[Rank 9] File 9, xtal 153 done.
[Rank 9] File 9, xtal 154 done.
[Rank 9] File 9, xtal 155 done.
[Rank 9] File 9, xtal 156 done.
[Rank 9] File 9, xtal 157 done.
[Rank 9] File 9, xtal 158 done.
[Rank 9] File 9, xtal 159 done.
[Rank 9] File 9, xtal 160 done.
[Rank 9] File 9, xtal 161 done.
[Rank 9] File 9, xtal 162 done.
[Rank 9] File 9, xtal 163 done.
[Rank 9] File 9, xtal 164 done.
[Rank 9] File 9, xtal 165 done.
[Rank 9] File 9, xtal 166 done.
[Rank 9] File 9, xtal 167 done.
[Rank 9] File 9, xtal 168 done.
[Rank 9] File 9, xtal 169 done.
[Rank 9] File 9, xtal 170 done.
[Rank 9] File 9, xtal 171 done.
[Rank 9] File 9, xtal 172 done.
[Rank 9] File 9, xtal 173 done.
[Rank 9] File 9, xtal 174 done.
[Rank 9] File 9, xtal 175 done.
[Rank 9] File 9, xtal 176 done.
[Rank 9] File 9, xtal 177 done.
[Rank 9] File 9, xtal 178 done.
[Rank 9] File 9, xtal 179 done.
[Rank 9] File 9, xtal 180 done.
[Rank 9] File 9, xtal 181 done.
[Rank 9] File 9, xtal 182 done.
[Rank 9] File 9, xtal 183 done.
[Rank 9] File 9, xtal 184 done.
[Rank 9] File 9, xtal 185 done.
[Rank 9] File 9, xtal 186 done.
[Rank 9] File 9, xtal 187 done.
[Rank 9] File 9, xtal 188 done.
[Rank 9] File 9, xtal 189 done.
[Rank 9] File 9, xtal 190 done.
[Rank 9] File 9, xtal 191 done.
[Rank 9] File 9, xtal 192 done.
[Rank 9] File 9, xtal 193 done.
[Rank 9] File 9, xtal 194 done.
[Rank 9] File 9, xtal 195 done.
[Rank 9] File 9, xtal 196 done.
[Rank 9] File 9, xtal 197 done.
[Rank 9] File 9, xtal 198 done.
[Rank 9] File 9, xtal 199 done.
[Rank 9] File 9, xtal 200 done.
[Rank 9] File 9, xtal 201 done.
[Rank 9] File 9, xtal 202 done.
[Rank 9] File 9, xtal 203 done.
[Rank 9] File 9, xtal 204 done.
[Rank 9] File 9, xtal 205 done.
[Rank 9] File 9, xtal 206 done.
[Rank 9] File 9, xtal 207 done.
[Rank 9] File 9, xtal 208 done.
[Rank 9] File 9, xtal 209 done.
[Rank 9] File 9, xtal 210 done.
[Rank 9] File 9, xtal 211 done.
[Rank 9] File 9, xtal 212 done.
[Rank 9] File 9, xtal 213 done.
[Rank 9] File 9, xtal 214 done.
[Rank 9] File 9, xtal 215 done.
[Rank 9] File 9, xtal 216 done.
[Rank 9] File 9, xtal 217 done.
[Rank 9] File 9, xtal 218 done.
[Rank 9] File 9, xtal 219 done.
[Rank 9] File 9, xtal 220 done.
[Rank 9] File 9, xtal 221 done.
[Rank 9] File 9, xtal 222 done.
[Rank 9] File 9, xtal 223 done.
[Rank 9] File 9, xtal 224 done.
[Rank 9] File 9, xtal 225 done.
[Rank 9] File 9, xtal 226 done.
[Rank 9] File 9, xtal 227 done.
[Rank 9] File 9, xtal 228 done.
[Rank 9] File 9, xtal 229 done.
[Rank 9] File 9, xtal 230 done.
[Rank 9] File 9, xtal 231 done.
[Rank 9] File 9, xtal 232 done.
[Rank 9] File 9, xtal 233 done.
[Rank 9] File 9, xtal 234 done.
[Rank 9] File 9, xtal 235 done.
[Rank 9] File 9, xtal 236 done.
[Rank 9] File 9, xtal 237 done.
[Rank 9] File 9, xtal 238 done.
[Rank 9] File 9, xtal 239 done.
[Rank 9] File 9, xtal 240 done.
[Rank 9] File 9, xtal 241 done.
[Rank 9] File 9, xtal 242 done.
[Rank 9] File 9, xtal 243 done.
[Rank 9] File 9, xtal 244 done.
[Rank 9] File 9, xtal 245 done.
[Rank 9] File 9, xtal 246 done.
[Rank 9] File 9, xtal 247 done.
[Rank 9] File 9, xtal 248 done.
[Rank 9] File 9, xtal 249 done.
[Rank 9] File 9, xtal 250 done.
[Rank 9] File 9, xtal 251 done.
[Rank 9] File 9, xtal 252 done.
[Rank 9] File 9, xtal 253 done.
[Rank 9] File 9, xtal 254 done.
[Rank 9] File 9, xtal 255 done.
[Rank 9] File 9, xtal 256 done.
[Rank 9] File 9, xtal 257 done.
[Rank 9] File 9, xtal 258 done.
[Rank 4] File 4, xtal 0 done.
[Rank 4] File 4, xtal 1 done.
[Rank 4] File 4, xtal 2 done.
[Rank 4] File 4, xtal 3 done.
[Rank 4] File 4, xtal 4 done.
[Rank 4] File 4, xtal 5 done.
[Rank 4] File 4, xtal 6 done.
[Rank 4] File 4, xtal 7 done.
[Rank 4] File 4, xtal 8 done.
[Rank 4] File 4, xtal 9 done.
[Rank 4] File 4, xtal 10 done.
[Rank 4] File 4, xtal 11 done.
[Rank 4] File 4, xtal 12 done.
[Rank 4] File 4, xtal 13 done.
[Rank 4] File 4, xtal 14 done.
[Rank 4] File 4, xtal 15 done.
[Rank 4] File 4, xtal 16 done.
[Rank 4] File 4, xtal 17 done.
[Rank 4] File 4, xtal 18 done.
[Rank 4] File 4, xtal 19 done.
[Rank 4] File 4, xtal 20 done.
[Rank 4] File 4, xtal 21 done.
[Rank 4] File 4, xtal 22 done.
[Rank 4] File 4, xtal 23 done.
[Rank 4] File 4, xtal 24 done.
[Rank 4] File 4, xtal 25 done.
[Rank 4] File 4, xtal 26 done.
[Rank 4] File 4, xtal 27 done.
[Rank 4] File 4, xtal 28 done.
[Rank 4] File 4, xtal 29 done.
[Rank 4] File 4, xtal 30 done.
[Rank 4] File 4, xtal 31 done.
[Rank 4] File 4, xtal 32 done.
[Rank 4] File 4, xtal 33 done.
[Rank 4] File 4, xtal 34 done.
[Rank 4] File 4, xtal 35 done.
[Rank 4] File 4, xtal 36 done.
[Rank 4] File 4, xtal 37 done.
[Rank 4] File 4, xtal 38 done.
[Rank 4] File 4, xtal 39 done.
[Rank 4] File 4, xtal 40 done.
[Rank 4] File 4, xtal 41 done.
[Rank 4] File 4, xtal 42 done.
[Rank 4] File 4, xtal 43 done.
[Rank 4] File 4, xtal 44 done.
[Rank 4] File 4, xtal 45 done.
[Rank 4] File 4, xtal 46 done.
[Rank 4] File 4, xtal 47 done.
[Rank 4] File 4, xtal 48 done.
[Rank 4] File 4, xtal 49 done.
[Rank 4] File 4, xtal 50 done.
[Rank 4] File 4, xtal 51 done.
[Rank 4] File 4, xtal 52 done.
[Rank 4] File 4, xtal 53 done.
[Rank 4] File 4, xtal 54 done.
[Rank 4] File 4, xtal 55 done.
[Rank 4] File 4, xtal 56 done.
[Rank 4] File 4, xtal 57 done.
[Rank 4] File 4, xtal 58 done.
[Rank 4] File 4, xtal 59 done.
[Rank 4] File 4, xtal 60 done.
[Rank 4] File 4, xtal 61 done.
[Rank 4] File 4, xtal 62 done.
[Rank 4] File 4, xtal 63 done.
[Rank 4] File 4, xtal 64 done.
[Rank 4] File 4, xtal 65 done.
[Rank 4] File 4, xtal 66 done.
[Rank 4] File 4, xtal 67 done.
[Rank 4] File 4, xtal 68 done.
[Rank 4] File 4, xtal 69 done.
[Rank 4] File 4, xtal 70 done.
[Rank 4] File 4, xtal 71 done.
[Rank 4] File 4, xtal 72 done.
[Rank 4] File 4, xtal 73 done.
[Rank 4] File 4, xtal 74 done.
[Rank 4] File 4, xtal 75 done.
[Rank 4] File 4, xtal 76 done.
[Rank 4] File 4, xtal 77 done.
[Rank 4] File 4, xtal 78 done.
[Rank 4] File 4, xtal 79 done.
[Rank 4] File 4, xtal 80 done.
[Rank 4] File 4, xtal 81 done.
[Rank 4] File 4, xtal 82 done.
[Rank 4] File 4, xtal 83 done.
[Rank 4] File 4, xtal 84 done.
[Rank 4] File 4, xtal 85 done.
[Rank 4] File 4, xtal 86 done.
[Rank 4] File 4, xtal 87 done.
[Rank 4] File 4, xtal 88 done.
[Rank 4] File 4, xtal 89 done.
[Rank 4] File 4, xtal 90 done.
[Rank 4] File 4, xtal 91 done.
[Rank 4] File 4, xtal 92 done.
[Rank 4] File 4, xtal 93 done.
[Rank 4] File 4, xtal 94 done.
[Rank 4] File 4, xtal 95 done.
[Rank 4] File 4, xtal 96 done.
[Rank 4] File 4, xtal 97 done.
[Rank 4] File 4, xtal 98 done.
[Rank 4] File 4, xtal 99 done.
[Rank 4] File 4, xtal 100 done.
[Rank 4] File 4, xtal 101 done.
[Rank 4] File 4, xtal 102 done.
[Rank 4] File 4, xtal 103 done.
[Rank 4] File 4, xtal 104 done.
[Rank 4] File 4, xtal 105 done.
[Rank 4] File 4, xtal 106 done.
[Rank 4] File 4, xtal 107 done.
[Rank 4] File 4, xtal 108 done.
[Rank 4] File 4, xtal 109 done.
[Rank 4] File 4, xtal 110 done.
[Rank 4] File 4, xtal 111 done.
[Rank 4] File 4, xtal 112 done.
[Rank 4] File 4, xtal 113 done.
[Rank 4] File 4, xtal 114 done.
[Rank 4] File 4, xtal 115 done.
[Rank 4] File 4, xtal 116 done.
[Rank 4] File 4, xtal 117 done.
[Rank 4] File 4, xtal 118 done.
[Rank 4] File 4, xtal 119 done.
[Rank 4] File 4, xtal 120 done.
[Rank 4] File 4, xtal 121 done.
[Rank 4] File 4, xtal 122 done.
[Rank 4] File 4, xtal 123 done.
[Rank 4] File 4, xtal 124 done.
[Rank 4] File 4, xtal 125 done.
[Rank 4] File 4, xtal 126 done.
[Rank 4] File 4, xtal 127 done.
[Rank 4] File 4, xtal 128 done.
[Rank 4] File 4, xtal 129 done.
[Rank 4] File 4, xtal 130 done.
[Rank 4] File 4, xtal 131 done.
[Rank 4] File 4, xtal 132 done.
[Rank 4] File 4, xtal 133 done.
[Rank 4] File 4, xtal 134 done.
[Rank 4] File 4, xtal 135 done.
[Rank 4] File 4, xtal 136 done.
[Rank 4] File 4, xtal 137 done.
[Rank 4] File 4, xtal 138 done.
[Rank 4] File 4, xtal 139 done.
[Rank 4] File 4, xtal 140 done.
[Rank 4] File 4, xtal 141 done.
[Rank 4] File 4, xtal 142 done.
[Rank 4] File 4, xtal 143 done.
[Rank 4] File 4, xtal 144 done.
[Rank 4] File 4, xtal 145 done.
[Rank 4] File 4, xtal 146 done.
[Rank 4] File 4, xtal 147 done.
[Rank 4] File 4, xtal 148 done.
[Rank 4] File 4, xtal 149 done.
[Rank 4] File 4, xtal 150 done.
[Rank 4] File 4, xtal 151 done.
[Rank 4] File 4, xtal 152 done.
[Rank 4] File 4, xtal 153 done.
[Rank 4] File 4, xtal 154 done.
[Rank 4] File 4, xtal 155 done.
[Rank 4] File 4, xtal 156 done.
[Rank 4] File 4, xtal 157 done.
[Rank 4] File 4, xtal 158 done.
[Rank 4] File 4, xtal 159 done.
[Rank 4] File 4, xtal 160 done.
[Rank 4] File 4, xtal 161 done.
[Rank 4] File 4, xtal 162 done.
[Rank 4] File 4, xtal 163 done.
[Rank 4] File 4, xtal 164 done.
[Rank 4] File 4, xtal 165 done.
[Rank 4] File 4, xtal 166 done.
[Rank 4] File 4, xtal 167 done.
[Rank 4] File 4, xtal 168 done.
[Rank 4] File 4, xtal 169 done.
[Rank 4] File 4, xtal 170 done.
[Rank 4] File 4, xtal 171 done.
[Rank 4] File 4, xtal 172 done.
[Rank 4] File 4, xtal 173 done.
[Rank 4] File 4, xtal 174 done.
[Rank 4] File 4, xtal 175 done.
[Rank 4] File 4, xtal 176 done.
[Rank 4] File 4, xtal 177 done.
[Rank 4] File 4, xtal 178 done.
[Rank 4] File 4, xtal 179 done.
[Rank 4] File 4, xtal 180 done.
[Rank 4] File 4, xtal 181 done.
[Rank 4] File 4, xtal 182 done.
[Rank 4] File 4, xtal 183 done.
[Rank 4] File 4, xtal 184 done.
[Rank 4] File 4, xtal 185 done.
[Rank 4] File 4, xtal 186 done.
[Rank 4] File 4, xtal 187 done.
[Rank 4] File 4, xtal 188 done.
[Rank 4] File 4, xtal 189 done.
[Rank 4] File 4, xtal 190 done.
[Rank 4] File 4, xtal 191 done.
[Rank 4] File 4, xtal 192 done.
[Rank 4] File 4, xtal 193 done.
[Rank 4] File 4, xtal 194 done.
[Rank 4] File 4, xtal 195 done.
[Rank 4] File 4, xtal 196 done.
[Rank 4] File 4, xtal 197 done.
[Rank 4] File 4, xtal 198 done.
[Rank 4] File 4, xtal 199 done.
[Rank 4] File 4, xtal 200 done.
[Rank 4] File 4, xtal 201 done.
[Rank 4] File 4, xtal 202 done.
[Rank 4] File 4, xtal 203 done.
[Rank 4] File 4, xtal 204 done.
[Rank 4] File 4, xtal 205 done.
[Rank 4] File 4, xtal 206 done.
[Rank 4] File 4, xtal 207 done.
[Rank 4] File 4, xtal 208 done.
[Rank 4] File 4, xtal 209 done.
[Rank 4] File 4, xtal 210 done.
[Rank 4] File 4, xtal 211 done.
[Rank 4] File 4, xtal 212 done.
[Rank 4] File 4, xtal 213 done.
[Rank 4] File 4, xtal 214 done.
[Rank 4] File 4, xtal 215 done.
[Rank 4] File 4, xtal 216 done.
[Rank 4] File 4, xtal 217 done.
[Rank 4] File 4, xtal 218 done.
[Rank 4] File 4, xtal 219 done.
[Rank 4] File 4, xtal 220 done.
[Rank 4] File 4, xtal 221 done.
[Rank 4] File 4, xtal 222 done.
[Rank 4] File 4, xtal 223 done.
[Rank 4] File 4, xtal 224 done.
[Rank 4] File 4, xtal 225 done.
[Rank 4] File 4, xtal 226 done.
[Rank 4] File 4, xtal 227 done.
[Rank 4] File 4, xtal 228 done.
[Rank 4] File 4, xtal 229 done.
[Rank 4] File 4, xtal 230 done.
[Rank 4] File 4, xtal 231 done.
[Rank 4] File 4, xtal 232 done.
[Rank 4] File 4, xtal 233 done.
[Rank 4] File 4, xtal 234 done.
[Rank 4] File 4, xtal 235 done.
[Rank 4] File 4, xtal 236 done.
[Rank 4] File 4, xtal 237 done.
[Rank 4] File 4, xtal 238 done.
[Rank 4] File 4, xtal 239 done.
[Rank 4] File 4, xtal 240 done.
[Rank 4] File 4, xtal 241 done.
[Rank 4] File 4, xtal 242 done.
[Rank 4] File 4, xtal 243 done.
[Rank 4] File 4, xtal 244 done.
[Rank 4] File 4, xtal 245 done.
[Rank 4] File 4, xtal 246 done.
[Rank 4] File 4, xtal 247 done.
[Rank 4] File 4, xtal 248 done.
[Rank 4] File 4, xtal 249 done.
[Rank 4] File 4, xtal 250 done.
[Rank 4] File 4, xtal 251 done.
[Rank 4] File 4, xtal 252 done.
[Rank 4] File 4, xtal 253 done.
[Rank 4] File 4, xtal 254 done.
[Rank 4] File 4, xtal 255 done.
[Rank 4] File 4, xtal 256 done.
[Rank 4] File 4, xtal 257 done.
[Rank 4] File 4, xtal 258 done.
[Rank 3] File 3, xtal 0 done.
[Rank 3] File 3, xtal 1 done.
[Rank 3] File 3, xtal 2 done.
[Rank 3] File 3, xtal 3 done.
[Rank 3] File 3, xtal 4 done.
[Rank 3] File 3, xtal 5 done.
[Rank 3] File 3, xtal 6 done.
[Rank 3] File 3, xtal 7 done.
[Rank 3] File 3, xtal 8 done.
[Rank 3] File 3, xtal 9 done.
[Rank 3] File 3, xtal 10 done.
[Rank 3] File 3, xtal 11 done.
[Rank 3] File 3, xtal 12 done.
[Rank 3] File 3, xtal 13 done.
[Rank 3] File 3, xtal 14 done.
[Rank 3] File 3, xtal 15 done.
[Rank 3] File 3, xtal 16 done.
[Rank 3] File 3, xtal 17 done.
[Rank 3] File 3, xtal 18 done.
[Rank 3] File 3, xtal 19 done.
[Rank 3] File 3, xtal 20 done.
[Rank 3] File 3, xtal 21 done.
[Rank 3] File 3, xtal 22 done.
[Rank 3] File 3, xtal 23 done.
[Rank 3] File 3, xtal 24 done.
[Rank 3] File 3, xtal 25 done.
[Rank 3] File 3, xtal 26 done.
[Rank 3] File 3, xtal 27 done.
[Rank 3] File 3, xtal 28 done.
[Rank 3] File 3, xtal 29 done.
[Rank 3] File 3, xtal 30 done.
[Rank 3] File 3, xtal 31 done.
[Rank 3] File 3, xtal 32 done.
[Rank 3] File 3, xtal 33 done.
[Rank 3] File 3, xtal 34 done.
[Rank 3] File 3, xtal 35 done.
[Rank 3] File 3, xtal 36 done.
[Rank 3] File 3, xtal 37 done.
[Rank 3] File 3, xtal 38 done.
[Rank 3] File 3, xtal 39 done.
[Rank 3] File 3, xtal 40 done.
[Rank 3] File 3, xtal 41 done.
[Rank 3] File 3, xtal 42 done.
[Rank 3] File 3, xtal 43 done.
[Rank 3] File 3, xtal 44 done.
[Rank 3] File 3, xtal 45 done.
[Rank 3] File 3, xtal 46 done.
[Rank 3] File 3, xtal 47 done.
[Rank 3] File 3, xtal 48 done.
[Rank 3] File 3, xtal 49 done.
[Rank 3] File 3, xtal 50 done.
[Rank 3] File 3, xtal 51 done.
[Rank 3] File 3, xtal 52 done.
[Rank 3] File 3, xtal 53 done.
[Rank 3] File 3, xtal 54 done.
[Rank 3] File 3, xtal 55 done.
[Rank 3] File 3, xtal 56 done.
[Rank 3] File 3, xtal 57 done.
[Rank 3] File 3, xtal 58 done.
[Rank 3] File 3, xtal 59 done.
[Rank 3] File 3, xtal 60 done.
[Rank 3] File 3, xtal 61 done.
[Rank 3] File 3, xtal 62 done.
[Rank 3] File 3, xtal 63 done.
[Rank 3] File 3, xtal 64 done.
[Rank 3] File 3, xtal 65 done.
[Rank 3] File 3, xtal 66 done.
[Rank 3] File 3, xtal 67 done.
[Rank 3] File 3, xtal 68 done.
[Rank 3] File 3, xtal 69 done.
[Rank 3] File 3, xtal 70 done.
[Rank 3] File 3, xtal 71 done.
[Rank 3] File 3, xtal 72 done.
[Rank 3] File 3, xtal 73 done.
[Rank 3] File 3, xtal 74 done.
[Rank 3] File 3, xtal 75 done.
[Rank 3] File 3, xtal 76 done.
[Rank 3] File 3, xtal 77 done.
[Rank 3] File 3, xtal 78 done.
[Rank 3] File 3, xtal 79 done.
[Rank 3] File 3, xtal 80 done.
[Rank 3] File 3, xtal 81 done.
[Rank 3] File 3, xtal 82 done.
[Rank 3] File 3, xtal 83 done.
[Rank 3] File 3, xtal 84 done.
[Rank 3] File 3, xtal 85 done.
[Rank 3] File 3, xtal 86 done.
[Rank 3] File 3, xtal 87 done.
[Rank 3] File 3, xtal 88 done.
[Rank 3] File 3, xtal 89 done.
[Rank 3] File 3, xtal 90 done.
[Rank 3] File 3, xtal 91 done.
[Rank 3] File 3, xtal 92 done.
[Rank 3] File 3, xtal 93 done.
[Rank 3] File 3, xtal 94 done.
[Rank 3] File 3, xtal 95 done.
[Rank 3] File 3, xtal 96 done.
[Rank 3] File 3, xtal 97 done.
[Rank 3] File 3, xtal 98 done.
[Rank 3] File 3, xtal 99 done.
[Rank 3] File 3, xtal 100 done.
[Rank 3] File 3, xtal 101 done.
[Rank 3] File 3, xtal 102 done.
[Rank 3] File 3, xtal 103 done.
[Rank 3] File 3, xtal 104 done.
[Rank 3] File 3, xtal 105 done.
[Rank 3] File 3, xtal 106 done.
[Rank 3] File 3, xtal 107 done.
[Rank 3] File 3, xtal 108 done.
[Rank 3] File 3, xtal 109 done.
[Rank 3] File 3, xtal 110 done.
[Rank 3] File 3, xtal 111 done.
[Rank 3] File 3, xtal 112 done.
[Rank 3] File 3, xtal 113 done.
[Rank 3] File 3, xtal 114 done.
[Rank 3] File 3, xtal 115 done.
[Rank 3] File 3, xtal 116 done.
[Rank 3] File 3, xtal 117 done.
[Rank 3] File 3, xtal 118 done.
[Rank 3] File 3, xtal 119 done.
[Rank 3] File 3, xtal 120 done.
[Rank 3] File 3, xtal 121 done.
[Rank 3] File 3, xtal 122 done.
[Rank 3] File 3, xtal 123 done.
[Rank 3] File 3, xtal 124 done.
[Rank 3] File 3, xtal 125 done.
[Rank 3] File 3, xtal 126 done.
[Rank 3] File 3, xtal 127 done.
[Rank 3] File 3, xtal 128 done.
[Rank 3] File 3, xtal 129 done.
[Rank 3] File 3, xtal 130 done.
[Rank 3] File 3, xtal 131 done.
[Rank 3] File 3, xtal 132 done.
[Rank 3] File 3, xtal 133 done.
[Rank 3] File 3, xtal 134 done.
[Rank 3] File 3, xtal 135 done.
[Rank 3] File 3, xtal 136 done.
[Rank 3] File 3, xtal 137 done.
[Rank 3] File 3, xtal 138 done.
[Rank 3] File 3, xtal 139 done.
[Rank 3] File 3, xtal 140 done.
[Rank 3] File 3, xtal 141 done.
[Rank 3] File 3, xtal 142 done.
[Rank 3] File 3, xtal 143 done.
[Rank 3] File 3, xtal 144 done.
[Rank 3] File 3, xtal 145 done.
[Rank 3] File 3, xtal 146 done.
[Rank 3] File 3, xtal 147 done.
[Rank 3] File 3, xtal 148 done.
[Rank 3] File 3, xtal 149 done.
[Rank 3] File 3, xtal 150 done.
[Rank 3] File 3, xtal 151 done.
[Rank 3] File 3, xtal 152 done.
[Rank 3] File 3, xtal 153 done.
[Rank 3] File 3, xtal 154 done.
[Rank 3] File 3, xtal 155 done.
[Rank 3] File 3, xtal 156 done.
[Rank 3] File 3, xtal 157 done.
[Rank 3] File 3, xtal 158 done.
[Rank 3] File 3, xtal 159 done.
[Rank 3] File 3, xtal 160 done.
[Rank 3] File 3, xtal 161 done.
[Rank 3] File 3, xtal 162 done.
[Rank 3] File 3, xtal 163 done.
[Rank 3] File 3, xtal 164 done.
[Rank 3] File 3, xtal 165 done.
[Rank 3] File 3, xtal 166 done.
[Rank 3] File 3, xtal 167 done.
[Rank 3] File 3, xtal 168 done.
[Rank 3] File 3, xtal 169 done.
[Rank 3] File 3, xtal 170 done.
[Rank 3] File 3, xtal 171 done.
[Rank 3] File 3, xtal 172 done.
[Rank 3] File 3, xtal 173 done.
[Rank 3] File 3, xtal 174 done.
[Rank 3] File 3, xtal 175 done.
[Rank 3] File 3, xtal 176 done.
[Rank 3] File 3, xtal 177 done.
[Rank 3] File 3, xtal 178 done.
[Rank 3] File 3, xtal 179 done.
[Rank 3] File 3, xtal 180 done.
[Rank 3] File 3, xtal 181 done.
[Rank 3] File 3, xtal 182 done.
[Rank 3] File 3, xtal 183 done.
[Rank 3] File 3, xtal 184 done.
[Rank 3] File 3, xtal 185 done.
[Rank 3] File 3, xtal 186 done.
[Rank 3] File 3, xtal 187 done.
[Rank 3] File 3, xtal 188 done.
[Rank 3] File 3, xtal 189 done.
[Rank 3] File 3, xtal 190 done.
[Rank 3] File 3, xtal 191 done.
[Rank 3] File 3, xtal 192 done.
[Rank 3] File 3, xtal 193 done.
[Rank 3] File 3, xtal 194 done.
[Rank 3] File 3, xtal 195 done.
[Rank 3] File 3, xtal 196 done.
[Rank 3] File 3, xtal 197 done.
[Rank 3] File 3, xtal 198 done.
[Rank 3] File 3, xtal 199 done.
[Rank 3] File 3, xtal 200 done.
[Rank 3] File 3, xtal 201 done.
[Rank 3] File 3, xtal 202 done.
[Rank 3] File 3, xtal 203 done.
[Rank 3] File 3, xtal 204 done.
[Rank 3] File 3, xtal 205 done.
[Rank 3] File 3, xtal 206 done.
[Rank 3] File 3, xtal 207 done.
[Rank 3] File 3, xtal 208 done.
[Rank 3] File 3, xtal 209 done.
[Rank 3] File 3, xtal 210 done.
[Rank 3] File 3, xtal 211 done.
[Rank 3] File 3, xtal 212 done.
[Rank 3] File 3, xtal 213 done.
[Rank 3] File 3, xtal 214 done.
[Rank 3] File 3, xtal 215 done.
[Rank 3] File 3, xtal 216 done.
[Rank 3] File 3, xtal 217 done.
[Rank 3] File 3, xtal 218 done.
[Rank 3] File 3, xtal 219 done.
[Rank 3] File 3, xtal 220 done.
[Rank 3] File 3, xtal 221 done.
[Rank 3] File 3, xtal 222 done.
[Rank 3] File 3, xtal 223 done.
[Rank 3] File 3, xtal 224 done.
[Rank 3] File 3, xtal 225 done.
[Rank 3] File 3, xtal 226 done.
[Rank 3] File 3, xtal 227 done.
[Rank 3] File 3, xtal 228 done.
[Rank 3] File 3, xtal 229 done.
[Rank 3] File 3, xtal 230 done.
[Rank 3] File 3, xtal 231 done.
[Rank 3] File 3, xtal 232 done.
[Rank 3] File 3, xtal 233 done.
[Rank 3] File 3, xtal 234 done.
[Rank 3] File 3, xtal 235 done.
[Rank 3] File 3, xtal 236 done.
[Rank 3] File 3, xtal 237 done.
[Rank 3] File 3, xtal 238 done.
[Rank 3] File 3, xtal 239 done.
[Rank 3] File 3, xtal 240 done.
[Rank 3] File 3, xtal 241 done.
[Rank 3] File 3, xtal 242 done.
[Rank 3] File 3, xtal 243 done.
[Rank 3] File 3, xtal 244 done.
[Rank 3] File 3, xtal 245 done.
[Rank 3] File 3, xtal 246 done.
[Rank 3] File 3, xtal 247 done.
[Rank 3] File 3, xtal 248 done.
[Rank 3] File 3, xtal 249 done.
[Rank 3] File 3, xtal 250 done.
[Rank 3] File 3, xtal 251 done.
[Rank 3] File 3, xtal 252 done.
[Rank 3] File 3, xtal 253 done.
[Rank 3] File 3, xtal 254 done.
[Rank 3] File 3, xtal 255 done.
[Rank 3] File 3, xtal 256 done.
[Rank 3] File 3, xtal 257 done.
[Rank 3] File 3, xtal 258 done.
[Rank 2] File 2, xtal 0 done.
[Rank 2] File 2, xtal 1 done.
[Rank 2] File 2, xtal 2 done.
[Rank 2] File 2, xtal 3 done.
[Rank 2] File 2, xtal 4 done.
[Rank 2] File 2, xtal 5 done.
[Rank 2] File 2, xtal 6 done.
[Rank 2] File 2, xtal 7 done.
[Rank 2] File 2, xtal 8 done.
[Rank 2] File 2, xtal 9 done.
[Rank 2] File 2, xtal 10 done.
[Rank 2] File 2, xtal 11 done.
[Rank 2] File 2, xtal 12 done.
[Rank 2] File 2, xtal 13 done.
[Rank 2] File 2, xtal 14 done.
[Rank 2] File 2, xtal 15 done.
[Rank 2] File 2, xtal 16 done.
[Rank 2] File 2, xtal 17 done.
[Rank 2] File 2, xtal 18 done.
[Rank 2] File 2, xtal 19 done.
[Rank 2] File 2, xtal 20 done.
[Rank 2] File 2, xtal 21 done.
[Rank 2] File 2, xtal 22 done.
[Rank 2] File 2, xtal 23 done.
[Rank 2] File 2, xtal 24 done.
[Rank 2] File 2, xtal 25 done.
[Rank 2] File 2, xtal 26 done.
[Rank 2] File 2, xtal 27 done.
[Rank 2] File 2, xtal 28 done.
[Rank 2] File 2, xtal 29 done.
[Rank 2] File 2, xtal 30 done.
[Rank 2] File 2, xtal 31 done.
[Rank 2] File 2, xtal 32 done.
[Rank 2] File 2, xtal 33 done.
[Rank 2] File 2, xtal 34 done.
[Rank 2] File 2, xtal 35 done.
[Rank 2] File 2, xtal 36 done.
[Rank 2] File 2, xtal 37 done.
[Rank 2] File 2, xtal 38 done.
[Rank 2] File 2, xtal 39 done.
[Rank 2] File 2, xtal 40 done.
[Rank 2] File 2, xtal 41 done.
[Rank 2] File 2, xtal 42 done.
[Rank 2] File 2, xtal 43 done.
[Rank 2] File 2, xtal 44 done.
[Rank 2] File 2, xtal 45 done.
[Rank 2] File 2, xtal 46 done.
[Rank 2] File 2, xtal 47 done.
[Rank 2] File 2, xtal 48 done.
[Rank 2] File 2, xtal 49 done.
[Rank 2] File 2, xtal 50 done.
[Rank 2] File 2, xtal 51 done.
[Rank 2] File 2, xtal 52 done.
[Rank 2] File 2, xtal 53 done.
[Rank 2] File 2, xtal 54 done.
[Rank 2] File 2, xtal 55 done.
[Rank 2] File 2, xtal 56 done.
[Rank 2] File 2, xtal 57 done.
[Rank 2] File 2, xtal 58 done.
[Rank 2] File 2, xtal 59 done.
[Rank 2] File 2, xtal 60 done.
[Rank 2] File 2, xtal 61 done.
[Rank 2] File 2, xtal 62 done.
[Rank 2] File 2, xtal 63 done.
[Rank 2] File 2, xtal 64 done.
[Rank 2] File 2, xtal 65 done.
[Rank 2] File 2, xtal 66 done.
[Rank 2] File 2, xtal 67 done.
[Rank 2] File 2, xtal 68 done.
[Rank 2] File 2, xtal 69 done.
[Rank 2] File 2, xtal 70 done.
[Rank 2] File 2, xtal 71 done.
[Rank 2] File 2, xtal 72 done.
[Rank 2] File 2, xtal 73 done.
[Rank 2] File 2, xtal 74 done.
[Rank 2] File 2, xtal 75 done.
[Rank 2] File 2, xtal 76 done.
[Rank 2] File 2, xtal 77 done.
[Rank 2] File 2, xtal 78 done.
[Rank 2] File 2, xtal 79 done.
[Rank 2] File 2, xtal 80 done.
[Rank 2] File 2, xtal 81 done.
[Rank 2] File 2, xtal 82 done.
[Rank 2] File 2, xtal 83 done.
[Rank 2] File 2, xtal 84 done.
[Rank 2] File 2, xtal 85 done.
[Rank 2] File 2, xtal 86 done.
[Rank 2] File 2, xtal 87 done.
[Rank 2] File 2, xtal 88 done.
[Rank 2] File 2, xtal 89 done.
[Rank 2] File 2, xtal 90 done.
[Rank 2] File 2, xtal 91 done.
[Rank 2] File 2, xtal 92 done.
[Rank 2] File 2, xtal 93 done.
[Rank 2] File 2, xtal 94 done.
[Rank 2] File 2, xtal 95 done.
[Rank 2] File 2, xtal 96 done.
[Rank 2] File 2, xtal 97 done.
[Rank 2] File 2, xtal 98 done.
[Rank 2] File 2, xtal 99 done.
[Rank 2] File 2, xtal 100 done.
[Rank 2] File 2, xtal 101 done.
[Rank 2] File 2, xtal 102 done.
[Rank 2] File 2, xtal 103 done.
[Rank 2] File 2, xtal 104 done.
[Rank 2] File 2, xtal 105 done.
[Rank 2] File 2, xtal 106 done.
[Rank 2] File 2, xtal 107 done.
[Rank 2] File 2, xtal 108 done.
[Rank 2] File 2, xtal 109 done.
[Rank 2] File 2, xtal 110 done.
[Rank 2] File 2, xtal 111 done.
[Rank 2] File 2, xtal 112 done.
[Rank 2] File 2, xtal 113 done.
[Rank 2] File 2, xtal 114 done.
[Rank 2] File 2, xtal 115 done.
[Rank 2] File 2, xtal 116 done.
[Rank 2] File 2, xtal 117 done.
[Rank 2] File 2, xtal 118 done.
[Rank 2] File 2, xtal 119 done.
[Rank 2] File 2, xtal 120 done.
[Rank 2] File 2, xtal 121 done.
[Rank 2] File 2, xtal 122 done.
[Rank 2] File 2, xtal 123 done.
[Rank 2] File 2, xtal 124 done.
[Rank 2] File 2, xtal 125 done.
[Rank 2] File 2, xtal 126 done.
[Rank 2] File 2, xtal 127 done.
[Rank 2] File 2, xtal 128 done.
[Rank 2] File 2, xtal 129 done.
[Rank 2] File 2, xtal 130 done.
[Rank 2] File 2, xtal 131 done.
[Rank 2] File 2, xtal 132 done.
[Rank 2] File 2, xtal 133 done.
[Rank 2] File 2, xtal 134 done.
[Rank 2] File 2, xtal 135 done.
[Rank 2] File 2, xtal 136 done.
[Rank 2] File 2, xtal 137 done.
[Rank 2] File 2, xtal 138 done.
[Rank 2] File 2, xtal 139 done.
[Rank 2] File 2, xtal 140 done.
[Rank 2] File 2, xtal 141 done.
[Rank 2] File 2, xtal 142 done.
[Rank 2] File 2, xtal 143 done.
[Rank 2] File 2, xtal 144 done.
[Rank 2] File 2, xtal 145 done.
[Rank 2] File 2, xtal 146 done.
[Rank 2] File 2, xtal 147 done.
[Rank 2] File 2, xtal 148 done.
[Rank 2] File 2, xtal 149 done.
[Rank 2] File 2, xtal 150 done.
[Rank 2] File 2, xtal 151 done.
[Rank 2] File 2, xtal 152 done.
[Rank 2] File 2, xtal 153 done.
[Rank 2] File 2, xtal 154 done.
[Rank 2] File 2, xtal 155 done.
[Rank 2] File 2, xtal 156 done.
[Rank 2] File 2, xtal 157 done.
[Rank 2] File 2, xtal 158 done.
[Rank 2] File 2, xtal 159 done.
[Rank 2] File 2, xtal 160 done.
[Rank 2] File 2, xtal 161 done.
[Rank 2] File 2, xtal 162 done.
[Rank 2] File 2, xtal 163 done.
[Rank 2] File 2, xtal 164 done.
[Rank 2] File 2, xtal 165 done.
[Rank 2] File 2, xtal 166 done.
[Rank 2] File 2, xtal 167 done.
[Rank 2] File 2, xtal 168 done.
[Rank 2] File 2, xtal 169 done.
[Rank 2] File 2, xtal 170 done.
[Rank 2] File 2, xtal 171 done.
[Rank 2] File 2, xtal 172 done.
[Rank 2] File 2, xtal 173 done.
[Rank 2] File 2, xtal 174 done.
[Rank 2] File 2, xtal 175 done.
[Rank 2] File 2, xtal 176 done.
[Rank 2] File 2, xtal 177 done.
[Rank 2] File 2, xtal 178 done.
[Rank 2] File 2, xtal 179 done.
[Rank 2] File 2, xtal 180 done.
[Rank 2] File 2, xtal 181 done.
[Rank 2] File 2, xtal 182 done.
[Rank 2] File 2, xtal 183 done.
[Rank 2] File 2, xtal 184 done.
[Rank 2] File 2, xtal 185 done.
[Rank 2] File 2, xtal 186 done.
[Rank 2] File 2, xtal 187 done.
[Rank 2] File 2, xtal 188 done.
[Rank 2] File 2, xtal 189 done.
[Rank 2] File 2, xtal 190 done.
[Rank 2] File 2, xtal 191 done.
[Rank 2] File 2, xtal 192 done.
[Rank 2] File 2, xtal 193 done.
[Rank 2] File 2, xtal 194 done.
[Rank 2] File 2, xtal 195 done.
[Rank 2] File 2, xtal 196 done.
[Rank 2] File 2, xtal 197 done.
[Rank 2] File 2, xtal 198 done.
[Rank 2] File 2, xtal 199 done.
[Rank 2] File 2, xtal 200 done.
[Rank 2] File 2, xtal 201 done.
[Rank 2] File 2, xtal 202 done.
[Rank 2] File 2, xtal 203 done.
[Rank 2] File 2, xtal 204 done.
[Rank 2] File 2, xtal 205 done.
[Rank 2] File 2, xtal 206 done.
[Rank 2] File 2, xtal 207 done.
[Rank 2] File 2, xtal 208 done.
[Rank 2] File 2, xtal 209 done.
[Rank 2] File 2, xtal 210 done.
[Rank 2] File 2, xtal 211 done.
[Rank 2] File 2, xtal 212 done.
[Rank 2] File 2, xtal 213 done.
[Rank 2] File 2, xtal 214 done.
[Rank 2] File 2, xtal 215 done.
[Rank 2] File 2, xtal 216 done.
[Rank 2] File 2, xtal 217 done.
[Rank 2] File 2, xtal 218 done.
[Rank 2] File 2, xtal 219 done.
[Rank 2] File 2, xtal 220 done.
[Rank 2] File 2, xtal 221 done.
[Rank 2] File 2, xtal 222 done.
[Rank 2] File 2, xtal 223 done.
[Rank 2] File 2, xtal 224 done.
[Rank 2] File 2, xtal 225 done.
[Rank 2] File 2, xtal 226 done.
[Rank 2] File 2, xtal 227 done.
[Rank 2] File 2, xtal 228 done.
[Rank 2] File 2, xtal 229 done.
[Rank 2] File 2, xtal 230 done.
[Rank 2] File 2, xtal 231 done.
[Rank 2] File 2, xtal 232 done.
[Rank 2] File 2, xtal 233 done.
[Rank 2] File 2, xtal 234 done.
[Rank 2] File 2, xtal 235 done.
[Rank 2] File 2, xtal 236 done.
[Rank 2] File 2, xtal 237 done.
[Rank 2] File 2, xtal 238 done.
[Rank 2] File 2, xtal 239 done.
[Rank 2] File 2, xtal 240 done.
[Rank 2] File 2, xtal 241 done.
[Rank 2] File 2, xtal 242 done.
[Rank 2] File 2, xtal 243 done.
[Rank 2] File 2, xtal 244 done.
[Rank 2] File 2, xtal 245 done.
[Rank 2] File 2, xtal 246 done.
[Rank 2] File 2, xtal 247 done.
[Rank 2] File 2, xtal 248 done.
[Rank 2] File 2, xtal 249 done.
[Rank 2] File 2, xtal 250 done.
[Rank 2] File 2, xtal 251 done.
[Rank 2] File 2, xtal 252 done.
[Rank 2] File 2, xtal 253 done.
[Rank 2] File 2, xtal 254 done.
[Rank 2] File 2, xtal 255 done.
[Rank 2] File 2, xtal 256 done.
[Rank 2] File 2, xtal 257 done.
[Rank 2] File 2, xtal 258 done.
[Rank 5] File 5, xtal 0 done.
[Rank 5] File 5, xtal 1 done.
[Rank 5] File 5, xtal 2 done.
[Rank 5] File 5, xtal 3 done.
[Rank 5] File 5, xtal 4 done.
[Rank 5] File 5, xtal 5 done.
[Rank 5] File 5, xtal 6 done.
[Rank 5] File 5, xtal 7 done.
[Rank 5] File 5, xtal 8 done.
[Rank 5] File 5, xtal 9 done.
[Rank 5] File 5, xtal 10 done.
[Rank 5] File 5, xtal 11 done.
[Rank 5] File 5, xtal 12 done.
[Rank 5] File 5, xtal 13 done.
[Rank 5] File 5, xtal 14 done.
[Rank 5] File 5, xtal 15 done.
[Rank 5] File 5, xtal 16 done.
[Rank 5] File 5, xtal 17 done.
[Rank 5] File 5, xtal 18 done.
[Rank 5] File 5, xtal 19 done.
[Rank 5] File 5, xtal 20 done.
[Rank 5] File 5, xtal 21 done.
[Rank 5] File 5, xtal 22 done.
[Rank 5] File 5, xtal 23 done.
[Rank 5] File 5, xtal 24 done.
[Rank 5] File 5, xtal 25 done.
[Rank 5] File 5, xtal 26 done.
[Rank 5] File 5, xtal 27 done.
[Rank 5] File 5, xtal 28 done.
[Rank 5] File 5, xtal 29 done.
[Rank 5] File 5, xtal 30 done.
[Rank 5] File 5, xtal 31 done.
[Rank 5] File 5, xtal 32 done.
[Rank 5] File 5, xtal 33 done.
[Rank 5] File 5, xtal 34 done.
[Rank 5] File 5, xtal 35 done.
[Rank 5] File 5, xtal 36 done.
[Rank 5] File 5, xtal 37 done.
[Rank 5] File 5, xtal 38 done.
[Rank 5] File 5, xtal 39 done.
[Rank 5] File 5, xtal 40 done.
[Rank 5] File 5, xtal 41 done.
[Rank 5] File 5, xtal 42 done.
[Rank 5] File 5, xtal 43 done.
[Rank 5] File 5, xtal 44 done.
[Rank 5] File 5, xtal 45 done.
[Rank 5] File 5, xtal 46 done.
[Rank 5] File 5, xtal 47 done.
[Rank 5] File 5, xtal 48 done.
[Rank 5] File 5, xtal 49 done.
[Rank 5] File 5, xtal 50 done.
[Rank 5] File 5, xtal 51 done.
[Rank 5] File 5, xtal 52 done.
[Rank 5] File 5, xtal 53 done.
[Rank 5] File 5, xtal 54 done.
[Rank 5] File 5, xtal 55 done.
[Rank 5] File 5, xtal 56 done.
[Rank 5] File 5, xtal 57 done.
[Rank 5] File 5, xtal 58 done.
[Rank 5] File 5, xtal 59 done.
[Rank 5] File 5, xtal 60 done.
[Rank 5] File 5, xtal 61 done.
[Rank 5] File 5, xtal 62 done.
[Rank 5] File 5, xtal 63 done.
[Rank 5] File 5, xtal 64 done.
[Rank 5] File 5, xtal 65 done.
[Rank 5] File 5, xtal 66 done.
[Rank 5] File 5, xtal 67 done.
[Rank 5] File 5, xtal 68 done.
[Rank 5] File 5, xtal 69 done.
[Rank 5] File 5, xtal 70 done.
[Rank 5] File 5, xtal 71 done.
[Rank 5] File 5, xtal 72 done.
[Rank 5] File 5, xtal 73 done.
[Rank 5] File 5, xtal 74 done.
[Rank 5] File 5, xtal 75 done.
[Rank 5] File 5, xtal 76 done.
[Rank 5] File 5, xtal 77 done.
[Rank 5] File 5, xtal 78 done.
[Rank 5] File 5, xtal 79 done.
[Rank 5] File 5, xtal 80 done.
[Rank 5] File 5, xtal 81 done.
[Rank 5] File 5, xtal 82 done.
[Rank 5] File 5, xtal 83 done.
[Rank 5] File 5, xtal 84 done.
[Rank 5] File 5, xtal 85 done.
[Rank 5] File 5, xtal 86 done.
[Rank 5] File 5, xtal 87 done.
[Rank 5] File 5, xtal 88 done.
[Rank 5] File 5, xtal 89 done.
[Rank 5] File 5, xtal 90 done.
[Rank 5] File 5, xtal 91 done.
[Rank 5] File 5, xtal 92 done.
[Rank 5] File 5, xtal 93 done.
[Rank 5] File 5, xtal 94 done.
[Rank 5] File 5, xtal 95 done.
[Rank 5] File 5, xtal 96 done.
[Rank 5] File 5, xtal 97 done.
[Rank 5] File 5, xtal 98 done.
[Rank 5] File 5, xtal 99 done.
[Rank 5] File 5, xtal 100 done.
[Rank 5] File 5, xtal 101 done.
[Rank 5] File 5, xtal 102 done.
[Rank 5] File 5, xtal 103 done.
[Rank 5] File 5, xtal 104 done.
[Rank 5] File 5, xtal 105 done.
[Rank 5] File 5, xtal 106 done.
[Rank 5] File 5, xtal 107 done.
[Rank 5] File 5, xtal 108 done.
[Rank 5] File 5, xtal 109 done.
[Rank 5] File 5, xtal 110 done.
[Rank 5] File 5, xtal 111 done.
[Rank 5] File 5, xtal 112 done.
[Rank 5] File 5, xtal 113 done.
[Rank 5] File 5, xtal 114 done.
[Rank 5] File 5, xtal 115 done.
[Rank 5] File 5, xtal 116 done.
[Rank 5] File 5, xtal 117 done.
[Rank 5] File 5, xtal 118 done.
[Rank 5] File 5, xtal 119 done.
[Rank 5] File 5, xtal 120 done.
[Rank 5] File 5, xtal 121 done.
[Rank 5] File 5, xtal 122 done.
[Rank 5] File 5, xtal 123 done.
[Rank 5] File 5, xtal 124 done.
[Rank 5] File 5, xtal 125 done.
[Rank 5] File 5, xtal 126 done.
[Rank 5] File 5, xtal 127 done.
[Rank 5] File 5, xtal 128 done.
[Rank 5] File 5, xtal 129 done.
[Rank 5] File 5, xtal 130 done.
[Rank 5] File 5, xtal 131 done.
[Rank 5] File 5, xtal 132 done.
[Rank 5] File 5, xtal 133 done.
[Rank 5] File 5, xtal 134 done.
[Rank 5] File 5, xtal 135 done.
[Rank 5] File 5, xtal 136 done.
[Rank 5] File 5, xtal 137 done.
[Rank 5] File 5, xtal 138 done.
[Rank 5] File 5, xtal 139 done.
[Rank 5] File 5, xtal 140 done.
[Rank 5] File 5, xtal 141 done.
[Rank 5] File 5, xtal 142 done.
[Rank 5] File 5, xtal 143 done.
[Rank 5] File 5, xtal 144 done.
[Rank 5] File 5, xtal 145 done.
[Rank 5] File 5, xtal 146 done.
[Rank 5] File 5, xtal 147 done.
[Rank 5] File 5, xtal 148 done.
[Rank 5] File 5, xtal 149 done.
[Rank 5] File 5, xtal 150 done.
[Rank 5] File 5, xtal 151 done.
[Rank 5] File 5, xtal 152 done.
[Rank 5] File 5, xtal 153 done.
[Rank 5] File 5, xtal 154 done.
[Rank 5] File 5, xtal 155 done.
[Rank 5] File 5, xtal 156 done.
[Rank 5] File 5, xtal 157 done.
[Rank 5] File 5, xtal 158 done.
[Rank 5] File 5, xtal 159 done.
[Rank 5] File 5, xtal 160 done.
[Rank 5] File 5, xtal 161 done.
[Rank 5] File 5, xtal 162 done.
[Rank 5] File 5, xtal 163 done.
[Rank 5] File 5, xtal 164 done.
[Rank 5] File 5, xtal 165 done.
[Rank 5] File 5, xtal 166 done.
[Rank 5] File 5, xtal 167 done.
[Rank 5] File 5, xtal 168 done.
[Rank 5] File 5, xtal 169 done.
[Rank 5] File 5, xtal 170 done.
[Rank 5] File 5, xtal 171 done.
[Rank 5] File 5, xtal 172 done.
[Rank 5] File 5, xtal 173 done.
[Rank 5] File 5, xtal 174 done.
[Rank 5] File 5, xtal 175 done.
[Rank 5] File 5, xtal 176 done.
[Rank 5] File 5, xtal 177 done.
[Rank 5] File 5, xtal 178 done.
[Rank 5] File 5, xtal 179 done.
[Rank 5] File 5, xtal 180 done.
[Rank 5] File 5, xtal 181 done.
[Rank 5] File 5, xtal 182 done.
[Rank 5] File 5, xtal 183 done.
[Rank 5] File 5, xtal 184 done.
[Rank 5] File 5, xtal 185 done.
[Rank 5] File 5, xtal 186 done.
[Rank 5] File 5, xtal 187 done.
[Rank 5] File 5, xtal 188 done.
[Rank 5] File 5, xtal 189 done.
[Rank 5] File 5, xtal 190 done.
[Rank 5] File 5, xtal 191 done.
[Rank 5] File 5, xtal 192 done.
[Rank 5] File 5, xtal 193 done.
[Rank 5] File 5, xtal 194 done.
[Rank 5] File 5, xtal 195 done.
[Rank 5] File 5, xtal 196 done.
[Rank 5] File 5, xtal 197 done.
[Rank 5] File 5, xtal 198 done.
[Rank 5] File 5, xtal 199 done.
[Rank 5] File 5, xtal 200 done.
[Rank 5] File 5, xtal 201 done.
[Rank 5] File 5, xtal 202 done.
[Rank 5] File 5, xtal 203 done.
[Rank 5] File 5, xtal 204 done.
[Rank 5] File 5, xtal 205 done.
[Rank 5] File 5, xtal 206 done.
[Rank 5] File 5, xtal 207 done.
[Rank 5] File 5, xtal 208 done.
[Rank 5] File 5, xtal 209 done.
[Rank 5] File 5, xtal 210 done.
[Rank 5] File 5, xtal 211 done.
[Rank 5] File 5, xtal 212 done.
[Rank 5] File 5, xtal 213 done.
[Rank 5] File 5, xtal 214 done.
[Rank 5] File 5, xtal 215 done.
[Rank 5] File 5, xtal 216 done.
[Rank 5] File 5, xtal 217 done.
[Rank 5] File 5, xtal 218 done.
[Rank 5] File 5, xtal 219 done.
[Rank 5] File 5, xtal 220 done.
[Rank 5] File 5, xtal 221 done.
[Rank 5] File 5, xtal 222 done.
[Rank 5] File 5, xtal 223 done.
[Rank 5] File 5, xtal 224 done.
[Rank 5] File 5, xtal 225 done.
[Rank 5] File 5, xtal 226 done.
[Rank 5] File 5, xtal 227 done.
[Rank 5] File 5, xtal 228 done.
[Rank 5] File 5, xtal 229 done.
[Rank 5] File 5, xtal 230 done.
[Rank 5] File 5, xtal 231 done.
[Rank 5] File 5, xtal 232 done.
[Rank 5] File 5, xtal 233 done.
[Rank 5] File 5, xtal 234 done.
[Rank 5] File 5, xtal 235 done.
[Rank 5] File 5, xtal 236 done.
[Rank 5] File 5, xtal 237 done.
[Rank 5] File 5, xtal 238 done.
[Rank 5] File 5, xtal 239 done.
[Rank 5] File 5, xtal 240 done.
[Rank 5] File 5, xtal 241 done.
[Rank 5] File 5, xtal 242 done.
[Rank 5] File 5, xtal 243 done.
[Rank 5] File 5, xtal 244 done.
[Rank 5] File 5, xtal 245 done.
[Rank 5] File 5, xtal 246 done.
[Rank 5] File 5, xtal 247 done.
[Rank 5] File 5, xtal 248 done.
[Rank 5] File 5, xtal 249 done.
[Rank 5] File 5, xtal 250 done.
[Rank 5] File 5, xtal 251 done.
[Rank 5] File 5, xtal 252 done.
[Rank 5] File 5, xtal 253 done.
[Rank 5] File 5, xtal 254 done.
[Rank 5] File 5, xtal 255 done.
[Rank 5] File 5, xtal 256 done.
[Rank 5] File 5, xtal 257 done.
[Rank 5] File 5, xtal 258 done.
[Rank 1] File 1, xtal 0 done.
[Rank 1] File 1, xtal 1 done.
[Rank 1] File 1, xtal 2 done.
[Rank 1] File 1, xtal 3 done.
[Rank 1] File 1, xtal 4 done.
[Rank 1] File 1, xtal 5 done.
[Rank 1] File 1, xtal 6 done.
[Rank 1] File 1, xtal 7 done.
[Rank 1] File 1, xtal 8 done.
[Rank 1] File 1, xtal 9 done.
[Rank 1] File 1, xtal 10 done.
[Rank 1] File 1, xtal 11 done.
[Rank 1] File 1, xtal 12 done.
[Rank 1] File 1, xtal 13 done.
[Rank 1] File 1, xtal 14 done.
[Rank 1] File 1, xtal 15 done.
[Rank 1] File 1, xtal 16 done.
[Rank 1] File 1, xtal 17 done.
[Rank 1] File 1, xtal 18 done.
[Rank 1] File 1, xtal 19 done.
[Rank 1] File 1, xtal 20 done.
[Rank 1] File 1, xtal 21 done.
[Rank 1] File 1, xtal 22 done.
[Rank 1] File 1, xtal 23 done.
[Rank 1] File 1, xtal 24 done.
[Rank 1] File 1, xtal 25 done.
[Rank 1] File 1, xtal 26 done.
[Rank 1] File 1, xtal 27 done.
[Rank 1] File 1, xtal 28 done.
[Rank 1] File 1, xtal 29 done.
[Rank 1] File 1, xtal 30 done.
[Rank 1] File 1, xtal 31 done.
[Rank 1] File 1, xtal 32 done.
[Rank 1] File 1, xtal 33 done.
[Rank 1] File 1, xtal 34 done.
[Rank 1] File 1, xtal 35 done.
[Rank 1] File 1, xtal 36 done.
[Rank 1] File 1, xtal 37 done.
[Rank 1] File 1, xtal 38 done.
[Rank 1] File 1, xtal 39 done.
[Rank 1] File 1, xtal 40 done.
[Rank 1] File 1, xtal 41 done.
[Rank 1] File 1, xtal 42 done.
[Rank 1] File 1, xtal 43 done.
[Rank 1] File 1, xtal 44 done.
[Rank 1] File 1, xtal 45 done.
[Rank 1] File 1, xtal 46 done.
[Rank 1] File 1, xtal 47 done.
[Rank 1] File 1, xtal 48 done.
[Rank 1] File 1, xtal 49 done.
[Rank 1] File 1, xtal 50 done.
[Rank 1] File 1, xtal 51 done.
[Rank 1] File 1, xtal 52 done.
[Rank 1] File 1, xtal 53 done.
[Rank 1] File 1, xtal 54 done.
[Rank 1] File 1, xtal 55 done.
[Rank 1] File 1, xtal 56 done.
[Rank 1] File 1, xtal 57 done.
[Rank 1] File 1, xtal 58 done.
[Rank 1] File 1, xtal 59 done.
[Rank 1] File 1, xtal 60 done.
[Rank 1] File 1, xtal 61 done.
[Rank 1] File 1, xtal 62 done.
[Rank 1] File 1, xtal 63 done.
[Rank 1] File 1, xtal 64 done.
[Rank 1] File 1, xtal 65 done.
[Rank 1] File 1, xtal 66 done.
[Rank 1] File 1, xtal 67 done.
[Rank 1] File 1, xtal 68 done.
[Rank 1] File 1, xtal 69 done.
[Rank 1] File 1, xtal 70 done.
[Rank 1] File 1, xtal 71 done.
[Rank 1] File 1, xtal 72 done.
[Rank 1] File 1, xtal 73 done.
[Rank 1] File 1, xtal 74 done.
[Rank 1] File 1, xtal 75 done.
[Rank 1] File 1, xtal 76 done.
[Rank 1] File 1, xtal 77 done.
[Rank 1] File 1, xtal 78 done.
[Rank 1] File 1, xtal 79 done.
[Rank 1] File 1, xtal 80 done.
[Rank 1] File 1, xtal 81 done.
[Rank 1] File 1, xtal 82 done.
[Rank 1] File 1, xtal 83 done.
[Rank 1] File 1, xtal 84 done.
[Rank 1] File 1, xtal 85 done.
[Rank 1] File 1, xtal 86 done.
[Rank 1] File 1, xtal 87 done.
[Rank 1] File 1, xtal 88 done.
[Rank 1] File 1, xtal 89 done.
[Rank 1] File 1, xtal 90 done.
[Rank 1] File 1, xtal 91 done.
[Rank 1] File 1, xtal 92 done.
[Rank 1] File 1, xtal 93 done.
[Rank 1] File 1, xtal 94 done.
[Rank 1] File 1, xtal 95 done.
[Rank 1] File 1, xtal 96 done.
[Rank 1] File 1, xtal 97 done.
[Rank 1] File 1, xtal 98 done.
[Rank 1] File 1, xtal 99 done.
[Rank 1] File 1, xtal 100 done.
[Rank 1] File 1, xtal 101 done.
[Rank 1] File 1, xtal 102 done.
[Rank 1] File 1, xtal 103 done.
[Rank 1] File 1, xtal 104 done.
[Rank 1] File 1, xtal 105 done.
[Rank 1] File 1, xtal 106 done.
[Rank 1] File 1, xtal 107 done.
[Rank 1] File 1, xtal 108 done.
[Rank 1] File 1, xtal 109 done.
[Rank 1] File 1, xtal 110 done.
[Rank 1] File 1, xtal 111 done.
[Rank 1] File 1, xtal 112 done.
[Rank 1] File 1, xtal 113 done.
[Rank 1] File 1, xtal 114 done.
[Rank 1] File 1, xtal 115 done.
[Rank 1] File 1, xtal 116 done.
[Rank 1] File 1, xtal 117 done.
[Rank 1] File 1, xtal 118 done.
[Rank 1] File 1, xtal 119 done.
[Rank 1] File 1, xtal 120 done.
[Rank 1] File 1, xtal 121 done.
[Rank 1] File 1, xtal 122 done.
[Rank 1] File 1, xtal 123 done.
[Rank 1] File 1, xtal 124 done.
[Rank 1] File 1, xtal 125 done.
[Rank 1] File 1, xtal 126 done.
[Rank 1] File 1, xtal 127 done.
[Rank 1] File 1, xtal 128 done.
[Rank 1] File 1, xtal 129 done.
[Rank 1] File 1, xtal 130 done.
[Rank 1] File 1, xtal 131 done.
[Rank 1] File 1, xtal 132 done.
[Rank 1] File 1, xtal 133 done.
[Rank 1] File 1, xtal 134 done.
[Rank 1] File 1, xtal 135 done.
[Rank 1] File 1, xtal 136 done.
[Rank 1] File 1, xtal 137 done.
[Rank 1] File 1, xtal 138 done.
[Rank 1] File 1, xtal 139 done.
[Rank 1] File 1, xtal 140 done.
[Rank 1] File 1, xtal 141 done.
[Rank 1] File 1, xtal 142 done.
[Rank 1] File 1, xtal 143 done.
[Rank 1] File 1, xtal 144 done.
[Rank 1] File 1, xtal 145 done.
[Rank 1] File 1, xtal 146 done.
[Rank 1] File 1, xtal 147 done.
[Rank 1] File 1, xtal 148 done.
[Rank 1] File 1, xtal 149 done.
[Rank 1] File 1, xtal 150 done.
[Rank 1] File 1, xtal 151 done.
[Rank 1] File 1, xtal 152 done.
[Rank 1] File 1, xtal 153 done.
[Rank 1] File 1, xtal 154 done.
[Rank 1] File 1, xtal 155 done.
[Rank 1] File 1, xtal 156 done.
[Rank 1] File 1, xtal 157 done.
[Rank 1] File 1, xtal 158 done.
[Rank 1] File 1, xtal 159 done.
[Rank 1] File 1, xtal 160 done.
[Rank 1] File 1, xtal 161 done.
[Rank 1] File 1, xtal 162 done.
[Rank 1] File 1, xtal 163 done.
[Rank 1] File 1, xtal 164 done.
[Rank 1] File 1, xtal 165 done.
[Rank 1] File 1, xtal 166 done.
[Rank 1] File 1, xtal 167 done.
[Rank 1] File 1, xtal 168 done.
[Rank 1] File 1, xtal 169 done.
[Rank 1] File 1, xtal 170 done.
[Rank 1] File 1, xtal 171 done.
[Rank 1] File 1, xtal 172 done.
[Rank 1] File 1, xtal 173 done.
[Rank 1] File 1, xtal 174 done.
[Rank 1] File 1, xtal 175 done.
[Rank 1] File 1, xtal 176 done.
[Rank 1] File 1, xtal 177 done.
[Rank 1] File 1, xtal 178 done.
[Rank 1] File 1, xtal 179 done.
[Rank 1] File 1, xtal 180 done.
[Rank 1] File 1, xtal 181 done.
[Rank 1] File 1, xtal 182 done.
[Rank 1] File 1, xtal 183 done.
[Rank 1] File 1, xtal 184 done.
[Rank 1] File 1, xtal 185 done.
[Rank 1] File 1, xtal 186 done.
[Rank 1] File 1, xtal 187 done.
[Rank 1] File 1, xtal 188 done.
[Rank 1] File 1, xtal 189 done.
[Rank 1] File 1, xtal 190 done.
[Rank 1] File 1, xtal 191 done.
[Rank 1] File 1, xtal 192 done.
[Rank 1] File 1, xtal 193 done.
[Rank 1] File 1, xtal 194 done.
[Rank 1] File 1, xtal 195 done.
[Rank 1] File 1, xtal 196 done.
[Rank 1] File 1, xtal 197 done.
[Rank 1] File 1, xtal 198 done.
[Rank 1] File 1, xtal 199 done.
[Rank 1] File 1, xtal 200 done.
[Rank 1] File 1, xtal 201 done.
[Rank 1] File 1, xtal 202 done.
[Rank 1] File 1, xtal 203 done.
[Rank 1] File 1, xtal 204 done.
[Rank 1] File 1, xtal 205 done.
[Rank 1] File 1, xtal 206 done.
[Rank 1] File 1, xtal 207 done.
[Rank 1] File 1, xtal 208 done.
[Rank 1] File 1, xtal 209 done.
[Rank 1] File 1, xtal 210 done.
[Rank 1] File 1, xtal 211 done.
[Rank 1] File 1, xtal 212 done.
[Rank 1] File 1, xtal 213 done.
[Rank 1] File 1, xtal 214 done.
[Rank 1] File 1, xtal 215 done.
[Rank 1] File 1, xtal 216 done.
[Rank 1] File 1, xtal 217 done.
[Rank 1] File 1, xtal 218 done.
[Rank 1] File 1, xtal 219 done.
[Rank 1] File 1, xtal 220 done.
[Rank 1] File 1, xtal 221 done.
[Rank 1] File 1, xtal 222 done.
[Rank 1] File 1, xtal 223 done.
[Rank 1] File 1, xtal 224 done.
[Rank 1] File 1, xtal 225 done.
[Rank 1] File 1, xtal 226 done.
[Rank 1] File 1, xtal 227 done.
[Rank 1] File 1, xtal 228 done.
[Rank 1] File 1, xtal 229 done.
[Rank 1] File 1, xtal 230 done.
[Rank 1] File 1, xtal 231 done.
[Rank 1] File 1, xtal 232 done.
[Rank 1] File 1, xtal 233 done.
[Rank 1] File 1, xtal 234 done.
[Rank 1] File 1, xtal 235 done.
[Rank 1] File 1, xtal 236 done.
[Rank 1] File 1, xtal 237 done.
[Rank 1] File 1, xtal 238 done.
[Rank 1] File 1, xtal 239 done.
[Rank 1] File 1, xtal 240 done.
[Rank 1] File 1, xtal 241 done.
[Rank 1] File 1, xtal 242 done.
[Rank 1] File 1, xtal 243 done.
[Rank 1] File 1, xtal 244 done.
[Rank 1] File 1, xtal 245 done.
[Rank 1] File 1, xtal 246 done.
[Rank 1] File 1, xtal 247 done.
[Rank 1] File 1, xtal 248 done.
[Rank 1] File 1, xtal 249 done.
[Rank 1] File 1, xtal 250 done.
[Rank 1] File 1, xtal 251 done.
[Rank 1] File 1, xtal 252 done.
[Rank 1] File 1, xtal 253 done.
[Rank 1] File 1, xtal 254 done.
[Rank 1] File 1, xtal 255 done.
[Rank 1] File 1, xtal 256 done.
[Rank 1] File 1, xtal 257 done.
[Rank 1] File 1, xtal 258 done.
srun: Job step aborted: Waiting up to 32 seconds for job step to finish.
slurmstepd: error: *** STEP 19557667.0 ON cpn-q06-04-01 CANCELLED AT 2025-05-04T10:53:21 ***
slurmstepd: error: *** JOB 19557667 ON cpn-q06-04-01 CANCELLED AT 2025-05-04T10:53:21 ***
