--- Job Information ---
Job ID: 20025537
Job Name: ppdf-mpi-600pos
Node List: cpn-q09-08-02,cpn-q09-09-[01-02],cpn-q09-13-02,cpn-q09-16-01,cpn-q09-17-01
Number of Nodes: 6
Number of Tasks: 30
CPUs per Task: 8
Memory per CPU: 
--- Loading Modules ---
The following modules were not unloaded:
  (Use "module --force purge" to unload all):

  1) ccrenv   2) gentoo/2023.01   3) ccrsoft/2023.01
--- Modules After Loading ---

Currently Loaded Modules:
  1) ccrenv                   (H)        7) imkl-fftw/2022.0.1
  2) gentoo/2023.01           (H,S,os)   8) intel/2022.00      (t)
  3) ccrsoft/2023.01          (S)        9) gcccore/11.2.0     (H,t)
  4) intel-compilers/2022.0.1 (H,t)     10) ucx/1.11.2         (H)
  5) impi/2021.5.0            (m)       11) szip/2.1.1         (H)
  6) imkl/2022.0.1            (math)    12) hdf5/1.14.1        (io)

  Where:
   H:     Hidden Module
   S:     Module is Sticky, requires --force to unload or purge
   io:    Input/output software
   m:     MPI implementations
   math:  Mathematical libraries
   os:    Base OS
   t:     Tools for development

 

--- Activating Virtual Environment ---
Python executable: /user/htripath/myenv/bin/python
mpi4py version: Version: 4.0.3
mpi4py location: Location: /user/htripath/myenv/lib/python3.10/site-packages
--- Setting Intel MPI Environment Variables ---
I_MPI_F77=ifort
I_MPI_DEBUG=4
I_MPI_CC=icc
I_MPI_ROOT=/cvmfs/soft.ccr.buffalo.edu/versions/2023.01/easybuild/software/avx512/Compiler/intel/2022.0.1/impi/2021.5.0/mpi/2021.5.0
I_MPI_HYDRA_BOOTSTRAP_EXEC_EXTRA_ARGS=--external-launcher
I_MPI_FC=ifort
I_MPI_CXX=icpc
I_MPI_F90=ifort
I_MPI_PMI_LIBRARY=/opt/software/slurm/lib64/libpmi2.so
I_MPI_HYDRA_BOOTSTRAP=slurm
Current directory: /vscratch/grp-rutaoyao/Harsh/ALL_CONFIGS/random_pattern_rots_trans
Listing files in current directory:
total 130
-rw-r--r-- 1 htripath grp-rutaoyao  3380 Jun  6 07:53 hpc
drwxr-sr-x 2 htripath grp-rutaoyao  4096 Jun  5 16:12 logs
drwxr-sr-x 2 htripath grp-rutaoyao  4096 Jun 11 09:02 ppdf-analysis
-rw-r--r-- 1 htripath grp-rutaoyao  3420 Jun  4 18:37 ppdf_calculation_no_mpi_layouts.py
-rw-r--r-- 1 htripath grp-rutaoyao  7437 Jun 12 10:02 ppdf_mpi.py
drwxrwsr-x 2 htripath grp-rutaoyao  4096 Jun  4 18:37 __pycache__
-rw-r--r-- 1 htripath grp-rutaoyao 20380 Jun 12 10:00 raytracer_2d.py
drwxr-sr-x 2 htripath grp-rutaoyao  4096 Jun  4 18:29 scanner_layouts
drwxrwsr-x 2 htripath grp-rutaoyao  4096 Jun  6 16:40 scanner_layouts_508640ff8dc59f67dd884fdbc89ee122
-rw-rw-r-- 1 htripath grp-rutaoyao 93697 Jun  6 17:07 slurm-19965735.out
-rw-rw-r-- 1 htripath grp-rutaoyao  1827 Jun 12 10:57 slurm-20025537.out
-rw-r--r-- 1 htripath grp-rutaoyao   986 Jun  4 18:34 submit_ppdf.sh
drwxr-sr-x 2 htripath grp-rutaoyao  4096 Jun  4 18:23 tensor_layouts
--- Running MPI Python Script ---
[cpn-q09-08-02.core.ccr.buffalo.edu:809171] common_ucx.c:362  Warning: UCX is unable to handle VM_UNMAP event. This may cause performance degradation or data corruption. Pls try adding --mca opal_common_ucx_opal_mem_hooks 1 to mpirun/oshrun command line to resolve this issue.
[cpn-q09-08-02.core.ccr.buffalo.edu:809170] common_ucx.c:362  Warning: UCX is unable to handle VM_UNMAP event. This may cause performance degradation or data corruption. Pls try adding --mca opal_common_ucx_opal_mem_hooks 1 to mpirun/oshrun command line to resolve this issue.
[cpn-q09-13-02.core.ccr.buffalo.edu:838560] common_ucx.c:362  Warning: UCX is unable to handle VM_UNMAP event. This may cause performance degradation or data corruption. Pls try adding --mca opal_common_ucx_opal_mem_hooks 1 to mpirun/oshrun command line to resolve this issue.
[cpn-q09-08-02.core.ccr.buffalo.edu:809168] common_ucx.c:362  Warning: UCX is unable to handle VM_UNMAP event. This may cause performance degradation or data corruption. Pls try adding --mca opal_common_ucx_opal_mem_hooks 1 to mpirun/oshrun command line to resolve this issue.
[cpn-q09-13-02.core.ccr.buffalo.edu:838562] common_ucx.c:362  Warning: UCX is unable to handle VM_UNMAP event. This may cause performance degradation or data corruption. Pls try adding --mca opal_common_ucx_opal_mem_hooks 1 to mpirun/oshrun command line to resolve this issue.
[cpn-q09-08-02.core.ccr.buffalo.edu:809169] common_ucx.c:362  Warning: UCX is unable to handle VM_UNMAP event. This may cause performance degradation or data corruption. Pls try adding --mca opal_common_ucx_opal_mem_hooks 1 to mpirun/oshrun command line to resolve this issue.
[cpn-q09-09-02.core.ccr.buffalo.edu:1295427] common_ucx.c:362  Warning: UCX is unable to handle VM_UNMAP event. This may cause performance degradation or data corruption. Pls try adding --mca opal_common_ucx_opal_mem_hooks 1 to mpirun/oshrun command line to resolve this issue.
[cpn-q09-17-01.core.ccr.buffalo.edu:1099287] common_ucx.c:362  Warning: UCX is unable to handle VM_UNMAP event. This may cause performance degradation or data corruption. Pls try adding --mca opal_common_ucx_opal_mem_hooks 1 to mpirun/oshrun command line to resolve this issue.
[cpn-q09-09-01.core.ccr.buffalo.edu:775840] common_ucx.c:362  Warning: UCX is unable to handle VM_UNMAP event. This may cause performance degradation or data corruption. Pls try adding --mca opal_common_ucx_opal_mem_hooks 1 to mpirun/oshrun command line to resolve this issue.
[cpn-q09-09-01.core.ccr.buffalo.edu:775844] common_ucx.c:362  Warning: UCX is unable to handle VM_UNMAP event. This may cause performance degradation or data corruption. Pls try adding --mca opal_common_ucx_opal_mem_hooks 1 to mpirun/oshrun command line to resolve this issue.
[cpn-q09-16-01.core.ccr.buffalo.edu:1374342] common_ucx.c:362  Warning: UCX is unable to handle VM_UNMAP event. This may cause performance degradation or data corruption. Pls try adding --mca opal_common_ucx_opal_mem_hooks 1 to mpirun/oshrun command line to resolve this issue.
[cpn-q09-09-02.core.ccr.buffalo.edu:1295429] common_ucx.c:362  Warning: UCX is unable to handle VM_UNMAP event. This may cause performance degradation or data corruption. Pls try adding --mca opal_common_ucx_opal_mem_hooks 1 to mpirun/oshrun command line to resolve this issue.
[cpn-q09-17-01.core.ccr.buffalo.edu:1099288] common_ucx.c:362  Warning: UCX is unable to handle VM_UNMAP event. This may cause performance degradation or data corruption. Pls try adding --mca opal_common_ucx_opal_mem_hooks 1 to mpirun/oshrun command line to resolve this issue.
[cpn-q09-09-01.core.ccr.buffalo.edu:775841] common_ucx.c:362  Warning: UCX is unable to handle VM_UNMAP event. This may cause performance degradation or data corruption. Pls try adding --mca opal_common_ucx_opal_mem_hooks 1 to mpirun/oshrun command line to resolve this issue.
[cpn-q09-13-02.core.ccr.buffalo.edu:838563] common_ucx.c:362  Warning: UCX is unable to handle VM_UNMAP event. This may cause performance degradation or data corruption. Pls try adding --mca opal_common_ucx_opal_mem_hooks 1 to mpirun/oshrun command line to resolve this issue.
[cpn-q09-16-01.core.ccr.buffalo.edu:1374341] common_ucx.c:362  Warning: UCX is unable to handle VM_UNMAP event. This may cause performance degradation or data corruption. Pls try adding --mca opal_common_ucx_opal_mem_hooks 1 to mpirun/oshrun command line to resolve this issue.
[cpn-q09-17-01.core.ccr.buffalo.edu:1099291] common_ucx.c:362  Warning: UCX is unable to handle VM_UNMAP event. This may cause performance degradation or data corruption. Pls try adding --mca opal_common_ucx_opal_mem_hooks 1 to mpirun/oshrun command line to resolve this issue.
[cpn-q09-17-01.core.ccr.buffalo.edu:1099289] common_ucx.c:362  Warning: UCX is unable to handle VM_UNMAP event. This may cause performance degradation or data corruption. Pls try adding --mca opal_common_ucx_opal_mem_hooks 1 to mpirun/oshrun command line to resolve this issue.
[cpn-q09-09-02.core.ccr.buffalo.edu:1295428] common_ucx.c:362  Warning: UCX is unable to handle VM_UNMAP event. This may cause performance degradation or data corruption. Pls try adding --mca opal_common_ucx_opal_mem_hooks 1 to mpirun/oshrun command line to resolve this issue.
[cpn-q09-09-02.core.ccr.buffalo.edu:1295425] common_ucx.c:362  Warning: UCX is unable to handle VM_UNMAP event. This may cause performance degradation or data corruption. Pls try adding --mca opal_common_ucx_opal_mem_hooks 1 to mpirun/oshrun command line to resolve this issue.
[cpn-q09-17-01.core.ccr.buffalo.edu:1099290] common_ucx.c:362  Warning: UCX is unable to handle VM_UNMAP event. This may cause performance degradation or data corruption. Pls try adding --mca opal_common_ucx_opal_mem_hooks 1 to mpirun/oshrun command line to resolve this issue.
[cpn-q09-13-02.core.ccr.buffalo.edu:838561] common_ucx.c:362  Warning: UCX is unable to handle VM_UNMAP event. This may cause performance degradation or data corruption. Pls try adding --mca opal_common_ucx_opal_mem_hooks 1 to mpirun/oshrun command line to resolve this issue.
[cpn-q09-16-01.core.ccr.buffalo.edu:1374340] common_ucx.c:362  Warning: UCX is unable to handle VM_UNMAP event. This may cause performance degradation or data corruption. Pls try adding --mca opal_common_ucx_opal_mem_hooks 1 to mpirun/oshrun command line to resolve this issue.
[cpn-q09-16-01.core.ccr.buffalo.edu:1374343] common_ucx.c:362  Warning: UCX is unable to handle VM_UNMAP event. This may cause performance degradation or data corruption. Pls try adding --mca opal_common_ucx_opal_mem_hooks 1 to mpirun/oshrun command line to resolve this issue.
[cpn-q09-09-02.core.ccr.buffalo.edu:1295426] common_ucx.c:362  Warning: UCX is unable to handle VM_UNMAP event. This may cause performance degradation or data corruption. Pls try adding --mca opal_common_ucx_opal_mem_hooks 1 to mpirun/oshrun command line to resolve this issue.
[cpn-q09-16-01.core.ccr.buffalo.edu:1374339] common_ucx.c:362  Warning: UCX is unable to handle VM_UNMAP event. This may cause performance degradation or data corruption. Pls try adding --mca opal_common_ucx_opal_mem_hooks 1 to mpirun/oshrun command line to resolve this issue.
[cpn-q09-08-02.core.ccr.buffalo.edu:809172] common_ucx.c:362  Warning: UCX is unable to handle VM_UNMAP event. This may cause performance degradation or data corruption. Pls try adding --mca opal_common_ucx_opal_mem_hooks 1 to mpirun/oshrun command line to resolve this issue.
[cpn-q09-09-01.core.ccr.buffalo.edu:775843] common_ucx.c:362  Warning: UCX is unable to handle VM_UNMAP event. This may cause performance degradation or data corruption. Pls try adding --mca opal_common_ucx_opal_mem_hooks 1 to mpirun/oshrun command line to resolve this issue.
[cpn-q09-13-02.core.ccr.buffalo.edu:838564] common_ucx.c:362  Warning: UCX is unable to handle VM_UNMAP event. This may cause performance degradation or data corruption. Pls try adding --mca opal_common_ucx_opal_mem_hooks 1 to mpirun/oshrun command line to resolve this issue.
[cpn-q09-09-01.core.ccr.buffalo.edu:775842] common_ucx.c:362  Warning: UCX is unable to handle VM_UNMAP event. This may cause performance degradation or data corruption. Pls try adding --mca opal_common_ucx_opal_mem_hooks 1 to mpirun/oshrun command line to resolve this issue.
Rank 16 processing positions: [16, 46, 76]... (total 20)
[Rank 016] Evaluating position 016 ...
[Rank 016] ID 0 for position 016
Error: The size of tensor a (2) must match the size of tensor b (262144) at non-singleton dimension 2
[Rank 016] Failed to process or write HDF5 for position 016. Error: zeros() received an invalid combination of arguments - got (tuple, dtype=str), but expected one of:
 * (tuple of ints size, *, tuple of names names, torch.dtype dtype = None, torch.layout layout = None, torch.device device = None, bool pin_memory = False, bool requires_grad = False)
 * (tuple of ints size, *, Tensor out = None, torch.dtype dtype = None, torch.layout layout = None, torch.device device = None, bool pin_memory = False, bool requires_grad = False)

[Rank 016] Removed partially written file: scanner_layouts_raytracer_patched_508640ff8dc59f67dd884fdbc89ee122/position_016_ppdfs.hdf5
[Rank 016] Evaluating position 046 ...
[Rank 016] ID 0 for position 046
Error: The size of tensor a (2) must match the size of tensor b (262144) at non-singleton dimension 2
[Rank 016] Failed to process or write HDF5 for position 046. Error: zeros() received an invalid combination of arguments - got (tuple, dtype=str), but expected one of:
 * (tuple of ints size, *, tuple of names names, torch.dtype dtype = None, torch.layout layout = None, torch.device device = None, bool pin_memory = False, bool requires_grad = False)
 * (tuple of ints size, *, Tensor out = None, torch.dtype dtype = None, torch.layout layout = None, torch.device device = None, bool pin_memory = False, bool requires_grad = False)

[Rank 016] Removed partially written file: scanner_layouts_raytracer_patched_508640ff8dc59f67dd884fdbc89ee122/position_046_ppdfs.hdf5
[Rank 016] Evaluating position 076 ...
[Rank 016] ID 0 for position 076
Error: The size of tensor a (2) must match the size of tensor b (262144) at non-singleton dimension 2
[Rank 016] Failed to process or write HDF5 for position 076. Error: zeros() received an invalid combination of arguments - got (tuple, dtype=str), but expected one of:
 * (tuple of ints size, *, tuple of names names, torch.dtype dtype = None, torch.layout layout = None, torch.device device = None, bool pin_memory = False, bool requires_grad = False)
 * (tuple of ints size, *, Tensor out = None, torch.dtype dtype = None, torch.layout layout = None, torch.device device = None, bool pin_memory = False, bool requires_grad = False)

[Rank 016] Removed partially written file: scanner_layouts_raytracer_patched_508640ff8dc59f67dd884fdbc89ee122/position_076_ppdfs.hdf5
[Rank 016] Evaluating position 106 ...
[Rank 016] ID 0 for position 106
Error: The size of tensor a (2) must match the size of tensor b (262144) at non-singleton dimension 2
[Rank 016] Failed to process or write HDF5 for position 106. Error: zeros() received an invalid combination of arguments - got (tuple, dtype=str), but expected one of:
 * (tuple of ints size, *, tuple of names names, torch.dtype dtype = None, torch.layout layout = None, torch.device device = None, bool pin_memory = False, bool requires_grad = False)
 * (tuple of ints size, *, Tensor out = None, torch.dtype dtype = None, torch.layout layout = None, torch.device device = None, bool pin_memory = False, bool requires_grad = False)

[Rank 016] Removed partially written file: scanner_layouts_raytracer_patched_508640ff8dc59f67dd884fdbc89ee122/position_106_ppdfs.hdf5
[Rank 016] Evaluating position 136 ...
[Rank 016] ID 0 for position 136
Error: The size of tensor a (2) must match the size of tensor b (262144) at non-singleton dimension 2
[Rank 016] Failed to process or write HDF5 for position 136. Error: zeros() received an invalid combination of arguments - got (tuple, dtype=str), but expected one of:
 * (tuple of ints size, *, tuple of names names, torch.dtype dtype = None, torch.layout layout = None, torch.device device = None, bool pin_memory = False, bool requires_grad = False)
 * (tuple of ints size, *, Tensor out = None, torch.dtype dtype = None, torch.layout layout = None, torch.device device = None, bool pin_memory = False, bool requires_grad = False)

[Rank 016] Removed partially written file: scanner_layouts_raytracer_patched_508640ff8dc59f67dd884fdbc89ee122/position_136_ppdfs.hdf5
[Rank 016] Evaluating position 166 ...
[Rank 016] ID 0 for position 166
Error: The size of tensor a (2) must match the size of tensor b (262144) at non-singleton dimension 2
[Rank 016] Failed to process or write HDF5 for position 166. Error: zeros() received an invalid combination of arguments - got (tuple, dtype=str), but expected one of:
 * (tuple of ints size, *, tuple of names names, torch.dtype dtype = None, torch.layout layout = None, torch.device device = None, bool pin_memory = False, bool requires_grad = False)
 * (tuple of ints size, *, Tensor out = None, torch.dtype dtype = None, torch.layout layout = None, torch.device device = None, bool pin_memory = False, bool requires_grad = False)

[Rank 016] Removed partially written file: scanner_layouts_raytracer_patched_508640ff8dc59f67dd884fdbc89ee122/position_166_ppdfs.hdf5
[Rank 016] Evaluating position 196 ...
[Rank 016] ID 0 for position 196
Error: The size of tensor a (2) must match the size of tensor b (262144) at non-singleton dimension 2
[Rank 016] Failed to process or write HDF5 for position 196. Error: zeros() received an invalid combination of arguments - got (tuple, dtype=str), but expected one of:
 * (tuple of ints size, *, tuple of names names, torch.dtype dtype = None, torch.layout layout = None, torch.device device = None, bool pin_memory = False, bool requires_grad = False)
 * (tuple of ints size, *, Tensor out = None, torch.dtype dtype = None, torch.layout layout = None, torch.device device = None, bool pin_memory = False, bool requires_grad = False)

[Rank 016] Removed partially written file: scanner_layouts_raytracer_patched_508640ff8dc59f67dd884fdbc89ee122/position_196_ppdfs.hdf5
[Rank 016] Evaluating position 226 ...
[Rank 016] ID 0 for position 226
Error: The size of tensor a (2) must match the size of tensor b (262144) at non-singleton dimension 2
[Rank 016] Failed to process or write HDF5 for position 226. Error: zeros() received an invalid combination of arguments - got (tuple, dtype=str), but expected one of:
 * (tuple of ints size, *, tuple of names names, torch.dtype dtype = None, torch.layout layout = None, torch.device device = None, bool pin_memory = False, bool requires_grad = False)
 * (tuple of ints size, *, Tensor out = None, torch.dtype dtype = None, torch.layout layout = None, torch.device device = None, bool pin_memory = False, bool requires_grad = False)

[Rank 016] Removed partially written file: scanner_layouts_raytracer_patched_508640ff8dc59f67dd884fdbc89ee122/position_226_ppdfs.hdf5
[Rank 016] Evaluating position 256 ...
[Rank 016] ID 0 for position 256
Error: The size of tensor a (2) must match the size of tensor b (262144) at non-singleton dimension 2
[Rank 016] Failed to process or write HDF5 for position 256. Error: zeros() received an invalid combination of arguments - got (tuple, dtype=str), but expected one of:
 * (tuple of ints size, *, tuple of names names, torch.dtype dtype = None, torch.layout layout = None, torch.device device = None, bool pin_memory = False, bool requires_grad = False)
 * (tuple of ints size, *, Tensor out = None, torch.dtype dtype = None, torch.layout layout = None, torch.device device = None, bool pin_memory = False, bool requires_grad = False)

[Rank 016] Removed partially written file: scanner_layouts_raytracer_patched_508640ff8dc59f67dd884fdbc89ee122/position_256_ppdfs.hdf5
[Rank 016] Evaluating position 286 ...
[Rank 016] ID 0 for position 286
Error: The size of tensor a (2) must match the size of tensor b (262144) at non-singleton dimension 2
Rank 10 processing positions: [10, 40, 70]... (total 20)
[Rank 010] Evaluating position 010 ...
[Rank 010] ID 0 for position 010
Error: The size of tensor a (2) must match the size of tensor b (262144) at non-singleton dimension 2
[Rank 010] Failed to process or write HDF5 for position 010. Error: zeros() received an invalid combination of arguments - got (tuple, dtype=str), but expected one of:
 * (tuple of ints size, *, tuple of names names, torch.dtype dtype = None, torch.layout layout = None, torch.device device = None, bool pin_memory = False, bool requires_grad = False)
 * (tuple of ints size, *, Tensor out = None, torch.dtype dtype = None, torch.layout layout = None, torch.device device = None, bool pin_memory = False, bool requires_grad = False)

[Rank 010] Removed partially written file: scanner_layouts_raytracer_patched_508640ff8dc59f67dd884fdbc89ee122/position_010_ppdfs.hdf5
[Rank 010] Evaluating position 040 ...
[Rank 010] ID 0 for position 040
Error: The size of tensor a (2) must match the size of tensor b (262144) at non-singleton dimension 2
[Rank 010] Failed to process or write HDF5 for position 040. Error: zeros() received an invalid combination of arguments - got (tuple, dtype=str), but expected one of:
 * (tuple of ints size, *, tuple of names names, torch.dtype dtype = None, torch.layout layout = None, torch.device device = None, bool pin_memory = False, bool requires_grad = False)
 * (tuple of ints size, *, Tensor out = None, torch.dtype dtype = None, torch.layout layout = None, torch.device device = None, bool pin_memory = False, bool requires_grad = False)

[Rank 010] Removed partially written file: scanner_layouts_raytracer_patched_508640ff8dc59f67dd884fdbc89ee122/position_040_ppdfs.hdf5
[Rank 010] Evaluating position 070 ...
[Rank 010] ID 0 for position 070
Error: The size of tensor a (2) must match the size of tensor b (262144) at non-singleton dimension 2
[Rank 010] Failed to process or write HDF5 for position 070. Error: zeros() received an invalid combination of arguments - got (tuple, dtype=str), but expected one of:
 * (tuple of ints size, *, tuple of names names, torch.dtype dtype = None, torch.layout layout = None, torch.device device = None, bool pin_memory = False, bool requires_grad = False)
 * (tuple of ints size, *, Tensor out = None, torch.dtype dtype = None, torch.layout layout = None, torch.device device = None, bool pin_memory = False, bool requires_grad = False)

[Rank 010] Removed partially written file: scanner_layouts_raytracer_patched_508640ff8dc59f67dd884fdbc89ee122/position_070_ppdfs.hdf5
[Rank 010] Evaluating position 100 ...
[Rank 010] ID 0 for position 100
Error: The size of tensor a (2) must match the size of tensor b (262144) at non-singleton dimension 2
[Rank 010] Failed to process or write HDF5 for position 100. Error: zeros() received an invalid combination of arguments - got (tuple, dtype=str), but expected one of:
 * (tuple of ints size, *, tuple of names names, torch.dtype dtype = None, torch.layout layout = None, torch.device device = None, bool pin_memory = False, bool requires_grad = False)
 * (tuple of ints size, *, Tensor out = None, torch.dtype dtype = None, torch.layout layout = None, torch.device device = None, bool pin_memory = False, bool requires_grad = False)

[Rank 010] Removed partially written file: scanner_layouts_raytracer_patched_508640ff8dc59f67dd884fdbc89ee122/position_100_ppdfs.hdf5
[Rank 010] Evaluating position 130 ...
[Rank 010] ID 0 for position 130
Error: The size of tensor a (2) must match the size of tensor b (262144) at non-singleton dimension 2
[Rank 010] Failed to process or write HDF5 for position 130. Error: zeros() received an invalid combination of arguments - got (tuple, dtype=str), but expected one of:
 * (tuple of ints size, *, tuple of names names, torch.dtype dtype = None, torch.layout layout = None, torch.device device = None, bool pin_memory = False, bool requires_grad = False)
 * (tuple of ints size, *, Tensor out = None, torch.dtype dtype = None, torch.layout layout = None, torch.device device = None, bool pin_memory = False, bool requires_grad = False)

[Rank 010] Removed partially written file: scanner_layouts_raytracer_patched_508640ff8dc59f67dd884fdbc89ee122/position_130_ppdfs.hdf5
[Rank 010] Evaluating position 160 ...
[Rank 010] ID 0 for position 160
Error: The size of tensor a (2) must match the size of tensor b (262144) at non-singleton dimension 2
[Rank 010] Failed to process or write HDF5 for position 160. Error: zeros() received an invalid combination of arguments - got (tuple, dtype=str), but expected one of:
 * (tuple of ints size, *, tuple of names names, torch.dtype dtype = None, torch.layout layout = None, torch.device device = None, bool pin_memory = False, bool requires_grad = False)
 * (tuple of ints size, *, Tensor out = None, torch.dtype dtype = None, torch.layout layout = None, torch.device device = None, bool pin_memory = False, bool requires_grad = False)

[Rank 010] Removed partially written file: scanner_layouts_raytracer_patched_508640ff8dc59f67dd884fdbc89ee122/position_160_ppdfs.hdf5
[Rank 010] Evaluating position 190 ...
[Rank 010] ID 0 for position 190
Error: The size of tensor a (2) must match the size of tensor b (262144) at non-singleton dimension 2
[Rank 010] Failed to process or write HDF5 for position 190. Error: zeros() received an invalid combination of arguments - got (tuple, dtype=str), but expected one of:
 * (tuple of ints size, *, tuple of names names, torch.dtype dtype = None, torch.layout layout = None, torch.device device = None, bool pin_memory = False, bool requires_grad = False)
 * (tuple of ints size, *, Tensor out = None, torch.dtype dtype = None, torch.layout layout = None, torch.device device = None, bool pin_memory = False, bool requires_grad = False)

[Rank 010] Removed partially written file: scanner_layouts_raytracer_patched_508640ff8dc59f67dd884fdbc89ee122/position_190_ppdfs.hdf5
[Rank 010] Evaluating position 220 ...
[Rank 010] ID 0 for position 220
Error: The size of tensor a (2) must match the size of tensor b (262144) at non-singleton dimension 2
[Rank 010] Failed to process or write HDF5 for position 220. Error: zeros() received an invalid combination of arguments - got (tuple, dtype=str), but expected one of:
 * (tuple of ints size, *, tuple of names names, torch.dtype dtype = None, torch.layout layout = None, torch.device device = None, bool pin_memory = False, bool requires_grad = False)
 * (tuple of ints size, *, Tensor out = None, torch.dtype dtype = None, torch.layout layout = None, torch.device device = None, bool pin_memory = False, bool requires_grad = False)

[Rank 010] Removed partially written file: scanner_layouts_raytracer_patched_508640ff8dc59f67dd884fdbc89ee122/position_220_ppdfs.hdf5
[Rank 010] Evaluating position 250 ...
[Rank 010] ID 0 for position 250
Error: The size of tensor a (2) must match the size of tensor b (262144) at non-singleton dimension 2
[Rank 010] Failed to process or write HDF5 for position 250. Error: zeros() received an invalid combination of arguments - got (tuple, dtype=str), but expected one of:
 * (tuple of ints size, *, tuple of names names, torch.dtype dtype = None, torch.layout layout = None, torch.device device = None, bool pin_memory = False, bool requires_grad = False)
 * (tuple of ints size, *, Tensor out = None, torch.dtype dtype = None, torch.layout layout = None, torch.device device = None, bool pin_memory = False, bool requires_grad = False)

[Rank 010] Removed partially written file: scanner_layouts_raytracer_patched_508640ff8dc59f67dd884fdbc89ee122/position_250_ppdfs.hdf5
[Rank 010] Evaluating position 280 ...
[Rank 010] ID 0 for position 280
Error: The size of tensor a (2) must match the size of tensor b (262144) at non-singleton dimension 2
Rank 11 processing positions: [11, 41, 71]... (total 20)
[Rank 011] Evaluating position 011 ...
[Rank 011] ID 0 for position 011
Error: The size of tensor a (2) must match the size of tensor b (262144) at non-singleton dimension 2
[Rank 011] Failed to process or write HDF5 for position 011. Error: zeros() received an invalid combination of arguments - got (tuple, dtype=str), but expected one of:
 * (tuple of ints size, *, tuple of names names, torch.dtype dtype = None, torch.layout layout = None, torch.device device = None, bool pin_memory = False, bool requires_grad = False)
 * (tuple of ints size, *, Tensor out = None, torch.dtype dtype = None, torch.layout layout = None, torch.device device = None, bool pin_memory = False, bool requires_grad = False)

[Rank 011] Removed partially written file: scanner_layouts_raytracer_patched_508640ff8dc59f67dd884fdbc89ee122/position_011_ppdfs.hdf5
[Rank 011] Evaluating position 041 ...
[Rank 011] ID 0 for position 041
Error: The size of tensor a (2) must match the size of tensor b (262144) at non-singleton dimension 2
[Rank 011] Failed to process or write HDF5 for position 041. Error: zeros() received an invalid combination of arguments - got (tuple, dtype=str), but expected one of:
 * (tuple of ints size, *, tuple of names names, torch.dtype dtype = None, torch.layout layout = None, torch.device device = None, bool pin_memory = False, bool requires_grad = False)
 * (tuple of ints size, *, Tensor out = None, torch.dtype dtype = None, torch.layout layout = None, torch.device device = None, bool pin_memory = False, bool requires_grad = False)

[Rank 011] Removed partially written file: scanner_layouts_raytracer_patched_508640ff8dc59f67dd884fdbc89ee122/position_041_ppdfs.hdf5
[Rank 011] Evaluating position 071 ...
[Rank 011] ID 0 for position 071
Error: The size of tensor a (2) must match the size of tensor b (262144) at non-singleton dimension 2
[Rank 011] Failed to process or write HDF5 for position 071. Error: zeros() received an invalid combination of arguments - got (tuple, dtype=str), but expected one of:
 * (tuple of ints size, *, tuple of names names, torch.dtype dtype = None, torch.layout layout = None, torch.device device = None, bool pin_memory = False, bool requires_grad = False)
 * (tuple of ints size, *, Tensor out = None, torch.dtype dtype = None, torch.layout layout = None, torch.device device = None, bool pin_memory = False, bool requires_grad = False)

[Rank 011] Removed partially written file: scanner_layouts_raytracer_patched_508640ff8dc59f67dd884fdbc89ee122/position_071_ppdfs.hdf5
[Rank 011] Evaluating position 101 ...
[Rank 011] ID 0 for position 101
Error: The size of tensor a (2) must match the size of tensor b (262144) at non-singleton dimension 2
[Rank 011] Failed to process or write HDF5 for position 101. Error: zeros() received an invalid combination of arguments - got (tuple, dtype=str), but expected one of:
 * (tuple of ints size, *, tuple of names names, torch.dtype dtype = None, torch.layout layout = None, torch.device device = None, bool pin_memory = False, bool requires_grad = False)
 * (tuple of ints size, *, Tensor out = None, torch.dtype dtype = None, torch.layout layout = None, torch.device device = None, bool pin_memory = False, bool requires_grad = False)

[Rank 011] Removed partially written file: scanner_layouts_raytracer_patched_508640ff8dc59f67dd884fdbc89ee122/position_101_ppdfs.hdf5
[Rank 011] Evaluating position 131 ...
[Rank 011] ID 0 for position 131
Error: The size of tensor a (2) must match the size of tensor b (262144) at non-singleton dimension 2
[Rank 011] Failed to process or write HDF5 for position 131. Error: zeros() received an invalid combination of arguments - got (tuple, dtype=str), but expected one of:
 * (tuple of ints size, *, tuple of names names, torch.dtype dtype = None, torch.layout layout = None, torch.device device = None, bool pin_memory = False, bool requires_grad = False)
 * (tuple of ints size, *, Tensor out = None, torch.dtype dtype = None, torch.layout layout = None, torch.device device = None, bool pin_memory = False, bool requires_grad = False)

[Rank 011] Removed partially written file: scanner_layouts_raytracer_patched_508640ff8dc59f67dd884fdbc89ee122/position_131_ppdfs.hdf5
[Rank 011] Evaluating position 161 ...
[Rank 011] ID 0 for position 161
Error: The size of tensor a (2) must match the size of tensor b (262144) at non-singleton dimension 2
[Rank 011] Failed to process or write HDF5 for position 161. Error: zeros() received an invalid combination of arguments - got (tuple, dtype=str), but expected one of:
 * (tuple of ints size, *, tuple of names names, torch.dtype dtype = None, torch.layout layout = None, torch.device device = None, bool pin_memory = False, bool requires_grad = False)
 * (tuple of ints size, *, Tensor out = None, torch.dtype dtype = None, torch.layout layout = None, torch.device device = None, bool pin_memory = False, bool requires_grad = False)

[Rank 011] Removed partially written file: scanner_layouts_raytracer_patched_508640ff8dc59f67dd884fdbc89ee122/position_161_ppdfs.hdf5
[Rank 011] Evaluating position 191 ...
[Rank 011] ID 0 for position 191
Error: The size of tensor a (2) must match the size of tensor b (262144) at non-singleton dimension 2
[Rank 011] Failed to process or write HDF5 for position 191. Error: zeros() received an invalid combination of arguments - got (tuple, dtype=str), but expected one of:
 * (tuple of ints size, *, tuple of names names, torch.dtype dtype = None, torch.layout layout = None, torch.device device = None, bool pin_memory = False, bool requires_grad = False)
 * (tuple of ints size, *, Tensor out = None, torch.dtype dtype = None, torch.layout layout = None, torch.device device = None, bool pin_memory = False, bool requires_grad = False)

[Rank 011] Removed partially written file: scanner_layouts_raytracer_patched_508640ff8dc59f67dd884fdbc89ee122/position_191_ppdfs.hdf5
[Rank 011] Evaluating position 221 ...
[Rank 011] ID 0 for position 221
Error: The size of tensor a (2) must match the size of tensor b (262144) at non-singleton dimension 2
[Rank 011] Failed to process or write HDF5 for position 221. Error: zeros() received an invalid combination of arguments - got (tuple, dtype=str), but expected one of:
 * (tuple of ints size, *, tuple of names names, torch.dtype dtype = None, torch.layout layout = None, torch.device device = None, bool pin_memory = False, bool requires_grad = False)
 * (tuple of ints size, *, Tensor out = None, torch.dtype dtype = None, torch.layout layout = None, torch.device device = None, bool pin_memory = False, bool requires_grad = False)

[Rank 011] Removed partially written file: scanner_layouts_raytracer_patched_508640ff8dc59f67dd884fdbc89ee122/position_221_ppdfs.hdf5
[Rank 011] Evaluating position 251 ...
[Rank 011] ID 0 for position 251
Error: The size of tensor a (2) must match the size of tensor b (262144) at non-singleton dimension 2
[Rank 011] Failed to process or write HDF5 for position 251. Error: zeros() received an invalid combination of arguments - got (tuple, dtype=str), but expected one of:
 * (tuple of ints size, *, tuple of names names, torch.dtype dtype = None, torch.layout layout = None, torch.device device = None, bool pin_memory = False, bool requires_grad = False)
 * (tuple of ints size, *, Tensor out = None, torch.dtype dtype = None, torch.layout layout = None, torch.device device = None, bool pin_memory = False, bool requires_grad = False)

[Rank 011] Removed partially written file: scanner_layouts_raytracer_patched_508640ff8dc59f67dd884fdbc89ee122/position_251_ppdfs.hdf5
[Rank 011] Evaluating position 281 ...
[Rank 011] ID 0 for position 281
Error: The size of tensor a (2) must match the size of tensor b (262144) at non-singleton dimension 2
Rank 15 processing positions: [15, 45, 75]... (total 20)
[Rank 015] Evaluating position 015 ...
[Rank 015] ID 0 for position 015
Error: The size of tensor a (2) must match the size of tensor b (262144) at non-singleton dimension 2
[Rank 015] Failed to process or write HDF5 for position 015. Error: zeros() received an invalid combination of arguments - got (tuple, dtype=str), but expected one of:
 * (tuple of ints size, *, tuple of names names, torch.dtype dtype = None, torch.layout layout = None, torch.device device = None, bool pin_memory = False, bool requires_grad = False)
 * (tuple of ints size, *, Tensor out = None, torch.dtype dtype = None, torch.layout layout = None, torch.device device = None, bool pin_memory = False, bool requires_grad = False)

[Rank 015] Removed partially written file: scanner_layouts_raytracer_patched_508640ff8dc59f67dd884fdbc89ee122/position_015_ppdfs.hdf5
[Rank 015] Evaluating position 045 ...
[Rank 015] ID 0 for position 045
Error: The size of tensor a (2) must match the size of tensor b (262144) at non-singleton dimension 2
[Rank 015] Failed to process or write HDF5 for position 045. Error: zeros() received an invalid combination of arguments - got (tuple, dtype=str), but expected one of:
 * (tuple of ints size, *, tuple of names names, torch.dtype dtype = None, torch.layout layout = None, torch.device device = None, bool pin_memory = False, bool requires_grad = False)
 * (tuple of ints size, *, Tensor out = None, torch.dtype dtype = None, torch.layout layout = None, torch.device device = None, bool pin_memory = False, bool requires_grad = False)

[Rank 015] Removed partially written file: scanner_layouts_raytracer_patched_508640ff8dc59f67dd884fdbc89ee122/position_045_ppdfs.hdf5
[Rank 015] Evaluating position 075 ...
[Rank 015] ID 0 for position 075
Error: The size of tensor a (2) must match the size of tensor b (262144) at non-singleton dimension 2
[Rank 015] Failed to process or write HDF5 for position 075. Error: zeros() received an invalid combination of arguments - got (tuple, dtype=str), but expected one of:
 * (tuple of ints size, *, tuple of names names, torch.dtype dtype = None, torch.layout layout = None, torch.device device = None, bool pin_memory = False, bool requires_grad = False)
 * (tuple of ints size, *, Tensor out = None, torch.dtype dtype = None, torch.layout layout = None, torch.device device = None, bool pin_memory = False, bool requires_grad = False)

[Rank 015] Removed partially written file: scanner_layouts_raytracer_patched_508640ff8dc59f67dd884fdbc89ee122/position_075_ppdfs.hdf5
[Rank 015] Evaluating position 105 ...
[Rank 015] ID 0 for position 105
Error: The size of tensor a (2) must match the size of tensor b (262144) at non-singleton dimension 2
[Rank 015] Failed to process or write HDF5 for position 105. Error: zeros() received an invalid combination of arguments - got (tuple, dtype=str), but expected one of:
 * (tuple of ints size, *, tuple of names names, torch.dtype dtype = None, torch.layout layout = None, torch.device device = None, bool pin_memory = False, bool requires_grad = False)
 * (tuple of ints size, *, Tensor out = None, torch.dtype dtype = None, torch.layout layout = None, torch.device device = None, bool pin_memory = False, bool requires_grad = False)

[Rank 015] Removed partially written file: scanner_layouts_raytracer_patched_508640ff8dc59f67dd884fdbc89ee122/position_105_ppdfs.hdf5
[Rank 015] Evaluating position 135 ...
[Rank 015] ID 0 for position 135
Error: The size of tensor a (2) must match the size of tensor b (262144) at non-singleton dimension 2
[Rank 015] Failed to process or write HDF5 for position 135. Error: zeros() received an invalid combination of arguments - got (tuple, dtype=str), but expected one of:
 * (tuple of ints size, *, tuple of names names, torch.dtype dtype = None, torch.layout layout = None, torch.device device = None, bool pin_memory = False, bool requires_grad = False)
 * (tuple of ints size, *, Tensor out = None, torch.dtype dtype = None, torch.layout layout = None, torch.device device = None, bool pin_memory = False, bool requires_grad = False)

[Rank 015] Removed partially written file: scanner_layouts_raytracer_patched_508640ff8dc59f67dd884fdbc89ee122/position_135_ppdfs.hdf5
[Rank 015] Evaluating position 165 ...
[Rank 015] ID 0 for position 165
Error: The size of tensor a (2) must match the size of tensor b (262144) at non-singleton dimension 2
[Rank 015] Failed to process or write HDF5 for position 165. Error: zeros() received an invalid combination of arguments - got (tuple, dtype=str), but expected one of:
 * (tuple of ints size, *, tuple of names names, torch.dtype dtype = None, torch.layout layout = None, torch.device device = None, bool pin_memory = False, bool requires_grad = False)
 * (tuple of ints size, *, Tensor out = None, torch.dtype dtype = None, torch.layout layout = None, torch.device device = None, bool pin_memory = False, bool requires_grad = False)

[Rank 015] Removed partially written file: scanner_layouts_raytracer_patched_508640ff8dc59f67dd884fdbc89ee122/position_165_ppdfs.hdf5
[Rank 015] Evaluating position 195 ...
[Rank 015] ID 0 for position 195
Error: The size of tensor a (2) must match the size of tensor b (262144) at non-singleton dimension 2
[Rank 015] Failed to process or write HDF5 for position 195. Error: zeros() received an invalid combination of arguments - got (tuple, dtype=str), but expected one of:
 * (tuple of ints size, *, tuple of names names, torch.dtype dtype = None, torch.layout layout = None, torch.device device = None, bool pin_memory = False, bool requires_grad = False)
 * (tuple of ints size, *, Tensor out = None, torch.dtype dtype = None, torch.layout layout = None, torch.device device = None, bool pin_memory = False, bool requires_grad = False)

[Rank 015] Removed partially written file: scanner_layouts_raytracer_patched_508640ff8dc59f67dd884fdbc89ee122/position_195_ppdfs.hdf5
[Rank 015] Evaluating position 225 ...
[Rank 015] ID 0 for position 225
Error: The size of tensor a (2) must match the size of tensor b (262144) at non-singleton dimension 2
[Rank 015] Failed to process or write HDF5 for position 225. Error: zeros() received an invalid combination of arguments - got (tuple, dtype=str), but expected one of:
 * (tuple of ints size, *, tuple of names names, torch.dtype dtype = None, torch.layout layout = None, torch.device device = None, bool pin_memory = False, bool requires_grad = False)
 * (tuple of ints size, *, Tensor out = None, torch.dtype dtype = None, torch.layout layout = None, torch.device device = None, bool pin_memory = False, bool requires_grad = False)

[Rank 015] Removed partially written file: scanner_layouts_raytracer_patched_508640ff8dc59f67dd884fdbc89ee122/position_225_ppdfs.hdf5
[Rank 015] Evaluating position 255 ...
[Rank 015] ID 0 for position 255
Error: The size of tensor a (2) must match the size of tensor b (262144) at non-singleton dimension 2
[Rank 015] Failed to process or write HDF5 for position 255. Error: zeros() received an invalid combination of arguments - got (tuple, dtype=str), but expected one of:
 * (tuple of ints size, *, tuple of names names, torch.dtype dtype = None, torch.layout layout = None, torch.device device = None, bool pin_memory = False, bool requires_grad = False)
 * (tuple of ints size, *, Tensor out = None, torch.dtype dtype = None, torch.layout layout = None, torch.device device = None, bool pin_memory = False, bool requires_grad = False)

[Rank 015] Removed partially written file: scanner_layouts_raytracer_patched_508640ff8dc59f67dd884fdbc89ee122/position_255_ppdfs.hdf5
[Rank 015] Evaluating position 285 ...
[Rank 015] ID 0 for position 285
Error: The size of tensor a (2) must match the size of tensor b (262144) at non-singleton dimension 2
Rank 4 processing positions: [4, 34, 64]... (total 20)
[Rank 004] Evaluating position 004 ...
[Rank 004] ID 0 for position 004
Error: The size of tensor a (2) must match the size of tensor b (262144) at non-singleton dimension 2
[Rank 004] Failed to process or write HDF5 for position 004. Error: zeros() received an invalid combination of arguments - got (tuple, dtype=str), but expected one of:
 * (tuple of ints size, *, tuple of names names, torch.dtype dtype = None, torch.layout layout = None, torch.device device = None, bool pin_memory = False, bool requires_grad = False)
 * (tuple of ints size, *, Tensor out = None, torch.dtype dtype = None, torch.layout layout = None, torch.device device = None, bool pin_memory = False, bool requires_grad = False)

[Rank 004] Removed partially written file: scanner_layouts_raytracer_patched_508640ff8dc59f67dd884fdbc89ee122/position_004_ppdfs.hdf5
[Rank 004] Evaluating position 034 ...
[Rank 004] ID 0 for position 034
Error: The size of tensor a (2) must match the size of tensor b (262144) at non-singleton dimension 2
[Rank 004] Failed to process or write HDF5 for position 034. Error: zeros() received an invalid combination of arguments - got (tuple, dtype=str), but expected one of:
 * (tuple of ints size, *, tuple of names names, torch.dtype dtype = None, torch.layout layout = None, torch.device device = None, bool pin_memory = False, bool requires_grad = False)
 * (tuple of ints size, *, Tensor out = None, torch.dtype dtype = None, torch.layout layout = None, torch.device device = None, bool pin_memory = False, bool requires_grad = False)

[Rank 004] Removed partially written file: scanner_layouts_raytracer_patched_508640ff8dc59f67dd884fdbc89ee122/position_034_ppdfs.hdf5
[Rank 004] Evaluating position 064 ...
[Rank 004] ID 0 for position 064
Error: The size of tensor a (2) must match the size of tensor b (262144) at non-singleton dimension 2
[Rank 004] Failed to process or write HDF5 for position 064. Error: zeros() received an invalid combination of arguments - got (tuple, dtype=str), but expected one of:
 * (tuple of ints size, *, tuple of names names, torch.dtype dtype = None, torch.layout layout = None, torch.device device = None, bool pin_memory = False, bool requires_grad = False)
 * (tuple of ints size, *, Tensor out = None, torch.dtype dtype = None, torch.layout layout = None, torch.device device = None, bool pin_memory = False, bool requires_grad = False)

[Rank 004] Removed partially written file: scanner_layouts_raytracer_patched_508640ff8dc59f67dd884fdbc89ee122/position_064_ppdfs.hdf5
[Rank 004] Evaluating position 094 ...
[Rank 004] ID 0 for position 094
Error: The size of tensor a (2) must match the size of tensor b (262144) at non-singleton dimension 2
[Rank 004] Failed to process or write HDF5 for position 094. Error: zeros() received an invalid combination of arguments - got (tuple, dtype=str), but expected one of:
 * (tuple of ints size, *, tuple of names names, torch.dtype dtype = None, torch.layout layout = None, torch.device device = None, bool pin_memory = False, bool requires_grad = False)
 * (tuple of ints size, *, Tensor out = None, torch.dtype dtype = None, torch.layout layout = None, torch.device device = None, bool pin_memory = False, bool requires_grad = False)

[Rank 004] Removed partially written file: scanner_layouts_raytracer_patched_508640ff8dc59f67dd884fdbc89ee122/position_094_ppdfs.hdf5
[Rank 004] Evaluating position 124 ...
[Rank 004] ID 0 for position 124
Error: The size of tensor a (2) must match the size of tensor b (262144) at non-singleton dimension 2
[Rank 004] Failed to process or write HDF5 for position 124. Error: zeros() received an invalid combination of arguments - got (tuple, dtype=str), but expected one of:
 * (tuple of ints size, *, tuple of names names, torch.dtype dtype = None, torch.layout layout = None, torch.device device = None, bool pin_memory = False, bool requires_grad = False)
 * (tuple of ints size, *, Tensor out = None, torch.dtype dtype = None, torch.layout layout = None, torch.device device = None, bool pin_memory = False, bool requires_grad = False)

[Rank 004] Removed partially written file: scanner_layouts_raytracer_patched_508640ff8dc59f67dd884fdbc89ee122/position_124_ppdfs.hdf5
[Rank 004] Evaluating position 154 ...
[Rank 004] ID 0 for position 154
Error: The size of tensor a (2) must match the size of tensor b (262144) at non-singleton dimension 2
[Rank 004] Failed to process or write HDF5 for position 154. Error: zeros() received an invalid combination of arguments - got (tuple, dtype=str), but expected one of:
 * (tuple of ints size, *, tuple of names names, torch.dtype dtype = None, torch.layout layout = None, torch.device device = None, bool pin_memory = False, bool requires_grad = False)
 * (tuple of ints size, *, Tensor out = None, torch.dtype dtype = None, torch.layout layout = None, torch.device device = None, bool pin_memory = False, bool requires_grad = False)

[Rank 004] Removed partially written file: scanner_layouts_raytracer_patched_508640ff8dc59f67dd884fdbc89ee122/position_154_ppdfs.hdf5
[Rank 004] Evaluating position 184 ...
[Rank 004] ID 0 for position 184
Error: The size of tensor a (2) must match the size of tensor b (262144) at non-singleton dimension 2
[Rank 004] Failed to process or write HDF5 for position 184. Error: zeros() received an invalid combination of arguments - got (tuple, dtype=str), but expected one of:
 * (tuple of ints size, *, tuple of names names, torch.dtype dtype = None, torch.layout layout = None, torch.device device = None, bool pin_memory = False, bool requires_grad = False)
 * (tuple of ints size, *, Tensor out = None, torch.dtype dtype = None, torch.layout layout = None, torch.device device = None, bool pin_memory = False, bool requires_grad = False)

[Rank 004] Removed partially written file: scanner_layouts_raytracer_patched_508640ff8dc59f67dd884fdbc89ee122/position_184_ppdfs.hdf5
[Rank 004] Evaluating position 214 ...
[Rank 004] ID 0 for position 214
Error: The size of tensor a (2) must match the size of tensor b (262144) at non-singleton dimension 2
[Rank 004] Failed to process or write HDF5 for position 214. Error: zeros() received an invalid combination of arguments - got (tuple, dtype=str), but expected one of:
 * (tuple of ints size, *, tuple of names names, torch.dtype dtype = None, torch.layout layout = None, torch.device device = None, bool pin_memory = False, bool requires_grad = False)
 * (tuple of ints size, *, Tensor out = None, torch.dtype dtype = None, torch.layout layout = None, torch.device device = None, bool pin_memory = False, bool requires_grad = False)

[Rank 004] Removed partially written file: scanner_layouts_raytracer_patched_508640ff8dc59f67dd884fdbc89ee122/position_214_ppdfs.hdf5
[Rank 004] Evaluating position 244 ...
[Rank 004] ID 0 for position 244
Error: The size of tensor a (2) must match the size of tensor b (262144) at non-singleton dimension 2
[Rank 004] Failed to process or write HDF5 for position 244. Error: zeros() received an invalid combination of arguments - got (tuple, dtype=str), but expected one of:
 * (tuple of ints size, *, tuple of names names, torch.dtype dtype = None, torch.layout layout = None, torch.device device = None, bool pin_memory = False, bool requires_grad = False)
 * (tuple of ints size, *, Tensor out = None, torch.dtype dtype = None, torch.layout layout = None, torch.device device = None, bool pin_memory = False, bool requires_grad = False)

[Rank 004] Removed partially written file: scanner_layouts_raytracer_patched_508640ff8dc59f67dd884fdbc89ee122/position_244_ppdfs.hdf5
[Rank 004] Evaluating position 274 ...
[Rank 004] ID 0 for position 274
Error: The size of tensor a (2) must match the size of tensor b (262144) at non-singleton dimension 2
Rank 5 processing positions: [5, 35, 65]... (total 20)
[Rank 005] Evaluating position 005 ...
[Rank 005] ID 0 for position 005
Error: The size of tensor a (2) must match the size of tensor b (262144) at non-singleton dimension 2
[Rank 005] Failed to process or write HDF5 for position 005. Error: zeros() received an invalid combination of arguments - got (tuple, dtype=str), but expected one of:
 * (tuple of ints size, *, tuple of names names, torch.dtype dtype = None, torch.layout layout = None, torch.device device = None, bool pin_memory = False, bool requires_grad = False)
 * (tuple of ints size, *, Tensor out = None, torch.dtype dtype = None, torch.layout layout = None, torch.device device = None, bool pin_memory = False, bool requires_grad = False)

[Rank 005] Removed partially written file: scanner_layouts_raytracer_patched_508640ff8dc59f67dd884fdbc89ee122/position_005_ppdfs.hdf5
[Rank 005] Evaluating position 035 ...
[Rank 005] ID 0 for position 035
Error: The size of tensor a (2) must match the size of tensor b (262144) at non-singleton dimension 2
[Rank 005] Failed to process or write HDF5 for position 035. Error: zeros() received an invalid combination of arguments - got (tuple, dtype=str), but expected one of:
 * (tuple of ints size, *, tuple of names names, torch.dtype dtype = None, torch.layout layout = None, torch.device device = None, bool pin_memory = False, bool requires_grad = False)
 * (tuple of ints size, *, Tensor out = None, torch.dtype dtype = None, torch.layout layout = None, torch.device device = None, bool pin_memory = False, bool requires_grad = False)

[Rank 005] Removed partially written file: scanner_layouts_raytracer_patched_508640ff8dc59f67dd884fdbc89ee122/position_035_ppdfs.hdf5
[Rank 005] Evaluating position 065 ...
[Rank 005] ID 0 for position 065
Error: The size of tensor a (2) must match the size of tensor b (262144) at non-singleton dimension 2
[Rank 005] Failed to process or write HDF5 for position 065. Error: zeros() received an invalid combination of arguments - got (tuple, dtype=str), but expected one of:
 * (tuple of ints size, *, tuple of names names, torch.dtype dtype = None, torch.layout layout = None, torch.device device = None, bool pin_memory = False, bool requires_grad = False)
 * (tuple of ints size, *, Tensor out = None, torch.dtype dtype = None, torch.layout layout = None, torch.device device = None, bool pin_memory = False, bool requires_grad = False)

[Rank 005] Removed partially written file: scanner_layouts_raytracer_patched_508640ff8dc59f67dd884fdbc89ee122/position_065_ppdfs.hdf5
[Rank 005] Evaluating position 095 ...
[Rank 005] ID 0 for position 095
Error: The size of tensor a (2) must match the size of tensor b (262144) at non-singleton dimension 2
[Rank 005] Failed to process or write HDF5 for position 095. Error: zeros() received an invalid combination of arguments - got (tuple, dtype=str), but expected one of:
 * (tuple of ints size, *, tuple of names names, torch.dtype dtype = None, torch.layout layout = None, torch.device device = None, bool pin_memory = False, bool requires_grad = False)
 * (tuple of ints size, *, Tensor out = None, torch.dtype dtype = None, torch.layout layout = None, torch.device device = None, bool pin_memory = False, bool requires_grad = False)

[Rank 005] Removed partially written file: scanner_layouts_raytracer_patched_508640ff8dc59f67dd884fdbc89ee122/position_095_ppdfs.hdf5
[Rank 005] Evaluating position 125 ...
[Rank 005] ID 0 for position 125
Error: The size of tensor a (2) must match the size of tensor b (262144) at non-singleton dimension 2
[Rank 005] Failed to process or write HDF5 for position 125. Error: zeros() received an invalid combination of arguments - got (tuple, dtype=str), but expected one of:
 * (tuple of ints size, *, tuple of names names, torch.dtype dtype = None, torch.layout layout = None, torch.device device = None, bool pin_memory = False, bool requires_grad = False)
 * (tuple of ints size, *, Tensor out = None, torch.dtype dtype = None, torch.layout layout = None, torch.device device = None, bool pin_memory = False, bool requires_grad = False)

[Rank 005] Removed partially written file: scanner_layouts_raytracer_patched_508640ff8dc59f67dd884fdbc89ee122/position_125_ppdfs.hdf5
[Rank 005] Evaluating position 155 ...
[Rank 005] ID 0 for position 155
Error: The size of tensor a (2) must match the size of tensor b (262144) at non-singleton dimension 2
[Rank 005] Failed to process or write HDF5 for position 155. Error: zeros() received an invalid combination of arguments - got (tuple, dtype=str), but expected one of:
 * (tuple of ints size, *, tuple of names names, torch.dtype dtype = None, torch.layout layout = None, torch.device device = None, bool pin_memory = False, bool requires_grad = False)
 * (tuple of ints size, *, Tensor out = None, torch.dtype dtype = None, torch.layout layout = None, torch.device device = None, bool pin_memory = False, bool requires_grad = False)

[Rank 005] Removed partially written file: scanner_layouts_raytracer_patched_508640ff8dc59f67dd884fdbc89ee122/position_155_ppdfs.hdf5
[Rank 005] Evaluating position 185 ...
[Rank 005] ID 0 for position 185
Error: The size of tensor a (2) must match the size of tensor b (262144) at non-singleton dimension 2
[Rank 005] Failed to process or write HDF5 for position 185. Error: zeros() received an invalid combination of arguments - got (tuple, dtype=str), but expected one of:
 * (tuple of ints size, *, tuple of names names, torch.dtype dtype = None, torch.layout layout = None, torch.device device = None, bool pin_memory = False, bool requires_grad = False)
 * (tuple of ints size, *, Tensor out = None, torch.dtype dtype = None, torch.layout layout = None, torch.device device = None, bool pin_memory = False, bool requires_grad = False)

[Rank 005] Removed partially written file: scanner_layouts_raytracer_patched_508640ff8dc59f67dd884fdbc89ee122/position_185_ppdfs.hdf5
[Rank 005] Evaluating position 215 ...
[Rank 005] ID 0 for position 215
Error: The size of tensor a (2) must match the size of tensor b (262144) at non-singleton dimension 2
[Rank 005] Failed to process or write HDF5 for position 215. Error: zeros() received an invalid combination of arguments - got (tuple, dtype=str), but expected one of:
 * (tuple of ints size, *, tuple of names names, torch.dtype dtype = None, torch.layout layout = None, torch.device device = None, bool pin_memory = False, bool requires_grad = False)
 * (tuple of ints size, *, Tensor out = None, torch.dtype dtype = None, torch.layout layout = None, torch.device device = None, bool pin_memory = False, bool requires_grad = False)

[Rank 005] Removed partially written file: scanner_layouts_raytracer_patched_508640ff8dc59f67dd884fdbc89ee122/position_215_ppdfs.hdf5
[Rank 005] Evaluating position 245 ...
[Rank 005] ID 0 for position 245
Error: The size of tensor a (2) must match the size of tensor b (262144) at non-singleton dimension 2
[Rank 005] Failed to process or write HDF5 for position 245. Error: zeros() received an invalid combination of arguments - got (tuple, dtype=str), but expected one of:
 * (tuple of ints size, *, tuple of names names, torch.dtype dtype = None, torch.layout layout = None, torch.device device = None, bool pin_memory = False, bool requires_grad = False)
 * (tuple of ints size, *, Tensor out = None, torch.dtype dtype = None, torch.layout layout = None, torch.device device = None, bool pin_memory = False, bool requires_grad = False)

[Rank 005] Removed partially written file: scanner_layouts_raytracer_patched_508640ff8dc59f67dd884fdbc89ee122/position_245_ppdfs.hdf5
[Rank 005] Evaluating position 275 ...
[Rank 005] ID 0 for position 275
Error: The size of tensor a (2) must match the size of tensor b (262144) at non-singleton dimension 2
Rank 23 processing positions: [23, 53, 83]... (total 20)
[Rank 023] Evaluating position 023 ...
[Rank 023] ID 0 for position 023
Error: The size of tensor a (2) must match the size of tensor b (262144) at non-singleton dimension 2
[Rank 023] Failed to process or write HDF5 for position 023. Error: zeros() received an invalid combination of arguments - got (tuple, dtype=str), but expected one of:
 * (tuple of ints size, *, tuple of names names, torch.dtype dtype = None, torch.layout layout = None, torch.device device = None, bool pin_memory = False, bool requires_grad = False)
 * (tuple of ints size, *, Tensor out = None, torch.dtype dtype = None, torch.layout layout = None, torch.device device = None, bool pin_memory = False, bool requires_grad = False)

[Rank 023] Removed partially written file: scanner_layouts_raytracer_patched_508640ff8dc59f67dd884fdbc89ee122/position_023_ppdfs.hdf5
[Rank 023] Evaluating position 053 ...
[Rank 023] ID 0 for position 053
Error: The size of tensor a (2) must match the size of tensor b (262144) at non-singleton dimension 2
[Rank 023] Failed to process or write HDF5 for position 053. Error: zeros() received an invalid combination of arguments - got (tuple, dtype=str), but expected one of:
 * (tuple of ints size, *, tuple of names names, torch.dtype dtype = None, torch.layout layout = None, torch.device device = None, bool pin_memory = False, bool requires_grad = False)
 * (tuple of ints size, *, Tensor out = None, torch.dtype dtype = None, torch.layout layout = None, torch.device device = None, bool pin_memory = False, bool requires_grad = False)

[Rank 023] Removed partially written file: scanner_layouts_raytracer_patched_508640ff8dc59f67dd884fdbc89ee122/position_053_ppdfs.hdf5
[Rank 023] Evaluating position 083 ...
[Rank 023] ID 0 for position 083
Error: The size of tensor a (2) must match the size of tensor b (262144) at non-singleton dimension 2
[Rank 023] Failed to process or write HDF5 for position 083. Error: zeros() received an invalid combination of arguments - got (tuple, dtype=str), but expected one of:
 * (tuple of ints size, *, tuple of names names, torch.dtype dtype = None, torch.layout layout = None, torch.device device = None, bool pin_memory = False, bool requires_grad = False)
 * (tuple of ints size, *, Tensor out = None, torch.dtype dtype = None, torch.layout layout = None, torch.device device = None, bool pin_memory = False, bool requires_grad = False)

[Rank 023] Removed partially written file: scanner_layouts_raytracer_patched_508640ff8dc59f67dd884fdbc89ee122/position_083_ppdfs.hdf5
[Rank 023] Evaluating position 113 ...
[Rank 023] ID 0 for position 113
Error: The size of tensor a (2) must match the size of tensor b (262144) at non-singleton dimension 2
[Rank 023] Failed to process or write HDF5 for position 113. Error: zeros() received an invalid combination of arguments - got (tuple, dtype=str), but expected one of:
 * (tuple of ints size, *, tuple of names names, torch.dtype dtype = None, torch.layout layout = None, torch.device device = None, bool pin_memory = False, bool requires_grad = False)
 * (tuple of ints size, *, Tensor out = None, torch.dtype dtype = None, torch.layout layout = None, torch.device device = None, bool pin_memory = False, bool requires_grad = False)

[Rank 023] Removed partially written file: scanner_layouts_raytracer_patched_508640ff8dc59f67dd884fdbc89ee122/position_113_ppdfs.hdf5
[Rank 023] Evaluating position 143 ...
[Rank 023] ID 0 for position 143
Error: The size of tensor a (2) must match the size of tensor b (262144) at non-singleton dimension 2
[Rank 023] Failed to process or write HDF5 for position 143. Error: zeros() received an invalid combination of arguments - got (tuple, dtype=str), but expected one of:
 * (tuple of ints size, *, tuple of names names, torch.dtype dtype = None, torch.layout layout = None, torch.device device = None, bool pin_memory = False, bool requires_grad = False)
 * (tuple of ints size, *, Tensor out = None, torch.dtype dtype = None, torch.layout layout = None, torch.device device = None, bool pin_memory = False, bool requires_grad = False)

[Rank 023] Removed partially written file: scanner_layouts_raytracer_patched_508640ff8dc59f67dd884fdbc89ee122/position_143_ppdfs.hdf5
[Rank 023] Evaluating position 173 ...
[Rank 023] ID 0 for position 173
Error: The size of tensor a (2) must match the size of tensor b (262144) at non-singleton dimension 2
[Rank 023] Failed to process or write HDF5 for position 173. Error: zeros() received an invalid combination of arguments - got (tuple, dtype=str), but expected one of:
 * (tuple of ints size, *, tuple of names names, torch.dtype dtype = None, torch.layout layout = None, torch.device device = None, bool pin_memory = False, bool requires_grad = False)
 * (tuple of ints size, *, Tensor out = None, torch.dtype dtype = None, torch.layout layout = None, torch.device device = None, bool pin_memory = False, bool requires_grad = False)

[Rank 023] Removed partially written file: scanner_layouts_raytracer_patched_508640ff8dc59f67dd884fdbc89ee122/position_173_ppdfs.hdf5
[Rank 023] Evaluating position 203 ...
[Rank 023] ID 0 for position 203
Error: The size of tensor a (2) must match the size of tensor b (262144) at non-singleton dimension 2
[Rank 023] Failed to process or write HDF5 for position 203. Error: zeros() received an invalid combination of arguments - got (tuple, dtype=str), but expected one of:
 * (tuple of ints size, *, tuple of names names, torch.dtype dtype = None, torch.layout layout = None, torch.device device = None, bool pin_memory = False, bool requires_grad = False)
 * (tuple of ints size, *, Tensor out = None, torch.dtype dtype = None, torch.layout layout = None, torch.device device = None, bool pin_memory = False, bool requires_grad = False)

[Rank 023] Removed partially written file: scanner_layouts_raytracer_patched_508640ff8dc59f67dd884fdbc89ee122/position_203_ppdfs.hdf5
[Rank 023] Evaluating position 233 ...
[Rank 023] ID 0 for position 233
Error: The size of tensor a (2) must match the size of tensor b (262144) at non-singleton dimension 2
[Rank 023] Failed to process or write HDF5 for position 233. Error: zeros() received an invalid combination of arguments - got (tuple, dtype=str), but expected one of:
 * (tuple of ints size, *, tuple of names names, torch.dtype dtype = None, torch.layout layout = None, torch.device device = None, bool pin_memory = False, bool requires_grad = False)
 * (tuple of ints size, *, Tensor out = None, torch.dtype dtype = None, torch.layout layout = None, torch.device device = None, bool pin_memory = False, bool requires_grad = False)

[Rank 023] Removed partially written file: scanner_layouts_raytracer_patched_508640ff8dc59f67dd884fdbc89ee122/position_233_ppdfs.hdf5
[Rank 023] Evaluating position 263 ...
[Rank 023] ID 0 for position 263
Error: The size of tensor a (2) must match the size of tensor b (262144) at non-singleton dimension 2
[Rank 023] Failed to process or write HDF5 for position 263. Error: zeros() received an invalid combination of arguments - got (tuple, dtype=str), but expected one of:
 * (tuple of ints size, *, tuple of names names, torch.dtype dtype = None, torch.layout layout = None, torch.device device = None, bool pin_memory = False, bool requires_grad = False)
 * (tuple of ints size, *, Tensor out = None, torch.dtype dtype = None, torch.layout layout = None, torch.device device = None, bool pin_memory = False, bool requires_grad = False)

[Rank 023] Removed partially written file: scanner_layouts_raytracer_patched_508640ff8dc59f67dd884fdbc89ee122/position_263_ppdfs.hdf5
[Rank 023] Evaluating position 293 ...
[Rank 023] ID 0 for position 293
Error: The size of tensor a (2) must match the size of tensor b (262144) at non-singleton dimension 2
Rank 3 processing positions: [3, 33, 63]... (total 20)
[Rank 003] Evaluating position 003 ...
[Rank 003] ID 0 for position 003
Error: The size of tensor a (2) must match the size of tensor b (262144) at non-singleton dimension 2
[Rank 003] Failed to process or write HDF5 for position 003. Error: zeros() received an invalid combination of arguments - got (tuple, dtype=str), but expected one of:
 * (tuple of ints size, *, tuple of names names, torch.dtype dtype = None, torch.layout layout = None, torch.device device = None, bool pin_memory = False, bool requires_grad = False)
 * (tuple of ints size, *, Tensor out = None, torch.dtype dtype = None, torch.layout layout = None, torch.device device = None, bool pin_memory = False, bool requires_grad = False)

[Rank 003] Removed partially written file: scanner_layouts_raytracer_patched_508640ff8dc59f67dd884fdbc89ee122/position_003_ppdfs.hdf5
[Rank 003] Evaluating position 033 ...
[Rank 003] ID 0 for position 033
Error: The size of tensor a (2) must match the size of tensor b (262144) at non-singleton dimension 2
[Rank 003] Failed to process or write HDF5 for position 033. Error: zeros() received an invalid combination of arguments - got (tuple, dtype=str), but expected one of:
 * (tuple of ints size, *, tuple of names names, torch.dtype dtype = None, torch.layout layout = None, torch.device device = None, bool pin_memory = False, bool requires_grad = False)
 * (tuple of ints size, *, Tensor out = None, torch.dtype dtype = None, torch.layout layout = None, torch.device device = None, bool pin_memory = False, bool requires_grad = False)

[Rank 003] Removed partially written file: scanner_layouts_raytracer_patched_508640ff8dc59f67dd884fdbc89ee122/position_033_ppdfs.hdf5
[Rank 003] Evaluating position 063 ...
[Rank 003] ID 0 for position 063
Error: The size of tensor a (2) must match the size of tensor b (262144) at non-singleton dimension 2
[Rank 003] Failed to process or write HDF5 for position 063. Error: zeros() received an invalid combination of arguments - got (tuple, dtype=str), but expected one of:
 * (tuple of ints size, *, tuple of names names, torch.dtype dtype = None, torch.layout layout = None, torch.device device = None, bool pin_memory = False, bool requires_grad = False)
 * (tuple of ints size, *, Tensor out = None, torch.dtype dtype = None, torch.layout layout = None, torch.device device = None, bool pin_memory = False, bool requires_grad = False)

[Rank 003] Removed partially written file: scanner_layouts_raytracer_patched_508640ff8dc59f67dd884fdbc89ee122/position_063_ppdfs.hdf5
[Rank 003] Evaluating position 093 ...
[Rank 003] ID 0 for position 093
Error: The size of tensor a (2) must match the size of tensor b (262144) at non-singleton dimension 2
[Rank 003] Failed to process or write HDF5 for position 093. Error: zeros() received an invalid combination of arguments - got (tuple, dtype=str), but expected one of:
 * (tuple of ints size, *, tuple of names names, torch.dtype dtype = None, torch.layout layout = None, torch.device device = None, bool pin_memory = False, bool requires_grad = False)
 * (tuple of ints size, *, Tensor out = None, torch.dtype dtype = None, torch.layout layout = None, torch.device device = None, bool pin_memory = False, bool requires_grad = False)

[Rank 003] Removed partially written file: scanner_layouts_raytracer_patched_508640ff8dc59f67dd884fdbc89ee122/position_093_ppdfs.hdf5
[Rank 003] Evaluating position 123 ...
[Rank 003] ID 0 for position 123
Error: The size of tensor a (2) must match the size of tensor b (262144) at non-singleton dimension 2
[Rank 003] Failed to process or write HDF5 for position 123. Error: zeros() received an invalid combination of arguments - got (tuple, dtype=str), but expected one of:
 * (tuple of ints size, *, tuple of names names, torch.dtype dtype = None, torch.layout layout = None, torch.device device = None, bool pin_memory = False, bool requires_grad = False)
 * (tuple of ints size, *, Tensor out = None, torch.dtype dtype = None, torch.layout layout = None, torch.device device = None, bool pin_memory = False, bool requires_grad = False)

[Rank 003] Removed partially written file: scanner_layouts_raytracer_patched_508640ff8dc59f67dd884fdbc89ee122/position_123_ppdfs.hdf5
[Rank 003] Evaluating position 153 ...
[Rank 003] ID 0 for position 153
Error: The size of tensor a (2) must match the size of tensor b (262144) at non-singleton dimension 2
[Rank 003] Failed to process or write HDF5 for position 153. Error: zeros() received an invalid combination of arguments - got (tuple, dtype=str), but expected one of:
 * (tuple of ints size, *, tuple of names names, torch.dtype dtype = None, torch.layout layout = None, torch.device device = None, bool pin_memory = False, bool requires_grad = False)
 * (tuple of ints size, *, Tensor out = None, torch.dtype dtype = None, torch.layout layout = None, torch.device device = None, bool pin_memory = False, bool requires_grad = False)

[Rank 003] Removed partially written file: scanner_layouts_raytracer_patched_508640ff8dc59f67dd884fdbc89ee122/position_153_ppdfs.hdf5
[Rank 003] Evaluating position 183 ...
[Rank 003] ID 0 for position 183
Error: The size of tensor a (2) must match the size of tensor b (262144) at non-singleton dimension 2
[Rank 003] Failed to process or write HDF5 for position 183. Error: zeros() received an invalid combination of arguments - got (tuple, dtype=str), but expected one of:
 * (tuple of ints size, *, tuple of names names, torch.dtype dtype = None, torch.layout layout = None, torch.device device = None, bool pin_memory = False, bool requires_grad = False)
 * (tuple of ints size, *, Tensor out = None, torch.dtype dtype = None, torch.layout layout = None, torch.device device = None, bool pin_memory = False, bool requires_grad = False)

[Rank 003] Removed partially written file: scanner_layouts_raytracer_patched_508640ff8dc59f67dd884fdbc89ee122/position_183_ppdfs.hdf5
[Rank 003] Evaluating position 213 ...
[Rank 003] ID 0 for position 213
Error: The size of tensor a (2) must match the size of tensor b (262144) at non-singleton dimension 2
[Rank 003] Failed to process or write HDF5 for position 213. Error: zeros() received an invalid combination of arguments - got (tuple, dtype=str), but expected one of:
 * (tuple of ints size, *, tuple of names names, torch.dtype dtype = None, torch.layout layout = None, torch.device device = None, bool pin_memory = False, bool requires_grad = False)
 * (tuple of ints size, *, Tensor out = None, torch.dtype dtype = None, torch.layout layout = None, torch.device device = None, bool pin_memory = False, bool requires_grad = False)

[Rank 003] Removed partially written file: scanner_layouts_raytracer_patched_508640ff8dc59f67dd884fdbc89ee122/position_213_ppdfs.hdf5
[Rank 003] Evaluating position 243 ...
[Rank 003] ID 0 for position 243
Error: The size of tensor a (2) must match the size of tensor b (262144) at non-singleton dimension 2
[Rank 003] Failed to process or write HDF5 for position 243. Error: zeros() received an invalid combination of arguments - got (tuple, dtype=str), but expected one of:
 * (tuple of ints size, *, tuple of names names, torch.dtype dtype = None, torch.layout layout = None, torch.device device = None, bool pin_memory = False, bool requires_grad = False)
 * (tuple of ints size, *, Tensor out = None, torch.dtype dtype = None, torch.layout layout = None, torch.device device = None, bool pin_memory = False, bool requires_grad = False)

[Rank 003] Removed partially written file: scanner_layouts_raytracer_patched_508640ff8dc59f67dd884fdbc89ee122/position_243_ppdfs.hdf5
[Rank 003] Evaluating position 273 ...
[Rank 003] ID 0 for position 273
Error: The size of tensor a (2) must match the size of tensor b (262144) at non-singleton dimension 2
Rank 9 processing positions: [9, 39, 69]... (total 20)
[Rank 009] Evaluating position 009 ...
[Rank 009] ID 0 for position 009
Error: The size of tensor a (2) must match the size of tensor b (262144) at non-singleton dimension 2
[Rank 009] Failed to process or write HDF5 for position 009. Error: zeros() received an invalid combination of arguments - got (tuple, dtype=str), but expected one of:
 * (tuple of ints size, *, tuple of names names, torch.dtype dtype = None, torch.layout layout = None, torch.device device = None, bool pin_memory = False, bool requires_grad = False)
 * (tuple of ints size, *, Tensor out = None, torch.dtype dtype = None, torch.layout layout = None, torch.device device = None, bool pin_memory = False, bool requires_grad = False)

[Rank 009] Removed partially written file: scanner_layouts_raytracer_patched_508640ff8dc59f67dd884fdbc89ee122/position_009_ppdfs.hdf5
[Rank 009] Evaluating position 039 ...
[Rank 009] ID 0 for position 039
Error: The size of tensor a (2) must match the size of tensor b (262144) at non-singleton dimension 2
[Rank 009] Failed to process or write HDF5 for position 039. Error: zeros() received an invalid combination of arguments - got (tuple, dtype=str), but expected one of:
 * (tuple of ints size, *, tuple of names names, torch.dtype dtype = None, torch.layout layout = None, torch.device device = None, bool pin_memory = False, bool requires_grad = False)
 * (tuple of ints size, *, Tensor out = None, torch.dtype dtype = None, torch.layout layout = None, torch.device device = None, bool pin_memory = False, bool requires_grad = False)

[Rank 009] Removed partially written file: scanner_layouts_raytracer_patched_508640ff8dc59f67dd884fdbc89ee122/position_039_ppdfs.hdf5
[Rank 009] Evaluating position 069 ...
[Rank 009] ID 0 for position 069
Error: The size of tensor a (2) must match the size of tensor b (262144) at non-singleton dimension 2
[Rank 009] Failed to process or write HDF5 for position 069. Error: zeros() received an invalid combination of arguments - got (tuple, dtype=str), but expected one of:
 * (tuple of ints size, *, tuple of names names, torch.dtype dtype = None, torch.layout layout = None, torch.device device = None, bool pin_memory = False, bool requires_grad = False)
 * (tuple of ints size, *, Tensor out = None, torch.dtype dtype = None, torch.layout layout = None, torch.device device = None, bool pin_memory = False, bool requires_grad = False)

[Rank 009] Removed partially written file: scanner_layouts_raytracer_patched_508640ff8dc59f67dd884fdbc89ee122/position_069_ppdfs.hdf5
[Rank 009] Evaluating position 099 ...
[Rank 009] ID 0 for position 099
Error: The size of tensor a (2) must match the size of tensor b (262144) at non-singleton dimension 2
[Rank 009] Failed to process or write HDF5 for position 099. Error: zeros() received an invalid combination of arguments - got (tuple, dtype=str), but expected one of:
 * (tuple of ints size, *, tuple of names names, torch.dtype dtype = None, torch.layout layout = None, torch.device device = None, bool pin_memory = False, bool requires_grad = False)
 * (tuple of ints size, *, Tensor out = None, torch.dtype dtype = None, torch.layout layout = None, torch.device device = None, bool pin_memory = False, bool requires_grad = False)

[Rank 009] Removed partially written file: scanner_layouts_raytracer_patched_508640ff8dc59f67dd884fdbc89ee122/position_099_ppdfs.hdf5
[Rank 009] Evaluating position 129 ...
[Rank 009] ID 0 for position 129
Error: The size of tensor a (2) must match the size of tensor b (262144) at non-singleton dimension 2
[Rank 009] Failed to process or write HDF5 for position 129. Error: zeros() received an invalid combination of arguments - got (tuple, dtype=str), but expected one of:
 * (tuple of ints size, *, tuple of names names, torch.dtype dtype = None, torch.layout layout = None, torch.device device = None, bool pin_memory = False, bool requires_grad = False)
 * (tuple of ints size, *, Tensor out = None, torch.dtype dtype = None, torch.layout layout = None, torch.device device = None, bool pin_memory = False, bool requires_grad = False)

[Rank 009] Removed partially written file: scanner_layouts_raytracer_patched_508640ff8dc59f67dd884fdbc89ee122/position_129_ppdfs.hdf5
[Rank 009] Evaluating position 159 ...
[Rank 009] ID 0 for position 159
Error: The size of tensor a (2) must match the size of tensor b (262144) at non-singleton dimension 2
[Rank 009] Failed to process or write HDF5 for position 159. Error: zeros() received an invalid combination of arguments - got (tuple, dtype=str), but expected one of:
 * (tuple of ints size, *, tuple of names names, torch.dtype dtype = None, torch.layout layout = None, torch.device device = None, bool pin_memory = False, bool requires_grad = False)
 * (tuple of ints size, *, Tensor out = None, torch.dtype dtype = None, torch.layout layout = None, torch.device device = None, bool pin_memory = False, bool requires_grad = False)

[Rank 009] Removed partially written file: scanner_layouts_raytracer_patched_508640ff8dc59f67dd884fdbc89ee122/position_159_ppdfs.hdf5
[Rank 009] Evaluating position 189 ...
[Rank 009] ID 0 for position 189
Error: The size of tensor a (2) must match the size of tensor b (262144) at non-singleton dimension 2
[Rank 009] Failed to process or write HDF5 for position 189. Error: zeros() received an invalid combination of arguments - got (tuple, dtype=str), but expected one of:
 * (tuple of ints size, *, tuple of names names, torch.dtype dtype = None, torch.layout layout = None, torch.device device = None, bool pin_memory = False, bool requires_grad = False)
 * (tuple of ints size, *, Tensor out = None, torch.dtype dtype = None, torch.layout layout = None, torch.device device = None, bool pin_memory = False, bool requires_grad = False)

[Rank 009] Removed partially written file: scanner_layouts_raytracer_patched_508640ff8dc59f67dd884fdbc89ee122/position_189_ppdfs.hdf5
[Rank 009] Evaluating position 219 ...
[Rank 009] ID 0 for position 219
Error: The size of tensor a (2) must match the size of tensor b (262144) at non-singleton dimension 2
[Rank 009] Failed to process or write HDF5 for position 219. Error: zeros() received an invalid combination of arguments - got (tuple, dtype=str), but expected one of:
 * (tuple of ints size, *, tuple of names names, torch.dtype dtype = None, torch.layout layout = None, torch.device device = None, bool pin_memory = False, bool requires_grad = False)
 * (tuple of ints size, *, Tensor out = None, torch.dtype dtype = None, torch.layout layout = None, torch.device device = None, bool pin_memory = False, bool requires_grad = False)

[Rank 009] Removed partially written file: scanner_layouts_raytracer_patched_508640ff8dc59f67dd884fdbc89ee122/position_219_ppdfs.hdf5
[Rank 009] Evaluating position 249 ...
[Rank 009] ID 0 for position 249
Error: The size of tensor a (2) must match the size of tensor b (262144) at non-singleton dimension 2
[Rank 009] Failed to process or write HDF5 for position 249. Error: zeros() received an invalid combination of arguments - got (tuple, dtype=str), but expected one of:
 * (tuple of ints size, *, tuple of names names, torch.dtype dtype = None, torch.layout layout = None, torch.device device = None, bool pin_memory = False, bool requires_grad = False)
 * (tuple of ints size, *, Tensor out = None, torch.dtype dtype = None, torch.layout layout = None, torch.device device = None, bool pin_memory = False, bool requires_grad = False)

[Rank 009] Removed partially written file: scanner_layouts_raytracer_patched_508640ff8dc59f67dd884fdbc89ee122/position_249_ppdfs.hdf5
[Rank 009] Evaluating position 279 ...
[Rank 009] ID 0 for position 279
Error: The size of tensor a (2) must match the size of tensor b (262144) at non-singleton dimension 2
Rank 28 processing positions: [28, 58, 88]... (total 20)
[Rank 028] Evaluating position 028 ...
[Rank 028] ID 0 for position 028
Error: The size of tensor a (2) must match the size of tensor b (262144) at non-singleton dimension 2
[Rank 028] Failed to process or write HDF5 for position 028. Error: zeros() received an invalid combination of arguments - got (tuple, dtype=str), but expected one of:
 * (tuple of ints size, *, tuple of names names, torch.dtype dtype = None, torch.layout layout = None, torch.device device = None, bool pin_memory = False, bool requires_grad = False)
 * (tuple of ints size, *, Tensor out = None, torch.dtype dtype = None, torch.layout layout = None, torch.device device = None, bool pin_memory = False, bool requires_grad = False)

[Rank 028] Removed partially written file: scanner_layouts_raytracer_patched_508640ff8dc59f67dd884fdbc89ee122/position_028_ppdfs.hdf5
[Rank 028] Evaluating position 058 ...
[Rank 028] ID 0 for position 058
Error: The size of tensor a (2) must match the size of tensor b (262144) at non-singleton dimension 2
[Rank 028] Failed to process or write HDF5 for position 058. Error: zeros() received an invalid combination of arguments - got (tuple, dtype=str), but expected one of:
 * (tuple of ints size, *, tuple of names names, torch.dtype dtype = None, torch.layout layout = None, torch.device device = None, bool pin_memory = False, bool requires_grad = False)
 * (tuple of ints size, *, Tensor out = None, torch.dtype dtype = None, torch.layout layout = None, torch.device device = None, bool pin_memory = False, bool requires_grad = False)

[Rank 028] Removed partially written file: scanner_layouts_raytracer_patched_508640ff8dc59f67dd884fdbc89ee122/position_058_ppdfs.hdf5
[Rank 028] Evaluating position 088 ...
[Rank 028] ID 0 for position 088
Error: The size of tensor a (2) must match the size of tensor b (262144) at non-singleton dimension 2
[Rank 028] Failed to process or write HDF5 for position 088. Error: zeros() received an invalid combination of arguments - got (tuple, dtype=str), but expected one of:
 * (tuple of ints size, *, tuple of names names, torch.dtype dtype = None, torch.layout layout = None, torch.device device = None, bool pin_memory = False, bool requires_grad = False)
 * (tuple of ints size, *, Tensor out = None, torch.dtype dtype = None, torch.layout layout = None, torch.device device = None, bool pin_memory = False, bool requires_grad = False)

[Rank 028] Removed partially written file: scanner_layouts_raytracer_patched_508640ff8dc59f67dd884fdbc89ee122/position_088_ppdfs.hdf5
[Rank 028] Evaluating position 118 ...
[Rank 028] ID 0 for position 118
Error: The size of tensor a (2) must match the size of tensor b (262144) at non-singleton dimension 2
[Rank 028] Failed to process or write HDF5 for position 118. Error: zeros() received an invalid combination of arguments - got (tuple, dtype=str), but expected one of:
 * (tuple of ints size, *, tuple of names names, torch.dtype dtype = None, torch.layout layout = None, torch.device device = None, bool pin_memory = False, bool requires_grad = False)
 * (tuple of ints size, *, Tensor out = None, torch.dtype dtype = None, torch.layout layout = None, torch.device device = None, bool pin_memory = False, bool requires_grad = False)

[Rank 028] Removed partially written file: scanner_layouts_raytracer_patched_508640ff8dc59f67dd884fdbc89ee122/position_118_ppdfs.hdf5
[Rank 028] Evaluating position 148 ...
[Rank 028] ID 0 for position 148
Error: The size of tensor a (2) must match the size of tensor b (262144) at non-singleton dimension 2
[Rank 028] Failed to process or write HDF5 for position 148. Error: zeros() received an invalid combination of arguments - got (tuple, dtype=str), but expected one of:
 * (tuple of ints size, *, tuple of names names, torch.dtype dtype = None, torch.layout layout = None, torch.device device = None, bool pin_memory = False, bool requires_grad = False)
 * (tuple of ints size, *, Tensor out = None, torch.dtype dtype = None, torch.layout layout = None, torch.device device = None, bool pin_memory = False, bool requires_grad = False)

[Rank 028] Removed partially written file: scanner_layouts_raytracer_patched_508640ff8dc59f67dd884fdbc89ee122/position_148_ppdfs.hdf5
[Rank 028] Evaluating position 178 ...
[Rank 028] ID 0 for position 178
Error: The size of tensor a (2) must match the size of tensor b (262144) at non-singleton dimension 2
[Rank 028] Failed to process or write HDF5 for position 178. Error: zeros() received an invalid combination of arguments - got (tuple, dtype=str), but expected one of:
 * (tuple of ints size, *, tuple of names names, torch.dtype dtype = None, torch.layout layout = None, torch.device device = None, bool pin_memory = False, bool requires_grad = False)
 * (tuple of ints size, *, Tensor out = None, torch.dtype dtype = None, torch.layout layout = None, torch.device device = None, bool pin_memory = False, bool requires_grad = False)

[Rank 028] Removed partially written file: scanner_layouts_raytracer_patched_508640ff8dc59f67dd884fdbc89ee122/position_178_ppdfs.hdf5
[Rank 028] Evaluating position 208 ...
[Rank 028] ID 0 for position 208
Error: The size of tensor a (2) must match the size of tensor b (262144) at non-singleton dimension 2
[Rank 028] Failed to process or write HDF5 for position 208. Error: zeros() received an invalid combination of arguments - got (tuple, dtype=str), but expected one of:
 * (tuple of ints size, *, tuple of names names, torch.dtype dtype = None, torch.layout layout = None, torch.device device = None, bool pin_memory = False, bool requires_grad = False)
 * (tuple of ints size, *, Tensor out = None, torch.dtype dtype = None, torch.layout layout = None, torch.device device = None, bool pin_memory = False, bool requires_grad = False)

[Rank 028] Removed partially written file: scanner_layouts_raytracer_patched_508640ff8dc59f67dd884fdbc89ee122/position_208_ppdfs.hdf5
[Rank 028] Evaluating position 238 ...
[Rank 028] ID 0 for position 238
Error: The size of tensor a (2) must match the size of tensor b (262144) at non-singleton dimension 2
[Rank 028] Failed to process or write HDF5 for position 238. Error: zeros() received an invalid combination of arguments - got (tuple, dtype=str), but expected one of:
 * (tuple of ints size, *, tuple of names names, torch.dtype dtype = None, torch.layout layout = None, torch.device device = None, bool pin_memory = False, bool requires_grad = False)
 * (tuple of ints size, *, Tensor out = None, torch.dtype dtype = None, torch.layout layout = None, torch.device device = None, bool pin_memory = False, bool requires_grad = False)

[Rank 028] Removed partially written file: scanner_layouts_raytracer_patched_508640ff8dc59f67dd884fdbc89ee122/position_238_ppdfs.hdf5
[Rank 028] Evaluating position 268 ...
[Rank 028] ID 0 for position 268
Error: The size of tensor a (2) must match the size of tensor b (262144) at non-singleton dimension 2
[Rank 028] Failed to process or write HDF5 for position 268. Error: zeros() received an invalid combination of arguments - got (tuple, dtype=str), but expected one of:
 * (tuple of ints size, *, tuple of names names, torch.dtype dtype = None, torch.layout layout = None, torch.device device = None, bool pin_memory = False, bool requires_grad = False)
 * (tuple of ints size, *, Tensor out = None, torch.dtype dtype = None, torch.layout layout = None, torch.device device = None, bool pin_memory = False, bool requires_grad = False)

[Rank 028] Removed partially written file: scanner_layouts_raytracer_patched_508640ff8dc59f67dd884fdbc89ee122/position_268_ppdfs.hdf5
[Rank 028] Evaluating position 298 ...
[Rank 028] ID 0 for position 298
Error: The size of tensor a (2) must match the size of tensor b (262144) at non-singleton dimension 2
Rank 29 processing positions: [29, 59, 89]... (total 20)
[Rank 029] Evaluating position 029 ...
[Rank 029] ID 0 for position 029
Error: The size of tensor a (2) must match the size of tensor b (262144) at non-singleton dimension 2
[Rank 029] Failed to process or write HDF5 for position 029. Error: zeros() received an invalid combination of arguments - got (tuple, dtype=str), but expected one of:
 * (tuple of ints size, *, tuple of names names, torch.dtype dtype = None, torch.layout layout = None, torch.device device = None, bool pin_memory = False, bool requires_grad = False)
 * (tuple of ints size, *, Tensor out = None, torch.dtype dtype = None, torch.layout layout = None, torch.device device = None, bool pin_memory = False, bool requires_grad = False)

[Rank 029] Removed partially written file: scanner_layouts_raytracer_patched_508640ff8dc59f67dd884fdbc89ee122/position_029_ppdfs.hdf5
[Rank 029] Evaluating position 059 ...
[Rank 029] ID 0 for position 059
Error: The size of tensor a (2) must match the size of tensor b (262144) at non-singleton dimension 2
[Rank 029] Failed to process or write HDF5 for position 059. Error: zeros() received an invalid combination of arguments - got (tuple, dtype=str), but expected one of:
 * (tuple of ints size, *, tuple of names names, torch.dtype dtype = None, torch.layout layout = None, torch.device device = None, bool pin_memory = False, bool requires_grad = False)
 * (tuple of ints size, *, Tensor out = None, torch.dtype dtype = None, torch.layout layout = None, torch.device device = None, bool pin_memory = False, bool requires_grad = False)

[Rank 029] Removed partially written file: scanner_layouts_raytracer_patched_508640ff8dc59f67dd884fdbc89ee122/position_059_ppdfs.hdf5
[Rank 029] Evaluating position 089 ...
[Rank 029] ID 0 for position 089
Error: The size of tensor a (2) must match the size of tensor b (262144) at non-singleton dimension 2
[Rank 029] Failed to process or write HDF5 for position 089. Error: zeros() received an invalid combination of arguments - got (tuple, dtype=str), but expected one of:
 * (tuple of ints size, *, tuple of names names, torch.dtype dtype = None, torch.layout layout = None, torch.device device = None, bool pin_memory = False, bool requires_grad = False)
 * (tuple of ints size, *, Tensor out = None, torch.dtype dtype = None, torch.layout layout = None, torch.device device = None, bool pin_memory = False, bool requires_grad = False)

[Rank 029] Removed partially written file: scanner_layouts_raytracer_patched_508640ff8dc59f67dd884fdbc89ee122/position_089_ppdfs.hdf5
[Rank 029] Evaluating position 119 ...
[Rank 029] ID 0 for position 119
Error: The size of tensor a (2) must match the size of tensor b (262144) at non-singleton dimension 2
[Rank 029] Failed to process or write HDF5 for position 119. Error: zeros() received an invalid combination of arguments - got (tuple, dtype=str), but expected one of:
 * (tuple of ints size, *, tuple of names names, torch.dtype dtype = None, torch.layout layout = None, torch.device device = None, bool pin_memory = False, bool requires_grad = False)
 * (tuple of ints size, *, Tensor out = None, torch.dtype dtype = None, torch.layout layout = None, torch.device device = None, bool pin_memory = False, bool requires_grad = False)

[Rank 029] Removed partially written file: scanner_layouts_raytracer_patched_508640ff8dc59f67dd884fdbc89ee122/position_119_ppdfs.hdf5
[Rank 029] Evaluating position 149 ...
[Rank 029] ID 0 for position 149
Error: The size of tensor a (2) must match the size of tensor b (262144) at non-singleton dimension 2
[Rank 029] Failed to process or write HDF5 for position 149. Error: zeros() received an invalid combination of arguments - got (tuple, dtype=str), but expected one of:
 * (tuple of ints size, *, tuple of names names, torch.dtype dtype = None, torch.layout layout = None, torch.device device = None, bool pin_memory = False, bool requires_grad = False)
 * (tuple of ints size, *, Tensor out = None, torch.dtype dtype = None, torch.layout layout = None, torch.device device = None, bool pin_memory = False, bool requires_grad = False)

[Rank 029] Removed partially written file: scanner_layouts_raytracer_patched_508640ff8dc59f67dd884fdbc89ee122/position_149_ppdfs.hdf5
[Rank 029] Evaluating position 179 ...
[Rank 029] ID 0 for position 179
Error: The size of tensor a (2) must match the size of tensor b (262144) at non-singleton dimension 2
[Rank 029] Failed to process or write HDF5 for position 179. Error: zeros() received an invalid combination of arguments - got (tuple, dtype=str), but expected one of:
 * (tuple of ints size, *, tuple of names names, torch.dtype dtype = None, torch.layout layout = None, torch.device device = None, bool pin_memory = False, bool requires_grad = False)
 * (tuple of ints size, *, Tensor out = None, torch.dtype dtype = None, torch.layout layout = None, torch.device device = None, bool pin_memory = False, bool requires_grad = False)

[Rank 029] Removed partially written file: scanner_layouts_raytracer_patched_508640ff8dc59f67dd884fdbc89ee122/position_179_ppdfs.hdf5
[Rank 029] Evaluating position 209 ...
[Rank 029] ID 0 for position 209
Error: The size of tensor a (2) must match the size of tensor b (262144) at non-singleton dimension 2
[Rank 029] Failed to process or write HDF5 for position 209. Error: zeros() received an invalid combination of arguments - got (tuple, dtype=str), but expected one of:
 * (tuple of ints size, *, tuple of names names, torch.dtype dtype = None, torch.layout layout = None, torch.device device = None, bool pin_memory = False, bool requires_grad = False)
 * (tuple of ints size, *, Tensor out = None, torch.dtype dtype = None, torch.layout layout = None, torch.device device = None, bool pin_memory = False, bool requires_grad = False)

[Rank 029] Removed partially written file: scanner_layouts_raytracer_patched_508640ff8dc59f67dd884fdbc89ee122/position_209_ppdfs.hdf5
[Rank 029] Evaluating position 239 ...
[Rank 029] ID 0 for position 239
Error: The size of tensor a (2) must match the size of tensor b (262144) at non-singleton dimension 2
[Rank 029] Failed to process or write HDF5 for position 239. Error: zeros() received an invalid combination of arguments - got (tuple, dtype=str), but expected one of:
 * (tuple of ints size, *, tuple of names names, torch.dtype dtype = None, torch.layout layout = None, torch.device device = None, bool pin_memory = False, bool requires_grad = False)
 * (tuple of ints size, *, Tensor out = None, torch.dtype dtype = None, torch.layout layout = None, torch.device device = None, bool pin_memory = False, bool requires_grad = False)

[Rank 029] Removed partially written file: scanner_layouts_raytracer_patched_508640ff8dc59f67dd884fdbc89ee122/position_239_ppdfs.hdf5
[Rank 029] Evaluating position 269 ...
[Rank 029] ID 0 for position 269
Error: The size of tensor a (2) must match the size of tensor b (262144) at non-singleton dimension 2
[Rank 029] Failed to process or write HDF5 for position 269. Error: zeros() received an invalid combination of arguments - got (tuple, dtype=str), but expected one of:
 * (tuple of ints size, *, tuple of names names, torch.dtype dtype = None, torch.layout layout = None, torch.device device = None, bool pin_memory = False, bool requires_grad = False)
 * (tuple of ints size, *, Tensor out = None, torch.dtype dtype = None, torch.layout layout = None, torch.device device = None, bool pin_memory = False, bool requires_grad = False)

[Rank 029] Removed partially written file: scanner_layouts_raytracer_patched_508640ff8dc59f67dd884fdbc89ee122/position_269_ppdfs.hdf5
[Rank 029] Evaluating position 299 ...
[Rank 029] ID 0 for position 299
Error: The size of tensor a (2) must match the size of tensor b (262144) at non-singleton dimension 2
Rank 21 processing positions: [21, 51, 81]... (total 20)
[Rank 021] Evaluating position 021 ...
[Rank 021] ID 0 for position 021
Error: The size of tensor a (2) must match the size of tensor b (262144) at non-singleton dimension 2
[Rank 021] Failed to process or write HDF5 for position 021. Error: zeros() received an invalid combination of arguments - got (tuple, dtype=str), but expected one of:
 * (tuple of ints size, *, tuple of names names, torch.dtype dtype = None, torch.layout layout = None, torch.device device = None, bool pin_memory = False, bool requires_grad = False)
 * (tuple of ints size, *, Tensor out = None, torch.dtype dtype = None, torch.layout layout = None, torch.device device = None, bool pin_memory = False, bool requires_grad = False)

[Rank 021] Removed partially written file: scanner_layouts_raytracer_patched_508640ff8dc59f67dd884fdbc89ee122/position_021_ppdfs.hdf5
[Rank 021] Evaluating position 051 ...
[Rank 021] ID 0 for position 051
Error: The size of tensor a (2) must match the size of tensor b (262144) at non-singleton dimension 2
[Rank 021] Failed to process or write HDF5 for position 051. Error: zeros() received an invalid combination of arguments - got (tuple, dtype=str), but expected one of:
 * (tuple of ints size, *, tuple of names names, torch.dtype dtype = None, torch.layout layout = None, torch.device device = None, bool pin_memory = False, bool requires_grad = False)
 * (tuple of ints size, *, Tensor out = None, torch.dtype dtype = None, torch.layout layout = None, torch.device device = None, bool pin_memory = False, bool requires_grad = False)

[Rank 021] Removed partially written file: scanner_layouts_raytracer_patched_508640ff8dc59f67dd884fdbc89ee122/position_051_ppdfs.hdf5
[Rank 021] Evaluating position 081 ...
[Rank 021] ID 0 for position 081
Error: The size of tensor a (2) must match the size of tensor b (262144) at non-singleton dimension 2
[Rank 021] Failed to process or write HDF5 for position 081. Error: zeros() received an invalid combination of arguments - got (tuple, dtype=str), but expected one of:
 * (tuple of ints size, *, tuple of names names, torch.dtype dtype = None, torch.layout layout = None, torch.device device = None, bool pin_memory = False, bool requires_grad = False)
 * (tuple of ints size, *, Tensor out = None, torch.dtype dtype = None, torch.layout layout = None, torch.device device = None, bool pin_memory = False, bool requires_grad = False)

[Rank 021] Removed partially written file: scanner_layouts_raytracer_patched_508640ff8dc59f67dd884fdbc89ee122/position_081_ppdfs.hdf5
[Rank 021] Evaluating position 111 ...
[Rank 021] ID 0 for position 111
Error: The size of tensor a (2) must match the size of tensor b (262144) at non-singleton dimension 2
[Rank 021] Failed to process or write HDF5 for position 111. Error: zeros() received an invalid combination of arguments - got (tuple, dtype=str), but expected one of:
 * (tuple of ints size, *, tuple of names names, torch.dtype dtype = None, torch.layout layout = None, torch.device device = None, bool pin_memory = False, bool requires_grad = False)
 * (tuple of ints size, *, Tensor out = None, torch.dtype dtype = None, torch.layout layout = None, torch.device device = None, bool pin_memory = False, bool requires_grad = False)

[Rank 021] Removed partially written file: scanner_layouts_raytracer_patched_508640ff8dc59f67dd884fdbc89ee122/position_111_ppdfs.hdf5
[Rank 021] Evaluating position 141 ...
[Rank 021] ID 0 for position 141
Error: The size of tensor a (2) must match the size of tensor b (262144) at non-singleton dimension 2
[Rank 021] Failed to process or write HDF5 for position 141. Error: zeros() received an invalid combination of arguments - got (tuple, dtype=str), but expected one of:
 * (tuple of ints size, *, tuple of names names, torch.dtype dtype = None, torch.layout layout = None, torch.device device = None, bool pin_memory = False, bool requires_grad = False)
 * (tuple of ints size, *, Tensor out = None, torch.dtype dtype = None, torch.layout layout = None, torch.device device = None, bool pin_memory = False, bool requires_grad = False)

[Rank 021] Removed partially written file: scanner_layouts_raytracer_patched_508640ff8dc59f67dd884fdbc89ee122/position_141_ppdfs.hdf5
[Rank 021] Evaluating position 171 ...
[Rank 021] ID 0 for position 171
Error: The size of tensor a (2) must match the size of tensor b (262144) at non-singleton dimension 2
[Rank 021] Failed to process or write HDF5 for position 171. Error: zeros() received an invalid combination of arguments - got (tuple, dtype=str), but expected one of:
 * (tuple of ints size, *, tuple of names names, torch.dtype dtype = None, torch.layout layout = None, torch.device device = None, bool pin_memory = False, bool requires_grad = False)
 * (tuple of ints size, *, Tensor out = None, torch.dtype dtype = None, torch.layout layout = None, torch.device device = None, bool pin_memory = False, bool requires_grad = False)

[Rank 021] Removed partially written file: scanner_layouts_raytracer_patched_508640ff8dc59f67dd884fdbc89ee122/position_171_ppdfs.hdf5
[Rank 021] Evaluating position 201 ...
[Rank 021] ID 0 for position 201
Error: The size of tensor a (2) must match the size of tensor b (262144) at non-singleton dimension 2
[Rank 021] Failed to process or write HDF5 for position 201. Error: zeros() received an invalid combination of arguments - got (tuple, dtype=str), but expected one of:
 * (tuple of ints size, *, tuple of names names, torch.dtype dtype = None, torch.layout layout = None, torch.device device = None, bool pin_memory = False, bool requires_grad = False)
 * (tuple of ints size, *, Tensor out = None, torch.dtype dtype = None, torch.layout layout = None, torch.device device = None, bool pin_memory = False, bool requires_grad = False)

[Rank 021] Removed partially written file: scanner_layouts_raytracer_patched_508640ff8dc59f67dd884fdbc89ee122/position_201_ppdfs.hdf5
[Rank 021] Evaluating position 231 ...
[Rank 021] ID 0 for position 231
Error: The size of tensor a (2) must match the size of tensor b (262144) at non-singleton dimension 2
[Rank 021] Failed to process or write HDF5 for position 231. Error: zeros() received an invalid combination of arguments - got (tuple, dtype=str), but expected one of:
 * (tuple of ints size, *, tuple of names names, torch.dtype dtype = None, torch.layout layout = None, torch.device device = None, bool pin_memory = False, bool requires_grad = False)
 * (tuple of ints size, *, Tensor out = None, torch.dtype dtype = None, torch.layout layout = None, torch.device device = None, bool pin_memory = False, bool requires_grad = False)

[Rank 021] Removed partially written file: scanner_layouts_raytracer_patched_508640ff8dc59f67dd884fdbc89ee122/position_231_ppdfs.hdf5
[Rank 021] Evaluating position 261 ...
[Rank 021] ID 0 for position 261
Error: The size of tensor a (2) must match the size of tensor b (262144) at non-singleton dimension 2
[Rank 021] Failed to process or write HDF5 for position 261. Error: zeros() received an invalid combination of arguments - got (tuple, dtype=str), but expected one of:
 * (tuple of ints size, *, tuple of names names, torch.dtype dtype = None, torch.layout layout = None, torch.device device = None, bool pin_memory = False, bool requires_grad = False)
 * (tuple of ints size, *, Tensor out = None, torch.dtype dtype = None, torch.layout layout = None, torch.device device = None, bool pin_memory = False, bool requires_grad = False)

[Rank 021] Removed partially written file: scanner_layouts_raytracer_patched_508640ff8dc59f67dd884fdbc89ee122/position_261_ppdfs.hdf5
[Rank 021] Evaluating position 291 ...
[Rank 021] ID 0 for position 291
Error: The size of tensor a (2) must match the size of tensor b (262144) at non-singleton dimension 2
MPI initialized with 30 processes.
PyTorch threads per MPI process: 8
Total number of positions: 600
Rank 0 processing positions: [0, 30, 60]... (total 20)
[Rank 000] Evaluating position 000 ...
[Rank 000] ID 0 for position 000
Error: The size of tensor a (2) must match the size of tensor b (262144) at non-singleton dimension 2
[Rank 000] Failed to process or write HDF5 for position 000. Error: zeros() received an invalid combination of arguments - got (tuple, dtype=str), but expected one of:
 * (tuple of ints size, *, tuple of names names, torch.dtype dtype = None, torch.layout layout = None, torch.device device = None, bool pin_memory = False, bool requires_grad = False)
 * (tuple of ints size, *, Tensor out = None, torch.dtype dtype = None, torch.layout layout = None, torch.device device = None, bool pin_memory = False, bool requires_grad = False)

[Rank 000] Removed partially written file: scanner_layouts_raytracer_patched_508640ff8dc59f67dd884fdbc89ee122/position_000_ppdfs.hdf5
[Rank 000] Evaluating position 030 ...
[Rank 000] ID 0 for position 030
Error: The size of tensor a (2) must match the size of tensor b (262144) at non-singleton dimension 2
[Rank 000] Failed to process or write HDF5 for position 030. Error: zeros() received an invalid combination of arguments - got (tuple, dtype=str), but expected one of:
 * (tuple of ints size, *, tuple of names names, torch.dtype dtype = None, torch.layout layout = None, torch.device device = None, bool pin_memory = False, bool requires_grad = False)
 * (tuple of ints size, *, Tensor out = None, torch.dtype dtype = None, torch.layout layout = None, torch.device device = None, bool pin_memory = False, bool requires_grad = False)

[Rank 000] Removed partially written file: scanner_layouts_raytracer_patched_508640ff8dc59f67dd884fdbc89ee122/position_030_ppdfs.hdf5
[Rank 000] Evaluating position 060 ...
[Rank 000] ID 0 for position 060
Error: The size of tensor a (2) must match the size of tensor b (262144) at non-singleton dimension 2
[Rank 000] Failed to process or write HDF5 for position 060. Error: zeros() received an invalid combination of arguments - got (tuple, dtype=str), but expected one of:
 * (tuple of ints size, *, tuple of names names, torch.dtype dtype = None, torch.layout layout = None, torch.device device = None, bool pin_memory = False, bool requires_grad = False)
 * (tuple of ints size, *, Tensor out = None, torch.dtype dtype = None, torch.layout layout = None, torch.device device = None, bool pin_memory = False, bool requires_grad = False)

[Rank 000] Removed partially written file: scanner_layouts_raytracer_patched_508640ff8dc59f67dd884fdbc89ee122/position_060_ppdfs.hdf5
[Rank 000] Evaluating position 090 ...
[Rank 000] ID 0 for position 090
Error: The size of tensor a (2) must match the size of tensor b (262144) at non-singleton dimension 2
[Rank 000] Failed to process or write HDF5 for position 090. Error: zeros() received an invalid combination of arguments - got (tuple, dtype=str), but expected one of:
 * (tuple of ints size, *, tuple of names names, torch.dtype dtype = None, torch.layout layout = None, torch.device device = None, bool pin_memory = False, bool requires_grad = False)
 * (tuple of ints size, *, Tensor out = None, torch.dtype dtype = None, torch.layout layout = None, torch.device device = None, bool pin_memory = False, bool requires_grad = False)

[Rank 000] Removed partially written file: scanner_layouts_raytracer_patched_508640ff8dc59f67dd884fdbc89ee122/position_090_ppdfs.hdf5
[Rank 000] Evaluating position 120 ...
[Rank 000] ID 0 for position 120
Error: The size of tensor a (2) must match the size of tensor b (262144) at non-singleton dimension 2
[Rank 000] Failed to process or write HDF5 for position 120. Error: zeros() received an invalid combination of arguments - got (tuple, dtype=str), but expected one of:
 * (tuple of ints size, *, tuple of names names, torch.dtype dtype = None, torch.layout layout = None, torch.device device = None, bool pin_memory = False, bool requires_grad = False)
 * (tuple of ints size, *, Tensor out = None, torch.dtype dtype = None, torch.layout layout = None, torch.device device = None, bool pin_memory = False, bool requires_grad = False)

[Rank 000] Removed partially written file: scanner_layouts_raytracer_patched_508640ff8dc59f67dd884fdbc89ee122/position_120_ppdfs.hdf5
[Rank 000] Evaluating position 150 ...
[Rank 000] ID 0 for position 150
Error: The size of tensor a (2) must match the size of tensor b (262144) at non-singleton dimension 2
[Rank 000] Failed to process or write HDF5 for position 150. Error: zeros() received an invalid combination of arguments - got (tuple, dtype=str), but expected one of:
 * (tuple of ints size, *, tuple of names names, torch.dtype dtype = None, torch.layout layout = None, torch.device device = None, bool pin_memory = False, bool requires_grad = False)
 * (tuple of ints size, *, Tensor out = None, torch.dtype dtype = None, torch.layout layout = None, torch.device device = None, bool pin_memory = False, bool requires_grad = False)

[Rank 000] Removed partially written file: scanner_layouts_raytracer_patched_508640ff8dc59f67dd884fdbc89ee122/position_150_ppdfs.hdf5
[Rank 000] Evaluating position 180 ...
[Rank 000] ID 0 for position 180
Error: The size of tensor a (2) must match the size of tensor b (262144) at non-singleton dimension 2
[Rank 000] Failed to process or write HDF5 for position 180. Error: zeros() received an invalid combination of arguments - got (tuple, dtype=str), but expected one of:
 * (tuple of ints size, *, tuple of names names, torch.dtype dtype = None, torch.layout layout = None, torch.device device = None, bool pin_memory = False, bool requires_grad = False)
 * (tuple of ints size, *, Tensor out = None, torch.dtype dtype = None, torch.layout layout = None, torch.device device = None, bool pin_memory = False, bool requires_grad = False)

[Rank 000] Removed partially written file: scanner_layouts_raytracer_patched_508640ff8dc59f67dd884fdbc89ee122/position_180_ppdfs.hdf5
[Rank 000] Evaluating position 210 ...
[Rank 000] ID 0 for position 210
Error: The size of tensor a (2) must match the size of tensor b (262144) at non-singleton dimension 2
[Rank 000] Failed to process or write HDF5 for position 210. Error: zeros() received an invalid combination of arguments - got (tuple, dtype=str), but expected one of:
 * (tuple of ints size, *, tuple of names names, torch.dtype dtype = None, torch.layout layout = None, torch.device device = None, bool pin_memory = False, bool requires_grad = False)
 * (tuple of ints size, *, Tensor out = None, torch.dtype dtype = None, torch.layout layout = None, torch.device device = None, bool pin_memory = False, bool requires_grad = False)

[Rank 000] Removed partially written file: scanner_layouts_raytracer_patched_508640ff8dc59f67dd884fdbc89ee122/position_210_ppdfs.hdf5
[Rank 000] Evaluating position 240 ...
[Rank 000] ID 0 for position 240
Error: The size of tensor a (2) must match the size of tensor b (262144) at non-singleton dimension 2
[Rank 000] Failed to process or write HDF5 for position 240. Error: zeros() received an invalid combination of arguments - got (tuple, dtype=str), but expected one of:
 * (tuple of ints size, *, tuple of names names, torch.dtype dtype = None, torch.layout layout = None, torch.device device = None, bool pin_memory = False, bool requires_grad = False)
 * (tuple of ints size, *, Tensor out = None, torch.dtype dtype = None, torch.layout layout = None, torch.device device = None, bool pin_memory = False, bool requires_grad = False)

[Rank 000] Removed partially written file: scanner_layouts_raytracer_patched_508640ff8dc59f67dd884fdbc89ee122/position_240_ppdfs.hdf5
[Rank 000] Evaluating position 270 ...
[Rank 000] ID 0 for position 270
Error: The size of tensor a (2) must match the size of tensor b (262144) at non-singleton dimension 2
Rank 18 processing positions: [18, 48, 78]... (total 20)
[Rank 018] Evaluating position 018 ...
[Rank 018] ID 0 for position 018
Error: The size of tensor a (2) must match the size of tensor b (262144) at non-singleton dimension 2
[Rank 018] Failed to process or write HDF5 for position 018. Error: zeros() received an invalid combination of arguments - got (tuple, dtype=str), but expected one of:
 * (tuple of ints size, *, tuple of names names, torch.dtype dtype = None, torch.layout layout = None, torch.device device = None, bool pin_memory = False, bool requires_grad = False)
 * (tuple of ints size, *, Tensor out = None, torch.dtype dtype = None, torch.layout layout = None, torch.device device = None, bool pin_memory = False, bool requires_grad = False)

[Rank 018] Removed partially written file: scanner_layouts_raytracer_patched_508640ff8dc59f67dd884fdbc89ee122/position_018_ppdfs.hdf5
[Rank 018] Evaluating position 048 ...
[Rank 018] ID 0 for position 048
Error: The size of tensor a (2) must match the size of tensor b (262144) at non-singleton dimension 2
[Rank 018] Failed to process or write HDF5 for position 048. Error: zeros() received an invalid combination of arguments - got (tuple, dtype=str), but expected one of:
 * (tuple of ints size, *, tuple of names names, torch.dtype dtype = None, torch.layout layout = None, torch.device device = None, bool pin_memory = False, bool requires_grad = False)
 * (tuple of ints size, *, Tensor out = None, torch.dtype dtype = None, torch.layout layout = None, torch.device device = None, bool pin_memory = False, bool requires_grad = False)

[Rank 018] Removed partially written file: scanner_layouts_raytracer_patched_508640ff8dc59f67dd884fdbc89ee122/position_048_ppdfs.hdf5
[Rank 018] Evaluating position 078 ...
[Rank 018] ID 0 for position 078
Error: The size of tensor a (2) must match the size of tensor b (262144) at non-singleton dimension 2
[Rank 018] Failed to process or write HDF5 for position 078. Error: zeros() received an invalid combination of arguments - got (tuple, dtype=str), but expected one of:
 * (tuple of ints size, *, tuple of names names, torch.dtype dtype = None, torch.layout layout = None, torch.device device = None, bool pin_memory = False, bool requires_grad = False)
 * (tuple of ints size, *, Tensor out = None, torch.dtype dtype = None, torch.layout layout = None, torch.device device = None, bool pin_memory = False, bool requires_grad = False)

[Rank 018] Removed partially written file: scanner_layouts_raytracer_patched_508640ff8dc59f67dd884fdbc89ee122/position_078_ppdfs.hdf5
[Rank 018] Evaluating position 108 ...
[Rank 018] ID 0 for position 108
Error: The size of tensor a (2) must match the size of tensor b (262144) at non-singleton dimension 2
[Rank 018] Failed to process or write HDF5 for position 108. Error: zeros() received an invalid combination of arguments - got (tuple, dtype=str), but expected one of:
 * (tuple of ints size, *, tuple of names names, torch.dtype dtype = None, torch.layout layout = None, torch.device device = None, bool pin_memory = False, bool requires_grad = False)
 * (tuple of ints size, *, Tensor out = None, torch.dtype dtype = None, torch.layout layout = None, torch.device device = None, bool pin_memory = False, bool requires_grad = False)

[Rank 018] Removed partially written file: scanner_layouts_raytracer_patched_508640ff8dc59f67dd884fdbc89ee122/position_108_ppdfs.hdf5
[Rank 018] Evaluating position 138 ...
[Rank 018] ID 0 for position 138
Error: The size of tensor a (2) must match the size of tensor b (262144) at non-singleton dimension 2
[Rank 018] Failed to process or write HDF5 for position 138. Error: zeros() received an invalid combination of arguments - got (tuple, dtype=str), but expected one of:
 * (tuple of ints size, *, tuple of names names, torch.dtype dtype = None, torch.layout layout = None, torch.device device = None, bool pin_memory = False, bool requires_grad = False)
 * (tuple of ints size, *, Tensor out = None, torch.dtype dtype = None, torch.layout layout = None, torch.device device = None, bool pin_memory = False, bool requires_grad = False)

[Rank 018] Removed partially written file: scanner_layouts_raytracer_patched_508640ff8dc59f67dd884fdbc89ee122/position_138_ppdfs.hdf5
[Rank 018] Evaluating position 168 ...
[Rank 018] ID 0 for position 168
Error: The size of tensor a (2) must match the size of tensor b (262144) at non-singleton dimension 2
[Rank 018] Failed to process or write HDF5 for position 168. Error: zeros() received an invalid combination of arguments - got (tuple, dtype=str), but expected one of:
 * (tuple of ints size, *, tuple of names names, torch.dtype dtype = None, torch.layout layout = None, torch.device device = None, bool pin_memory = False, bool requires_grad = False)
 * (tuple of ints size, *, Tensor out = None, torch.dtype dtype = None, torch.layout layout = None, torch.device device = None, bool pin_memory = False, bool requires_grad = False)

[Rank 018] Removed partially written file: scanner_layouts_raytracer_patched_508640ff8dc59f67dd884fdbc89ee122/position_168_ppdfs.hdf5
[Rank 018] Evaluating position 198 ...
[Rank 018] ID 0 for position 198
Error: The size of tensor a (2) must match the size of tensor b (262144) at non-singleton dimension 2
[Rank 018] Failed to process or write HDF5 for position 198. Error: zeros() received an invalid combination of arguments - got (tuple, dtype=str), but expected one of:
 * (tuple of ints size, *, tuple of names names, torch.dtype dtype = None, torch.layout layout = None, torch.device device = None, bool pin_memory = False, bool requires_grad = False)
 * (tuple of ints size, *, Tensor out = None, torch.dtype dtype = None, torch.layout layout = None, torch.device device = None, bool pin_memory = False, bool requires_grad = False)

[Rank 018] Removed partially written file: scanner_layouts_raytracer_patched_508640ff8dc59f67dd884fdbc89ee122/position_198_ppdfs.hdf5
[Rank 018] Evaluating position 228 ...
[Rank 018] ID 0 for position 228
Error: The size of tensor a (2) must match the size of tensor b (262144) at non-singleton dimension 2
[Rank 018] Failed to process or write HDF5 for position 228. Error: zeros() received an invalid combination of arguments - got (tuple, dtype=str), but expected one of:
 * (tuple of ints size, *, tuple of names names, torch.dtype dtype = None, torch.layout layout = None, torch.device device = None, bool pin_memory = False, bool requires_grad = False)
 * (tuple of ints size, *, Tensor out = None, torch.dtype dtype = None, torch.layout layout = None, torch.device device = None, bool pin_memory = False, bool requires_grad = False)

[Rank 018] Removed partially written file: scanner_layouts_raytracer_patched_508640ff8dc59f67dd884fdbc89ee122/position_228_ppdfs.hdf5
[Rank 018] Evaluating position 258 ...
[Rank 018] ID 0 for position 258
Error: The size of tensor a (2) must match the size of tensor b (262144) at non-singleton dimension 2
[Rank 018] Failed to process or write HDF5 for position 258. Error: zeros() received an invalid combination of arguments - got (tuple, dtype=str), but expected one of:
 * (tuple of ints size, *, tuple of names names, torch.dtype dtype = None, torch.layout layout = None, torch.device device = None, bool pin_memory = False, bool requires_grad = False)
 * (tuple of ints size, *, Tensor out = None, torch.dtype dtype = None, torch.layout layout = None, torch.device device = None, bool pin_memory = False, bool requires_grad = False)

[Rank 018] Removed partially written file: scanner_layouts_raytracer_patched_508640ff8dc59f67dd884fdbc89ee122/position_258_ppdfs.hdf5
[Rank 018] Evaluating position 288 ...
[Rank 018] ID 0 for position 288
Error: The size of tensor a (2) must match the size of tensor b (262144) at non-singleton dimension 2
Rank 6 processing positions: [6, 36, 66]... (total 20)
[Rank 006] Evaluating position 006 ...
[Rank 006] ID 0 for position 006
Error: The size of tensor a (2) must match the size of tensor b (262144) at non-singleton dimension 2
[Rank 006] Failed to process or write HDF5 for position 006. Error: zeros() received an invalid combination of arguments - got (tuple, dtype=str), but expected one of:
 * (tuple of ints size, *, tuple of names names, torch.dtype dtype = None, torch.layout layout = None, torch.device device = None, bool pin_memory = False, bool requires_grad = False)
 * (tuple of ints size, *, Tensor out = None, torch.dtype dtype = None, torch.layout layout = None, torch.device device = None, bool pin_memory = False, bool requires_grad = False)

[Rank 006] Removed partially written file: scanner_layouts_raytracer_patched_508640ff8dc59f67dd884fdbc89ee122/position_006_ppdfs.hdf5
[Rank 006] Evaluating position 036 ...
[Rank 006] ID 0 for position 036
Error: The size of tensor a (2) must match the size of tensor b (262144) at non-singleton dimension 2
[Rank 006] Failed to process or write HDF5 for position 036. Error: zeros() received an invalid combination of arguments - got (tuple, dtype=str), but expected one of:
 * (tuple of ints size, *, tuple of names names, torch.dtype dtype = None, torch.layout layout = None, torch.device device = None, bool pin_memory = False, bool requires_grad = False)
 * (tuple of ints size, *, Tensor out = None, torch.dtype dtype = None, torch.layout layout = None, torch.device device = None, bool pin_memory = False, bool requires_grad = False)

[Rank 006] Removed partially written file: scanner_layouts_raytracer_patched_508640ff8dc59f67dd884fdbc89ee122/position_036_ppdfs.hdf5
[Rank 006] Evaluating position 066 ...
[Rank 006] ID 0 for position 066
Error: The size of tensor a (2) must match the size of tensor b (262144) at non-singleton dimension 2
[Rank 006] Failed to process or write HDF5 for position 066. Error: zeros() received an invalid combination of arguments - got (tuple, dtype=str), but expected one of:
 * (tuple of ints size, *, tuple of names names, torch.dtype dtype = None, torch.layout layout = None, torch.device device = None, bool pin_memory = False, bool requires_grad = False)
 * (tuple of ints size, *, Tensor out = None, torch.dtype dtype = None, torch.layout layout = None, torch.device device = None, bool pin_memory = False, bool requires_grad = False)

[Rank 006] Removed partially written file: scanner_layouts_raytracer_patched_508640ff8dc59f67dd884fdbc89ee122/position_066_ppdfs.hdf5
[Rank 006] Evaluating position 096 ...
[Rank 006] ID 0 for position 096
Error: The size of tensor a (2) must match the size of tensor b (262144) at non-singleton dimension 2
[Rank 006] Failed to process or write HDF5 for position 096. Error: zeros() received an invalid combination of arguments - got (tuple, dtype=str), but expected one of:
 * (tuple of ints size, *, tuple of names names, torch.dtype dtype = None, torch.layout layout = None, torch.device device = None, bool pin_memory = False, bool requires_grad = False)
 * (tuple of ints size, *, Tensor out = None, torch.dtype dtype = None, torch.layout layout = None, torch.device device = None, bool pin_memory = False, bool requires_grad = False)

[Rank 006] Removed partially written file: scanner_layouts_raytracer_patched_508640ff8dc59f67dd884fdbc89ee122/position_096_ppdfs.hdf5
[Rank 006] Evaluating position 126 ...
[Rank 006] ID 0 for position 126
Error: The size of tensor a (2) must match the size of tensor b (262144) at non-singleton dimension 2
[Rank 006] Failed to process or write HDF5 for position 126. Error: zeros() received an invalid combination of arguments - got (tuple, dtype=str), but expected one of:
 * (tuple of ints size, *, tuple of names names, torch.dtype dtype = None, torch.layout layout = None, torch.device device = None, bool pin_memory = False, bool requires_grad = False)
 * (tuple of ints size, *, Tensor out = None, torch.dtype dtype = None, torch.layout layout = None, torch.device device = None, bool pin_memory = False, bool requires_grad = False)

[Rank 006] Removed partially written file: scanner_layouts_raytracer_patched_508640ff8dc59f67dd884fdbc89ee122/position_126_ppdfs.hdf5
[Rank 006] Evaluating position 156 ...
[Rank 006] ID 0 for position 156
Error: The size of tensor a (2) must match the size of tensor b (262144) at non-singleton dimension 2
[Rank 006] Failed to process or write HDF5 for position 156. Error: zeros() received an invalid combination of arguments - got (tuple, dtype=str), but expected one of:
 * (tuple of ints size, *, tuple of names names, torch.dtype dtype = None, torch.layout layout = None, torch.device device = None, bool pin_memory = False, bool requires_grad = False)
 * (tuple of ints size, *, Tensor out = None, torch.dtype dtype = None, torch.layout layout = None, torch.device device = None, bool pin_memory = False, bool requires_grad = False)

[Rank 006] Removed partially written file: scanner_layouts_raytracer_patched_508640ff8dc59f67dd884fdbc89ee122/position_156_ppdfs.hdf5
[Rank 006] Evaluating position 186 ...
[Rank 006] ID 0 for position 186
Error: The size of tensor a (2) must match the size of tensor b (262144) at non-singleton dimension 2
[Rank 006] Failed to process or write HDF5 for position 186. Error: zeros() received an invalid combination of arguments - got (tuple, dtype=str), but expected one of:
 * (tuple of ints size, *, tuple of names names, torch.dtype dtype = None, torch.layout layout = None, torch.device device = None, bool pin_memory = False, bool requires_grad = False)
 * (tuple of ints size, *, Tensor out = None, torch.dtype dtype = None, torch.layout layout = None, torch.device device = None, bool pin_memory = False, bool requires_grad = False)

[Rank 006] Removed partially written file: scanner_layouts_raytracer_patched_508640ff8dc59f67dd884fdbc89ee122/position_186_ppdfs.hdf5
[Rank 006] Evaluating position 216 ...
[Rank 006] ID 0 for position 216
Error: The size of tensor a (2) must match the size of tensor b (262144) at non-singleton dimension 2
[Rank 006] Failed to process or write HDF5 for position 216. Error: zeros() received an invalid combination of arguments - got (tuple, dtype=str), but expected one of:
 * (tuple of ints size, *, tuple of names names, torch.dtype dtype = None, torch.layout layout = None, torch.device device = None, bool pin_memory = False, bool requires_grad = False)
 * (tuple of ints size, *, Tensor out = None, torch.dtype dtype = None, torch.layout layout = None, torch.device device = None, bool pin_memory = False, bool requires_grad = False)

[Rank 006] Removed partially written file: scanner_layouts_raytracer_patched_508640ff8dc59f67dd884fdbc89ee122/position_216_ppdfs.hdf5
[Rank 006] Evaluating position 246 ...
[Rank 006] ID 0 for position 246
Error: The size of tensor a (2) must match the size of tensor b (262144) at non-singleton dimension 2
[Rank 006] Failed to process or write HDF5 for position 246. Error: zeros() received an invalid combination of arguments - got (tuple, dtype=str), but expected one of:
 * (tuple of ints size, *, tuple of names names, torch.dtype dtype = None, torch.layout layout = None, torch.device device = None, bool pin_memory = False, bool requires_grad = False)
 * (tuple of ints size, *, Tensor out = None, torch.dtype dtype = None, torch.layout layout = None, torch.device device = None, bool pin_memory = False, bool requires_grad = False)

[Rank 006] Removed partially written file: scanner_layouts_raytracer_patched_508640ff8dc59f67dd884fdbc89ee122/position_246_ppdfs.hdf5
[Rank 006] Evaluating position 276 ...
[Rank 006] ID 0 for position 276
Error: The size of tensor a (2) must match the size of tensor b (262144) at non-singleton dimension 2
Rank 24 processing positions: [24, 54, 84]... (total 20)
[Rank 024] Evaluating position 024 ...
[Rank 024] ID 0 for position 024
Error: The size of tensor a (2) must match the size of tensor b (262144) at non-singleton dimension 2
[Rank 024] Failed to process or write HDF5 for position 024. Error: zeros() received an invalid combination of arguments - got (tuple, dtype=str), but expected one of:
 * (tuple of ints size, *, tuple of names names, torch.dtype dtype = None, torch.layout layout = None, torch.device device = None, bool pin_memory = False, bool requires_grad = False)
 * (tuple of ints size, *, Tensor out = None, torch.dtype dtype = None, torch.layout layout = None, torch.device device = None, bool pin_memory = False, bool requires_grad = False)

[Rank 024] Removed partially written file: scanner_layouts_raytracer_patched_508640ff8dc59f67dd884fdbc89ee122/position_024_ppdfs.hdf5
[Rank 024] Evaluating position 054 ...
[Rank 024] ID 0 for position 054
Error: The size of tensor a (2) must match the size of tensor b (262144) at non-singleton dimension 2
[Rank 024] Failed to process or write HDF5 for position 054. Error: zeros() received an invalid combination of arguments - got (tuple, dtype=str), but expected one of:
 * (tuple of ints size, *, tuple of names names, torch.dtype dtype = None, torch.layout layout = None, torch.device device = None, bool pin_memory = False, bool requires_grad = False)
 * (tuple of ints size, *, Tensor out = None, torch.dtype dtype = None, torch.layout layout = None, torch.device device = None, bool pin_memory = False, bool requires_grad = False)

[Rank 024] Removed partially written file: scanner_layouts_raytracer_patched_508640ff8dc59f67dd884fdbc89ee122/position_054_ppdfs.hdf5
[Rank 024] Evaluating position 084 ...
[Rank 024] ID 0 for position 084
Error: The size of tensor a (2) must match the size of tensor b (262144) at non-singleton dimension 2
[Rank 024] Failed to process or write HDF5 for position 084. Error: zeros() received an invalid combination of arguments - got (tuple, dtype=str), but expected one of:
 * (tuple of ints size, *, tuple of names names, torch.dtype dtype = None, torch.layout layout = None, torch.device device = None, bool pin_memory = False, bool requires_grad = False)
 * (tuple of ints size, *, Tensor out = None, torch.dtype dtype = None, torch.layout layout = None, torch.device device = None, bool pin_memory = False, bool requires_grad = False)

[Rank 024] Removed partially written file: scanner_layouts_raytracer_patched_508640ff8dc59f67dd884fdbc89ee122/position_084_ppdfs.hdf5
[Rank 024] Evaluating position 114 ...
[Rank 024] ID 0 for position 114
Error: The size of tensor a (2) must match the size of tensor b (262144) at non-singleton dimension 2
[Rank 024] Failed to process or write HDF5 for position 114. Error: zeros() received an invalid combination of arguments - got (tuple, dtype=str), but expected one of:
 * (tuple of ints size, *, tuple of names names, torch.dtype dtype = None, torch.layout layout = None, torch.device device = None, bool pin_memory = False, bool requires_grad = False)
 * (tuple of ints size, *, Tensor out = None, torch.dtype dtype = None, torch.layout layout = None, torch.device device = None, bool pin_memory = False, bool requires_grad = False)

[Rank 024] Removed partially written file: scanner_layouts_raytracer_patched_508640ff8dc59f67dd884fdbc89ee122/position_114_ppdfs.hdf5
[Rank 024] Evaluating position 144 ...
[Rank 024] ID 0 for position 144
Error: The size of tensor a (2) must match the size of tensor b (262144) at non-singleton dimension 2
[Rank 024] Failed to process or write HDF5 for position 144. Error: zeros() received an invalid combination of arguments - got (tuple, dtype=str), but expected one of:
 * (tuple of ints size, *, tuple of names names, torch.dtype dtype = None, torch.layout layout = None, torch.device device = None, bool pin_memory = False, bool requires_grad = False)
 * (tuple of ints size, *, Tensor out = None, torch.dtype dtype = None, torch.layout layout = None, torch.device device = None, bool pin_memory = False, bool requires_grad = False)

[Rank 024] Removed partially written file: scanner_layouts_raytracer_patched_508640ff8dc59f67dd884fdbc89ee122/position_144_ppdfs.hdf5
[Rank 024] Evaluating position 174 ...
[Rank 024] ID 0 for position 174
Error: The size of tensor a (2) must match the size of tensor b (262144) at non-singleton dimension 2
[Rank 024] Failed to process or write HDF5 for position 174. Error: zeros() received an invalid combination of arguments - got (tuple, dtype=str), but expected one of:
 * (tuple of ints size, *, tuple of names names, torch.dtype dtype = None, torch.layout layout = None, torch.device device = None, bool pin_memory = False, bool requires_grad = False)
 * (tuple of ints size, *, Tensor out = None, torch.dtype dtype = None, torch.layout layout = None, torch.device device = None, bool pin_memory = False, bool requires_grad = False)

[Rank 024] Removed partially written file: scanner_layouts_raytracer_patched_508640ff8dc59f67dd884fdbc89ee122/position_174_ppdfs.hdf5
[Rank 024] Evaluating position 204 ...
[Rank 024] ID 0 for position 204
Error: The size of tensor a (2) must match the size of tensor b (262144) at non-singleton dimension 2
[Rank 024] Failed to process or write HDF5 for position 204. Error: zeros() received an invalid combination of arguments - got (tuple, dtype=str), but expected one of:
 * (tuple of ints size, *, tuple of names names, torch.dtype dtype = None, torch.layout layout = None, torch.device device = None, bool pin_memory = False, bool requires_grad = False)
 * (tuple of ints size, *, Tensor out = None, torch.dtype dtype = None, torch.layout layout = None, torch.device device = None, bool pin_memory = False, bool requires_grad = False)

[Rank 024] Removed partially written file: scanner_layouts_raytracer_patched_508640ff8dc59f67dd884fdbc89ee122/position_204_ppdfs.hdf5
[Rank 024] Evaluating position 234 ...
[Rank 024] ID 0 for position 234
Error: The size of tensor a (2) must match the size of tensor b (262144) at non-singleton dimension 2
[Rank 024] Failed to process or write HDF5 for position 234. Error: zeros() received an invalid combination of arguments - got (tuple, dtype=str), but expected one of:
 * (tuple of ints size, *, tuple of names names, torch.dtype dtype = None, torch.layout layout = None, torch.device device = None, bool pin_memory = False, bool requires_grad = False)
 * (tuple of ints size, *, Tensor out = None, torch.dtype dtype = None, torch.layout layout = None, torch.device device = None, bool pin_memory = False, bool requires_grad = False)

[Rank 024] Removed partially written file: scanner_layouts_raytracer_patched_508640ff8dc59f67dd884fdbc89ee122/position_234_ppdfs.hdf5
[Rank 024] Evaluating position 264 ...
[Rank 024] ID 0 for position 264
Error: The size of tensor a (2) must match the size of tensor b (262144) at non-singleton dimension 2
[Rank 024] Failed to process or write HDF5 for position 264. Error: zeros() received an invalid combination of arguments - got (tuple, dtype=str), but expected one of:
 * (tuple of ints size, *, tuple of names names, torch.dtype dtype = None, torch.layout layout = None, torch.device device = None, bool pin_memory = False, bool requires_grad = False)
 * (tuple of ints size, *, Tensor out = None, torch.dtype dtype = None, torch.layout layout = None, torch.device device = None, bool pin_memory = False, bool requires_grad = False)

[Rank 024] Removed partially written file: scanner_layouts_raytracer_patched_508640ff8dc59f67dd884fdbc89ee122/position_264_ppdfs.hdf5
[Rank 024] Evaluating position 294 ...
[Rank 024] ID 0 for position 294
Error: The size of tensor a (2) must match the size of tensor b (262144) at non-singleton dimension 2
Rank 14 processing positions: [14, 44, 74]... (total 20)
[Rank 014] Evaluating position 014 ...
[Rank 014] ID 0 for position 014
Error: The size of tensor a (2) must match the size of tensor b (262144) at non-singleton dimension 2
[Rank 014] Failed to process or write HDF5 for position 014. Error: zeros() received an invalid combination of arguments - got (tuple, dtype=str), but expected one of:
 * (tuple of ints size, *, tuple of names names, torch.dtype dtype = None, torch.layout layout = None, torch.device device = None, bool pin_memory = False, bool requires_grad = False)
 * (tuple of ints size, *, Tensor out = None, torch.dtype dtype = None, torch.layout layout = None, torch.device device = None, bool pin_memory = False, bool requires_grad = False)

[Rank 014] Removed partially written file: scanner_layouts_raytracer_patched_508640ff8dc59f67dd884fdbc89ee122/position_014_ppdfs.hdf5
[Rank 014] Evaluating position 044 ...
[Rank 014] ID 0 for position 044
Error: The size of tensor a (2) must match the size of tensor b (262144) at non-singleton dimension 2
[Rank 014] Failed to process or write HDF5 for position 044. Error: zeros() received an invalid combination of arguments - got (tuple, dtype=str), but expected one of:
 * (tuple of ints size, *, tuple of names names, torch.dtype dtype = None, torch.layout layout = None, torch.device device = None, bool pin_memory = False, bool requires_grad = False)
 * (tuple of ints size, *, Tensor out = None, torch.dtype dtype = None, torch.layout layout = None, torch.device device = None, bool pin_memory = False, bool requires_grad = False)

[Rank 014] Removed partially written file: scanner_layouts_raytracer_patched_508640ff8dc59f67dd884fdbc89ee122/position_044_ppdfs.hdf5
[Rank 014] Evaluating position 074 ...
[Rank 014] ID 0 for position 074
Error: The size of tensor a (2) must match the size of tensor b (262144) at non-singleton dimension 2
[Rank 014] Failed to process or write HDF5 for position 074. Error: zeros() received an invalid combination of arguments - got (tuple, dtype=str), but expected one of:
 * (tuple of ints size, *, tuple of names names, torch.dtype dtype = None, torch.layout layout = None, torch.device device = None, bool pin_memory = False, bool requires_grad = False)
 * (tuple of ints size, *, Tensor out = None, torch.dtype dtype = None, torch.layout layout = None, torch.device device = None, bool pin_memory = False, bool requires_grad = False)

[Rank 014] Removed partially written file: scanner_layouts_raytracer_patched_508640ff8dc59f67dd884fdbc89ee122/position_074_ppdfs.hdf5
[Rank 014] Evaluating position 104 ...
[Rank 014] ID 0 for position 104
Error: The size of tensor a (2) must match the size of tensor b (262144) at non-singleton dimension 2
[Rank 014] Failed to process or write HDF5 for position 104. Error: zeros() received an invalid combination of arguments - got (tuple, dtype=str), but expected one of:
 * (tuple of ints size, *, tuple of names names, torch.dtype dtype = None, torch.layout layout = None, torch.device device = None, bool pin_memory = False, bool requires_grad = False)
 * (tuple of ints size, *, Tensor out = None, torch.dtype dtype = None, torch.layout layout = None, torch.device device = None, bool pin_memory = False, bool requires_grad = False)

[Rank 014] Removed partially written file: scanner_layouts_raytracer_patched_508640ff8dc59f67dd884fdbc89ee122/position_104_ppdfs.hdf5
[Rank 014] Evaluating position 134 ...
[Rank 014] ID 0 for position 134
Error: The size of tensor a (2) must match the size of tensor b (262144) at non-singleton dimension 2
[Rank 014] Failed to process or write HDF5 for position 134. Error: zeros() received an invalid combination of arguments - got (tuple, dtype=str), but expected one of:
 * (tuple of ints size, *, tuple of names names, torch.dtype dtype = None, torch.layout layout = None, torch.device device = None, bool pin_memory = False, bool requires_grad = False)
 * (tuple of ints size, *, Tensor out = None, torch.dtype dtype = None, torch.layout layout = None, torch.device device = None, bool pin_memory = False, bool requires_grad = False)

[Rank 014] Removed partially written file: scanner_layouts_raytracer_patched_508640ff8dc59f67dd884fdbc89ee122/position_134_ppdfs.hdf5
[Rank 014] Evaluating position 164 ...
[Rank 014] ID 0 for position 164
Error: The size of tensor a (2) must match the size of tensor b (262144) at non-singleton dimension 2
[Rank 014] Failed to process or write HDF5 for position 164. Error: zeros() received an invalid combination of arguments - got (tuple, dtype=str), but expected one of:
 * (tuple of ints size, *, tuple of names names, torch.dtype dtype = None, torch.layout layout = None, torch.device device = None, bool pin_memory = False, bool requires_grad = False)
 * (tuple of ints size, *, Tensor out = None, torch.dtype dtype = None, torch.layout layout = None, torch.device device = None, bool pin_memory = False, bool requires_grad = False)

[Rank 014] Removed partially written file: scanner_layouts_raytracer_patched_508640ff8dc59f67dd884fdbc89ee122/position_164_ppdfs.hdf5
[Rank 014] Evaluating position 194 ...
[Rank 014] ID 0 for position 194
Error: The size of tensor a (2) must match the size of tensor b (262144) at non-singleton dimension 2
[Rank 014] Failed to process or write HDF5 for position 194. Error: zeros() received an invalid combination of arguments - got (tuple, dtype=str), but expected one of:
 * (tuple of ints size, *, tuple of names names, torch.dtype dtype = None, torch.layout layout = None, torch.device device = None, bool pin_memory = False, bool requires_grad = False)
 * (tuple of ints size, *, Tensor out = None, torch.dtype dtype = None, torch.layout layout = None, torch.device device = None, bool pin_memory = False, bool requires_grad = False)

[Rank 014] Removed partially written file: scanner_layouts_raytracer_patched_508640ff8dc59f67dd884fdbc89ee122/position_194_ppdfs.hdf5
[Rank 014] Evaluating position 224 ...
[Rank 014] ID 0 for position 224
Error: The size of tensor a (2) must match the size of tensor b (262144) at non-singleton dimension 2
[Rank 014] Failed to process or write HDF5 for position 224. Error: zeros() received an invalid combination of arguments - got (tuple, dtype=str), but expected one of:
 * (tuple of ints size, *, tuple of names names, torch.dtype dtype = None, torch.layout layout = None, torch.device device = None, bool pin_memory = False, bool requires_grad = False)
 * (tuple of ints size, *, Tensor out = None, torch.dtype dtype = None, torch.layout layout = None, torch.device device = None, bool pin_memory = False, bool requires_grad = False)

[Rank 014] Removed partially written file: scanner_layouts_raytracer_patched_508640ff8dc59f67dd884fdbc89ee122/position_224_ppdfs.hdf5
[Rank 014] Evaluating position 254 ...
[Rank 014] ID 0 for position 254
Error: The size of tensor a (2) must match the size of tensor b (262144) at non-singleton dimension 2
[Rank 014] Failed to process or write HDF5 for position 254. Error: zeros() received an invalid combination of arguments - got (tuple, dtype=str), but expected one of:
 * (tuple of ints size, *, tuple of names names, torch.dtype dtype = None, torch.layout layout = None, torch.device device = None, bool pin_memory = False, bool requires_grad = False)
 * (tuple of ints size, *, Tensor out = None, torch.dtype dtype = None, torch.layout layout = None, torch.device device = None, bool pin_memory = False, bool requires_grad = False)

[Rank 014] Removed partially written file: scanner_layouts_raytracer_patched_508640ff8dc59f67dd884fdbc89ee122/position_254_ppdfs.hdf5
[Rank 014] Evaluating position 284 ...
[Rank 014] ID 0 for position 284
Error: The size of tensor a (2) must match the size of tensor b (262144) at non-singleton dimension 2
Rank 13 processing positions: [13, 43, 73]... (total 20)
[Rank 013] Evaluating position 013 ...
[Rank 013] ID 0 for position 013
Error: The size of tensor a (2) must match the size of tensor b (262144) at non-singleton dimension 2
[Rank 013] Failed to process or write HDF5 for position 013. Error: zeros() received an invalid combination of arguments - got (tuple, dtype=str), but expected one of:
 * (tuple of ints size, *, tuple of names names, torch.dtype dtype = None, torch.layout layout = None, torch.device device = None, bool pin_memory = False, bool requires_grad = False)
 * (tuple of ints size, *, Tensor out = None, torch.dtype dtype = None, torch.layout layout = None, torch.device device = None, bool pin_memory = False, bool requires_grad = False)

[Rank 013] Removed partially written file: scanner_layouts_raytracer_patched_508640ff8dc59f67dd884fdbc89ee122/position_013_ppdfs.hdf5
[Rank 013] Evaluating position 043 ...
[Rank 013] ID 0 for position 043
Error: The size of tensor a (2) must match the size of tensor b (262144) at non-singleton dimension 2
[Rank 013] Failed to process or write HDF5 for position 043. Error: zeros() received an invalid combination of arguments - got (tuple, dtype=str), but expected one of:
 * (tuple of ints size, *, tuple of names names, torch.dtype dtype = None, torch.layout layout = None, torch.device device = None, bool pin_memory = False, bool requires_grad = False)
 * (tuple of ints size, *, Tensor out = None, torch.dtype dtype = None, torch.layout layout = None, torch.device device = None, bool pin_memory = False, bool requires_grad = False)

[Rank 013] Removed partially written file: scanner_layouts_raytracer_patched_508640ff8dc59f67dd884fdbc89ee122/position_043_ppdfs.hdf5
[Rank 013] Evaluating position 073 ...
[Rank 013] ID 0 for position 073
Error: The size of tensor a (2) must match the size of tensor b (262144) at non-singleton dimension 2
[Rank 013] Failed to process or write HDF5 for position 073. Error: zeros() received an invalid combination of arguments - got (tuple, dtype=str), but expected one of:
 * (tuple of ints size, *, tuple of names names, torch.dtype dtype = None, torch.layout layout = None, torch.device device = None, bool pin_memory = False, bool requires_grad = False)
 * (tuple of ints size, *, Tensor out = None, torch.dtype dtype = None, torch.layout layout = None, torch.device device = None, bool pin_memory = False, bool requires_grad = False)

[Rank 013] Removed partially written file: scanner_layouts_raytracer_patched_508640ff8dc59f67dd884fdbc89ee122/position_073_ppdfs.hdf5
[Rank 013] Evaluating position 103 ...
[Rank 013] ID 0 for position 103
Error: The size of tensor a (2) must match the size of tensor b (262144) at non-singleton dimension 2
[Rank 013] Failed to process or write HDF5 for position 103. Error: zeros() received an invalid combination of arguments - got (tuple, dtype=str), but expected one of:
 * (tuple of ints size, *, tuple of names names, torch.dtype dtype = None, torch.layout layout = None, torch.device device = None, bool pin_memory = False, bool requires_grad = False)
 * (tuple of ints size, *, Tensor out = None, torch.dtype dtype = None, torch.layout layout = None, torch.device device = None, bool pin_memory = False, bool requires_grad = False)

[Rank 013] Removed partially written file: scanner_layouts_raytracer_patched_508640ff8dc59f67dd884fdbc89ee122/position_103_ppdfs.hdf5
[Rank 013] Evaluating position 133 ...
[Rank 013] ID 0 for position 133
Error: The size of tensor a (2) must match the size of tensor b (262144) at non-singleton dimension 2
[Rank 013] Failed to process or write HDF5 for position 133. Error: zeros() received an invalid combination of arguments - got (tuple, dtype=str), but expected one of:
 * (tuple of ints size, *, tuple of names names, torch.dtype dtype = None, torch.layout layout = None, torch.device device = None, bool pin_memory = False, bool requires_grad = False)
 * (tuple of ints size, *, Tensor out = None, torch.dtype dtype = None, torch.layout layout = None, torch.device device = None, bool pin_memory = False, bool requires_grad = False)

[Rank 013] Removed partially written file: scanner_layouts_raytracer_patched_508640ff8dc59f67dd884fdbc89ee122/position_133_ppdfs.hdf5
[Rank 013] Evaluating position 163 ...
[Rank 013] ID 0 for position 163
Error: The size of tensor a (2) must match the size of tensor b (262144) at non-singleton dimension 2
[Rank 013] Failed to process or write HDF5 for position 163. Error: zeros() received an invalid combination of arguments - got (tuple, dtype=str), but expected one of:
 * (tuple of ints size, *, tuple of names names, torch.dtype dtype = None, torch.layout layout = None, torch.device device = None, bool pin_memory = False, bool requires_grad = False)
 * (tuple of ints size, *, Tensor out = None, torch.dtype dtype = None, torch.layout layout = None, torch.device device = None, bool pin_memory = False, bool requires_grad = False)

[Rank 013] Removed partially written file: scanner_layouts_raytracer_patched_508640ff8dc59f67dd884fdbc89ee122/position_163_ppdfs.hdf5
[Rank 013] Evaluating position 193 ...
[Rank 013] ID 0 for position 193
Error: The size of tensor a (2) must match the size of tensor b (262144) at non-singleton dimension 2
[Rank 013] Failed to process or write HDF5 for position 193. Error: zeros() received an invalid combination of arguments - got (tuple, dtype=str), but expected one of:
 * (tuple of ints size, *, tuple of names names, torch.dtype dtype = None, torch.layout layout = None, torch.device device = None, bool pin_memory = False, bool requires_grad = False)
 * (tuple of ints size, *, Tensor out = None, torch.dtype dtype = None, torch.layout layout = None, torch.device device = None, bool pin_memory = False, bool requires_grad = False)

[Rank 013] Removed partially written file: scanner_layouts_raytracer_patched_508640ff8dc59f67dd884fdbc89ee122/position_193_ppdfs.hdf5
[Rank 013] Evaluating position 223 ...
[Rank 013] ID 0 for position 223
Error: The size of tensor a (2) must match the size of tensor b (262144) at non-singleton dimension 2
[Rank 013] Failed to process or write HDF5 for position 223. Error: zeros() received an invalid combination of arguments - got (tuple, dtype=str), but expected one of:
 * (tuple of ints size, *, tuple of names names, torch.dtype dtype = None, torch.layout layout = None, torch.device device = None, bool pin_memory = False, bool requires_grad = False)
 * (tuple of ints size, *, Tensor out = None, torch.dtype dtype = None, torch.layout layout = None, torch.device device = None, bool pin_memory = False, bool requires_grad = False)

[Rank 013] Removed partially written file: scanner_layouts_raytracer_patched_508640ff8dc59f67dd884fdbc89ee122/position_223_ppdfs.hdf5
[Rank 013] Evaluating position 253 ...
[Rank 013] ID 0 for position 253
Error: The size of tensor a (2) must match the size of tensor b (262144) at non-singleton dimension 2
[Rank 013] Failed to process or write HDF5 for position 253. Error: zeros() received an invalid combination of arguments - got (tuple, dtype=str), but expected one of:
 * (tuple of ints size, *, tuple of names names, torch.dtype dtype = None, torch.layout layout = None, torch.device device = None, bool pin_memory = False, bool requires_grad = False)
 * (tuple of ints size, *, Tensor out = None, torch.dtype dtype = None, torch.layout layout = None, torch.device device = None, bool pin_memory = False, bool requires_grad = False)

[Rank 013] Removed partially written file: scanner_layouts_raytracer_patched_508640ff8dc59f67dd884fdbc89ee122/position_253_ppdfs.hdf5
[Rank 013] Evaluating position 283 ...
[Rank 013] ID 0 for position 283
Error: The size of tensor a (2) must match the size of tensor b (262144) at non-singleton dimension 2
Rank 8 processing positions: [8, 38, 68]... (total 20)
[Rank 008] Evaluating position 008 ...
[Rank 008] ID 0 for position 008
Error: The size of tensor a (2) must match the size of tensor b (262144) at non-singleton dimension 2
[Rank 008] Failed to process or write HDF5 for position 008. Error: zeros() received an invalid combination of arguments - got (tuple, dtype=str), but expected one of:
 * (tuple of ints size, *, tuple of names names, torch.dtype dtype = None, torch.layout layout = None, torch.device device = None, bool pin_memory = False, bool requires_grad = False)
 * (tuple of ints size, *, Tensor out = None, torch.dtype dtype = None, torch.layout layout = None, torch.device device = None, bool pin_memory = False, bool requires_grad = False)

[Rank 008] Removed partially written file: scanner_layouts_raytracer_patched_508640ff8dc59f67dd884fdbc89ee122/position_008_ppdfs.hdf5
[Rank 008] Evaluating position 038 ...
[Rank 008] ID 0 for position 038
Error: The size of tensor a (2) must match the size of tensor b (262144) at non-singleton dimension 2
[Rank 008] Failed to process or write HDF5 for position 038. Error: zeros() received an invalid combination of arguments - got (tuple, dtype=str), but expected one of:
 * (tuple of ints size, *, tuple of names names, torch.dtype dtype = None, torch.layout layout = None, torch.device device = None, bool pin_memory = False, bool requires_grad = False)
 * (tuple of ints size, *, Tensor out = None, torch.dtype dtype = None, torch.layout layout = None, torch.device device = None, bool pin_memory = False, bool requires_grad = False)

[Rank 008] Removed partially written file: scanner_layouts_raytracer_patched_508640ff8dc59f67dd884fdbc89ee122/position_038_ppdfs.hdf5
[Rank 008] Evaluating position 068 ...
[Rank 008] ID 0 for position 068
Error: The size of tensor a (2) must match the size of tensor b (262144) at non-singleton dimension 2
[Rank 008] Failed to process or write HDF5 for position 068. Error: zeros() received an invalid combination of arguments - got (tuple, dtype=str), but expected one of:
 * (tuple of ints size, *, tuple of names names, torch.dtype dtype = None, torch.layout layout = None, torch.device device = None, bool pin_memory = False, bool requires_grad = False)
 * (tuple of ints size, *, Tensor out = None, torch.dtype dtype = None, torch.layout layout = None, torch.device device = None, bool pin_memory = False, bool requires_grad = False)

[Rank 008] Removed partially written file: scanner_layouts_raytracer_patched_508640ff8dc59f67dd884fdbc89ee122/position_068_ppdfs.hdf5
[Rank 008] Evaluating position 098 ...
[Rank 008] ID 0 for position 098
Error: The size of tensor a (2) must match the size of tensor b (262144) at non-singleton dimension 2
[Rank 008] Failed to process or write HDF5 for position 098. Error: zeros() received an invalid combination of arguments - got (tuple, dtype=str), but expected one of:
 * (tuple of ints size, *, tuple of names names, torch.dtype dtype = None, torch.layout layout = None, torch.device device = None, bool pin_memory = False, bool requires_grad = False)
 * (tuple of ints size, *, Tensor out = None, torch.dtype dtype = None, torch.layout layout = None, torch.device device = None, bool pin_memory = False, bool requires_grad = False)

[Rank 008] Removed partially written file: scanner_layouts_raytracer_patched_508640ff8dc59f67dd884fdbc89ee122/position_098_ppdfs.hdf5
[Rank 008] Evaluating position 128 ...
[Rank 008] ID 0 for position 128
Error: The size of tensor a (2) must match the size of tensor b (262144) at non-singleton dimension 2
[Rank 008] Failed to process or write HDF5 for position 128. Error: zeros() received an invalid combination of arguments - got (tuple, dtype=str), but expected one of:
 * (tuple of ints size, *, tuple of names names, torch.dtype dtype = None, torch.layout layout = None, torch.device device = None, bool pin_memory = False, bool requires_grad = False)
 * (tuple of ints size, *, Tensor out = None, torch.dtype dtype = None, torch.layout layout = None, torch.device device = None, bool pin_memory = False, bool requires_grad = False)

[Rank 008] Removed partially written file: scanner_layouts_raytracer_patched_508640ff8dc59f67dd884fdbc89ee122/position_128_ppdfs.hdf5
[Rank 008] Evaluating position 158 ...
[Rank 008] ID 0 for position 158
Error: The size of tensor a (2) must match the size of tensor b (262144) at non-singleton dimension 2
[Rank 008] Failed to process or write HDF5 for position 158. Error: zeros() received an invalid combination of arguments - got (tuple, dtype=str), but expected one of:
 * (tuple of ints size, *, tuple of names names, torch.dtype dtype = None, torch.layout layout = None, torch.device device = None, bool pin_memory = False, bool requires_grad = False)
 * (tuple of ints size, *, Tensor out = None, torch.dtype dtype = None, torch.layout layout = None, torch.device device = None, bool pin_memory = False, bool requires_grad = False)

[Rank 008] Removed partially written file: scanner_layouts_raytracer_patched_508640ff8dc59f67dd884fdbc89ee122/position_158_ppdfs.hdf5
[Rank 008] Evaluating position 188 ...
[Rank 008] ID 0 for position 188
Error: The size of tensor a (2) must match the size of tensor b (262144) at non-singleton dimension 2
[Rank 008] Failed to process or write HDF5 for position 188. Error: zeros() received an invalid combination of arguments - got (tuple, dtype=str), but expected one of:
 * (tuple of ints size, *, tuple of names names, torch.dtype dtype = None, torch.layout layout = None, torch.device device = None, bool pin_memory = False, bool requires_grad = False)
 * (tuple of ints size, *, Tensor out = None, torch.dtype dtype = None, torch.layout layout = None, torch.device device = None, bool pin_memory = False, bool requires_grad = False)

[Rank 008] Removed partially written file: scanner_layouts_raytracer_patched_508640ff8dc59f67dd884fdbc89ee122/position_188_ppdfs.hdf5
[Rank 008] Evaluating position 218 ...
[Rank 008] ID 0 for position 218
Error: The size of tensor a (2) must match the size of tensor b (262144) at non-singleton dimension 2
[Rank 008] Failed to process or write HDF5 for position 218. Error: zeros() received an invalid combination of arguments - got (tuple, dtype=str), but expected one of:
 * (tuple of ints size, *, tuple of names names, torch.dtype dtype = None, torch.layout layout = None, torch.device device = None, bool pin_memory = False, bool requires_grad = False)
 * (tuple of ints size, *, Tensor out = None, torch.dtype dtype = None, torch.layout layout = None, torch.device device = None, bool pin_memory = False, bool requires_grad = False)

[Rank 008] Removed partially written file: scanner_layouts_raytracer_patched_508640ff8dc59f67dd884fdbc89ee122/position_218_ppdfs.hdf5
[Rank 008] Evaluating position 248 ...
[Rank 008] ID 0 for position 248
Error: The size of tensor a (2) must match the size of tensor b (262144) at non-singleton dimension 2
[Rank 008] Failed to process or write HDF5 for position 248. Error: zeros() received an invalid combination of arguments - got (tuple, dtype=str), but expected one of:
 * (tuple of ints size, *, tuple of names names, torch.dtype dtype = None, torch.layout layout = None, torch.device device = None, bool pin_memory = False, bool requires_grad = False)
 * (tuple of ints size, *, Tensor out = None, torch.dtype dtype = None, torch.layout layout = None, torch.device device = None, bool pin_memory = False, bool requires_grad = False)

[Rank 008] Removed partially written file: scanner_layouts_raytracer_patched_508640ff8dc59f67dd884fdbc89ee122/position_248_ppdfs.hdf5
[Rank 008] Evaluating position 278 ...
[Rank 008] ID 0 for position 278
Error: The size of tensor a (2) must match the size of tensor b (262144) at non-singleton dimension 2
Rank 1 processing positions: [1, 31, 61]... (total 20)
[Rank 001] Evaluating position 001 ...
[Rank 001] ID 0 for position 001
Error: The size of tensor a (2) must match the size of tensor b (262144) at non-singleton dimension 2
[Rank 001] Failed to process or write HDF5 for position 001. Error: zeros() received an invalid combination of arguments - got (tuple, dtype=str), but expected one of:
 * (tuple of ints size, *, tuple of names names, torch.dtype dtype = None, torch.layout layout = None, torch.device device = None, bool pin_memory = False, bool requires_grad = False)
 * (tuple of ints size, *, Tensor out = None, torch.dtype dtype = None, torch.layout layout = None, torch.device device = None, bool pin_memory = False, bool requires_grad = False)

[Rank 001] Removed partially written file: scanner_layouts_raytracer_patched_508640ff8dc59f67dd884fdbc89ee122/position_001_ppdfs.hdf5
[Rank 001] Evaluating position 031 ...
[Rank 001] ID 0 for position 031
Error: The size of tensor a (2) must match the size of tensor b (262144) at non-singleton dimension 2
[Rank 001] Failed to process or write HDF5 for position 031. Error: zeros() received an invalid combination of arguments - got (tuple, dtype=str), but expected one of:
 * (tuple of ints size, *, tuple of names names, torch.dtype dtype = None, torch.layout layout = None, torch.device device = None, bool pin_memory = False, bool requires_grad = False)
 * (tuple of ints size, *, Tensor out = None, torch.dtype dtype = None, torch.layout layout = None, torch.device device = None, bool pin_memory = False, bool requires_grad = False)

[Rank 001] Removed partially written file: scanner_layouts_raytracer_patched_508640ff8dc59f67dd884fdbc89ee122/position_031_ppdfs.hdf5
[Rank 001] Evaluating position 061 ...
[Rank 001] ID 0 for position 061
Error: The size of tensor a (2) must match the size of tensor b (262144) at non-singleton dimension 2
[Rank 001] Failed to process or write HDF5 for position 061. Error: zeros() received an invalid combination of arguments - got (tuple, dtype=str), but expected one of:
 * (tuple of ints size, *, tuple of names names, torch.dtype dtype = None, torch.layout layout = None, torch.device device = None, bool pin_memory = False, bool requires_grad = False)
 * (tuple of ints size, *, Tensor out = None, torch.dtype dtype = None, torch.layout layout = None, torch.device device = None, bool pin_memory = False, bool requires_grad = False)

[Rank 001] Removed partially written file: scanner_layouts_raytracer_patched_508640ff8dc59f67dd884fdbc89ee122/position_061_ppdfs.hdf5
[Rank 001] Evaluating position 091 ...
[Rank 001] ID 0 for position 091
Error: The size of tensor a (2) must match the size of tensor b (262144) at non-singleton dimension 2
[Rank 001] Failed to process or write HDF5 for position 091. Error: zeros() received an invalid combination of arguments - got (tuple, dtype=str), but expected one of:
 * (tuple of ints size, *, tuple of names names, torch.dtype dtype = None, torch.layout layout = None, torch.device device = None, bool pin_memory = False, bool requires_grad = False)
 * (tuple of ints size, *, Tensor out = None, torch.dtype dtype = None, torch.layout layout = None, torch.device device = None, bool pin_memory = False, bool requires_grad = False)

[Rank 001] Removed partially written file: scanner_layouts_raytracer_patched_508640ff8dc59f67dd884fdbc89ee122/position_091_ppdfs.hdf5
[Rank 001] Evaluating position 121 ...
[Rank 001] ID 0 for position 121
Error: The size of tensor a (2) must match the size of tensor b (262144) at non-singleton dimension 2
[Rank 001] Failed to process or write HDF5 for position 121. Error: zeros() received an invalid combination of arguments - got (tuple, dtype=str), but expected one of:
 * (tuple of ints size, *, tuple of names names, torch.dtype dtype = None, torch.layout layout = None, torch.device device = None, bool pin_memory = False, bool requires_grad = False)
 * (tuple of ints size, *, Tensor out = None, torch.dtype dtype = None, torch.layout layout = None, torch.device device = None, bool pin_memory = False, bool requires_grad = False)

[Rank 001] Removed partially written file: scanner_layouts_raytracer_patched_508640ff8dc59f67dd884fdbc89ee122/position_121_ppdfs.hdf5
[Rank 001] Evaluating position 151 ...
[Rank 001] ID 0 for position 151
Error: The size of tensor a (2) must match the size of tensor b (262144) at non-singleton dimension 2
[Rank 001] Failed to process or write HDF5 for position 151. Error: zeros() received an invalid combination of arguments - got (tuple, dtype=str), but expected one of:
 * (tuple of ints size, *, tuple of names names, torch.dtype dtype = None, torch.layout layout = None, torch.device device = None, bool pin_memory = False, bool requires_grad = False)
 * (tuple of ints size, *, Tensor out = None, torch.dtype dtype = None, torch.layout layout = None, torch.device device = None, bool pin_memory = False, bool requires_grad = False)

[Rank 001] Removed partially written file: scanner_layouts_raytracer_patched_508640ff8dc59f67dd884fdbc89ee122/position_151_ppdfs.hdf5
[Rank 001] Evaluating position 181 ...
[Rank 001] ID 0 for position 181
Error: The size of tensor a (2) must match the size of tensor b (262144) at non-singleton dimension 2
[Rank 001] Failed to process or write HDF5 for position 181. Error: zeros() received an invalid combination of arguments - got (tuple, dtype=str), but expected one of:
 * (tuple of ints size, *, tuple of names names, torch.dtype dtype = None, torch.layout layout = None, torch.device device = None, bool pin_memory = False, bool requires_grad = False)
 * (tuple of ints size, *, Tensor out = None, torch.dtype dtype = None, torch.layout layout = None, torch.device device = None, bool pin_memory = False, bool requires_grad = False)

[Rank 001] Removed partially written file: scanner_layouts_raytracer_patched_508640ff8dc59f67dd884fdbc89ee122/position_181_ppdfs.hdf5
[Rank 001] Evaluating position 211 ...
[Rank 001] ID 0 for position 211
Error: The size of tensor a (2) must match the size of tensor b (262144) at non-singleton dimension 2
[Rank 001] Failed to process or write HDF5 for position 211. Error: zeros() received an invalid combination of arguments - got (tuple, dtype=str), but expected one of:
 * (tuple of ints size, *, tuple of names names, torch.dtype dtype = None, torch.layout layout = None, torch.device device = None, bool pin_memory = False, bool requires_grad = False)
 * (tuple of ints size, *, Tensor out = None, torch.dtype dtype = None, torch.layout layout = None, torch.device device = None, bool pin_memory = False, bool requires_grad = False)

[Rank 001] Removed partially written file: scanner_layouts_raytracer_patched_508640ff8dc59f67dd884fdbc89ee122/position_211_ppdfs.hdf5
[Rank 001] Evaluating position 241 ...
[Rank 001] ID 0 for position 241
Error: The size of tensor a (2) must match the size of tensor b (262144) at non-singleton dimension 2
[Rank 001] Failed to process or write HDF5 for position 241. Error: zeros() received an invalid combination of arguments - got (tuple, dtype=str), but expected one of:
 * (tuple of ints size, *, tuple of names names, torch.dtype dtype = None, torch.layout layout = None, torch.device device = None, bool pin_memory = False, bool requires_grad = False)
 * (tuple of ints size, *, Tensor out = None, torch.dtype dtype = None, torch.layout layout = None, torch.device device = None, bool pin_memory = False, bool requires_grad = False)

[Rank 001] Removed partially written file: scanner_layouts_raytracer_patched_508640ff8dc59f67dd884fdbc89ee122/position_241_ppdfs.hdf5
[Rank 001] Evaluating position 271 ...
[Rank 001] ID 0 for position 271
Error: The size of tensor a (2) must match the size of tensor b (262144) at non-singleton dimension 2
Rank 20 processing positions: [20, 50, 80]... (total 20)
[Rank 020] Evaluating position 020 ...
[Rank 020] ID 0 for position 020
Error: The size of tensor a (2) must match the size of tensor b (262144) at non-singleton dimension 2
[Rank 020] Failed to process or write HDF5 for position 020. Error: zeros() received an invalid combination of arguments - got (tuple, dtype=str), but expected one of:
 * (tuple of ints size, *, tuple of names names, torch.dtype dtype = None, torch.layout layout = None, torch.device device = None, bool pin_memory = False, bool requires_grad = False)
 * (tuple of ints size, *, Tensor out = None, torch.dtype dtype = None, torch.layout layout = None, torch.device device = None, bool pin_memory = False, bool requires_grad = False)

[Rank 020] Removed partially written file: scanner_layouts_raytracer_patched_508640ff8dc59f67dd884fdbc89ee122/position_020_ppdfs.hdf5
[Rank 020] Evaluating position 050 ...
[Rank 020] ID 0 for position 050
Error: The size of tensor a (2) must match the size of tensor b (262144) at non-singleton dimension 2
[Rank 020] Failed to process or write HDF5 for position 050. Error: zeros() received an invalid combination of arguments - got (tuple, dtype=str), but expected one of:
 * (tuple of ints size, *, tuple of names names, torch.dtype dtype = None, torch.layout layout = None, torch.device device = None, bool pin_memory = False, bool requires_grad = False)
 * (tuple of ints size, *, Tensor out = None, torch.dtype dtype = None, torch.layout layout = None, torch.device device = None, bool pin_memory = False, bool requires_grad = False)

[Rank 020] Removed partially written file: scanner_layouts_raytracer_patched_508640ff8dc59f67dd884fdbc89ee122/position_050_ppdfs.hdf5
[Rank 020] Evaluating position 080 ...
[Rank 020] ID 0 for position 080
Error: The size of tensor a (2) must match the size of tensor b (262144) at non-singleton dimension 2
[Rank 020] Failed to process or write HDF5 for position 080. Error: zeros() received an invalid combination of arguments - got (tuple, dtype=str), but expected one of:
 * (tuple of ints size, *, tuple of names names, torch.dtype dtype = None, torch.layout layout = None, torch.device device = None, bool pin_memory = False, bool requires_grad = False)
 * (tuple of ints size, *, Tensor out = None, torch.dtype dtype = None, torch.layout layout = None, torch.device device = None, bool pin_memory = False, bool requires_grad = False)

[Rank 020] Removed partially written file: scanner_layouts_raytracer_patched_508640ff8dc59f67dd884fdbc89ee122/position_080_ppdfs.hdf5
[Rank 020] Evaluating position 110 ...
[Rank 020] ID 0 for position 110
Error: The size of tensor a (2) must match the size of tensor b (262144) at non-singleton dimension 2
[Rank 020] Failed to process or write HDF5 for position 110. Error: zeros() received an invalid combination of arguments - got (tuple, dtype=str), but expected one of:
Rank 19 processing positions: [19, 49, 79]... (total 20)
[Rank 019] Evaluating position 019 ...
[Rank 019] ID 0 for position 019
Error: The size of tensor a (2) must match the size of tensor b (262144) at non-singleton dimension 2
[Rank 019] Failed to process or write HDF5 for position 019. Error: zeros() received an invalid combination of arguments - got (tuple, dtype=str), but expected one of:
 * (tuple of ints size, *, tuple of names names, torch.dtype dtype = None, torch.layout layout = None, torch.device device = None, bool pin_memory = False, bool requires_grad = False)
 * (tuple of ints size, *, Tensor out = None, torch.dtype dtype = None, torch.layout layout = None, torch.device device = None, bool pin_memory = False, bool requires_grad = False)

[Rank 019] Removed partially written file: scanner_layouts_raytracer_patched_508640ff8dc59f67dd884fdbc89ee122/position_019_ppdfs.hdf5
[Rank 019] Evaluating position 049 ...
[Rank 019] ID 0 for position 049
 * (tuple of ints size, *, tuple of names names, torch.dtype dtype = None, torch.layout layout = None, torch.device device = None, bool pin_memory = False, bool requires_grad = False)
 * (tuple of ints size, *, Tensor out = None, torch.dtype dtype = None, torch.layout layout = None, torch.device device = None, bool pin_memory = False, bool requires_grad = False)

[Rank 020] Removed partially written file: scanner_layouts_raytracer_patched_508640ff8dc59f67dd884fdbc89ee122/position_110_ppdfs.hdf5
[Rank 020] Evaluating position 140 ...
[Rank 020] ID 0 for position 140
Error: The size of tensor a (2) must match the size of tensor b (262144) at non-singleton dimension 2
[Rank 020] Failed to process or write HDF5 for position 140. Error: zeros() received an invalid combination of arguments - got (tuple, dtype=str), but expected one of:
Error: The size of tensor a (2) must match the size of tensor b (262144) at non-singleton dimension 2
[Rank 019] Failed to process or write HDF5 for position 049. Error: zeros() received an invalid combination of arguments - got (tuple, dtype=str), but expected one of:
 * (tuple of ints size, *, tuple of names names, torch.dtype dtype = None, torch.layout layout = None, torch.device device = None, bool pin_memory = False, bool requires_grad = False)
 * (tuple of ints size, *, Tensor out = None, torch.dtype dtype = None, torch.layout layout = None, torch.device device = None, bool pin_memory = False, bool requires_grad = False)

[Rank 019] Removed partially written file: scanner_layouts_raytracer_patched_508640ff8dc59f67dd884fdbc89ee122/position_049_ppdfs.hdf5
[Rank 019] Evaluating position 079 ...
[Rank 019] ID 0 for position 079
Error: The size of tensor a (2) must match the size of tensor b (262144) at non-singleton dimension 2
 * (tuple of ints size, *, tuple of names names, torch.dtype dtype = None, torch.layout layout = None, torch.device device = None, bool pin_memory = False, bool requires_grad = False)
[Rank 019] Failed to process or write HDF5 for position 079. Error: zeros() received an invalid combination of arguments - got (tuple, dtype=str), but expected one of:
 * (tuple of ints size, *, tuple of names names, torch.dtype dtype = None, torch.layout layout = None, torch.device device = None, bool pin_memory = False, bool requires_grad = False)
 * (tuple of ints size, *, Tensor out = None, torch.dtype dtype = None, torch.layout layout = None, torch.device device = None, bool pin_memory = False, bool requires_grad = False)

[Rank 019] Removed partially written file: scanner_layouts_raytracer_patched_508640ff8dc59f67dd884fdbc89ee122/position_079_ppdfs.hdf5
[Rank 019] Evaluating position 109 ...
[Rank 019] ID 0 for position 109
Error: The size of tensor a (2) must match the size of tensor b (262144) at non-singleton dimension 2
[Rank 019] Failed to process or write HDF5 for position 109. Error: zeros() received an invalid combination of arguments - got (tuple, dtype=str), but expected one of:
 * (tuple of ints size, *, Tensor out = None, torch.dtype dtype = None, torch.layout layout = None, torch.device device = None, bool pin_memory = False, bool requires_grad = False)

[Rank 020] Removed partially written file: scanner_layouts_raytracer_patched_508640ff8dc59f67dd884fdbc89ee122/position_140_ppdfs.hdf5
[Rank 020] Evaluating position 170 ...
[Rank 020] ID 0 for position 170
Error: The size of tensor a (2) must match the size of tensor b (262144) at non-singleton dimension 2
[Rank 020] Failed to process or write HDF5 for position 170. Error: zeros() received an invalid combination of arguments - got (tuple, dtype=str), but expected one of:
 * (tuple of ints size, *, tuple of names names, torch.dtype dtype = None, torch.layout layout = None, torch.device device = None, bool pin_memory = False, bool requires_grad = False)
 * (tuple of ints size, *, Tensor out = None, torch.dtype dtype = None, torch.layout layout = None, torch.device device = None, bool pin_memory = False, bool requires_grad = False)
 * (tuple of ints size, *, tuple of names names, torch.dtype dtype = None, torch.layout layout = None, torch.device device = None, bool pin_memory = False, bool requires_grad = False)
 * (tuple of ints size, *, Tensor out = None, torch.dtype dtype = None, torch.layout layout = None, torch.device device = None, bool pin_memory = False, bool requires_grad = False)

[Rank 019] Removed partially written file: scanner_layouts_raytracer_patched_508640ff8dc59f67dd884fdbc89ee122/position_109_ppdfs.hdf5
[Rank 019] Evaluating position 139 ...
[Rank 019] ID 0 for position 139
Error: The size of tensor a (2) must match the size of tensor b (262144) at non-singleton dimension 2
[Rank 019] Failed to process or write HDF5 for position 139. Error: zeros() received an invalid combination of arguments - got (tuple, dtype=str), but expected one of:

[Rank 020] Removed partially written file: scanner_layouts_raytracer_patched_508640ff8dc59f67dd884fdbc89ee122/position_170_ppdfs.hdf5
[Rank 020] Evaluating position 200 ...
[Rank 020] ID 0 for position 200
Error: The size of tensor a (2) must match the size of tensor b (262144) at non-singleton dimension 2
[Rank 020] Failed to process or write HDF5 for position 200. Error: zeros() received an invalid combination of arguments - got (tuple, dtype=str), but expected one of:
 * (tuple of ints size, *, tuple of names names, torch.dtype dtype = None, torch.layout layout = None, torch.device device = None, bool pin_memory = False, bool requires_grad = False)
 * (tuple of ints size, *, Tensor out = None, torch.dtype dtype = None, torch.layout layout = None, torch.device device = None, bool pin_memory = False, bool requires_grad = False)

[Rank 020] Removed partially written file: scanner_layouts_raytracer_patched_508640ff8dc59f67dd884fdbc89ee122/position_200_ppdfs.hdf5
[Rank 020] Evaluating position 230 ...
 * (tuple of ints size, *, tuple of names names, torch.dtype dtype = None, torch.layout layout = None, torch.device device = None, bool pin_memory = False, bool requires_grad = False)
[Rank 020] ID 0 for position 230
Error: The size of tensor a (2) must match the size of tensor b (262144) at non-singleton dimension 2
[Rank 020] Failed to process or write HDF5 for position 230. Error: zeros() received an invalid combination of arguments - got (tuple, dtype=str), but expected one of:
 * (tuple of ints size, *, tuple of names names, torch.dtype dtype = None, torch.layout layout = None, torch.device device = None, bool pin_memory = False, bool requires_grad = False)
 * (tuple of ints size, *, Tensor out = None, torch.dtype dtype = None, torch.layout layout = None, torch.device device = None, bool pin_memory = False, bool requires_grad = False)

[Rank 020] Removed partially written file: scanner_layouts_raytracer_patched_508640ff8dc59f67dd884fdbc89ee122/position_230_ppdfs.hdf5
[Rank 020] Evaluating position 260 ...
[Rank 020] ID 0 for position 260
Error: The size of tensor a (2) must match the size of tensor b (262144) at non-singleton dimension 2
 * (tuple of ints size, *, Tensor out = None, torch.dtype dtype = None, torch.layout layout = None, torch.device device = None, bool pin_memory = False, bool requires_grad = False)

[Rank 019] Removed partially written file: scanner_layouts_raytracer_patched_508640ff8dc59f67dd884fdbc89ee122/position_139_ppdfs.hdf5
[Rank 019] Evaluating position 169 ...
[Rank 019] ID 0 for position 169
Error: The size of tensor a (2) must match the size of tensor b (262144) at non-singleton dimension 2
[Rank 019] Failed to process or write HDF5 for position 169. Error: zeros() received an invalid combination of arguments - got (tuple, dtype=str), but expected one of:
 * (tuple of ints size, *, tuple of names names, torch.dtype dtype = None, torch.layout layout = None, torch.device device = None, bool pin_memory = False, bool requires_grad = False)
 * (tuple of ints size, *, Tensor out = None, torch.dtype dtype = None, torch.layout layout = None, torch.device device = None, bool pin_memory = False, bool requires_grad = False)
[Rank 020] Failed to process or write HDF5 for position 260. Error: zeros() received an invalid combination of arguments - got (tuple, dtype=str), but expected one of:
 * (tuple of ints size, *, tuple of names names, torch.dtype dtype = None, torch.layout layout = None, torch.device device = None, bool pin_memory = False, bool requires_grad = False)
 * (tuple of ints size, *, Tensor out = None, torch.dtype dtype = None, torch.layout layout = None, torch.device device = None, bool pin_memory = False, bool requires_grad = False)

[Rank 020] Removed partially written file: scanner_layouts_raytracer_patched_508640ff8dc59f67dd884fdbc89ee122/position_260_ppdfs.hdf5
[Rank 020] Evaluating position 290 ...
[Rank 020] ID 0 for position 290
Error: The size of tensor a (2) must match the size of tensor b (262144) at non-singleton dimension 2

[Rank 019] Removed partially written file: scanner_layouts_raytracer_patched_508640ff8dc59f67dd884fdbc89ee122/position_169_ppdfs.hdf5
[Rank 019] Evaluating position 199 ...
[Rank 019] ID 0 for position 199
Error: The size of tensor a (2) must match the size of tensor b (262144) at non-singleton dimension 2
[Rank 019] Failed to process or write HDF5 for position 199. Error: zeros() received an invalid combination of arguments - got (tuple, dtype=str), but expected one of:
 * (tuple of ints size, *, tuple of names names, torch.dtype dtype = None, torch.layout layout = None, torch.device device = None, bool pin_memory = False, bool requires_grad = False)
 * (tuple of ints size, *, Tensor out = None, torch.dtype dtype = None, torch.layout layout = None, torch.device device = None, bool pin_memory = False, bool requires_grad = False)

[Rank 019] Removed partially written file: scanner_layouts_raytracer_patched_508640ff8dc59f67dd884fdbc89ee122/position_199_ppdfs.hdf5
[Rank 019] Evaluating position 229 ...
[Rank 019] ID 0 for position 229
Error: The size of tensor a (2) must match the size of tensor b (262144) at non-singleton dimension 2
[Rank 019] Failed to process or write HDF5 for position 229. Error: zeros() received an invalid combination of arguments - got (tuple, dtype=str), but expected one of:
 * (tuple of ints size, *, tuple of names names, torch.dtype dtype = None, torch.layout layout = None, torch.device device = None, bool pin_memory = False, bool requires_grad = False)
 * (tuple of ints size, *, Tensor out = None, torch.dtype dtype = None, torch.layout layout = None, torch.device device = None, bool pin_memory = False, bool requires_grad = False)

[Rank 019] Removed partially written file: scanner_layouts_raytracer_patched_508640ff8dc59f67dd884fdbc89ee122/position_229_ppdfs.hdf5
[Rank 019] Evaluating position 259 ...
[Rank 019] ID 0 for position 259
Error: The size of tensor a (2) must match the size of tensor b (262144) at non-singleton dimension 2
[Rank 019] Failed to process or write HDF5 for position 259. Error: zeros() received an invalid combination of arguments - got (tuple, dtype=str), but expected one of:
 * (tuple of ints size, *, tuple of names names, torch.dtype dtype = None, torch.layout layout = None, torch.device device = None, bool pin_memory = False, bool requires_grad = False)
 * (tuple of ints size, *, Tensor out = None, torch.dtype dtype = None, torch.layout layout = None, torch.device device = None, bool pin_memory = False, bool requires_grad = False)

[Rank 019] Removed partially written file: scanner_layouts_raytracer_patched_508640ff8dc59f67dd884fdbc89ee122/position_259_ppdfs.hdf5
[Rank 019] Evaluating position 289 ...
[Rank 019] ID 0 for position 289
Error: The size of tensor a (2) must match the size of tensor b (262144) at non-singleton dimension 2
Rank 26 processing positions: [26, 56, 86]... (total 20)
[Rank 026] Evaluating position 026 ...
[Rank 026] ID 0 for position 026
Error: The size of tensor a (2) must match the size of tensor b (262144) at non-singleton dimension 2
[Rank 026] Failed to process or write HDF5 for position 026. Error: zeros() received an invalid combination of arguments - got (tuple, dtype=str), but expected one of:
 * (tuple of ints size, *, tuple of names names, torch.dtype dtype = None, torch.layout layout = None, torch.device device = None, bool pin_memory = False, bool requires_grad = False)
 * (tuple of ints size, *, Tensor out = None, torch.dtype dtype = None, torch.layout layout = None, torch.device device = None, bool pin_memory = False, bool requires_grad = False)

[Rank 026] Removed partially written file: scanner_layouts_raytracer_patched_508640ff8dc59f67dd884fdbc89ee122/position_026_ppdfs.hdf5
[Rank 026] Evaluating position 056 ...
[Rank 026] ID 0 for position 056
Error: The size of tensor a (2) must match the size of tensor b (262144) at non-singleton dimension 2
[Rank 026] Failed to process or write HDF5 for position 056. Error: zeros() received an invalid combination of arguments - got (tuple, dtype=str), but expected one of:
 * (tuple of ints size, *, tuple of names names, torch.dtype dtype = None, torch.layout layout = None, torch.device device = None, bool pin_memory = False, bool requires_grad = False)
 * (tuple of ints size, *, Tensor out = None, torch.dtype dtype = None, torch.layout layout = None, torch.device device = None, bool pin_memory = False, bool requires_grad = False)

[Rank 026] Removed partially written file: scanner_layouts_raytracer_patched_508640ff8dc59f67dd884fdbc89ee122/position_056_ppdfs.hdf5
[Rank 026] Evaluating position 086 ...
[Rank 026] ID 0 for position 086
Error: The size of tensor a (2) must match the size of tensor b (262144) at non-singleton dimension 2
[Rank 026] Failed to process or write HDF5 for position 086. Error: zeros() received an invalid combination of arguments - got (tuple, dtype=str), but expected one of:
 * (tuple of ints size, *, tuple of names names, torch.dtype dtype = None, torch.layout layout = None, torch.device device = None, bool pin_memory = False, bool requires_grad = False)
 * (tuple of ints size, *, Tensor out = None, torch.dtype dtype = None, torch.layout layout = None, torch.device device = None, bool pin_memory = False, bool requires_grad = False)

[Rank 026] Removed partially written file: scanner_layouts_raytracer_patched_508640ff8dc59f67dd884fdbc89ee122/position_086_ppdfs.hdf5
[Rank 026] Evaluating position 116 ...
[Rank 026] ID 0 for position 116
Error: The size of tensor a (2) must match the size of tensor b (262144) at non-singleton dimension 2
[Rank 026] Failed to process or write HDF5 for position 116. Error: zeros() received an invalid combination of arguments - got (tuple, dtype=str), but expected one of:
 * (tuple of ints size, *, tuple of names names, torch.dtype dtype = None, torch.layout layout = None, torch.device device = None, bool pin_memory = False, bool requires_grad = False)
 * (tuple of ints size, *, Tensor out = None, torch.dtype dtype = None, torch.layout layout = None, torch.device device = None, bool pin_memory = False, bool requires_grad = False)

[Rank 026] Removed partially written file: scanner_layouts_raytracer_patched_508640ff8dc59f67dd884fdbc89ee122/position_116_ppdfs.hdf5
[Rank 026] Evaluating position 146 ...
[Rank 026] ID 0 for position 146
Error: The size of tensor a (2) must match the size of tensor b (262144) at non-singleton dimension 2
[Rank 026] Failed to process or write HDF5 for position 146. Error: zeros() received an invalid combination of arguments - got (tuple, dtype=str), but expected one of:
 * (tuple of ints size, *, tuple of names names, torch.dtype dtype = None, torch.layout layout = None, torch.device device = None, bool pin_memory = False, bool requires_grad = False)
 * (tuple of ints size, *, Tensor out = None, torch.dtype dtype = None, torch.layout layout = None, torch.device device = None, bool pin_memory = False, bool requires_grad = False)

[Rank 026] Removed partially written file: scanner_layouts_raytracer_patched_508640ff8dc59f67dd884fdbc89ee122/position_146_ppdfs.hdf5
[Rank 026] Evaluating position 176 ...
[Rank 026] ID 0 for position 176
Error: The size of tensor a (2) must match the size of tensor b (262144) at non-singleton dimension 2
[Rank 026] Failed to process or write HDF5 for position 176. Error: zeros() received an invalid combination of arguments - got (tuple, dtype=str), but expected one of:
 * (tuple of ints size, *, tuple of names names, torch.dtype dtype = None, torch.layout layout = None, torch.device device = None, bool pin_memory = False, bool requires_grad = False)
 * (tuple of ints size, *, Tensor out = None, torch.dtype dtype = None, torch.layout layout = None, torch.device device = None, bool pin_memory = False, bool requires_grad = False)

[Rank 026] Removed partially written file: scanner_layouts_raytracer_patched_508640ff8dc59f67dd884fdbc89ee122/position_176_ppdfs.hdf5
[Rank 026] Evaluating position 206 ...
[Rank 026] ID 0 for position 206
Error: The size of tensor a (2) must match the size of tensor b (262144) at non-singleton dimension 2
[Rank 026] Failed to process or write HDF5 for position 206. Error: zeros() received an invalid combination of arguments - got (tuple, dtype=str), but expected one of:
 * (tuple of ints size, *, tuple of names names, torch.dtype dtype = None, torch.layout layout = None, torch.device device = None, bool pin_memory = False, bool requires_grad = False)
 * (tuple of ints size, *, Tensor out = None, torch.dtype dtype = None, torch.layout layout = None, torch.device device = None, bool pin_memory = False, bool requires_grad = False)

[Rank 026] Removed partially written file: scanner_layouts_raytracer_patched_508640ff8dc59f67dd884fdbc89ee122/position_206_ppdfs.hdf5
[Rank 026] Evaluating position 236 ...
[Rank 026] ID 0 for position 236
Error: The size of tensor a (2) must match the size of tensor b (262144) at non-singleton dimension 2
[Rank 026] Failed to process or write HDF5 for position 236. Error: zeros() received an invalid combination of arguments - got (tuple, dtype=str), but expected one of:
 * (tuple of ints size, *, tuple of names names, torch.dtype dtype = None, torch.layout layout = None, torch.device device = None, bool pin_memory = False, bool requires_grad = False)
 * (tuple of ints size, *, Tensor out = None, torch.dtype dtype = None, torch.layout layout = None, torch.device device = None, bool pin_memory = False, bool requires_grad = False)

[Rank 026] Removed partially written file: scanner_layouts_raytracer_patched_508640ff8dc59f67dd884fdbc89ee122/position_236_ppdfs.hdf5
[Rank 026] Evaluating position 266 ...
[Rank 026] ID 0 for position 266
Error: The size of tensor a (2) must match the size of tensor b (262144) at non-singleton dimension 2
[Rank 026] Failed to process or write HDF5 for position 266. Error: zeros() received an invalid combination of arguments - got (tuple, dtype=str), but expected one of:
 * (tuple of ints size, *, tuple of names names, torch.dtype dtype = None, torch.layout layout = None, torch.device device = None, bool pin_memory = False, bool requires_grad = False)
 * (tuple of ints size, *, Tensor out = None, torch.dtype dtype = None, torch.layout layout = None, torch.device device = None, bool pin_memory = False, bool requires_grad = False)

[Rank 026] Removed partially written file: scanner_layouts_raytracer_patched_508640ff8dc59f67dd884fdbc89ee122/position_266_ppdfs.hdf5
[Rank 026] Evaluating position 296 ...
[Rank 026] ID 0 for position 296
Error: The size of tensor a (2) must match the size of tensor b (262144) at non-singleton dimension 2
Rank 25 processing positions: [25, 55, 85]... (total 20)
[Rank 025] Evaluating position 025 ...
[Rank 025] ID 0 for position 025
Error: The size of tensor a (2) must match the size of tensor b (262144) at non-singleton dimension 2
[Rank 025] Failed to process or write HDF5 for position 025. Error: zeros() received an invalid combination of arguments - got (tuple, dtype=str), but expected one of:
 * (tuple of ints size, *, tuple of names names, torch.dtype dtype = None, torch.layout layout = None, torch.device device = None, bool pin_memory = False, bool requires_grad = False)
 * (tuple of ints size, *, Tensor out = None, torch.dtype dtype = None, torch.layout layout = None, torch.device device = None, bool pin_memory = False, bool requires_grad = False)

[Rank 025] Removed partially written file: scanner_layouts_raytracer_patched_508640ff8dc59f67dd884fdbc89ee122/position_025_ppdfs.hdf5
[Rank 025] Evaluating position 055 ...
[Rank 025] ID 0 for position 055
Error: The size of tensor a (2) must match the size of tensor b (262144) at non-singleton dimension 2
[Rank 025] Failed to process or write HDF5 for position 055. Error: zeros() received an invalid combination of arguments - got (tuple, dtype=str), but expected one of:
 * (tuple of ints size, *, tuple of names names, torch.dtype dtype = None, torch.layout layout = None, torch.device device = None, bool pin_memory = False, bool requires_grad = False)
 * (tuple of ints size, *, Tensor out = None, torch.dtype dtype = None, torch.layout layout = None, torch.device device = None, bool pin_memory = False, bool requires_grad = False)

[Rank 025] Removed partially written file: scanner_layouts_raytracer_patched_508640ff8dc59f67dd884fdbc89ee122/position_055_ppdfs.hdf5
[Rank 025] Evaluating position 085 ...
[Rank 025] ID 0 for position 085
Error: The size of tensor a (2) must match the size of tensor b (262144) at non-singleton dimension 2
[Rank 025] Failed to process or write HDF5 for position 085. Error: zeros() received an invalid combination of arguments - got (tuple, dtype=str), but expected one of:
 * (tuple of ints size, *, tuple of names names, torch.dtype dtype = None, torch.layout layout = None, torch.device device = None, bool pin_memory = False, bool requires_grad = False)
 * (tuple of ints size, *, Tensor out = None, torch.dtype dtype = None, torch.layout layout = None, torch.device device = None, bool pin_memory = False, bool requires_grad = False)

[Rank 025] Removed partially written file: scanner_layouts_raytracer_patched_508640ff8dc59f67dd884fdbc89ee122/position_085_ppdfs.hdf5
[Rank 025] Evaluating position 115 ...
[Rank 025] ID 0 for position 115
Error: The size of tensor a (2) must match the size of tensor b (262144) at non-singleton dimension 2
[Rank 025] Failed to process or write HDF5 for position 115. Error: zeros() received an invalid combination of arguments - got (tuple, dtype=str), but expected one of:
 * (tuple of ints size, *, tuple of names names, torch.dtype dtype = None, torch.layout layout = None, torch.device device = None, bool pin_memory = False, bool requires_grad = False)
 * (tuple of ints size, *, Tensor out = None, torch.dtype dtype = None, torch.layout layout = None, torch.device device = None, bool pin_memory = False, bool requires_grad = False)

[Rank 025] Removed partially written file: scanner_layouts_raytracer_patched_508640ff8dc59f67dd884fdbc89ee122/position_115_ppdfs.hdf5
[Rank 025] Evaluating position 145 ...
[Rank 025] ID 0 for position 145
Error: The size of tensor a (2) must match the size of tensor b (262144) at non-singleton dimension 2
[Rank 025] Failed to process or write HDF5 for position 145. Error: zeros() received an invalid combination of arguments - got (tuple, dtype=str), but expected one of:
 * (tuple of ints size, *, tuple of names names, torch.dtype dtype = None, torch.layout layout = None, torch.device device = None, bool pin_memory = False, bool requires_grad = False)
 * (tuple of ints size, *, Tensor out = None, torch.dtype dtype = None, torch.layout layout = None, torch.device device = None, bool pin_memory = False, bool requires_grad = False)

[Rank 025] Removed partially written file: scanner_layouts_raytracer_patched_508640ff8dc59f67dd884fdbc89ee122/position_145_ppdfs.hdf5
[Rank 025] Evaluating position 175 ...
[Rank 025] ID 0 for position 175
Error: The size of tensor a (2) must match the size of tensor b (262144) at non-singleton dimension 2
[Rank 025] Failed to process or write HDF5 for position 175. Error: zeros() received an invalid combination of arguments - got (tuple, dtype=str), but expected one of:
 * (tuple of ints size, *, tuple of names names, torch.dtype dtype = None, torch.layout layout = None, torch.device device = None, bool pin_memory = False, bool requires_grad = False)
 * (tuple of ints size, *, Tensor out = None, torch.dtype dtype = None, torch.layout layout = None, torch.device device = None, bool pin_memory = False, bool requires_grad = False)

[Rank 025] Removed partially written file: scanner_layouts_raytracer_patched_508640ff8dc59f67dd884fdbc89ee122/position_175_ppdfs.hdf5
[Rank 025] Evaluating position 205 ...
[Rank 025] ID 0 for position 205
Error: The size of tensor a (2) must match the size of tensor b (262144) at non-singleton dimension 2
[Rank 025] Failed to process or write HDF5 for position 205. Error: zeros() received an invalid combination of arguments - got (tuple, dtype=str), but expected one of:
 * (tuple of ints size, *, tuple of names names, torch.dtype dtype = None, torch.layout layout = None, torch.device device = None, bool pin_memory = False, bool requires_grad = False)
 * (tuple of ints size, *, Tensor out = None, torch.dtype dtype = None, torch.layout layout = None, torch.device device = None, bool pin_memory = False, bool requires_grad = False)

[Rank 025] Removed partially written file: scanner_layouts_raytracer_patched_508640ff8dc59f67dd884fdbc89ee122/position_205_ppdfs.hdf5
[Rank 025] Evaluating position 235 ...
[Rank 025] ID 0 for position 235
Error: The size of tensor a (2) must match the size of tensor b (262144) at non-singleton dimension 2
[Rank 025] Failed to process or write HDF5 for position 235. Error: zeros() received an invalid combination of arguments - got (tuple, dtype=str), but expected one of:
 * (tuple of ints size, *, tuple of names names, torch.dtype dtype = None, torch.layout layout = None, torch.device device = None, bool pin_memory = False, bool requires_grad = False)
 * (tuple of ints size, *, Tensor out = None, torch.dtype dtype = None, torch.layout layout = None, torch.device device = None, bool pin_memory = False, bool requires_grad = False)

[Rank 025] Removed partially written file: scanner_layouts_raytracer_patched_508640ff8dc59f67dd884fdbc89ee122/position_235_ppdfs.hdf5
[Rank 025] Evaluating position 265 ...
[Rank 025] ID 0 for position 265
Error: The size of tensor a (2) must match the size of tensor b (262144) at non-singleton dimension 2
[Rank 025] Failed to process or write HDF5 for position 265. Error: zeros() received an invalid combination of arguments - got (tuple, dtype=str), but expected one of:
 * (tuple of ints size, *, tuple of names names, torch.dtype dtype = None, torch.layout layout = None, torch.device device = None, bool pin_memory = False, bool requires_grad = False)
 * (tuple of ints size, *, Tensor out = None, torch.dtype dtype = None, torch.layout layout = None, torch.device device = None, bool pin_memory = False, bool requires_grad = False)

[Rank 025] Removed partially written file: scanner_layouts_raytracer_patched_508640ff8dc59f67dd884fdbc89ee122/position_265_ppdfs.hdf5
[Rank 025] Evaluating position 295 ...
[Rank 025] ID 0 for position 295
Error: The size of tensor a (2) must match the size of tensor b (262144) at non-singleton dimension 2
[Rank 016] Failed to process or write HDF5 for position 286. Error: zeros() received an invalid combination of arguments - got (tuple, dtype=str), but expected one of:
 * (tuple of ints size, *, tuple of names names, torch.dtype dtype = None, torch.layout layout = None, torch.device device = None, bool pin_memory = False, bool requires_grad = False)
 * (tuple of ints size, *, Tensor out = None, torch.dtype dtype = None, torch.layout layout = None, torch.device device = None, bool pin_memory = False, bool requires_grad = False)

[Rank 016] Removed partially written file: scanner_layouts_raytracer_patched_508640ff8dc59f67dd884fdbc89ee122/position_286_ppdfs.hdf5
[Rank 016] Evaluating position 316 ...
[Rank 016] ID 0 for position 316
Error: The size of tensor a (2) must match the size of tensor b (262144) at non-singleton dimension 2
[Rank 016] Failed to process or write HDF5 for position 316. Error: zeros() received an invalid combination of arguments - got (tuple, dtype=str), but expected one of:
 * (tuple of ints size, *, tuple of names names, torch.dtype dtype = None, torch.layout layout = None, torch.device device = None, bool pin_memory = False, bool requires_grad = False)
 * (tuple of ints size, *, Tensor out = None, torch.dtype dtype = None, torch.layout layout = None, torch.device device = None, bool pin_memory = False, bool requires_grad = False)

[Rank 016] Removed partially written file: scanner_layouts_raytracer_patched_508640ff8dc59f67dd884fdbc89ee122/position_316_ppdfs.hdf5
[Rank 016] Evaluating position 346 ...
[Rank 016] ID 0 for position 346
Error: The size of tensor a (2) must match the size of tensor b (262144) at non-singleton dimension 2
[Rank 016] Failed to process or write HDF5 for position 346. Error: zeros() received an invalid combination of arguments - got (tuple, dtype=str), but expected one of:
 * (tuple of ints size, *, tuple of names names, torch.dtype dtype = None, torch.layout layout = None, torch.device device = None, bool pin_memory = False, bool requires_grad = False)
 * (tuple of ints size, *, Tensor out = None, torch.dtype dtype = None, torch.layout layout = None, torch.device device = None, bool pin_memory = False, bool requires_grad = False)

[Rank 016] Removed partially written file: scanner_layouts_raytracer_patched_508640ff8dc59f67dd884fdbc89ee122/position_346_ppdfs.hdf5
[Rank 016] Evaluating position 376 ...
[Rank 016] ID 0 for position 376
Error: The size of tensor a (2) must match the size of tensor b (262144) at non-singleton dimension 2
[Rank 016] Failed to process or write HDF5 for position 376. Error: zeros() received an invalid combination of arguments - got (tuple, dtype=str), but expected one of:
 * (tuple of ints size, *, tuple of names names, torch.dtype dtype = None, torch.layout layout = None, torch.device device = None, bool pin_memory = False, bool requires_grad = False)
 * (tuple of ints size, *, Tensor out = None, torch.dtype dtype = None, torch.layout layout = None, torch.device device = None, bool pin_memory = False, bool requires_grad = False)

[Rank 016] Removed partially written file: scanner_layouts_raytracer_patched_508640ff8dc59f67dd884fdbc89ee122/position_376_ppdfs.hdf5
[Rank 016] Evaluating position 406 ...
[Rank 016] ID 0 for position 406
Error: The size of tensor a (2) must match the size of tensor b (262144) at non-singleton dimension 2
[Rank 016] Failed to process or write HDF5 for position 406. Error: zeros() received an invalid combination of arguments - got (tuple, dtype=str), but expected one of:
 * (tuple of ints size, *, tuple of names names, torch.dtype dtype = None, torch.layout layout = None, torch.device device = None, bool pin_memory = False, bool requires_grad = False)
 * (tuple of ints size, *, Tensor out = None, torch.dtype dtype = None, torch.layout layout = None, torch.device device = None, bool pin_memory = False, bool requires_grad = False)

[Rank 016] Removed partially written file: scanner_layouts_raytracer_patched_508640ff8dc59f67dd884fdbc89ee122/position_406_ppdfs.hdf5
[Rank 016] Evaluating position 436 ...
[Rank 016] ID 0 for position 436
Error: The size of tensor a (2) must match the size of tensor b (262144) at non-singleton dimension 2
[Rank 016] Failed to process or write HDF5 for position 436. Error: zeros() received an invalid combination of arguments - got (tuple, dtype=str), but expected one of:
 * (tuple of ints size, *, tuple of names names, torch.dtype dtype = None, torch.layout layout = None, torch.device device = None, bool pin_memory = False, bool requires_grad = False)
 * (tuple of ints size, *, Tensor out = None, torch.dtype dtype = None, torch.layout layout = None, torch.device device = None, bool pin_memory = False, bool requires_grad = False)

[Rank 016] Removed partially written file: scanner_layouts_raytracer_patched_508640ff8dc59f67dd884fdbc89ee122/position_436_ppdfs.hdf5
[Rank 016] Evaluating position 466 ...
[Rank 016] ID 0 for position 466
Error: The size of tensor a (2) must match the size of tensor b (262144) at non-singleton dimension 2
[Rank 016] Failed to process or write HDF5 for position 466. Error: zeros() received an invalid combination of arguments - got (tuple, dtype=str), but expected one of:
 * (tuple of ints size, *, tuple of names names, torch.dtype dtype = None, torch.layout layout = None, torch.device device = None, bool pin_memory = False, bool requires_grad = False)
 * (tuple of ints size, *, Tensor out = None, torch.dtype dtype = None, torch.layout layout = None, torch.device device = None, bool pin_memory = False, bool requires_grad = False)

[Rank 016] Removed partially written file: scanner_layouts_raytracer_patched_508640ff8dc59f67dd884fdbc89ee122/position_466_ppdfs.hdf5
[Rank 016] Evaluating position 496 ...
[Rank 016] ID 0 for position 496
Error: The size of tensor a (2) must match the size of tensor b (262144) at non-singleton dimension 2
[Rank 016] Failed to process or write HDF5 for position 496. Error: zeros() received an invalid combination of arguments - got (tuple, dtype=str), but expected one of:
 * (tuple of ints size, *, tuple of names names, torch.dtype dtype = None, torch.layout layout = None, torch.device device = None, bool pin_memory = False, bool requires_grad = False)
 * (tuple of ints size, *, Tensor out = None, torch.dtype dtype = None, torch.layout layout = None, torch.device device = None, bool pin_memory = False, bool requires_grad = False)

[Rank 016] Removed partially written file: scanner_layouts_raytracer_patched_508640ff8dc59f67dd884fdbc89ee122/position_496_ppdfs.hdf5
[Rank 016] Evaluating position 526 ...
[Rank 016] ID 0 for position 526
Error: The size of tensor a (2) must match the size of tensor b (262144) at non-singleton dimension 2
[Rank 016] Failed to process or write HDF5 for position 526. Error: zeros() received an invalid combination of arguments - got (tuple, dtype=str), but expected one of:
 * (tuple of ints size, *, tuple of names names, torch.dtype dtype = None, torch.layout layout = None, torch.device device = None, bool pin_memory = False, bool requires_grad = False)
 * (tuple of ints size, *, Tensor out = None, torch.dtype dtype = None, torch.layout layout = None, torch.device device = None, bool pin_memory = False, bool requires_grad = False)

[Rank 016] Removed partially written file: scanner_layouts_raytracer_patched_508640ff8dc59f67dd884fdbc89ee122/position_526_ppdfs.hdf5
[Rank 016] Evaluating position 556 ...
[Rank 016] ID 0 for position 556
Error: The size of tensor a (2) must match the size of tensor b (262144) at non-singleton dimension 2
[Rank 016] Failed to process or write HDF5 for position 556. Error: zeros() received an invalid combination of arguments - got (tuple, dtype=str), but expected one of:
 * (tuple of ints size, *, tuple of names names, torch.dtype dtype = None, torch.layout layout = None, torch.device device = None, bool pin_memory = False, bool requires_grad = False)
 * (tuple of ints size, *, Tensor out = None, torch.dtype dtype = None, torch.layout layout = None, torch.device device = None, bool pin_memory = False, bool requires_grad = False)

[Rank 010] Failed to process or write HDF5 for position 280. Error: zeros() received an invalid combination of arguments - got (tuple, dtype=str), but expected one of:
 * (tuple of ints size, *, tuple of names names, torch.dtype dtype = None, torch.layout layout = None, torch.device device = None, bool pin_memory = False, bool requires_grad = False)
 * (tuple of ints size, *, Tensor out = None, torch.dtype dtype = None, torch.layout layout = None, torch.device device = None, bool pin_memory = False, bool requires_grad = False)

[Rank 010] Removed partially written file: scanner_layouts_raytracer_patched_508640ff8dc59f67dd884fdbc89ee122/position_280_ppdfs.hdf5
[Rank 010] Evaluating position 310 ...
[Rank 010] ID 0 for position 310
Error: The size of tensor a (2) must match the size of tensor b (262144) at non-singleton dimension 2
[Rank 010] Failed to process or write HDF5 for position 310. Error: zeros() received an invalid combination of arguments - got (tuple, dtype=str), but expected one of:
 * (tuple of ints size, *, tuple of names names, torch.dtype dtype = None, torch.layout layout = None, torch.device device = None, bool pin_memory = False, bool requires_grad = False)
 * (tuple of ints size, *, Tensor out = None, torch.dtype dtype = None, torch.layout layout = None, torch.device device = None, bool pin_memory = False, bool requires_grad = False)

[Rank 010] Removed partially written file: scanner_layouts_raytracer_patched_508640ff8dc59f67dd884fdbc89ee122/position_310_ppdfs.hdf5
[Rank 010] Evaluating position 340 ...
[Rank 010] ID 0 for position 340
Error: The size of tensor a (2) must match the size of tensor b (262144) at non-singleton dimension 2
[Rank 010] Failed to process or write HDF5 for position 340. Error: zeros() received an invalid combination of arguments - got (tuple, dtype=str), but expected one of:
 * (tuple of ints size, *, tuple of names names, torch.dtype dtype = None, torch.layout layout = None, torch.device device = None, bool pin_memory = False, bool requires_grad = False)
 * (tuple of ints size, *, Tensor out = None, torch.dtype dtype = None, torch.layout layout = None, torch.device device = None, bool pin_memory = False, bool requires_grad = False)

[Rank 010] Removed partially written file: scanner_layouts_raytracer_patched_508640ff8dc59f67dd884fdbc89ee122/position_340_ppdfs.hdf5
[Rank 010] Evaluating position 370 ...
[Rank 010] ID 0 for position 370
Error: The size of tensor a (2) must match the size of tensor b (262144) at non-singleton dimension 2
[Rank 010] Failed to process or write HDF5 for position 370. Error: zeros() received an invalid combination of arguments - got (tuple, dtype=str), but expected one of:
 * (tuple of ints size, *, tuple of names names, torch.dtype dtype = None, torch.layout layout = None, torch.device device = None, bool pin_memory = False, bool requires_grad = False)
 * (tuple of ints size, *, Tensor out = None, torch.dtype dtype = None, torch.layout layout = None, torch.device device = None, bool pin_memory = False, bool requires_grad = False)

[Rank 010] Removed partially written file: scanner_layouts_raytracer_patched_508640ff8dc59f67dd884fdbc89ee122/position_370_ppdfs.hdf5
[Rank 010] Evaluating position 400 ...
[Rank 010] ID 0 for position 400
Error: The size of tensor a (2) must match the size of tensor b (262144) at non-singleton dimension 2
[Rank 010] Failed to process or write HDF5 for position 400. Error: zeros() received an invalid combination of arguments - got (tuple, dtype=str), but expected one of:
 * (tuple of ints size, *, tuple of names names, torch.dtype dtype = None, torch.layout layout = None, torch.device device = None, bool pin_memory = False, bool requires_grad = False)
 * (tuple of ints size, *, Tensor out = None, torch.dtype dtype = None, torch.layout layout = None, torch.device device = None, bool pin_memory = False, bool requires_grad = False)

[Rank 010] Removed partially written file: scanner_layouts_raytracer_patched_508640ff8dc59f67dd884fdbc89ee122/position_400_ppdfs.hdf5
[Rank 010] Evaluating position 430 ...
[Rank 010] ID 0 for position 430
Error: The size of tensor a (2) must match the size of tensor b (262144) at non-singleton dimension 2
[Rank 010] Failed to process or write HDF5 for position 430. Error: zeros() received an invalid combination of arguments - got (tuple, dtype=str), but expected one of:
 * (tuple of ints size, *, tuple of names names, torch.dtype dtype = None, torch.layout layout = None, torch.device device = None, bool pin_memory = False, bool requires_grad = False)
 * (tuple of ints size, *, Tensor out = None, torch.dtype dtype = None, torch.layout layout = None, torch.device device = None, bool pin_memory = False, bool requires_grad = False)

[Rank 010] Removed partially written file: scanner_layouts_raytracer_patched_508640ff8dc59f67dd884fdbc89ee122/position_430_ppdfs.hdf5
[Rank 010] Evaluating position 460 ...
[Rank 010] ID 0 for position 460
Error: The size of tensor a (2) must match the size of tensor b (262144) at non-singleton dimension 2
[Rank 010] Failed to process or write HDF5 for position 460. Error: zeros() received an invalid combination of arguments - got (tuple, dtype=str), but expected one of:
 * (tuple of ints size, *, tuple of names names, torch.dtype dtype = None, torch.layout layout = None, torch.device device = None, bool pin_memory = False, bool requires_grad = False)
 * (tuple of ints size, *, Tensor out = None, torch.dtype dtype = None, torch.layout layout = None, torch.device device = None, bool pin_memory = False, bool requires_grad = False)

[Rank 010] Removed partially written file: scanner_layouts_raytracer_patched_508640ff8dc59f67dd884fdbc89ee122/position_460_ppdfs.hdf5
[Rank 010] Evaluating position 490 ...
[Rank 010] ID 0 for position 490
Error: The size of tensor a (2) must match the size of tensor b (262144) at non-singleton dimension 2
[Rank 010] Failed to process or write HDF5 for position 490. Error: zeros() received an invalid combination of arguments - got (tuple, dtype=str), but expected one of:
 * (tuple of ints size, *, tuple of names names, torch.dtype dtype = None, torch.layout layout = None, torch.device device = None, bool pin_memory = False, bool requires_grad = False)
 * (tuple of ints size, *, Tensor out = None, torch.dtype dtype = None, torch.layout layout = None, torch.device device = None, bool pin_memory = False, bool requires_grad = False)

[Rank 010] Removed partially written file: scanner_layouts_raytracer_patched_508640ff8dc59f67dd884fdbc89ee122/position_490_ppdfs.hdf5
[Rank 010] Evaluating position 520 ...
[Rank 010] ID 0 for position 520
Error: The size of tensor a (2) must match the size of tensor b (262144) at non-singleton dimension 2
[Rank 010] Failed to process or write HDF5 for position 520. Error: zeros() received an invalid combination of arguments - got (tuple, dtype=str), but expected one of:
 * (tuple of ints size, *, tuple of names names, torch.dtype dtype = None, torch.layout layout = None, torch.device device = None, bool pin_memory = False, bool requires_grad = False)
 * (tuple of ints size, *, Tensor out = None, torch.dtype dtype = None, torch.layout layout = None, torch.device device = None, bool pin_memory = False, bool requires_grad = False)

[Rank 010] Removed partially written file: scanner_layouts_raytracer_patched_508640ff8dc59f67dd884fdbc89ee122/position_520_ppdfs.hdf5
[Rank 010] Evaluating position 550 ...
[Rank 010] ID 0 for position 550
Error: The size of tensor a (2) must match the size of tensor b (262144) at non-singleton dimension 2
[Rank 010] Failed to process or write HDF5 for position 550. Error: zeros() received an invalid combination of arguments - got (tuple, dtype=str), but expected one of:
 * (tuple of ints size, *, tuple of names names, torch.dtype dtype = None, torch.layout layout = None, torch.device device = None, bool pin_memory = False, bool requires_grad = False)
 * (tuple of ints size, *, Tensor out = None, torch.dtype dtype = None, torch.layout layout = None, torch.device device = None, bool pin_memory = False, bool requires_grad = False)

[Rank 011] Failed to process or write HDF5 for position 281. Error: zeros() received an invalid combination of arguments - got (tuple, dtype=str), but expected one of:
 * (tuple of ints size, *, tuple of names names, torch.dtype dtype = None, torch.layout layout = None, torch.device device = None, bool pin_memory = False, bool requires_grad = False)
 * (tuple of ints size, *, Tensor out = None, torch.dtype dtype = None, torch.layout layout = None, torch.device device = None, bool pin_memory = False, bool requires_grad = False)

[Rank 011] Removed partially written file: scanner_layouts_raytracer_patched_508640ff8dc59f67dd884fdbc89ee122/position_281_ppdfs.hdf5
[Rank 011] Evaluating position 311 ...
[Rank 011] ID 0 for position 311
Error: The size of tensor a (2) must match the size of tensor b (262144) at non-singleton dimension 2
[Rank 011] Failed to process or write HDF5 for position 311. Error: zeros() received an invalid combination of arguments - got (tuple, dtype=str), but expected one of:
 * (tuple of ints size, *, tuple of names names, torch.dtype dtype = None, torch.layout layout = None, torch.device device = None, bool pin_memory = False, bool requires_grad = False)
 * (tuple of ints size, *, Tensor out = None, torch.dtype dtype = None, torch.layout layout = None, torch.device device = None, bool pin_memory = False, bool requires_grad = False)

[Rank 011] Removed partially written file: scanner_layouts_raytracer_patched_508640ff8dc59f67dd884fdbc89ee122/position_311_ppdfs.hdf5
[Rank 011] Evaluating position 341 ...
[Rank 011] ID 0 for position 341
Error: The size of tensor a (2) must match the size of tensor b (262144) at non-singleton dimension 2
[Rank 011] Failed to process or write HDF5 for position 341. Error: zeros() received an invalid combination of arguments - got (tuple, dtype=str), but expected one of:
 * (tuple of ints size, *, tuple of names names, torch.dtype dtype = None, torch.layout layout = None, torch.device device = None, bool pin_memory = False, bool requires_grad = False)
 * (tuple of ints size, *, Tensor out = None, torch.dtype dtype = None, torch.layout layout = None, torch.device device = None, bool pin_memory = False, bool requires_grad = False)

[Rank 011] Removed partially written file: scanner_layouts_raytracer_patched_508640ff8dc59f67dd884fdbc89ee122/position_341_ppdfs.hdf5
[Rank 011] Evaluating position 371 ...
[Rank 011] ID 0 for position 371
Error: The size of tensor a (2) must match the size of tensor b (262144) at non-singleton dimension 2
[Rank 011] Failed to process or write HDF5 for position 371. Error: zeros() received an invalid combination of arguments - got (tuple, dtype=str), but expected one of:
 * (tuple of ints size, *, tuple of names names, torch.dtype dtype = None, torch.layout layout = None, torch.device device = None, bool pin_memory = False, bool requires_grad = False)
 * (tuple of ints size, *, Tensor out = None, torch.dtype dtype = None, torch.layout layout = None, torch.device device = None, bool pin_memory = False, bool requires_grad = False)

[Rank 011] Removed partially written file: scanner_layouts_raytracer_patched_508640ff8dc59f67dd884fdbc89ee122/position_371_ppdfs.hdf5
[Rank 011] Evaluating position 401 ...
[Rank 011] ID 0 for position 401
Error: The size of tensor a (2) must match the size of tensor b (262144) at non-singleton dimension 2
[Rank 011] Failed to process or write HDF5 for position 401. Error: zeros() received an invalid combination of arguments - got (tuple, dtype=str), but expected one of:
 * (tuple of ints size, *, tuple of names names, torch.dtype dtype = None, torch.layout layout = None, torch.device device = None, bool pin_memory = False, bool requires_grad = False)
 * (tuple of ints size, *, Tensor out = None, torch.dtype dtype = None, torch.layout layout = None, torch.device device = None, bool pin_memory = False, bool requires_grad = False)

[Rank 011] Removed partially written file: scanner_layouts_raytracer_patched_508640ff8dc59f67dd884fdbc89ee122/position_401_ppdfs.hdf5
[Rank 011] Evaluating position 431 ...
[Rank 011] ID 0 for position 431
Error: The size of tensor a (2) must match the size of tensor b (262144) at non-singleton dimension 2
[Rank 011] Failed to process or write HDF5 for position 431. Error: zeros() received an invalid combination of arguments - got (tuple, dtype=str), but expected one of:
 * (tuple of ints size, *, tuple of names names, torch.dtype dtype = None, torch.layout layout = None, torch.device device = None, bool pin_memory = False, bool requires_grad = False)
 * (tuple of ints size, *, Tensor out = None, torch.dtype dtype = None, torch.layout layout = None, torch.device device = None, bool pin_memory = False, bool requires_grad = False)

[Rank 011] Removed partially written file: scanner_layouts_raytracer_patched_508640ff8dc59f67dd884fdbc89ee122/position_431_ppdfs.hdf5
[Rank 011] Evaluating position 461 ...
[Rank 011] ID 0 for position 461
Error: The size of tensor a (2) must match the size of tensor b (262144) at non-singleton dimension 2
[Rank 011] Failed to process or write HDF5 for position 461. Error: zeros() received an invalid combination of arguments - got (tuple, dtype=str), but expected one of:
 * (tuple of ints size, *, tuple of names names, torch.dtype dtype = None, torch.layout layout = None, torch.device device = None, bool pin_memory = False, bool requires_grad = False)
 * (tuple of ints size, *, Tensor out = None, torch.dtype dtype = None, torch.layout layout = None, torch.device device = None, bool pin_memory = False, bool requires_grad = False)

[Rank 011] Removed partially written file: scanner_layouts_raytracer_patched_508640ff8dc59f67dd884fdbc89ee122/position_461_ppdfs.hdf5
[Rank 011] Evaluating position 491 ...
[Rank 011] ID 0 for position 491
Error: The size of tensor a (2) must match the size of tensor b (262144) at non-singleton dimension 2
[Rank 011] Failed to process or write HDF5 for position 491. Error: zeros() received an invalid combination of arguments - got (tuple, dtype=str), but expected one of:
 * (tuple of ints size, *, tuple of names names, torch.dtype dtype = None, torch.layout layout = None, torch.device device = None, bool pin_memory = False, bool requires_grad = False)
 * (tuple of ints size, *, Tensor out = None, torch.dtype dtype = None, torch.layout layout = None, torch.device device = None, bool pin_memory = False, bool requires_grad = False)

[Rank 011] Removed partially written file: scanner_layouts_raytracer_patched_508640ff8dc59f67dd884fdbc89ee122/position_491_ppdfs.hdf5
[Rank 011] Evaluating position 521 ...
[Rank 011] ID 0 for position 521
Error: The size of tensor a (2) must match the size of tensor b (262144) at non-singleton dimension 2
[Rank 011] Failed to process or write HDF5 for position 521. Error: zeros() received an invalid combination of arguments - got (tuple, dtype=str), but expected one of:
 * (tuple of ints size, *, tuple of names names, torch.dtype dtype = None, torch.layout layout = None, torch.device device = None, bool pin_memory = False, bool requires_grad = False)
 * (tuple of ints size, *, Tensor out = None, torch.dtype dtype = None, torch.layout layout = None, torch.device device = None, bool pin_memory = False, bool requires_grad = False)

[Rank 011] Removed partially written file: scanner_layouts_raytracer_patched_508640ff8dc59f67dd884fdbc89ee122/position_521_ppdfs.hdf5
[Rank 011] Evaluating position 551 ...
[Rank 011] ID 0 for position 551
Error: The size of tensor a (2) must match the size of tensor b (262144) at non-singleton dimension 2
[Rank 011] Failed to process or write HDF5 for position 551. Error: zeros() received an invalid combination of arguments - got (tuple, dtype=str), but expected one of:
 * (tuple of ints size, *, tuple of names names, torch.dtype dtype = None, torch.layout layout = None, torch.device device = None, bool pin_memory = False, bool requires_grad = False)
 * (tuple of ints size, *, Tensor out = None, torch.dtype dtype = None, torch.layout layout = None, torch.device device = None, bool pin_memory = False, bool requires_grad = False)

[Rank 016] Removed partially written file: scanner_layouts_raytracer_patched_508640ff8dc59f67dd884fdbc89ee122/position_556_ppdfs.hdf5
[Rank 016] Evaluating position 586 ...
[Rank 016] ID 0 for position 586
Error: The size of tensor a (2) must match the size of tensor b (262144) at non-singleton dimension 2
[Rank 016] Failed to process or write HDF5 for position 586. Error: zeros() received an invalid combination of arguments - got (tuple, dtype=str), but expected one of:
 * (tuple of ints size, *, tuple of names names, torch.dtype dtype = None, torch.layout layout = None, torch.device device = None, bool pin_memory = False, bool requires_grad = False)
 * (tuple of ints size, *, Tensor out = None, torch.dtype dtype = None, torch.layout layout = None, torch.device device = None, bool pin_memory = False, bool requires_grad = False)

[Rank 016] Removed partially written file: scanner_layouts_raytracer_patched_508640ff8dc59f67dd884fdbc89ee122/position_586_ppdfs.hdf5
[Rank 010] Removed partially written file: scanner_layouts_raytracer_patched_508640ff8dc59f67dd884fdbc89ee122/position_550_ppdfs.hdf5
[Rank 010] Evaluating position 580 ...
[Rank 010] ID 0 for position 580
Error: The size of tensor a (2) must match the size of tensor b (262144) at non-singleton dimension 2
[Rank 010] Failed to process or write HDF5 for position 580. Error: zeros() received an invalid combination of arguments - got (tuple, dtype=str), but expected one of:
 * (tuple of ints size, *, tuple of names names, torch.dtype dtype = None, torch.layout layout = None, torch.device device = None, bool pin_memory = False, bool requires_grad = False)
 * (tuple of ints size, *, Tensor out = None, torch.dtype dtype = None, torch.layout layout = None, torch.device device = None, bool pin_memory = False, bool requires_grad = False)

[Rank 010] Removed partially written file: scanner_layouts_raytracer_patched_508640ff8dc59f67dd884fdbc89ee122/position_580_ppdfs.hdf5
[Rank 015] Failed to process or write HDF5 for position 285. Error: zeros() received an invalid combination of arguments - got (tuple, dtype=str), but expected one of:
 * (tuple of ints size, *, tuple of names names, torch.dtype dtype = None, torch.layout layout = None, torch.device device = None, bool pin_memory = False, bool requires_grad = False)
 * (tuple of ints size, *, Tensor out = None, torch.dtype dtype = None, torch.layout layout = None, torch.device device = None, bool pin_memory = False, bool requires_grad = False)

[Rank 015] Removed partially written file: scanner_layouts_raytracer_patched_508640ff8dc59f67dd884fdbc89ee122/position_285_ppdfs.hdf5
[Rank 015] Evaluating position 315 ...
[Rank 015] ID 0 for position 315
Error: The size of tensor a (2) must match the size of tensor b (262144) at non-singleton dimension 2
[Rank 015] Failed to process or write HDF5 for position 315. Error: zeros() received an invalid combination of arguments - got (tuple, dtype=str), but expected one of:
 * (tuple of ints size, *, tuple of names names, torch.dtype dtype = None, torch.layout layout = None, torch.device device = None, bool pin_memory = False, bool requires_grad = False)
 * (tuple of ints size, *, Tensor out = None, torch.dtype dtype = None, torch.layout layout = None, torch.device device = None, bool pin_memory = False, bool requires_grad = False)

[Rank 015] Removed partially written file: scanner_layouts_raytracer_patched_508640ff8dc59f67dd884fdbc89ee122/position_315_ppdfs.hdf5
[Rank 015] Evaluating position 345 ...
[Rank 015] ID 0 for position 345
Error: The size of tensor a (2) must match the size of tensor b (262144) at non-singleton dimension 2
[Rank 015] Failed to process or write HDF5 for position 345. Error: zeros() received an invalid combination of arguments - got (tuple, dtype=str), but expected one of:
 * (tuple of ints size, *, tuple of names names, torch.dtype dtype = None, torch.layout layout = None, torch.device device = None, bool pin_memory = False, bool requires_grad = False)
 * (tuple of ints size, *, Tensor out = None, torch.dtype dtype = None, torch.layout layout = None, torch.device device = None, bool pin_memory = False, bool requires_grad = False)

[Rank 015] Removed partially written file: scanner_layouts_raytracer_patched_508640ff8dc59f67dd884fdbc89ee122/position_345_ppdfs.hdf5
[Rank 015] Evaluating position 375 ...
[Rank 015] ID 0 for position 375
Error: The size of tensor a (2) must match the size of tensor b (262144) at non-singleton dimension 2
[Rank 015] Failed to process or write HDF5 for position 375. Error: zeros() received an invalid combination of arguments - got (tuple, dtype=str), but expected one of:
 * (tuple of ints size, *, tuple of names names, torch.dtype dtype = None, torch.layout layout = None, torch.device device = None, bool pin_memory = False, bool requires_grad = False)
 * (tuple of ints size, *, Tensor out = None, torch.dtype dtype = None, torch.layout layout = None, torch.device device = None, bool pin_memory = False, bool requires_grad = False)

[Rank 015] Removed partially written file: scanner_layouts_raytracer_patched_508640ff8dc59f67dd884fdbc89ee122/position_375_ppdfs.hdf5
[Rank 015] Evaluating position 405 ...
[Rank 015] ID 0 for position 405
Error: The size of tensor a (2) must match the size of tensor b (262144) at non-singleton dimension 2
[Rank 015] Failed to process or write HDF5 for position 405. Error: zeros() received an invalid combination of arguments - got (tuple, dtype=str), but expected one of:
 * (tuple of ints size, *, tuple of names names, torch.dtype dtype = None, torch.layout layout = None, torch.device device = None, bool pin_memory = False, bool requires_grad = False)
 * (tuple of ints size, *, Tensor out = None, torch.dtype dtype = None, torch.layout layout = None, torch.device device = None, bool pin_memory = False, bool requires_grad = False)

[Rank 015] Removed partially written file: scanner_layouts_raytracer_patched_508640ff8dc59f67dd884fdbc89ee122/position_405_ppdfs.hdf5
[Rank 015] Evaluating position 435 ...
[Rank 015] ID 0 for position 435
Error: The size of tensor a (2) must match the size of tensor b (262144) at non-singleton dimension 2
[Rank 015] Failed to process or write HDF5 for position 435. Error: zeros() received an invalid combination of arguments - got (tuple, dtype=str), but expected one of:
 * (tuple of ints size, *, tuple of names names, torch.dtype dtype = None, torch.layout layout = None, torch.device device = None, bool pin_memory = False, bool requires_grad = False)
 * (tuple of ints size, *, Tensor out = None, torch.dtype dtype = None, torch.layout layout = None, torch.device device = None, bool pin_memory = False, bool requires_grad = False)

[Rank 015] Removed partially written file: scanner_layouts_raytracer_patched_508640ff8dc59f67dd884fdbc89ee122/position_435_ppdfs.hdf5
[Rank 015] Evaluating position 465 ...
[Rank 015] ID 0 for position 465
Error: The size of tensor a (2) must match the size of tensor b (262144) at non-singleton dimension 2
[Rank 015] Failed to process or write HDF5 for position 465. Error: zeros() received an invalid combination of arguments - got (tuple, dtype=str), but expected one of:
 * (tuple of ints size, *, tuple of names names, torch.dtype dtype = None, torch.layout layout = None, torch.device device = None, bool pin_memory = False, bool requires_grad = False)
 * (tuple of ints size, *, Tensor out = None, torch.dtype dtype = None, torch.layout layout = None, torch.device device = None, bool pin_memory = False, bool requires_grad = False)

[Rank 015] Removed partially written file: scanner_layouts_raytracer_patched_508640ff8dc59f67dd884fdbc89ee122/position_465_ppdfs.hdf5
[Rank 015] Evaluating position 495 ...
[Rank 015] ID 0 for position 495
Error: The size of tensor a (2) must match the size of tensor b (262144) at non-singleton dimension 2
[Rank 015] Failed to process or write HDF5 for position 495. Error: zeros() received an invalid combination of arguments - got (tuple, dtype=str), but expected one of:
 * (tuple of ints size, *, tuple of names names, torch.dtype dtype = None, torch.layout layout = None, torch.device device = None, bool pin_memory = False, bool requires_grad = False)
 * (tuple of ints size, *, Tensor out = None, torch.dtype dtype = None, torch.layout layout = None, torch.device device = None, bool pin_memory = False, bool requires_grad = False)

[Rank 015] Removed partially written file: scanner_layouts_raytracer_patched_508640ff8dc59f67dd884fdbc89ee122/position_495_ppdfs.hdf5
[Rank 015] Evaluating position 525 ...
[Rank 015] ID 0 for position 525
Error: The size of tensor a (2) must match the size of tensor b (262144) at non-singleton dimension 2
[Rank 015] Failed to process or write HDF5 for position 525. Error: zeros() received an invalid combination of arguments - got (tuple, dtype=str), but expected one of:
 * (tuple of ints size, *, tuple of names names, torch.dtype dtype = None, torch.layout layout = None, torch.device device = None, bool pin_memory = False, bool requires_grad = False)
 * (tuple of ints size, *, Tensor out = None, torch.dtype dtype = None, torch.layout layout = None, torch.device device = None, bool pin_memory = False, bool requires_grad = False)

[Rank 015] Removed partially written file: scanner_layouts_raytracer_patched_508640ff8dc59f67dd884fdbc89ee122/position_525_ppdfs.hdf5
[Rank 015] Evaluating position 555 ...
[Rank 015] ID 0 for position 555
Error: The size of tensor a (2) must match the size of tensor b (262144) at non-singleton dimension 2
[Rank 015] Failed to process or write HDF5 for position 555. Error: zeros() received an invalid combination of arguments - got (tuple, dtype=str), but expected one of:
 * (tuple of ints size, *, tuple of names names, torch.dtype dtype = None, torch.layout layout = None, torch.device device = None, bool pin_memory = False, bool requires_grad = False)
 * (tuple of ints size, *, Tensor out = None, torch.dtype dtype = None, torch.layout layout = None, torch.device device = None, bool pin_memory = False, bool requires_grad = False)

[Rank 011] Removed partially written file: scanner_layouts_raytracer_patched_508640ff8dc59f67dd884fdbc89ee122/position_551_ppdfs.hdf5
[Rank 011] Evaluating position 581 ...
[Rank 011] ID 0 for position 581
Error: The size of tensor a (2) must match the size of tensor b (262144) at non-singleton dimension 2
[Rank 011] Failed to process or write HDF5 for position 581. Error: zeros() received an invalid combination of arguments - got (tuple, dtype=str), but expected one of:
 * (tuple of ints size, *, tuple of names names, torch.dtype dtype = None, torch.layout layout = None, torch.device device = None, bool pin_memory = False, bool requires_grad = False)
 * (tuple of ints size, *, Tensor out = None, torch.dtype dtype = None, torch.layout layout = None, torch.device device = None, bool pin_memory = False, bool requires_grad = False)

[Rank 011] Removed partially written file: scanner_layouts_raytracer_patched_508640ff8dc59f67dd884fdbc89ee122/position_581_ppdfs.hdf5
[Rank 004] Failed to process or write HDF5 for position 274. Error: zeros() received an invalid combination of arguments - got (tuple, dtype=str), but expected one of:
 * (tuple of ints size, *, tuple of names names, torch.dtype dtype = None, torch.layout layout = None, torch.device device = None, bool pin_memory = False, bool requires_grad = False)
 * (tuple of ints size, *, Tensor out = None, torch.dtype dtype = None, torch.layout layout = None, torch.device device = None, bool pin_memory = False, bool requires_grad = False)

[Rank 004] Removed partially written file: scanner_layouts_raytracer_patched_508640ff8dc59f67dd884fdbc89ee122/position_274_ppdfs.hdf5
[Rank 004] Evaluating position 304 ...
[Rank 004] ID 0 for position 304
Error: The size of tensor a (2) must match the size of tensor b (262144) at non-singleton dimension 2
[Rank 004] Failed to process or write HDF5 for position 304. Error: zeros() received an invalid combination of arguments - got (tuple, dtype=str), but expected one of:
 * (tuple of ints size, *, tuple of names names, torch.dtype dtype = None, torch.layout layout = None, torch.device device = None, bool pin_memory = False, bool requires_grad = False)
 * (tuple of ints size, *, Tensor out = None, torch.dtype dtype = None, torch.layout layout = None, torch.device device = None, bool pin_memory = False, bool requires_grad = False)

[Rank 004] Removed partially written file: scanner_layouts_raytracer_patched_508640ff8dc59f67dd884fdbc89ee122/position_304_ppdfs.hdf5
[Rank 004] Evaluating position 334 ...
[Rank 004] ID 0 for position 334
Error: The size of tensor a (2) must match the size of tensor b (262144) at non-singleton dimension 2
[Rank 004] Failed to process or write HDF5 for position 334. Error: zeros() received an invalid combination of arguments - got (tuple, dtype=str), but expected one of:
 * (tuple of ints size, *, tuple of names names, torch.dtype dtype = None, torch.layout layout = None, torch.device device = None, bool pin_memory = False, bool requires_grad = False)
 * (tuple of ints size, *, Tensor out = None, torch.dtype dtype = None, torch.layout layout = None, torch.device device = None, bool pin_memory = False, bool requires_grad = False)

[Rank 004] Removed partially written file: scanner_layouts_raytracer_patched_508640ff8dc59f67dd884fdbc89ee122/position_334_ppdfs.hdf5
[Rank 004] Evaluating position 364 ...
[Rank 004] ID 0 for position 364
Error: The size of tensor a (2) must match the size of tensor b (262144) at non-singleton dimension 2
[Rank 004] Failed to process or write HDF5 for position 364. Error: zeros() received an invalid combination of arguments - got (tuple, dtype=str), but expected one of:
 * (tuple of ints size, *, tuple of names names, torch.dtype dtype = None, torch.layout layout = None, torch.device device = None, bool pin_memory = False, bool requires_grad = False)
 * (tuple of ints size, *, Tensor out = None, torch.dtype dtype = None, torch.layout layout = None, torch.device device = None, bool pin_memory = False, bool requires_grad = False)

[Rank 004] Removed partially written file: scanner_layouts_raytracer_patched_508640ff8dc59f67dd884fdbc89ee122/position_364_ppdfs.hdf5
[Rank 004] Evaluating position 394 ...
[Rank 004] ID 0 for position 394
Error: The size of tensor a (2) must match the size of tensor b (262144) at non-singleton dimension 2
[Rank 004] Failed to process or write HDF5 for position 394. Error: zeros() received an invalid combination of arguments - got (tuple, dtype=str), but expected one of:
 * (tuple of ints size, *, tuple of names names, torch.dtype dtype = None, torch.layout layout = None, torch.device device = None, bool pin_memory = False, bool requires_grad = False)
 * (tuple of ints size, *, Tensor out = None, torch.dtype dtype = None, torch.layout layout = None, torch.device device = None, bool pin_memory = False, bool requires_grad = False)

[Rank 004] Removed partially written file: scanner_layouts_raytracer_patched_508640ff8dc59f67dd884fdbc89ee122/position_394_ppdfs.hdf5
[Rank 004] Evaluating position 424 ...
[Rank 004] ID 0 for position 424
Error: The size of tensor a (2) must match the size of tensor b (262144) at non-singleton dimension 2
[Rank 004] Failed to process or write HDF5 for position 424. Error: zeros() received an invalid combination of arguments - got (tuple, dtype=str), but expected one of:
 * (tuple of ints size, *, tuple of names names, torch.dtype dtype = None, torch.layout layout = None, torch.device device = None, bool pin_memory = False, bool requires_grad = False)
 * (tuple of ints size, *, Tensor out = None, torch.dtype dtype = None, torch.layout layout = None, torch.device device = None, bool pin_memory = False, bool requires_grad = False)

[Rank 004] Removed partially written file: scanner_layouts_raytracer_patched_508640ff8dc59f67dd884fdbc89ee122/position_424_ppdfs.hdf5
[Rank 004] Evaluating position 454 ...
[Rank 004] ID 0 for position 454
Error: The size of tensor a (2) must match the size of tensor b (262144) at non-singleton dimension 2
[Rank 004] Failed to process or write HDF5 for position 454. Error: zeros() received an invalid combination of arguments - got (tuple, dtype=str), but expected one of:
 * (tuple of ints size, *, tuple of names names, torch.dtype dtype = None, torch.layout layout = None, torch.device device = None, bool pin_memory = False, bool requires_grad = False)
 * (tuple of ints size, *, Tensor out = None, torch.dtype dtype = None, torch.layout layout = None, torch.device device = None, bool pin_memory = False, bool requires_grad = False)

[Rank 004] Removed partially written file: scanner_layouts_raytracer_patched_508640ff8dc59f67dd884fdbc89ee122/position_454_ppdfs.hdf5
[Rank 004] Evaluating position 484 ...
[Rank 004] ID 0 for position 484
Error: The size of tensor a (2) must match the size of tensor b (262144) at non-singleton dimension 2
[Rank 004] Failed to process or write HDF5 for position 484. Error: zeros() received an invalid combination of arguments - got (tuple, dtype=str), but expected one of:
 * (tuple of ints size, *, tuple of names names, torch.dtype dtype = None, torch.layout layout = None, torch.device device = None, bool pin_memory = False, bool requires_grad = False)
 * (tuple of ints size, *, Tensor out = None, torch.dtype dtype = None, torch.layout layout = None, torch.device device = None, bool pin_memory = False, bool requires_grad = False)

[Rank 004] Removed partially written file: scanner_layouts_raytracer_patched_508640ff8dc59f67dd884fdbc89ee122/position_484_ppdfs.hdf5
[Rank 004] Evaluating position 514 ...
[Rank 004] ID 0 for position 514
Error: The size of tensor a (2) must match the size of tensor b (262144) at non-singleton dimension 2
[Rank 004] Failed to process or write HDF5 for position 514. Error: zeros() received an invalid combination of arguments - got (tuple, dtype=str), but expected one of:
 * (tuple of ints size, *, tuple of names names, torch.dtype dtype = None, torch.layout layout = None, torch.device device = None, bool pin_memory = False, bool requires_grad = False)
 * (tuple of ints size, *, Tensor out = None, torch.dtype dtype = None, torch.layout layout = None, torch.device device = None, bool pin_memory = False, bool requires_grad = False)

[Rank 004] Removed partially written file: scanner_layouts_raytracer_patched_508640ff8dc59f67dd884fdbc89ee122/position_514_ppdfs.hdf5
[Rank 004] Evaluating position 544 ...
[Rank 004] ID 0 for position 544
Error: The size of tensor a (2) must match the size of tensor b (262144) at non-singleton dimension 2
[Rank 004] Failed to process or write HDF5 for position 544. Error: zeros() received an invalid combination of arguments - got (tuple, dtype=str), but expected one of:
 * (tuple of ints size, *, tuple of names names, torch.dtype dtype = None, torch.layout layout = None, torch.device device = None, bool pin_memory = False, bool requires_grad = False)
 * (tuple of ints size, *, Tensor out = None, torch.dtype dtype = None, torch.layout layout = None, torch.device device = None, bool pin_memory = False, bool requires_grad = False)

[Rank 015] Removed partially written file: scanner_layouts_raytracer_patched_508640ff8dc59f67dd884fdbc89ee122/position_555_ppdfs.hdf5
[Rank 015] Evaluating position 585 ...
[Rank 015] ID 0 for position 585
Error: The size of tensor a (2) must match the size of tensor b (262144) at non-singleton dimension 2
[Rank 015] Failed to process or write HDF5 for position 585. Error: zeros() received an invalid combination of arguments - got (tuple, dtype=str), but expected one of:
 * (tuple of ints size, *, tuple of names names, torch.dtype dtype = None, torch.layout layout = None, torch.device device = None, bool pin_memory = False, bool requires_grad = False)
 * (tuple of ints size, *, Tensor out = None, torch.dtype dtype = None, torch.layout layout = None, torch.device device = None, bool pin_memory = False, bool requires_grad = False)

[Rank 015] Removed partially written file: scanner_layouts_raytracer_patched_508640ff8dc59f67dd884fdbc89ee122/position_585_ppdfs.hdf5
[Rank 005] Failed to process or write HDF5 for position 275. Error: zeros() received an invalid combination of arguments - got (tuple, dtype=str), but expected one of:
 * (tuple of ints size, *, tuple of names names, torch.dtype dtype = None, torch.layout layout = None, torch.device device = None, bool pin_memory = False, bool requires_grad = False)
 * (tuple of ints size, *, Tensor out = None, torch.dtype dtype = None, torch.layout layout = None, torch.device device = None, bool pin_memory = False, bool requires_grad = False)

[Rank 005] Removed partially written file: scanner_layouts_raytracer_patched_508640ff8dc59f67dd884fdbc89ee122/position_275_ppdfs.hdf5
[Rank 005] Evaluating position 305 ...
[Rank 005] ID 0 for position 305
Error: The size of tensor a (2) must match the size of tensor b (262144) at non-singleton dimension 2
[Rank 005] Failed to process or write HDF5 for position 305. Error: zeros() received an invalid combination of arguments - got (tuple, dtype=str), but expected one of:
 * (tuple of ints size, *, tuple of names names, torch.dtype dtype = None, torch.layout layout = None, torch.device device = None, bool pin_memory = False, bool requires_grad = False)
 * (tuple of ints size, *, Tensor out = None, torch.dtype dtype = None, torch.layout layout = None, torch.device device = None, bool pin_memory = False, bool requires_grad = False)

[Rank 005] Removed partially written file: scanner_layouts_raytracer_patched_508640ff8dc59f67dd884fdbc89ee122/position_305_ppdfs.hdf5
[Rank 005] Evaluating position 335 ...
[Rank 005] ID 0 for position 335
Error: The size of tensor a (2) must match the size of tensor b (262144) at non-singleton dimension 2
[Rank 005] Failed to process or write HDF5 for position 335. Error: zeros() received an invalid combination of arguments - got (tuple, dtype=str), but expected one of:
 * (tuple of ints size, *, tuple of names names, torch.dtype dtype = None, torch.layout layout = None, torch.device device = None, bool pin_memory = False, bool requires_grad = False)
 * (tuple of ints size, *, Tensor out = None, torch.dtype dtype = None, torch.layout layout = None, torch.device device = None, bool pin_memory = False, bool requires_grad = False)

[Rank 005] Removed partially written file: scanner_layouts_raytracer_patched_508640ff8dc59f67dd884fdbc89ee122/position_335_ppdfs.hdf5
[Rank 005] Evaluating position 365 ...
[Rank 005] ID 0 for position 365
Error: The size of tensor a (2) must match the size of tensor b (262144) at non-singleton dimension 2
[Rank 005] Failed to process or write HDF5 for position 365. Error: zeros() received an invalid combination of arguments - got (tuple, dtype=str), but expected one of:
 * (tuple of ints size, *, tuple of names names, torch.dtype dtype = None, torch.layout layout = None, torch.device device = None, bool pin_memory = False, bool requires_grad = False)
 * (tuple of ints size, *, Tensor out = None, torch.dtype dtype = None, torch.layout layout = None, torch.device device = None, bool pin_memory = False, bool requires_grad = False)

[Rank 005] Removed partially written file: scanner_layouts_raytracer_patched_508640ff8dc59f67dd884fdbc89ee122/position_365_ppdfs.hdf5
[Rank 005] Evaluating position 395 ...
[Rank 005] ID 0 for position 395
Error: The size of tensor a (2) must match the size of tensor b (262144) at non-singleton dimension 2
[Rank 005] Failed to process or write HDF5 for position 395. Error: zeros() received an invalid combination of arguments - got (tuple, dtype=str), but expected one of:
 * (tuple of ints size, *, tuple of names names, torch.dtype dtype = None, torch.layout layout = None, torch.device device = None, bool pin_memory = False, bool requires_grad = False)
 * (tuple of ints size, *, Tensor out = None, torch.dtype dtype = None, torch.layout layout = None, torch.device device = None, bool pin_memory = False, bool requires_grad = False)

[Rank 005] Removed partially written file: scanner_layouts_raytracer_patched_508640ff8dc59f67dd884fdbc89ee122/position_395_ppdfs.hdf5
[Rank 005] Evaluating position 425 ...
[Rank 005] ID 0 for position 425
Error: The size of tensor a (2) must match the size of tensor b (262144) at non-singleton dimension 2
[Rank 005] Failed to process or write HDF5 for position 425. Error: zeros() received an invalid combination of arguments - got (tuple, dtype=str), but expected one of:
 * (tuple of ints size, *, tuple of names names, torch.dtype dtype = None, torch.layout layout = None, torch.device device = None, bool pin_memory = False, bool requires_grad = False)
 * (tuple of ints size, *, Tensor out = None, torch.dtype dtype = None, torch.layout layout = None, torch.device device = None, bool pin_memory = False, bool requires_grad = False)

[Rank 005] Removed partially written file: scanner_layouts_raytracer_patched_508640ff8dc59f67dd884fdbc89ee122/position_425_ppdfs.hdf5
[Rank 005] Evaluating position 455 ...
[Rank 005] ID 0 for position 455
Error: The size of tensor a (2) must match the size of tensor b (262144) at non-singleton dimension 2
[Rank 005] Failed to process or write HDF5 for position 455. Error: zeros() received an invalid combination of arguments - got (tuple, dtype=str), but expected one of:
 * (tuple of ints size, *, tuple of names names, torch.dtype dtype = None, torch.layout layout = None, torch.device device = None, bool pin_memory = False, bool requires_grad = False)
 * (tuple of ints size, *, Tensor out = None, torch.dtype dtype = None, torch.layout layout = None, torch.device device = None, bool pin_memory = False, bool requires_grad = False)

[Rank 005] Removed partially written file: scanner_layouts_raytracer_patched_508640ff8dc59f67dd884fdbc89ee122/position_455_ppdfs.hdf5
[Rank 005] Evaluating position 485 ...
[Rank 005] ID 0 for position 485
Error: The size of tensor a (2) must match the size of tensor b (262144) at non-singleton dimension 2
[Rank 005] Failed to process or write HDF5 for position 485. Error: zeros() received an invalid combination of arguments - got (tuple, dtype=str), but expected one of:
 * (tuple of ints size, *, tuple of names names, torch.dtype dtype = None, torch.layout layout = None, torch.device device = None, bool pin_memory = False, bool requires_grad = False)
 * (tuple of ints size, *, Tensor out = None, torch.dtype dtype = None, torch.layout layout = None, torch.device device = None, bool pin_memory = False, bool requires_grad = False)

[Rank 005] Removed partially written file: scanner_layouts_raytracer_patched_508640ff8dc59f67dd884fdbc89ee122/position_485_ppdfs.hdf5
[Rank 005] Evaluating position 515 ...
[Rank 005] ID 0 for position 515
Error: The size of tensor a (2) must match the size of tensor b (262144) at non-singleton dimension 2
[Rank 005] Failed to process or write HDF5 for position 515. Error: zeros() received an invalid combination of arguments - got (tuple, dtype=str), but expected one of:
 * (tuple of ints size, *, tuple of names names, torch.dtype dtype = None, torch.layout layout = None, torch.device device = None, bool pin_memory = False, bool requires_grad = False)
 * (tuple of ints size, *, Tensor out = None, torch.dtype dtype = None, torch.layout layout = None, torch.device device = None, bool pin_memory = False, bool requires_grad = False)

[Rank 005] Removed partially written file: scanner_layouts_raytracer_patched_508640ff8dc59f67dd884fdbc89ee122/position_515_ppdfs.hdf5
[Rank 005] Evaluating position 545 ...
[Rank 005] ID 0 for position 545
Error: The size of tensor a (2) must match the size of tensor b (262144) at non-singleton dimension 2
[Rank 005] Failed to process or write HDF5 for position 545. Error: zeros() received an invalid combination of arguments - got (tuple, dtype=str), but expected one of:
 * (tuple of ints size, *, tuple of names names, torch.dtype dtype = None, torch.layout layout = None, torch.device device = None, bool pin_memory = False, bool requires_grad = False)
 * (tuple of ints size, *, Tensor out = None, torch.dtype dtype = None, torch.layout layout = None, torch.device device = None, bool pin_memory = False, bool requires_grad = False)

[Rank 023] Failed to process or write HDF5 for position 293. Error: zeros() received an invalid combination of arguments - got (tuple, dtype=str), but expected one of:
 * (tuple of ints size, *, tuple of names names, torch.dtype dtype = None, torch.layout layout = None, torch.device device = None, bool pin_memory = False, bool requires_grad = False)
 * (tuple of ints size, *, Tensor out = None, torch.dtype dtype = None, torch.layout layout = None, torch.device device = None, bool pin_memory = False, bool requires_grad = False)

[Rank 023] Removed partially written file: scanner_layouts_raytracer_patched_508640ff8dc59f67dd884fdbc89ee122/position_293_ppdfs.hdf5
[Rank 023] Evaluating position 323 ...
[Rank 023] ID 0 for position 323
Error: The size of tensor a (2) must match the size of tensor b (262144) at non-singleton dimension 2
[Rank 023] Failed to process or write HDF5 for position 323. Error: zeros() received an invalid combination of arguments - got (tuple, dtype=str), but expected one of:
 * (tuple of ints size, *, tuple of names names, torch.dtype dtype = None, torch.layout layout = None, torch.device device = None, bool pin_memory = False, bool requires_grad = False)
 * (tuple of ints size, *, Tensor out = None, torch.dtype dtype = None, torch.layout layout = None, torch.device device = None, bool pin_memory = False, bool requires_grad = False)

[Rank 023] Removed partially written file: scanner_layouts_raytracer_patched_508640ff8dc59f67dd884fdbc89ee122/position_323_ppdfs.hdf5
[Rank 023] Evaluating position 353 ...
[Rank 023] ID 0 for position 353
Error: The size of tensor a (2) must match the size of tensor b (262144) at non-singleton dimension 2
[Rank 023] Failed to process or write HDF5 for position 353. Error: zeros() received an invalid combination of arguments - got (tuple, dtype=str), but expected one of:
 * (tuple of ints size, *, tuple of names names, torch.dtype dtype = None, torch.layout layout = None, torch.device device = None, bool pin_memory = False, bool requires_grad = False)
 * (tuple of ints size, *, Tensor out = None, torch.dtype dtype = None, torch.layout layout = None, torch.device device = None, bool pin_memory = False, bool requires_grad = False)

[Rank 023] Removed partially written file: scanner_layouts_raytracer_patched_508640ff8dc59f67dd884fdbc89ee122/position_353_ppdfs.hdf5
[Rank 023] Evaluating position 383 ...
[Rank 023] ID 0 for position 383
Error: The size of tensor a (2) must match the size of tensor b (262144) at non-singleton dimension 2
[Rank 023] Failed to process or write HDF5 for position 383. Error: zeros() received an invalid combination of arguments - got (tuple, dtype=str), but expected one of:
 * (tuple of ints size, *, tuple of names names, torch.dtype dtype = None, torch.layout layout = None, torch.device device = None, bool pin_memory = False, bool requires_grad = False)
 * (tuple of ints size, *, Tensor out = None, torch.dtype dtype = None, torch.layout layout = None, torch.device device = None, bool pin_memory = False, bool requires_grad = False)

[Rank 023] Removed partially written file: scanner_layouts_raytracer_patched_508640ff8dc59f67dd884fdbc89ee122/position_383_ppdfs.hdf5
[Rank 023] Evaluating position 413 ...
[Rank 023] ID 0 for position 413
Error: The size of tensor a (2) must match the size of tensor b (262144) at non-singleton dimension 2
[Rank 023] Failed to process or write HDF5 for position 413. Error: zeros() received an invalid combination of arguments - got (tuple, dtype=str), but expected one of:
 * (tuple of ints size, *, tuple of names names, torch.dtype dtype = None, torch.layout layout = None, torch.device device = None, bool pin_memory = False, bool requires_grad = False)
 * (tuple of ints size, *, Tensor out = None, torch.dtype dtype = None, torch.layout layout = None, torch.device device = None, bool pin_memory = False, bool requires_grad = False)

[Rank 023] Removed partially written file: scanner_layouts_raytracer_patched_508640ff8dc59f67dd884fdbc89ee122/position_413_ppdfs.hdf5
[Rank 023] Evaluating position 443 ...
[Rank 023] ID 0 for position 443
Error: The size of tensor a (2) must match the size of tensor b (262144) at non-singleton dimension 2
[Rank 023] Failed to process or write HDF5 for position 443. Error: zeros() received an invalid combination of arguments - got (tuple, dtype=str), but expected one of:
 * (tuple of ints size, *, tuple of names names, torch.dtype dtype = None, torch.layout layout = None, torch.device device = None, bool pin_memory = False, bool requires_grad = False)
 * (tuple of ints size, *, Tensor out = None, torch.dtype dtype = None, torch.layout layout = None, torch.device device = None, bool pin_memory = False, bool requires_grad = False)

[Rank 023] Removed partially written file: scanner_layouts_raytracer_patched_508640ff8dc59f67dd884fdbc89ee122/position_443_ppdfs.hdf5
[Rank 023] Evaluating position 473 ...
[Rank 023] ID 0 for position 473
Error: The size of tensor a (2) must match the size of tensor b (262144) at non-singleton dimension 2
[Rank 023] Failed to process or write HDF5 for position 473. Error: zeros() received an invalid combination of arguments - got (tuple, dtype=str), but expected one of:
 * (tuple of ints size, *, tuple of names names, torch.dtype dtype = None, torch.layout layout = None, torch.device device = None, bool pin_memory = False, bool requires_grad = False)
 * (tuple of ints size, *, Tensor out = None, torch.dtype dtype = None, torch.layout layout = None, torch.device device = None, bool pin_memory = False, bool requires_grad = False)

[Rank 023] Removed partially written file: scanner_layouts_raytracer_patched_508640ff8dc59f67dd884fdbc89ee122/position_473_ppdfs.hdf5
[Rank 023] Evaluating position 503 ...
[Rank 023] ID 0 for position 503
Error: The size of tensor a (2) must match the size of tensor b (262144) at non-singleton dimension 2
[Rank 023] Failed to process or write HDF5 for position 503. Error: zeros() received an invalid combination of arguments - got (tuple, dtype=str), but expected one of:
 * (tuple of ints size, *, tuple of names names, torch.dtype dtype = None, torch.layout layout = None, torch.device device = None, bool pin_memory = False, bool requires_grad = False)
 * (tuple of ints size, *, Tensor out = None, torch.dtype dtype = None, torch.layout layout = None, torch.device device = None, bool pin_memory = False, bool requires_grad = False)

[Rank 023] Removed partially written file: scanner_layouts_raytracer_patched_508640ff8dc59f67dd884fdbc89ee122/position_503_ppdfs.hdf5
[Rank 023] Evaluating position 533 ...
[Rank 023] ID 0 for position 533
Error: The size of tensor a (2) must match the size of tensor b (262144) at non-singleton dimension 2
[Rank 023] Failed to process or write HDF5 for position 533. Error: zeros() received an invalid combination of arguments - got (tuple, dtype=str), but expected one of:
 * (tuple of ints size, *, tuple of names names, torch.dtype dtype = None, torch.layout layout = None, torch.device device = None, bool pin_memory = False, bool requires_grad = False)
 * (tuple of ints size, *, Tensor out = None, torch.dtype dtype = None, torch.layout layout = None, torch.device device = None, bool pin_memory = False, bool requires_grad = False)

[Rank 023] Removed partially written file: scanner_layouts_raytracer_patched_508640ff8dc59f67dd884fdbc89ee122/position_533_ppdfs.hdf5
[Rank 023] Evaluating position 563 ...
[Rank 023] ID 0 for position 563
Error: The size of tensor a (2) must match the size of tensor b (262144) at non-singleton dimension 2
[Rank 023] Failed to process or write HDF5 for position 563. Error: zeros() received an invalid combination of arguments - got (tuple, dtype=str), but expected one of:
 * (tuple of ints size, *, tuple of names names, torch.dtype dtype = None, torch.layout layout = None, torch.device device = None, bool pin_memory = False, bool requires_grad = False)
 * (tuple of ints size, *, Tensor out = None, torch.dtype dtype = None, torch.layout layout = None, torch.device device = None, bool pin_memory = False, bool requires_grad = False)

[Rank 028] Failed to process or write HDF5 for position 298. Error: zeros() received an invalid combination of arguments - got (tuple, dtype=str), but expected one of:
 * (tuple of ints size, *, tuple of names names, torch.dtype dtype = None, torch.layout layout = None, torch.device device = None, bool pin_memory = False, bool requires_grad = False)
 * (tuple of ints size, *, Tensor out = None, torch.dtype dtype = None, torch.layout layout = None, torch.device device = None, bool pin_memory = False, bool requires_grad = False)

[Rank 028] Removed partially written file: scanner_layouts_raytracer_patched_508640ff8dc59f67dd884fdbc89ee122/position_298_ppdfs.hdf5
[Rank 028] Evaluating position 328 ...
[Rank 028] ID 0 for position 328
Error: The size of tensor a (2) must match the size of tensor b (262144) at non-singleton dimension 2
[Rank 028] Failed to process or write HDF5 for position 328. Error: zeros() received an invalid combination of arguments - got (tuple, dtype=str), but expected one of:
 * (tuple of ints size, *, tuple of names names, torch.dtype dtype = None, torch.layout layout = None, torch.device device = None, bool pin_memory = False, bool requires_grad = False)
 * (tuple of ints size, *, Tensor out = None, torch.dtype dtype = None, torch.layout layout = None, torch.device device = None, bool pin_memory = False, bool requires_grad = False)

[Rank 028] Removed partially written file: scanner_layouts_raytracer_patched_508640ff8dc59f67dd884fdbc89ee122/position_328_ppdfs.hdf5
[Rank 028] Evaluating position 358 ...
[Rank 028] ID 0 for position 358
Error: The size of tensor a (2) must match the size of tensor b (262144) at non-singleton dimension 2
[Rank 028] Failed to process or write HDF5 for position 358. Error: zeros() received an invalid combination of arguments - got (tuple, dtype=str), but expected one of:
 * (tuple of ints size, *, tuple of names names, torch.dtype dtype = None, torch.layout layout = None, torch.device device = None, bool pin_memory = False, bool requires_grad = False)
 * (tuple of ints size, *, Tensor out = None, torch.dtype dtype = None, torch.layout layout = None, torch.device device = None, bool pin_memory = False, bool requires_grad = False)

[Rank 028] Removed partially written file: scanner_layouts_raytracer_patched_508640ff8dc59f67dd884fdbc89ee122/position_358_ppdfs.hdf5
[Rank 028] Evaluating position 388 ...
[Rank 028] ID 0 for position 388
Error: The size of tensor a (2) must match the size of tensor b (262144) at non-singleton dimension 2
[Rank 028] Failed to process or write HDF5 for position 388. Error: zeros() received an invalid combination of arguments - got (tuple, dtype=str), but expected one of:
 * (tuple of ints size, *, tuple of names names, torch.dtype dtype = None, torch.layout layout = None, torch.device device = None, bool pin_memory = False, bool requires_grad = False)
 * (tuple of ints size, *, Tensor out = None, torch.dtype dtype = None, torch.layout layout = None, torch.device device = None, bool pin_memory = False, bool requires_grad = False)

[Rank 028] Removed partially written file: scanner_layouts_raytracer_patched_508640ff8dc59f67dd884fdbc89ee122/position_388_ppdfs.hdf5
[Rank 028] Evaluating position 418 ...
[Rank 028] ID 0 for position 418
Error: The size of tensor a (2) must match the size of tensor b (262144) at non-singleton dimension 2
[Rank 028] Failed to process or write HDF5 for position 418. Error: zeros() received an invalid combination of arguments - got (tuple, dtype=str), but expected one of:
 * (tuple of ints size, *, tuple of names names, torch.dtype dtype = None, torch.layout layout = None, torch.device device = None, bool pin_memory = False, bool requires_grad = False)
 * (tuple of ints size, *, Tensor out = None, torch.dtype dtype = None, torch.layout layout = None, torch.device device = None, bool pin_memory = False, bool requires_grad = False)

[Rank 028] Removed partially written file: scanner_layouts_raytracer_patched_508640ff8dc59f67dd884fdbc89ee122/position_418_ppdfs.hdf5
[Rank 028] Evaluating position 448 ...
[Rank 028] ID 0 for position 448
Error: The size of tensor a (2) must match the size of tensor b (262144) at non-singleton dimension 2
[Rank 028] Failed to process or write HDF5 for position 448. Error: zeros() received an invalid combination of arguments - got (tuple, dtype=str), but expected one of:
 * (tuple of ints size, *, tuple of names names, torch.dtype dtype = None, torch.layout layout = None, torch.device device = None, bool pin_memory = False, bool requires_grad = False)
 * (tuple of ints size, *, Tensor out = None, torch.dtype dtype = None, torch.layout layout = None, torch.device device = None, bool pin_memory = False, bool requires_grad = False)

[Rank 028] Removed partially written file: scanner_layouts_raytracer_patched_508640ff8dc59f67dd884fdbc89ee122/position_448_ppdfs.hdf5
[Rank 028] Evaluating position 478 ...
[Rank 028] ID 0 for position 478
Error: The size of tensor a (2) must match the size of tensor b (262144) at non-singleton dimension 2
[Rank 028] Failed to process or write HDF5 for position 478. Error: zeros() received an invalid combination of arguments - got (tuple, dtype=str), but expected one of:
 * (tuple of ints size, *, tuple of names names, torch.dtype dtype = None, torch.layout layout = None, torch.device device = None, bool pin_memory = False, bool requires_grad = False)
 * (tuple of ints size, *, Tensor out = None, torch.dtype dtype = None, torch.layout layout = None, torch.device device = None, bool pin_memory = False, bool requires_grad = False)

[Rank 028] Removed partially written file: scanner_layouts_raytracer_patched_508640ff8dc59f67dd884fdbc89ee122/position_478_ppdfs.hdf5
[Rank 028] Evaluating position 508 ...
[Rank 028] ID 0 for position 508
Error: The size of tensor a (2) must match the size of tensor b (262144) at non-singleton dimension 2
[Rank 028] Failed to process or write HDF5 for position 508. Error: zeros() received an invalid combination of arguments - got (tuple, dtype=str), but expected one of:
 * (tuple of ints size, *, tuple of names names, torch.dtype dtype = None, torch.layout layout = None, torch.device device = None, bool pin_memory = False, bool requires_grad = False)
 * (tuple of ints size, *, Tensor out = None, torch.dtype dtype = None, torch.layout layout = None, torch.device device = None, bool pin_memory = False, bool requires_grad = False)

[Rank 028] Removed partially written file: scanner_layouts_raytracer_patched_508640ff8dc59f67dd884fdbc89ee122/position_508_ppdfs.hdf5
[Rank 028] Evaluating position 538 ...
[Rank 028] ID 0 for position 538
Error: The size of tensor a (2) must match the size of tensor b (262144) at non-singleton dimension 2
[Rank 028] Failed to process or write HDF5 for position 538. Error: zeros() received an invalid combination of arguments - got (tuple, dtype=str), but expected one of:
 * (tuple of ints size, *, tuple of names names, torch.dtype dtype = None, torch.layout layout = None, torch.device device = None, bool pin_memory = False, bool requires_grad = False)
 * (tuple of ints size, *, Tensor out = None, torch.dtype dtype = None, torch.layout layout = None, torch.device device = None, bool pin_memory = False, bool requires_grad = False)

[Rank 028] Removed partially written file: scanner_layouts_raytracer_patched_508640ff8dc59f67dd884fdbc89ee122/position_538_ppdfs.hdf5
[Rank 028] Evaluating position 568 ...
[Rank 028] ID 0 for position 568
Error: The size of tensor a (2) must match the size of tensor b (262144) at non-singleton dimension 2
[Rank 028] Failed to process or write HDF5 for position 568. Error: zeros() received an invalid combination of arguments - got (tuple, dtype=str), but expected one of:
 * (tuple of ints size, *, tuple of names names, torch.dtype dtype = None, torch.layout layout = None, torch.device device = None, bool pin_memory = False, bool requires_grad = False)
 * (tuple of ints size, *, Tensor out = None, torch.dtype dtype = None, torch.layout layout = None, torch.device device = None, bool pin_memory = False, bool requires_grad = False)

[Rank 004] Removed partially written file: scanner_layouts_raytracer_patched_508640ff8dc59f67dd884fdbc89ee122/position_544_ppdfs.hdf5
[Rank 004] Evaluating position 574 ...
[Rank 004] ID 0 for position 574
Error: The size of tensor a (2) must match the size of tensor b (262144) at non-singleton dimension 2
[Rank 004] Failed to process or write HDF5 for position 574. Error: zeros() received an invalid combination of arguments - got (tuple, dtype=str), but expected one of:
 * (tuple of ints size, *, tuple of names names, torch.dtype dtype = None, torch.layout layout = None, torch.device device = None, bool pin_memory = False, bool requires_grad = False)
 * (tuple of ints size, *, Tensor out = None, torch.dtype dtype = None, torch.layout layout = None, torch.device device = None, bool pin_memory = False, bool requires_grad = False)

[Rank 004] Removed partially written file: scanner_layouts_raytracer_patched_508640ff8dc59f67dd884fdbc89ee122/position_574_ppdfs.hdf5
[Rank 029] Failed to process or write HDF5 for position 299. Error: zeros() received an invalid combination of arguments - got (tuple, dtype=str), but expected one of:
 * (tuple of ints size, *, tuple of names names, torch.dtype dtype = None, torch.layout layout = None, torch.device device = None, bool pin_memory = False, bool requires_grad = False)
 * (tuple of ints size, *, Tensor out = None, torch.dtype dtype = None, torch.layout layout = None, torch.device device = None, bool pin_memory = False, bool requires_grad = False)

[Rank 029] Removed partially written file: scanner_layouts_raytracer_patched_508640ff8dc59f67dd884fdbc89ee122/position_299_ppdfs.hdf5
[Rank 029] Evaluating position 329 ...
[Rank 029] ID 0 for position 329
Error: The size of tensor a (2) must match the size of tensor b (262144) at non-singleton dimension 2
[Rank 029] Failed to process or write HDF5 for position 329. Error: zeros() received an invalid combination of arguments - got (tuple, dtype=str), but expected one of:
 * (tuple of ints size, *, tuple of names names, torch.dtype dtype = None, torch.layout layout = None, torch.device device = None, bool pin_memory = False, bool requires_grad = False)
 * (tuple of ints size, *, Tensor out = None, torch.dtype dtype = None, torch.layout layout = None, torch.device device = None, bool pin_memory = False, bool requires_grad = False)

[Rank 029] Removed partially written file: scanner_layouts_raytracer_patched_508640ff8dc59f67dd884fdbc89ee122/position_329_ppdfs.hdf5
[Rank 029] Evaluating position 359 ...
[Rank 029] ID 0 for position 359
Error: The size of tensor a (2) must match the size of tensor b (262144) at non-singleton dimension 2
[Rank 029] Failed to process or write HDF5 for position 359. Error: zeros() received an invalid combination of arguments - got (tuple, dtype=str), but expected one of:
 * (tuple of ints size, *, tuple of names names, torch.dtype dtype = None, torch.layout layout = None, torch.device device = None, bool pin_memory = False, bool requires_grad = False)
 * (tuple of ints size, *, Tensor out = None, torch.dtype dtype = None, torch.layout layout = None, torch.device device = None, bool pin_memory = False, bool requires_grad = False)

[Rank 029] Removed partially written file: scanner_layouts_raytracer_patched_508640ff8dc59f67dd884fdbc89ee122/position_359_ppdfs.hdf5
[Rank 029] Evaluating position 389 ...
[Rank 029] ID 0 for position 389
Error: The size of tensor a (2) must match the size of tensor b (262144) at non-singleton dimension 2
[Rank 029] Failed to process or write HDF5 for position 389. Error: zeros() received an invalid combination of arguments - got (tuple, dtype=str), but expected one of:
 * (tuple of ints size, *, tuple of names names, torch.dtype dtype = None, torch.layout layout = None, torch.device device = None, bool pin_memory = False, bool requires_grad = False)
 * (tuple of ints size, *, Tensor out = None, torch.dtype dtype = None, torch.layout layout = None, torch.device device = None, bool pin_memory = False, bool requires_grad = False)

[Rank 029] Removed partially written file: scanner_layouts_raytracer_patched_508640ff8dc59f67dd884fdbc89ee122/position_389_ppdfs.hdf5
[Rank 029] Evaluating position 419 ...
[Rank 029] ID 0 for position 419
Error: The size of tensor a (2) must match the size of tensor b (262144) at non-singleton dimension 2
[Rank 029] Failed to process or write HDF5 for position 419. Error: zeros() received an invalid combination of arguments - got (tuple, dtype=str), but expected one of:
 * (tuple of ints size, *, tuple of names names, torch.dtype dtype = None, torch.layout layout = None, torch.device device = None, bool pin_memory = False, bool requires_grad = False)
 * (tuple of ints size, *, Tensor out = None, torch.dtype dtype = None, torch.layout layout = None, torch.device device = None, bool pin_memory = False, bool requires_grad = False)

[Rank 029] Removed partially written file: scanner_layouts_raytracer_patched_508640ff8dc59f67dd884fdbc89ee122/position_419_ppdfs.hdf5
[Rank 029] Evaluating position 449 ...
[Rank 029] ID 0 for position 449
Error: The size of tensor a (2) must match the size of tensor b (262144) at non-singleton dimension 2
[Rank 029] Failed to process or write HDF5 for position 449. Error: zeros() received an invalid combination of arguments - got (tuple, dtype=str), but expected one of:
 * (tuple of ints size, *, tuple of names names, torch.dtype dtype = None, torch.layout layout = None, torch.device device = None, bool pin_memory = False, bool requires_grad = False)
 * (tuple of ints size, *, Tensor out = None, torch.dtype dtype = None, torch.layout layout = None, torch.device device = None, bool pin_memory = False, bool requires_grad = False)

[Rank 029] Removed partially written file: scanner_layouts_raytracer_patched_508640ff8dc59f67dd884fdbc89ee122/position_449_ppdfs.hdf5
[Rank 029] Evaluating position 479 ...
[Rank 029] ID 0 for position 479
Error: The size of tensor a (2) must match the size of tensor b (262144) at non-singleton dimension 2
[Rank 029] Failed to process or write HDF5 for position 479. Error: zeros() received an invalid combination of arguments - got (tuple, dtype=str), but expected one of:
 * (tuple of ints size, *, tuple of names names, torch.dtype dtype = None, torch.layout layout = None, torch.device device = None, bool pin_memory = False, bool requires_grad = False)
 * (tuple of ints size, *, Tensor out = None, torch.dtype dtype = None, torch.layout layout = None, torch.device device = None, bool pin_memory = False, bool requires_grad = False)

[Rank 029] Removed partially written file: scanner_layouts_raytracer_patched_508640ff8dc59f67dd884fdbc89ee122/position_479_ppdfs.hdf5
[Rank 029] Evaluating position 509 ...
[Rank 029] ID 0 for position 509
Error: The size of tensor a (2) must match the size of tensor b (262144) at non-singleton dimension 2
[Rank 029] Failed to process or write HDF5 for position 509. Error: zeros() received an invalid combination of arguments - got (tuple, dtype=str), but expected one of:
 * (tuple of ints size, *, tuple of names names, torch.dtype dtype = None, torch.layout layout = None, torch.device device = None, bool pin_memory = False, bool requires_grad = False)
 * (tuple of ints size, *, Tensor out = None, torch.dtype dtype = None, torch.layout layout = None, torch.device device = None, bool pin_memory = False, bool requires_grad = False)

[Rank 029] Removed partially written file: scanner_layouts_raytracer_patched_508640ff8dc59f67dd884fdbc89ee122/position_509_ppdfs.hdf5
[Rank 029] Evaluating position 539 ...
[Rank 029] ID 0 for position 539
Error: The size of tensor a (2) must match the size of tensor b (262144) at non-singleton dimension 2
[Rank 029] Failed to process or write HDF5 for position 539. Error: zeros() received an invalid combination of arguments - got (tuple, dtype=str), but expected one of:
 * (tuple of ints size, *, tuple of names names, torch.dtype dtype = None, torch.layout layout = None, torch.device device = None, bool pin_memory = False, bool requires_grad = False)
 * (tuple of ints size, *, Tensor out = None, torch.dtype dtype = None, torch.layout layout = None, torch.device device = None, bool pin_memory = False, bool requires_grad = False)

[Rank 029] Removed partially written file: scanner_layouts_raytracer_patched_508640ff8dc59f67dd884fdbc89ee122/position_539_ppdfs.hdf5
[Rank 029] Evaluating position 569 ...
[Rank 029] ID 0 for position 569
Error: The size of tensor a (2) must match the size of tensor b (262144) at non-singleton dimension 2
[Rank 029] Failed to process or write HDF5 for position 569. Error: zeros() received an invalid combination of arguments - got (tuple, dtype=str), but expected one of:
 * (tuple of ints size, *, tuple of names names, torch.dtype dtype = None, torch.layout layout = None, torch.device device = None, bool pin_memory = False, bool requires_grad = False)
 * (tuple of ints size, *, Tensor out = None, torch.dtype dtype = None, torch.layout layout = None, torch.device device = None, bool pin_memory = False, bool requires_grad = False)

[Rank 003] Failed to process or write HDF5 for position 273. Error: zeros() received an invalid combination of arguments - got (tuple, dtype=str), but expected one of:
 * (tuple of ints size, *, tuple of names names, torch.dtype dtype = None, torch.layout layout = None, torch.device device = None, bool pin_memory = False, bool requires_grad = False)
 * (tuple of ints size, *, Tensor out = None, torch.dtype dtype = None, torch.layout layout = None, torch.device device = None, bool pin_memory = False, bool requires_grad = False)

[Rank 003] Removed partially written file: scanner_layouts_raytracer_patched_508640ff8dc59f67dd884fdbc89ee122/position_273_ppdfs.hdf5
[Rank 003] Evaluating position 303 ...
[Rank 003] ID 0 for position 303
Error: The size of tensor a (2) must match the size of tensor b (262144) at non-singleton dimension 2
[Rank 003] Failed to process or write HDF5 for position 303. Error: zeros() received an invalid combination of arguments - got (tuple, dtype=str), but expected one of:
 * (tuple of ints size, *, tuple of names names, torch.dtype dtype = None, torch.layout layout = None, torch.device device = None, bool pin_memory = False, bool requires_grad = False)
 * (tuple of ints size, *, Tensor out = None, torch.dtype dtype = None, torch.layout layout = None, torch.device device = None, bool pin_memory = False, bool requires_grad = False)

[Rank 003] Removed partially written file: scanner_layouts_raytracer_patched_508640ff8dc59f67dd884fdbc89ee122/position_303_ppdfs.hdf5
[Rank 003] Evaluating position 333 ...
[Rank 003] ID 0 for position 333
Error: The size of tensor a (2) must match the size of tensor b (262144) at non-singleton dimension 2
[Rank 003] Failed to process or write HDF5 for position 333. Error: zeros() received an invalid combination of arguments - got (tuple, dtype=str), but expected one of:
 * (tuple of ints size, *, tuple of names names, torch.dtype dtype = None, torch.layout layout = None, torch.device device = None, bool pin_memory = False, bool requires_grad = False)
 * (tuple of ints size, *, Tensor out = None, torch.dtype dtype = None, torch.layout layout = None, torch.device device = None, bool pin_memory = False, bool requires_grad = False)

[Rank 003] Removed partially written file: scanner_layouts_raytracer_patched_508640ff8dc59f67dd884fdbc89ee122/position_333_ppdfs.hdf5
[Rank 003] Evaluating position 363 ...
[Rank 003] ID 0 for position 363
Error: The size of tensor a (2) must match the size of tensor b (262144) at non-singleton dimension 2
[Rank 003] Failed to process or write HDF5 for position 363. Error: zeros() received an invalid combination of arguments - got (tuple, dtype=str), but expected one of:
 * (tuple of ints size, *, tuple of names names, torch.dtype dtype = None, torch.layout layout = None, torch.device device = None, bool pin_memory = False, bool requires_grad = False)
 * (tuple of ints size, *, Tensor out = None, torch.dtype dtype = None, torch.layout layout = None, torch.device device = None, bool pin_memory = False, bool requires_grad = False)

[Rank 003] Removed partially written file: scanner_layouts_raytracer_patched_508640ff8dc59f67dd884fdbc89ee122/position_363_ppdfs.hdf5
[Rank 003] Evaluating position 393 ...
[Rank 003] ID 0 for position 393
Error: The size of tensor a (2) must match the size of tensor b (262144) at non-singleton dimension 2
[Rank 003] Failed to process or write HDF5 for position 393. Error: zeros() received an invalid combination of arguments - got (tuple, dtype=str), but expected one of:
 * (tuple of ints size, *, tuple of names names, torch.dtype dtype = None, torch.layout layout = None, torch.device device = None, bool pin_memory = False, bool requires_grad = False)
 * (tuple of ints size, *, Tensor out = None, torch.dtype dtype = None, torch.layout layout = None, torch.device device = None, bool pin_memory = False, bool requires_grad = False)

[Rank 003] Removed partially written file: scanner_layouts_raytracer_patched_508640ff8dc59f67dd884fdbc89ee122/position_393_ppdfs.hdf5
[Rank 003] Evaluating position 423 ...
[Rank 003] ID 0 for position 423
Error: The size of tensor a (2) must match the size of tensor b (262144) at non-singleton dimension 2
[Rank 003] Failed to process or write HDF5 for position 423. Error: zeros() received an invalid combination of arguments - got (tuple, dtype=str), but expected one of:
 * (tuple of ints size, *, tuple of names names, torch.dtype dtype = None, torch.layout layout = None, torch.device device = None, bool pin_memory = False, bool requires_grad = False)
 * (tuple of ints size, *, Tensor out = None, torch.dtype dtype = None, torch.layout layout = None, torch.device device = None, bool pin_memory = False, bool requires_grad = False)

[Rank 003] Removed partially written file: scanner_layouts_raytracer_patched_508640ff8dc59f67dd884fdbc89ee122/position_423_ppdfs.hdf5
[Rank 003] Evaluating position 453 ...
[Rank 003] ID 0 for position 453
Error: The size of tensor a (2) must match the size of tensor b (262144) at non-singleton dimension 2
[Rank 003] Failed to process or write HDF5 for position 453. Error: zeros() received an invalid combination of arguments - got (tuple, dtype=str), but expected one of:
 * (tuple of ints size, *, tuple of names names, torch.dtype dtype = None, torch.layout layout = None, torch.device device = None, bool pin_memory = False, bool requires_grad = False)
 * (tuple of ints size, *, Tensor out = None, torch.dtype dtype = None, torch.layout layout = None, torch.device device = None, bool pin_memory = False, bool requires_grad = False)

[Rank 003] Removed partially written file: scanner_layouts_raytracer_patched_508640ff8dc59f67dd884fdbc89ee122/position_453_ppdfs.hdf5
[Rank 003] Evaluating position 483 ...
[Rank 003] ID 0 for position 483
Error: The size of tensor a (2) must match the size of tensor b (262144) at non-singleton dimension 2
[Rank 003] Failed to process or write HDF5 for position 483. Error: zeros() received an invalid combination of arguments - got (tuple, dtype=str), but expected one of:
 * (tuple of ints size, *, tuple of names names, torch.dtype dtype = None, torch.layout layout = None, torch.device device = None, bool pin_memory = False, bool requires_grad = False)
 * (tuple of ints size, *, Tensor out = None, torch.dtype dtype = None, torch.layout layout = None, torch.device device = None, bool pin_memory = False, bool requires_grad = False)

[Rank 003] Removed partially written file: scanner_layouts_raytracer_patched_508640ff8dc59f67dd884fdbc89ee122/position_483_ppdfs.hdf5
[Rank 003] Evaluating position 513 ...
[Rank 003] ID 0 for position 513
Error: The size of tensor a (2) must match the size of tensor b (262144) at non-singleton dimension 2
[Rank 003] Failed to process or write HDF5 for position 513. Error: zeros() received an invalid combination of arguments - got (tuple, dtype=str), but expected one of:
 * (tuple of ints size, *, tuple of names names, torch.dtype dtype = None, torch.layout layout = None, torch.device device = None, bool pin_memory = False, bool requires_grad = False)
 * (tuple of ints size, *, Tensor out = None, torch.dtype dtype = None, torch.layout layout = None, torch.device device = None, bool pin_memory = False, bool requires_grad = False)

[Rank 003] Removed partially written file: scanner_layouts_raytracer_patched_508640ff8dc59f67dd884fdbc89ee122/position_513_ppdfs.hdf5
[Rank 003] Evaluating position 543 ...
[Rank 003] ID 0 for position 543
Error: The size of tensor a (2) must match the size of tensor b (262144) at non-singleton dimension 2
[Rank 003] Failed to process or write HDF5 for position 543. Error: zeros() received an invalid combination of arguments - got (tuple, dtype=str), but expected one of:
 * (tuple of ints size, *, tuple of names names, torch.dtype dtype = None, torch.layout layout = None, torch.device device = None, bool pin_memory = False, bool requires_grad = False)
 * (tuple of ints size, *, Tensor out = None, torch.dtype dtype = None, torch.layout layout = None, torch.device device = None, bool pin_memory = False, bool requires_grad = False)

[Rank 005] Removed partially written file: scanner_layouts_raytracer_patched_508640ff8dc59f67dd884fdbc89ee122/position_545_ppdfs.hdf5
[Rank 005] Evaluating position 575 ...
[Rank 005] ID 0 for position 575
Error: The size of tensor a (2) must match the size of tensor b (262144) at non-singleton dimension 2
[Rank 005] Failed to process or write HDF5 for position 575. Error: zeros() received an invalid combination of arguments - got (tuple, dtype=str), but expected one of:
 * (tuple of ints size, *, tuple of names names, torch.dtype dtype = None, torch.layout layout = None, torch.device device = None, bool pin_memory = False, bool requires_grad = False)
 * (tuple of ints size, *, Tensor out = None, torch.dtype dtype = None, torch.layout layout = None, torch.device device = None, bool pin_memory = False, bool requires_grad = False)

[Rank 005] Removed partially written file: scanner_layouts_raytracer_patched_508640ff8dc59f67dd884fdbc89ee122/position_575_ppdfs.hdf5
[Rank 023] Removed partially written file: scanner_layouts_raytracer_patched_508640ff8dc59f67dd884fdbc89ee122/position_563_ppdfs.hdf5
[Rank 023] Evaluating position 593 ...
[Rank 023] ID 0 for position 593
Error: The size of tensor a (2) must match the size of tensor b (262144) at non-singleton dimension 2
[Rank 023] Failed to process or write HDF5 for position 593. Error: zeros() received an invalid combination of arguments - got (tuple, dtype=str), but expected one of:
 * (tuple of ints size, *, tuple of names names, torch.dtype dtype = None, torch.layout layout = None, torch.device device = None, bool pin_memory = False, bool requires_grad = False)
 * (tuple of ints size, *, Tensor out = None, torch.dtype dtype = None, torch.layout layout = None, torch.device device = None, bool pin_memory = False, bool requires_grad = False)

[Rank 023] Removed partially written file: scanner_layouts_raytracer_patched_508640ff8dc59f67dd884fdbc89ee122/position_593_ppdfs.hdf5
[Rank 021] Failed to process or write HDF5 for position 291. Error: zeros() received an invalid combination of arguments - got (tuple, dtype=str), but expected one of:
 * (tuple of ints size, *, tuple of names names, torch.dtype dtype = None, torch.layout layout = None, torch.device device = None, bool pin_memory = False, bool requires_grad = False)
 * (tuple of ints size, *, Tensor out = None, torch.dtype dtype = None, torch.layout layout = None, torch.device device = None, bool pin_memory = False, bool requires_grad = False)

[Rank 021] Removed partially written file: scanner_layouts_raytracer_patched_508640ff8dc59f67dd884fdbc89ee122/position_291_ppdfs.hdf5
[Rank 021] Evaluating position 321 ...
[Rank 021] ID 0 for position 321
Error: The size of tensor a (2) must match the size of tensor b (262144) at non-singleton dimension 2
[Rank 021] Failed to process or write HDF5 for position 321. Error: zeros() received an invalid combination of arguments - got (tuple, dtype=str), but expected one of:
 * (tuple of ints size, *, tuple of names names, torch.dtype dtype = None, torch.layout layout = None, torch.device device = None, bool pin_memory = False, bool requires_grad = False)
 * (tuple of ints size, *, Tensor out = None, torch.dtype dtype = None, torch.layout layout = None, torch.device device = None, bool pin_memory = False, bool requires_grad = False)

[Rank 021] Removed partially written file: scanner_layouts_raytracer_patched_508640ff8dc59f67dd884fdbc89ee122/position_321_ppdfs.hdf5
[Rank 021] Evaluating position 351 ...
[Rank 021] ID 0 for position 351
Error: The size of tensor a (2) must match the size of tensor b (262144) at non-singleton dimension 2
[Rank 021] Failed to process or write HDF5 for position 351. Error: zeros() received an invalid combination of arguments - got (tuple, dtype=str), but expected one of:
 * (tuple of ints size, *, tuple of names names, torch.dtype dtype = None, torch.layout layout = None, torch.device device = None, bool pin_memory = False, bool requires_grad = False)
 * (tuple of ints size, *, Tensor out = None, torch.dtype dtype = None, torch.layout layout = None, torch.device device = None, bool pin_memory = False, bool requires_grad = False)

[Rank 021] Removed partially written file: scanner_layouts_raytracer_patched_508640ff8dc59f67dd884fdbc89ee122/position_351_ppdfs.hdf5
[Rank 021] Evaluating position 381 ...
[Rank 021] ID 0 for position 381
Error: The size of tensor a (2) must match the size of tensor b (262144) at non-singleton dimension 2
[Rank 021] Failed to process or write HDF5 for position 381. Error: zeros() received an invalid combination of arguments - got (tuple, dtype=str), but expected one of:
 * (tuple of ints size, *, tuple of names names, torch.dtype dtype = None, torch.layout layout = None, torch.device device = None, bool pin_memory = False, bool requires_grad = False)
 * (tuple of ints size, *, Tensor out = None, torch.dtype dtype = None, torch.layout layout = None, torch.device device = None, bool pin_memory = False, bool requires_grad = False)

[Rank 021] Removed partially written file: scanner_layouts_raytracer_patched_508640ff8dc59f67dd884fdbc89ee122/position_381_ppdfs.hdf5
[Rank 021] Evaluating position 411 ...
[Rank 021] ID 0 for position 411
Error: The size of tensor a (2) must match the size of tensor b (262144) at non-singleton dimension 2
[Rank 021] Failed to process or write HDF5 for position 411. Error: zeros() received an invalid combination of arguments - got (tuple, dtype=str), but expected one of:
 * (tuple of ints size, *, tuple of names names, torch.dtype dtype = None, torch.layout layout = None, torch.device device = None, bool pin_memory = False, bool requires_grad = False)
 * (tuple of ints size, *, Tensor out = None, torch.dtype dtype = None, torch.layout layout = None, torch.device device = None, bool pin_memory = False, bool requires_grad = False)

[Rank 021] Removed partially written file: scanner_layouts_raytracer_patched_508640ff8dc59f67dd884fdbc89ee122/position_411_ppdfs.hdf5
[Rank 021] Evaluating position 441 ...
[Rank 021] ID 0 for position 441
Error: The size of tensor a (2) must match the size of tensor b (262144) at non-singleton dimension 2
[Rank 021] Failed to process or write HDF5 for position 441. Error: zeros() received an invalid combination of arguments - got (tuple, dtype=str), but expected one of:
 * (tuple of ints size, *, tuple of names names, torch.dtype dtype = None, torch.layout layout = None, torch.device device = None, bool pin_memory = False, bool requires_grad = False)
 * (tuple of ints size, *, Tensor out = None, torch.dtype dtype = None, torch.layout layout = None, torch.device device = None, bool pin_memory = False, bool requires_grad = False)

[Rank 021] Removed partially written file: scanner_layouts_raytracer_patched_508640ff8dc59f67dd884fdbc89ee122/position_441_ppdfs.hdf5
[Rank 021] Evaluating position 471 ...
[Rank 021] ID 0 for position 471
Error: The size of tensor a (2) must match the size of tensor b (262144) at non-singleton dimension 2
[Rank 021] Failed to process or write HDF5 for position 471. Error: zeros() received an invalid combination of arguments - got (tuple, dtype=str), but expected one of:
 * (tuple of ints size, *, tuple of names names, torch.dtype dtype = None, torch.layout layout = None, torch.device device = None, bool pin_memory = False, bool requires_grad = False)
 * (tuple of ints size, *, Tensor out = None, torch.dtype dtype = None, torch.layout layout = None, torch.device device = None, bool pin_memory = False, bool requires_grad = False)

[Rank 021] Removed partially written file: scanner_layouts_raytracer_patched_508640ff8dc59f67dd884fdbc89ee122/position_471_ppdfs.hdf5
[Rank 021] Evaluating position 501 ...
[Rank 021] ID 0 for position 501
Error: The size of tensor a (2) must match the size of tensor b (262144) at non-singleton dimension 2
[Rank 021] Failed to process or write HDF5 for position 501. Error: zeros() received an invalid combination of arguments - got (tuple, dtype=str), but expected one of:
 * (tuple of ints size, *, tuple of names names, torch.dtype dtype = None, torch.layout layout = None, torch.device device = None, bool pin_memory = False, bool requires_grad = False)
 * (tuple of ints size, *, Tensor out = None, torch.dtype dtype = None, torch.layout layout = None, torch.device device = None, bool pin_memory = False, bool requires_grad = False)

[Rank 021] Removed partially written file: scanner_layouts_raytracer_patched_508640ff8dc59f67dd884fdbc89ee122/position_501_ppdfs.hdf5
[Rank 021] Evaluating position 531 ...
[Rank 021] ID 0 for position 531
Error: The size of tensor a (2) must match the size of tensor b (262144) at non-singleton dimension 2
[Rank 021] Failed to process or write HDF5 for position 531. Error: zeros() received an invalid combination of arguments - got (tuple, dtype=str), but expected one of:
 * (tuple of ints size, *, tuple of names names, torch.dtype dtype = None, torch.layout layout = None, torch.device device = None, bool pin_memory = False, bool requires_grad = False)
 * (tuple of ints size, *, Tensor out = None, torch.dtype dtype = None, torch.layout layout = None, torch.device device = None, bool pin_memory = False, bool requires_grad = False)

[Rank 021] Removed partially written file: scanner_layouts_raytracer_patched_508640ff8dc59f67dd884fdbc89ee122/position_531_ppdfs.hdf5
[Rank 021] Evaluating position 561 ...
[Rank 021] ID 0 for position 561
Error: The size of tensor a (2) must match the size of tensor b (262144) at non-singleton dimension 2
[Rank 021] Failed to process or write HDF5 for position 561. Error: zeros() received an invalid combination of arguments - got (tuple, dtype=str), but expected one of:
 * (tuple of ints size, *, tuple of names names, torch.dtype dtype = None, torch.layout layout = None, torch.device device = None, bool pin_memory = False, bool requires_grad = False)
 * (tuple of ints size, *, Tensor out = None, torch.dtype dtype = None, torch.layout layout = None, torch.device device = None, bool pin_memory = False, bool requires_grad = False)

[Rank 009] Failed to process or write HDF5 for position 279. Error: zeros() received an invalid combination of arguments - got (tuple, dtype=str), but expected one of:
 * (tuple of ints size, *, tuple of names names, torch.dtype dtype = None, torch.layout layout = None, torch.device device = None, bool pin_memory = False, bool requires_grad = False)
 * (tuple of ints size, *, Tensor out = None, torch.dtype dtype = None, torch.layout layout = None, torch.device device = None, bool pin_memory = False, bool requires_grad = False)

[Rank 009] Removed partially written file: scanner_layouts_raytracer_patched_508640ff8dc59f67dd884fdbc89ee122/position_279_ppdfs.hdf5
[Rank 009] Evaluating position 309 ...
[Rank 009] ID 0 for position 309
Error: The size of tensor a (2) must match the size of tensor b (262144) at non-singleton dimension 2
[Rank 009] Failed to process or write HDF5 for position 309. Error: zeros() received an invalid combination of arguments - got (tuple, dtype=str), but expected one of:
 * (tuple of ints size, *, tuple of names names, torch.dtype dtype = None, torch.layout layout = None, torch.device device = None, bool pin_memory = False, bool requires_grad = False)
 * (tuple of ints size, *, Tensor out = None, torch.dtype dtype = None, torch.layout layout = None, torch.device device = None, bool pin_memory = False, bool requires_grad = False)

[Rank 009] Removed partially written file: scanner_layouts_raytracer_patched_508640ff8dc59f67dd884fdbc89ee122/position_309_ppdfs.hdf5
[Rank 009] Evaluating position 339 ...
[Rank 009] ID 0 for position 339
Error: The size of tensor a (2) must match the size of tensor b (262144) at non-singleton dimension 2
[Rank 009] Failed to process or write HDF5 for position 339. Error: zeros() received an invalid combination of arguments - got (tuple, dtype=str), but expected one of:
 * (tuple of ints size, *, tuple of names names, torch.dtype dtype = None, torch.layout layout = None, torch.device device = None, bool pin_memory = False, bool requires_grad = False)
 * (tuple of ints size, *, Tensor out = None, torch.dtype dtype = None, torch.layout layout = None, torch.device device = None, bool pin_memory = False, bool requires_grad = False)

[Rank 009] Removed partially written file: scanner_layouts_raytracer_patched_508640ff8dc59f67dd884fdbc89ee122/position_339_ppdfs.hdf5
[Rank 009] Evaluating position 369 ...
[Rank 009] ID 0 for position 369
Error: The size of tensor a (2) must match the size of tensor b (262144) at non-singleton dimension 2
[Rank 009] Failed to process or write HDF5 for position 369. Error: zeros() received an invalid combination of arguments - got (tuple, dtype=str), but expected one of:
 * (tuple of ints size, *, tuple of names names, torch.dtype dtype = None, torch.layout layout = None, torch.device device = None, bool pin_memory = False, bool requires_grad = False)
 * (tuple of ints size, *, Tensor out = None, torch.dtype dtype = None, torch.layout layout = None, torch.device device = None, bool pin_memory = False, bool requires_grad = False)

[Rank 009] Removed partially written file: scanner_layouts_raytracer_patched_508640ff8dc59f67dd884fdbc89ee122/position_369_ppdfs.hdf5
[Rank 009] Evaluating position 399 ...
[Rank 009] ID 0 for position 399
Error: The size of tensor a (2) must match the size of tensor b (262144) at non-singleton dimension 2
[Rank 009] Failed to process or write HDF5 for position 399. Error: zeros() received an invalid combination of arguments - got (tuple, dtype=str), but expected one of:
 * (tuple of ints size, *, tuple of names names, torch.dtype dtype = None, torch.layout layout = None, torch.device device = None, bool pin_memory = False, bool requires_grad = False)
 * (tuple of ints size, *, Tensor out = None, torch.dtype dtype = None, torch.layout layout = None, torch.device device = None, bool pin_memory = False, bool requires_grad = False)

[Rank 009] Removed partially written file: scanner_layouts_raytracer_patched_508640ff8dc59f67dd884fdbc89ee122/position_399_ppdfs.hdf5
[Rank 009] Evaluating position 429 ...
[Rank 009] ID 0 for position 429
Error: The size of tensor a (2) must match the size of tensor b (262144) at non-singleton dimension 2
[Rank 009] Failed to process or write HDF5 for position 429. Error: zeros() received an invalid combination of arguments - got (tuple, dtype=str), but expected one of:
 * (tuple of ints size, *, tuple of names names, torch.dtype dtype = None, torch.layout layout = None, torch.device device = None, bool pin_memory = False, bool requires_grad = False)
 * (tuple of ints size, *, Tensor out = None, torch.dtype dtype = None, torch.layout layout = None, torch.device device = None, bool pin_memory = False, bool requires_grad = False)

[Rank 009] Removed partially written file: scanner_layouts_raytracer_patched_508640ff8dc59f67dd884fdbc89ee122/position_429_ppdfs.hdf5
[Rank 009] Evaluating position 459 ...
[Rank 009] ID 0 for position 459
Error: The size of tensor a (2) must match the size of tensor b (262144) at non-singleton dimension 2
[Rank 009] Failed to process or write HDF5 for position 459. Error: zeros() received an invalid combination of arguments - got (tuple, dtype=str), but expected one of:
 * (tuple of ints size, *, tuple of names names, torch.dtype dtype = None, torch.layout layout = None, torch.device device = None, bool pin_memory = False, bool requires_grad = False)
 * (tuple of ints size, *, Tensor out = None, torch.dtype dtype = None, torch.layout layout = None, torch.device device = None, bool pin_memory = False, bool requires_grad = False)

[Rank 009] Removed partially written file: scanner_layouts_raytracer_patched_508640ff8dc59f67dd884fdbc89ee122/position_459_ppdfs.hdf5
[Rank 009] Evaluating position 489 ...
[Rank 009] ID 0 for position 489
Error: The size of tensor a (2) must match the size of tensor b (262144) at non-singleton dimension 2
[Rank 009] Failed to process or write HDF5 for position 489. Error: zeros() received an invalid combination of arguments - got (tuple, dtype=str), but expected one of:
 * (tuple of ints size, *, tuple of names names, torch.dtype dtype = None, torch.layout layout = None, torch.device device = None, bool pin_memory = False, bool requires_grad = False)
 * (tuple of ints size, *, Tensor out = None, torch.dtype dtype = None, torch.layout layout = None, torch.device device = None, bool pin_memory = False, bool requires_grad = False)

[Rank 009] Removed partially written file: scanner_layouts_raytracer_patched_508640ff8dc59f67dd884fdbc89ee122/position_489_ppdfs.hdf5
[Rank 009] Evaluating position 519 ...
[Rank 009] ID 0 for position 519
Error: The size of tensor a (2) must match the size of tensor b (262144) at non-singleton dimension 2
[Rank 009] Failed to process or write HDF5 for position 519. Error: zeros() received an invalid combination of arguments - got (tuple, dtype=str), but expected one of:
 * (tuple of ints size, *, tuple of names names, torch.dtype dtype = None, torch.layout layout = None, torch.device device = None, bool pin_memory = False, bool requires_grad = False)
 * (tuple of ints size, *, Tensor out = None, torch.dtype dtype = None, torch.layout layout = None, torch.device device = None, bool pin_memory = False, bool requires_grad = False)

[Rank 009] Removed partially written file: scanner_layouts_raytracer_patched_508640ff8dc59f67dd884fdbc89ee122/position_519_ppdfs.hdf5
[Rank 009] Evaluating position 549 ...
[Rank 009] ID 0 for position 549
Error: The size of tensor a (2) must match the size of tensor b (262144) at non-singleton dimension 2
[Rank 009] Failed to process or write HDF5 for position 549. Error: zeros() received an invalid combination of arguments - got (tuple, dtype=str), but expected one of:
 * (tuple of ints size, *, tuple of names names, torch.dtype dtype = None, torch.layout layout = None, torch.device device = None, bool pin_memory = False, bool requires_grad = False)
 * (tuple of ints size, *, Tensor out = None, torch.dtype dtype = None, torch.layout layout = None, torch.device device = None, bool pin_memory = False, bool requires_grad = False)

[Rank 028] Removed partially written file: scanner_layouts_raytracer_patched_508640ff8dc59f67dd884fdbc89ee122/position_568_ppdfs.hdf5
[Rank 028] Evaluating position 598 ...
[Rank 028] ID 0 for position 598
Error: The size of tensor a (2) must match the size of tensor b (262144) at non-singleton dimension 2
[Rank 028] Failed to process or write HDF5 for position 598. Error: zeros() received an invalid combination of arguments - got (tuple, dtype=str), but expected one of:
 * (tuple of ints size, *, tuple of names names, torch.dtype dtype = None, torch.layout layout = None, torch.device device = None, bool pin_memory = False, bool requires_grad = False)
 * (tuple of ints size, *, Tensor out = None, torch.dtype dtype = None, torch.layout layout = None, torch.device device = None, bool pin_memory = False, bool requires_grad = False)

[Rank 028] Removed partially written file: scanner_layouts_raytracer_patched_508640ff8dc59f67dd884fdbc89ee122/position_598_ppdfs.hdf5
[Rank 029] Removed partially written file: scanner_layouts_raytracer_patched_508640ff8dc59f67dd884fdbc89ee122/position_569_ppdfs.hdf5
[Rank 029] Evaluating position 599 ...
[Rank 029] ID 0 for position 599
Error: The size of tensor a (2) must match the size of tensor b (262144) at non-singleton dimension 2
[Rank 029] Failed to process or write HDF5 for position 599. Error: zeros() received an invalid combination of arguments - got (tuple, dtype=str), but expected one of:
 * (tuple of ints size, *, tuple of names names, torch.dtype dtype = None, torch.layout layout = None, torch.device device = None, bool pin_memory = False, bool requires_grad = False)
 * (tuple of ints size, *, Tensor out = None, torch.dtype dtype = None, torch.layout layout = None, torch.device device = None, bool pin_memory = False, bool requires_grad = False)

[Rank 029] Removed partially written file: scanner_layouts_raytracer_patched_508640ff8dc59f67dd884fdbc89ee122/position_599_ppdfs.hdf5
[Rank 000] Failed to process or write HDF5 for position 270. Error: zeros() received an invalid combination of arguments - got (tuple, dtype=str), but expected one of:
 * (tuple of ints size, *, tuple of names names, torch.dtype dtype = None, torch.layout layout = None, torch.device device = None, bool pin_memory = False, bool requires_grad = False)
 * (tuple of ints size, *, Tensor out = None, torch.dtype dtype = None, torch.layout layout = None, torch.device device = None, bool pin_memory = False, bool requires_grad = False)

[Rank 000] Removed partially written file: scanner_layouts_raytracer_patched_508640ff8dc59f67dd884fdbc89ee122/position_270_ppdfs.hdf5
[Rank 000] Evaluating position 300 ...
[Rank 000] ID 0 for position 300
Error: The size of tensor a (2) must match the size of tensor b (262144) at non-singleton dimension 2
[Rank 000] Failed to process or write HDF5 for position 300. Error: zeros() received an invalid combination of arguments - got (tuple, dtype=str), but expected one of:
 * (tuple of ints size, *, tuple of names names, torch.dtype dtype = None, torch.layout layout = None, torch.device device = None, bool pin_memory = False, bool requires_grad = False)
 * (tuple of ints size, *, Tensor out = None, torch.dtype dtype = None, torch.layout layout = None, torch.device device = None, bool pin_memory = False, bool requires_grad = False)

[Rank 000] Removed partially written file: scanner_layouts_raytracer_patched_508640ff8dc59f67dd884fdbc89ee122/position_300_ppdfs.hdf5
[Rank 000] Evaluating position 330 ...
[Rank 000] ID 0 for position 330
Error: The size of tensor a (2) must match the size of tensor b (262144) at non-singleton dimension 2
[Rank 000] Failed to process or write HDF5 for position 330. Error: zeros() received an invalid combination of arguments - got (tuple, dtype=str), but expected one of:
 * (tuple of ints size, *, tuple of names names, torch.dtype dtype = None, torch.layout layout = None, torch.device device = None, bool pin_memory = False, bool requires_grad = False)
 * (tuple of ints size, *, Tensor out = None, torch.dtype dtype = None, torch.layout layout = None, torch.device device = None, bool pin_memory = False, bool requires_grad = False)

[Rank 000] Removed partially written file: scanner_layouts_raytracer_patched_508640ff8dc59f67dd884fdbc89ee122/position_330_ppdfs.hdf5
[Rank 000] Evaluating position 360 ...
[Rank 000] ID 0 for position 360
Error: The size of tensor a (2) must match the size of tensor b (262144) at non-singleton dimension 2
[Rank 000] Failed to process or write HDF5 for position 360. Error: zeros() received an invalid combination of arguments - got (tuple, dtype=str), but expected one of:
 * (tuple of ints size, *, tuple of names names, torch.dtype dtype = None, torch.layout layout = None, torch.device device = None, bool pin_memory = False, bool requires_grad = False)
 * (tuple of ints size, *, Tensor out = None, torch.dtype dtype = None, torch.layout layout = None, torch.device device = None, bool pin_memory = False, bool requires_grad = False)

[Rank 000] Removed partially written file: scanner_layouts_raytracer_patched_508640ff8dc59f67dd884fdbc89ee122/position_360_ppdfs.hdf5
[Rank 000] Evaluating position 390 ...
[Rank 000] ID 0 for position 390
Error: The size of tensor a (2) must match the size of tensor b (262144) at non-singleton dimension 2
[Rank 000] Failed to process or write HDF5 for position 390. Error: zeros() received an invalid combination of arguments - got (tuple, dtype=str), but expected one of:
 * (tuple of ints size, *, tuple of names names, torch.dtype dtype = None, torch.layout layout = None, torch.device device = None, bool pin_memory = False, bool requires_grad = False)
 * (tuple of ints size, *, Tensor out = None, torch.dtype dtype = None, torch.layout layout = None, torch.device device = None, bool pin_memory = False, bool requires_grad = False)

[Rank 000] Removed partially written file: scanner_layouts_raytracer_patched_508640ff8dc59f67dd884fdbc89ee122/position_390_ppdfs.hdf5
[Rank 000] Evaluating position 420 ...
[Rank 000] ID 0 for position 420
Error: The size of tensor a (2) must match the size of tensor b (262144) at non-singleton dimension 2
[Rank 000] Failed to process or write HDF5 for position 420. Error: zeros() received an invalid combination of arguments - got (tuple, dtype=str), but expected one of:
 * (tuple of ints size, *, tuple of names names, torch.dtype dtype = None, torch.layout layout = None, torch.device device = None, bool pin_memory = False, bool requires_grad = False)
 * (tuple of ints size, *, Tensor out = None, torch.dtype dtype = None, torch.layout layout = None, torch.device device = None, bool pin_memory = False, bool requires_grad = False)

[Rank 000] Removed partially written file: scanner_layouts_raytracer_patched_508640ff8dc59f67dd884fdbc89ee122/position_420_ppdfs.hdf5
[Rank 000] Evaluating position 450 ...
[Rank 000] ID 0 for position 450
Error: The size of tensor a (2) must match the size of tensor b (262144) at non-singleton dimension 2
[Rank 000] Failed to process or write HDF5 for position 450. Error: zeros() received an invalid combination of arguments - got (tuple, dtype=str), but expected one of:
 * (tuple of ints size, *, tuple of names names, torch.dtype dtype = None, torch.layout layout = None, torch.device device = None, bool pin_memory = False, bool requires_grad = False)
 * (tuple of ints size, *, Tensor out = None, torch.dtype dtype = None, torch.layout layout = None, torch.device device = None, bool pin_memory = False, bool requires_grad = False)

[Rank 000] Removed partially written file: scanner_layouts_raytracer_patched_508640ff8dc59f67dd884fdbc89ee122/position_450_ppdfs.hdf5
[Rank 000] Evaluating position 480 ...
[Rank 000] ID 0 for position 480
Error: The size of tensor a (2) must match the size of tensor b (262144) at non-singleton dimension 2
[Rank 000] Failed to process or write HDF5 for position 480. Error: zeros() received an invalid combination of arguments - got (tuple, dtype=str), but expected one of:
 * (tuple of ints size, *, tuple of names names, torch.dtype dtype = None, torch.layout layout = None, torch.device device = None, bool pin_memory = False, bool requires_grad = False)
 * (tuple of ints size, *, Tensor out = None, torch.dtype dtype = None, torch.layout layout = None, torch.device device = None, bool pin_memory = False, bool requires_grad = False)

[Rank 000] Removed partially written file: scanner_layouts_raytracer_patched_508640ff8dc59f67dd884fdbc89ee122/position_480_ppdfs.hdf5
[Rank 000] Evaluating position 510 ...
[Rank 000] ID 0 for position 510
Error: The size of tensor a (2) must match the size of tensor b (262144) at non-singleton dimension 2
[Rank 000] Failed to process or write HDF5 for position 510. Error: zeros() received an invalid combination of arguments - got (tuple, dtype=str), but expected one of:
 * (tuple of ints size, *, tuple of names names, torch.dtype dtype = None, torch.layout layout = None, torch.device device = None, bool pin_memory = False, bool requires_grad = False)
 * (tuple of ints size, *, Tensor out = None, torch.dtype dtype = None, torch.layout layout = None, torch.device device = None, bool pin_memory = False, bool requires_grad = False)

[Rank 000] Removed partially written file: scanner_layouts_raytracer_patched_508640ff8dc59f67dd884fdbc89ee122/position_510_ppdfs.hdf5
[Rank 000] Evaluating position 540 ...
[Rank 000] ID 0 for position 540
Error: The size of tensor a (2) must match the size of tensor b (262144) at non-singleton dimension 2
[Rank 000] Failed to process or write HDF5 for position 540. Error: zeros() received an invalid combination of arguments - got (tuple, dtype=str), but expected one of:
 * (tuple of ints size, *, tuple of names names, torch.dtype dtype = None, torch.layout layout = None, torch.device device = None, bool pin_memory = False, bool requires_grad = False)
 * (tuple of ints size, *, Tensor out = None, torch.dtype dtype = None, torch.layout layout = None, torch.device device = None, bool pin_memory = False, bool requires_grad = False)

[Rank 003] Removed partially written file: scanner_layouts_raytracer_patched_508640ff8dc59f67dd884fdbc89ee122/position_543_ppdfs.hdf5
[Rank 003] Evaluating position 573 ...
[Rank 003] ID 0 for position 573
Error: The size of tensor a (2) must match the size of tensor b (262144) at non-singleton dimension 2
[Rank 003] Failed to process or write HDF5 for position 573. Error: zeros() received an invalid combination of arguments - got (tuple, dtype=str), but expected one of:
 * (tuple of ints size, *, tuple of names names, torch.dtype dtype = None, torch.layout layout = None, torch.device device = None, bool pin_memory = False, bool requires_grad = False)
 * (tuple of ints size, *, Tensor out = None, torch.dtype dtype = None, torch.layout layout = None, torch.device device = None, bool pin_memory = False, bool requires_grad = False)

[Rank 003] Removed partially written file: scanner_layouts_raytracer_patched_508640ff8dc59f67dd884fdbc89ee122/position_573_ppdfs.hdf5
[Rank 018] Failed to process or write HDF5 for position 288. Error: zeros() received an invalid combination of arguments - got (tuple, dtype=str), but expected one of:
 * (tuple of ints size, *, tuple of names names, torch.dtype dtype = None, torch.layout layout = None, torch.device device = None, bool pin_memory = False, bool requires_grad = False)
 * (tuple of ints size, *, Tensor out = None, torch.dtype dtype = None, torch.layout layout = None, torch.device device = None, bool pin_memory = False, bool requires_grad = False)

[Rank 018] Removed partially written file: scanner_layouts_raytracer_patched_508640ff8dc59f67dd884fdbc89ee122/position_288_ppdfs.hdf5
[Rank 018] Evaluating position 318 ...
[Rank 018] ID 0 for position 318
Error: The size of tensor a (2) must match the size of tensor b (262144) at non-singleton dimension 2
[Rank 018] Failed to process or write HDF5 for position 318. Error: zeros() received an invalid combination of arguments - got (tuple, dtype=str), but expected one of:
 * (tuple of ints size, *, tuple of names names, torch.dtype dtype = None, torch.layout layout = None, torch.device device = None, bool pin_memory = False, bool requires_grad = False)
 * (tuple of ints size, *, Tensor out = None, torch.dtype dtype = None, torch.layout layout = None, torch.device device = None, bool pin_memory = False, bool requires_grad = False)

[Rank 018] Removed partially written file: scanner_layouts_raytracer_patched_508640ff8dc59f67dd884fdbc89ee122/position_318_ppdfs.hdf5
[Rank 018] Evaluating position 348 ...
[Rank 018] ID 0 for position 348
Error: The size of tensor a (2) must match the size of tensor b (262144) at non-singleton dimension 2
[Rank 018] Failed to process or write HDF5 for position 348. Error: zeros() received an invalid combination of arguments - got (tuple, dtype=str), but expected one of:
 * (tuple of ints size, *, tuple of names names, torch.dtype dtype = None, torch.layout layout = None, torch.device device = None, bool pin_memory = False, bool requires_grad = False)
 * (tuple of ints size, *, Tensor out = None, torch.dtype dtype = None, torch.layout layout = None, torch.device device = None, bool pin_memory = False, bool requires_grad = False)

[Rank 018] Removed partially written file: scanner_layouts_raytracer_patched_508640ff8dc59f67dd884fdbc89ee122/position_348_ppdfs.hdf5
[Rank 018] Evaluating position 378 ...
[Rank 018] ID 0 for position 378
Error: The size of tensor a (2) must match the size of tensor b (262144) at non-singleton dimension 2
[Rank 018] Failed to process or write HDF5 for position 378. Error: zeros() received an invalid combination of arguments - got (tuple, dtype=str), but expected one of:
 * (tuple of ints size, *, tuple of names names, torch.dtype dtype = None, torch.layout layout = None, torch.device device = None, bool pin_memory = False, bool requires_grad = False)
 * (tuple of ints size, *, Tensor out = None, torch.dtype dtype = None, torch.layout layout = None, torch.device device = None, bool pin_memory = False, bool requires_grad = False)

[Rank 018] Removed partially written file: scanner_layouts_raytracer_patched_508640ff8dc59f67dd884fdbc89ee122/position_378_ppdfs.hdf5
[Rank 018] Evaluating position 408 ...
[Rank 018] ID 0 for position 408
Error: The size of tensor a (2) must match the size of tensor b (262144) at non-singleton dimension 2
[Rank 018] Failed to process or write HDF5 for position 408. Error: zeros() received an invalid combination of arguments - got (tuple, dtype=str), but expected one of:
 * (tuple of ints size, *, tuple of names names, torch.dtype dtype = None, torch.layout layout = None, torch.device device = None, bool pin_memory = False, bool requires_grad = False)
 * (tuple of ints size, *, Tensor out = None, torch.dtype dtype = None, torch.layout layout = None, torch.device device = None, bool pin_memory = False, bool requires_grad = False)

[Rank 018] Removed partially written file: scanner_layouts_raytracer_patched_508640ff8dc59f67dd884fdbc89ee122/position_408_ppdfs.hdf5
[Rank 018] Evaluating position 438 ...
[Rank 018] ID 0 for position 438
Error: The size of tensor a (2) must match the size of tensor b (262144) at non-singleton dimension 2
[Rank 018] Failed to process or write HDF5 for position 438. Error: zeros() received an invalid combination of arguments - got (tuple, dtype=str), but expected one of:
 * (tuple of ints size, *, tuple of names names, torch.dtype dtype = None, torch.layout layout = None, torch.device device = None, bool pin_memory = False, bool requires_grad = False)
 * (tuple of ints size, *, Tensor out = None, torch.dtype dtype = None, torch.layout layout = None, torch.device device = None, bool pin_memory = False, bool requires_grad = False)

[Rank 018] Removed partially written file: scanner_layouts_raytracer_patched_508640ff8dc59f67dd884fdbc89ee122/position_438_ppdfs.hdf5
[Rank 018] Evaluating position 468 ...
[Rank 018] ID 0 for position 468
Error: The size of tensor a (2) must match the size of tensor b (262144) at non-singleton dimension 2
[Rank 018] Failed to process or write HDF5 for position 468. Error: zeros() received an invalid combination of arguments - got (tuple, dtype=str), but expected one of:
 * (tuple of ints size, *, tuple of names names, torch.dtype dtype = None, torch.layout layout = None, torch.device device = None, bool pin_memory = False, bool requires_grad = False)
 * (tuple of ints size, *, Tensor out = None, torch.dtype dtype = None, torch.layout layout = None, torch.device device = None, bool pin_memory = False, bool requires_grad = False)

[Rank 018] Removed partially written file: scanner_layouts_raytracer_patched_508640ff8dc59f67dd884fdbc89ee122/position_468_ppdfs.hdf5
[Rank 018] Evaluating position 498 ...
[Rank 018] ID 0 for position 498
Error: The size of tensor a (2) must match the size of tensor b (262144) at non-singleton dimension 2
[Rank 018] Failed to process or write HDF5 for position 498. Error: zeros() received an invalid combination of arguments - got (tuple, dtype=str), but expected one of:
 * (tuple of ints size, *, tuple of names names, torch.dtype dtype = None, torch.layout layout = None, torch.device device = None, bool pin_memory = False, bool requires_grad = False)
 * (tuple of ints size, *, Tensor out = None, torch.dtype dtype = None, torch.layout layout = None, torch.device device = None, bool pin_memory = False, bool requires_grad = False)

[Rank 018] Removed partially written file: scanner_layouts_raytracer_patched_508640ff8dc59f67dd884fdbc89ee122/position_498_ppdfs.hdf5
[Rank 018] Evaluating position 528 ...
[Rank 018] ID 0 for position 528
Error: The size of tensor a (2) must match the size of tensor b (262144) at non-singleton dimension 2
[Rank 018] Failed to process or write HDF5 for position 528. Error: zeros() received an invalid combination of arguments - got (tuple, dtype=str), but expected one of:
 * (tuple of ints size, *, tuple of names names, torch.dtype dtype = None, torch.layout layout = None, torch.device device = None, bool pin_memory = False, bool requires_grad = False)
 * (tuple of ints size, *, Tensor out = None, torch.dtype dtype = None, torch.layout layout = None, torch.device device = None, bool pin_memory = False, bool requires_grad = False)

[Rank 018] Removed partially written file: scanner_layouts_raytracer_patched_508640ff8dc59f67dd884fdbc89ee122/position_528_ppdfs.hdf5
[Rank 018] Evaluating position 558 ...
[Rank 018] ID 0 for position 558
Error: The size of tensor a (2) must match the size of tensor b (262144) at non-singleton dimension 2
[Rank 018] Failed to process or write HDF5 for position 558. Error: zeros() received an invalid combination of arguments - got (tuple, dtype=str), but expected one of:
 * (tuple of ints size, *, tuple of names names, torch.dtype dtype = None, torch.layout layout = None, torch.device device = None, bool pin_memory = False, bool requires_grad = False)
 * (tuple of ints size, *, Tensor out = None, torch.dtype dtype = None, torch.layout layout = None, torch.device device = None, bool pin_memory = False, bool requires_grad = False)

[Rank 021] Removed partially written file: scanner_layouts_raytracer_patched_508640ff8dc59f67dd884fdbc89ee122/position_561_ppdfs.hdf5
[Rank 021] Evaluating position 591 ...
[Rank 021] ID 0 for position 591
Error: The size of tensor a (2) must match the size of tensor b (262144) at non-singleton dimension 2
[Rank 021] Failed to process or write HDF5 for position 591. Error: zeros() received an invalid combination of arguments - got (tuple, dtype=str), but expected one of:
 * (tuple of ints size, *, tuple of names names, torch.dtype dtype = None, torch.layout layout = None, torch.device device = None, bool pin_memory = False, bool requires_grad = False)
 * (tuple of ints size, *, Tensor out = None, torch.dtype dtype = None, torch.layout layout = None, torch.device device = None, bool pin_memory = False, bool requires_grad = False)

[Rank 021] Removed partially written file: scanner_layouts_raytracer_patched_508640ff8dc59f67dd884fdbc89ee122/position_591_ppdfs.hdf5
[Rank 009] Removed partially written file: scanner_layouts_raytracer_patched_508640ff8dc59f67dd884fdbc89ee122/position_549_ppdfs.hdf5
[Rank 009] Evaluating position 579 ...
[Rank 009] ID 0 for position 579
Error: The size of tensor a (2) must match the size of tensor b (262144) at non-singleton dimension 2
[Rank 009] Failed to process or write HDF5 for position 579. Error: zeros() received an invalid combination of arguments - got (tuple, dtype=str), but expected one of:
 * (tuple of ints size, *, tuple of names names, torch.dtype dtype = None, torch.layout layout = None, torch.device device = None, bool pin_memory = False, bool requires_grad = False)
 * (tuple of ints size, *, Tensor out = None, torch.dtype dtype = None, torch.layout layout = None, torch.device device = None, bool pin_memory = False, bool requires_grad = False)

[Rank 009] Removed partially written file: scanner_layouts_raytracer_patched_508640ff8dc59f67dd884fdbc89ee122/position_579_ppdfs.hdf5
[Rank 006] Failed to process or write HDF5 for position 276. Error: zeros() received an invalid combination of arguments - got (tuple, dtype=str), but expected one of:
 * (tuple of ints size, *, tuple of names names, torch.dtype dtype = None, torch.layout layout = None, torch.device device = None, bool pin_memory = False, bool requires_grad = False)
 * (tuple of ints size, *, Tensor out = None, torch.dtype dtype = None, torch.layout layout = None, torch.device device = None, bool pin_memory = False, bool requires_grad = False)

[Rank 006] Removed partially written file: scanner_layouts_raytracer_patched_508640ff8dc59f67dd884fdbc89ee122/position_276_ppdfs.hdf5
[Rank 006] Evaluating position 306 ...
[Rank 006] ID 0 for position 306
Error: The size of tensor a (2) must match the size of tensor b (262144) at non-singleton dimension 2
[Rank 006] Failed to process or write HDF5 for position 306. Error: zeros() received an invalid combination of arguments - got (tuple, dtype=str), but expected one of:
 * (tuple of ints size, *, tuple of names names, torch.dtype dtype = None, torch.layout layout = None, torch.device device = None, bool pin_memory = False, bool requires_grad = False)
 * (tuple of ints size, *, Tensor out = None, torch.dtype dtype = None, torch.layout layout = None, torch.device device = None, bool pin_memory = False, bool requires_grad = False)

[Rank 006] Removed partially written file: scanner_layouts_raytracer_patched_508640ff8dc59f67dd884fdbc89ee122/position_306_ppdfs.hdf5
[Rank 006] Evaluating position 336 ...
[Rank 006] ID 0 for position 336
Error: The size of tensor a (2) must match the size of tensor b (262144) at non-singleton dimension 2
[Rank 006] Failed to process or write HDF5 for position 336. Error: zeros() received an invalid combination of arguments - got (tuple, dtype=str), but expected one of:
 * (tuple of ints size, *, tuple of names names, torch.dtype dtype = None, torch.layout layout = None, torch.device device = None, bool pin_memory = False, bool requires_grad = False)
 * (tuple of ints size, *, Tensor out = None, torch.dtype dtype = None, torch.layout layout = None, torch.device device = None, bool pin_memory = False, bool requires_grad = False)

[Rank 006] Removed partially written file: scanner_layouts_raytracer_patched_508640ff8dc59f67dd884fdbc89ee122/position_336_ppdfs.hdf5
[Rank 006] Evaluating position 366 ...
[Rank 006] ID 0 for position 366
Error: The size of tensor a (2) must match the size of tensor b (262144) at non-singleton dimension 2
[Rank 006] Failed to process or write HDF5 for position 366. Error: zeros() received an invalid combination of arguments - got (tuple, dtype=str), but expected one of:
 * (tuple of ints size, *, tuple of names names, torch.dtype dtype = None, torch.layout layout = None, torch.device device = None, bool pin_memory = False, bool requires_grad = False)
 * (tuple of ints size, *, Tensor out = None, torch.dtype dtype = None, torch.layout layout = None, torch.device device = None, bool pin_memory = False, bool requires_grad = False)

[Rank 006] Removed partially written file: scanner_layouts_raytracer_patched_508640ff8dc59f67dd884fdbc89ee122/position_366_ppdfs.hdf5
[Rank 006] Evaluating position 396 ...
[Rank 006] ID 0 for position 396
Error: The size of tensor a (2) must match the size of tensor b (262144) at non-singleton dimension 2
[Rank 006] Failed to process or write HDF5 for position 396. Error: zeros() received an invalid combination of arguments - got (tuple, dtype=str), but expected one of:
 * (tuple of ints size, *, tuple of names names, torch.dtype dtype = None, torch.layout layout = None, torch.device device = None, bool pin_memory = False, bool requires_grad = False)
 * (tuple of ints size, *, Tensor out = None, torch.dtype dtype = None, torch.layout layout = None, torch.device device = None, bool pin_memory = False, bool requires_grad = False)

[Rank 006] Removed partially written file: scanner_layouts_raytracer_patched_508640ff8dc59f67dd884fdbc89ee122/position_396_ppdfs.hdf5
[Rank 006] Evaluating position 426 ...
[Rank 006] ID 0 for position 426
Error: The size of tensor a (2) must match the size of tensor b (262144) at non-singleton dimension 2
[Rank 006] Failed to process or write HDF5 for position 426. Error: zeros() received an invalid combination of arguments - got (tuple, dtype=str), but expected one of:
 * (tuple of ints size, *, tuple of names names, torch.dtype dtype = None, torch.layout layout = None, torch.device device = None, bool pin_memory = False, bool requires_grad = False)
 * (tuple of ints size, *, Tensor out = None, torch.dtype dtype = None, torch.layout layout = None, torch.device device = None, bool pin_memory = False, bool requires_grad = False)

[Rank 006] Removed partially written file: scanner_layouts_raytracer_patched_508640ff8dc59f67dd884fdbc89ee122/position_426_ppdfs.hdf5
[Rank 006] Evaluating position 456 ...
[Rank 006] ID 0 for position 456
Error: The size of tensor a (2) must match the size of tensor b (262144) at non-singleton dimension 2
[Rank 006] Failed to process or write HDF5 for position 456. Error: zeros() received an invalid combination of arguments - got (tuple, dtype=str), but expected one of:
 * (tuple of ints size, *, tuple of names names, torch.dtype dtype = None, torch.layout layout = None, torch.device device = None, bool pin_memory = False, bool requires_grad = False)
 * (tuple of ints size, *, Tensor out = None, torch.dtype dtype = None, torch.layout layout = None, torch.device device = None, bool pin_memory = False, bool requires_grad = False)

[Rank 006] Removed partially written file: scanner_layouts_raytracer_patched_508640ff8dc59f67dd884fdbc89ee122/position_456_ppdfs.hdf5
[Rank 006] Evaluating position 486 ...
[Rank 006] ID 0 for position 486
Error: The size of tensor a (2) must match the size of tensor b (262144) at non-singleton dimension 2
[Rank 006] Failed to process or write HDF5 for position 486. Error: zeros() received an invalid combination of arguments - got (tuple, dtype=str), but expected one of:
 * (tuple of ints size, *, tuple of names names, torch.dtype dtype = None, torch.layout layout = None, torch.device device = None, bool pin_memory = False, bool requires_grad = False)
 * (tuple of ints size, *, Tensor out = None, torch.dtype dtype = None, torch.layout layout = None, torch.device device = None, bool pin_memory = False, bool requires_grad = False)

[Rank 006] Removed partially written file: scanner_layouts_raytracer_patched_508640ff8dc59f67dd884fdbc89ee122/position_486_ppdfs.hdf5
[Rank 006] Evaluating position 516 ...
[Rank 006] ID 0 for position 516
Error: The size of tensor a (2) must match the size of tensor b (262144) at non-singleton dimension 2
[Rank 006] Failed to process or write HDF5 for position 516. Error: zeros() received an invalid combination of arguments - got (tuple, dtype=str), but expected one of:
 * (tuple of ints size, *, tuple of names names, torch.dtype dtype = None, torch.layout layout = None, torch.device device = None, bool pin_memory = False, bool requires_grad = False)
 * (tuple of ints size, *, Tensor out = None, torch.dtype dtype = None, torch.layout layout = None, torch.device device = None, bool pin_memory = False, bool requires_grad = False)

[Rank 006] Removed partially written file: scanner_layouts_raytracer_patched_508640ff8dc59f67dd884fdbc89ee122/position_516_ppdfs.hdf5
[Rank 006] Evaluating position 546 ...
[Rank 006] ID 0 for position 546
Error: The size of tensor a (2) must match the size of tensor b (262144) at non-singleton dimension 2
[Rank 006] Failed to process or write HDF5 for position 546. Error: zeros() received an invalid combination of arguments - got (tuple, dtype=str), but expected one of:
 * (tuple of ints size, *, tuple of names names, torch.dtype dtype = None, torch.layout layout = None, torch.device device = None, bool pin_memory = False, bool requires_grad = False)
 * (tuple of ints size, *, Tensor out = None, torch.dtype dtype = None, torch.layout layout = None, torch.device device = None, bool pin_memory = False, bool requires_grad = False)

[Rank 024] Failed to process or write HDF5 for position 294. Error: zeros() received an invalid combination of arguments - got (tuple, dtype=str), but expected one of:
 * (tuple of ints size, *, tuple of names names, torch.dtype dtype = None, torch.layout layout = None, torch.device device = None, bool pin_memory = False, bool requires_grad = False)
 * (tuple of ints size, *, Tensor out = None, torch.dtype dtype = None, torch.layout layout = None, torch.device device = None, bool pin_memory = False, bool requires_grad = False)

[Rank 024] Removed partially written file: scanner_layouts_raytracer_patched_508640ff8dc59f67dd884fdbc89ee122/position_294_ppdfs.hdf5
[Rank 024] Evaluating position 324 ...
[Rank 024] ID 0 for position 324
Error: The size of tensor a (2) must match the size of tensor b (262144) at non-singleton dimension 2
[Rank 024] Failed to process or write HDF5 for position 324. Error: zeros() received an invalid combination of arguments - got (tuple, dtype=str), but expected one of:
 * (tuple of ints size, *, tuple of names names, torch.dtype dtype = None, torch.layout layout = None, torch.device device = None, bool pin_memory = False, bool requires_grad = False)
 * (tuple of ints size, *, Tensor out = None, torch.dtype dtype = None, torch.layout layout = None, torch.device device = None, bool pin_memory = False, bool requires_grad = False)

[Rank 024] Removed partially written file: scanner_layouts_raytracer_patched_508640ff8dc59f67dd884fdbc89ee122/position_324_ppdfs.hdf5
[Rank 024] Evaluating position 354 ...
[Rank 024] ID 0 for position 354
Error: The size of tensor a (2) must match the size of tensor b (262144) at non-singleton dimension 2
[Rank 024] Failed to process or write HDF5 for position 354. Error: zeros() received an invalid combination of arguments - got (tuple, dtype=str), but expected one of:
 * (tuple of ints size, *, tuple of names names, torch.dtype dtype = None, torch.layout layout = None, torch.device device = None, bool pin_memory = False, bool requires_grad = False)
 * (tuple of ints size, *, Tensor out = None, torch.dtype dtype = None, torch.layout layout = None, torch.device device = None, bool pin_memory = False, bool requires_grad = False)

[Rank 024] Removed partially written file: scanner_layouts_raytracer_patched_508640ff8dc59f67dd884fdbc89ee122/position_354_ppdfs.hdf5
[Rank 024] Evaluating position 384 ...
[Rank 024] ID 0 for position 384
Error: The size of tensor a (2) must match the size of tensor b (262144) at non-singleton dimension 2
[Rank 024] Failed to process or write HDF5 for position 384. Error: zeros() received an invalid combination of arguments - got (tuple, dtype=str), but expected one of:
 * (tuple of ints size, *, tuple of names names, torch.dtype dtype = None, torch.layout layout = None, torch.device device = None, bool pin_memory = False, bool requires_grad = False)
 * (tuple of ints size, *, Tensor out = None, torch.dtype dtype = None, torch.layout layout = None, torch.device device = None, bool pin_memory = False, bool requires_grad = False)

[Rank 024] Removed partially written file: scanner_layouts_raytracer_patched_508640ff8dc59f67dd884fdbc89ee122/position_384_ppdfs.hdf5
[Rank 024] Evaluating position 414 ...
[Rank 024] ID 0 for position 414
Error: The size of tensor a (2) must match the size of tensor b (262144) at non-singleton dimension 2
[Rank 024] Failed to process or write HDF5 for position 414. Error: zeros() received an invalid combination of arguments - got (tuple, dtype=str), but expected one of:
 * (tuple of ints size, *, tuple of names names, torch.dtype dtype = None, torch.layout layout = None, torch.device device = None, bool pin_memory = False, bool requires_grad = False)
 * (tuple of ints size, *, Tensor out = None, torch.dtype dtype = None, torch.layout layout = None, torch.device device = None, bool pin_memory = False, bool requires_grad = False)

[Rank 024] Removed partially written file: scanner_layouts_raytracer_patched_508640ff8dc59f67dd884fdbc89ee122/position_414_ppdfs.hdf5
[Rank 024] Evaluating position 444 ...
[Rank 024] ID 0 for position 444
Error: The size of tensor a (2) must match the size of tensor b (262144) at non-singleton dimension 2
[Rank 024] Failed to process or write HDF5 for position 444. Error: zeros() received an invalid combination of arguments - got (tuple, dtype=str), but expected one of:
 * (tuple of ints size, *, tuple of names names, torch.dtype dtype = None, torch.layout layout = None, torch.device device = None, bool pin_memory = False, bool requires_grad = False)
 * (tuple of ints size, *, Tensor out = None, torch.dtype dtype = None, torch.layout layout = None, torch.device device = None, bool pin_memory = False, bool requires_grad = False)

[Rank 024] Removed partially written file: scanner_layouts_raytracer_patched_508640ff8dc59f67dd884fdbc89ee122/position_444_ppdfs.hdf5
[Rank 024] Evaluating position 474 ...
[Rank 024] ID 0 for position 474
Error: The size of tensor a (2) must match the size of tensor b (262144) at non-singleton dimension 2
[Rank 024] Failed to process or write HDF5 for position 474. Error: zeros() received an invalid combination of arguments - got (tuple, dtype=str), but expected one of:
 * (tuple of ints size, *, tuple of names names, torch.dtype dtype = None, torch.layout layout = None, torch.device device = None, bool pin_memory = False, bool requires_grad = False)
 * (tuple of ints size, *, Tensor out = None, torch.dtype dtype = None, torch.layout layout = None, torch.device device = None, bool pin_memory = False, bool requires_grad = False)

[Rank 024] Removed partially written file: scanner_layouts_raytracer_patched_508640ff8dc59f67dd884fdbc89ee122/position_474_ppdfs.hdf5
[Rank 024] Evaluating position 504 ...
[Rank 024] ID 0 for position 504
Error: The size of tensor a (2) must match the size of tensor b (262144) at non-singleton dimension 2
[Rank 024] Failed to process or write HDF5 for position 504. Error: zeros() received an invalid combination of arguments - got (tuple, dtype=str), but expected one of:
 * (tuple of ints size, *, tuple of names names, torch.dtype dtype = None, torch.layout layout = None, torch.device device = None, bool pin_memory = False, bool requires_grad = False)
 * (tuple of ints size, *, Tensor out = None, torch.dtype dtype = None, torch.layout layout = None, torch.device device = None, bool pin_memory = False, bool requires_grad = False)

[Rank 024] Removed partially written file: scanner_layouts_raytracer_patched_508640ff8dc59f67dd884fdbc89ee122/position_504_ppdfs.hdf5
[Rank 024] Evaluating position 534 ...
[Rank 024] ID 0 for position 534
Error: The size of tensor a (2) must match the size of tensor b (262144) at non-singleton dimension 2
[Rank 024] Failed to process or write HDF5 for position 534. Error: zeros() received an invalid combination of arguments - got (tuple, dtype=str), but expected one of:
 * (tuple of ints size, *, tuple of names names, torch.dtype dtype = None, torch.layout layout = None, torch.device device = None, bool pin_memory = False, bool requires_grad = False)
 * (tuple of ints size, *, Tensor out = None, torch.dtype dtype = None, torch.layout layout = None, torch.device device = None, bool pin_memory = False, bool requires_grad = False)

[Rank 024] Removed partially written file: scanner_layouts_raytracer_patched_508640ff8dc59f67dd884fdbc89ee122/position_534_ppdfs.hdf5
[Rank 024] Evaluating position 564 ...
[Rank 024] ID 0 for position 564
Error: The size of tensor a (2) must match the size of tensor b (262144) at non-singleton dimension 2
[Rank 024] Failed to process or write HDF5 for position 564. Error: zeros() received an invalid combination of arguments - got (tuple, dtype=str), but expected one of:
 * (tuple of ints size, *, tuple of names names, torch.dtype dtype = None, torch.layout layout = None, torch.device device = None, bool pin_memory = False, bool requires_grad = False)
 * (tuple of ints size, *, Tensor out = None, torch.dtype dtype = None, torch.layout layout = None, torch.device device = None, bool pin_memory = False, bool requires_grad = False)

[Rank 000] Removed partially written file: scanner_layouts_raytracer_patched_508640ff8dc59f67dd884fdbc89ee122/position_540_ppdfs.hdf5
[Rank 000] Evaluating position 570 ...
[Rank 000] ID 0 for position 570
Error: The size of tensor a (2) must match the size of tensor b (262144) at non-singleton dimension 2
[Rank 000] Failed to process or write HDF5 for position 570. Error: zeros() received an invalid combination of arguments - got (tuple, dtype=str), but expected one of:
 * (tuple of ints size, *, tuple of names names, torch.dtype dtype = None, torch.layout layout = None, torch.device device = None, bool pin_memory = False, bool requires_grad = False)
 * (tuple of ints size, *, Tensor out = None, torch.dtype dtype = None, torch.layout layout = None, torch.device device = None, bool pin_memory = False, bool requires_grad = False)

[Rank 000] Removed partially written file: scanner_layouts_raytracer_patched_508640ff8dc59f67dd884fdbc89ee122/position_570_ppdfs.hdf5
All assigned positions processed by all ranks.
[Rank 018] Removed partially written file: scanner_layouts_raytracer_patched_508640ff8dc59f67dd884fdbc89ee122/position_558_ppdfs.hdf5
[Rank 018] Evaluating position 588 ...
[Rank 018] ID 0 for position 588
Error: The size of tensor a (2) must match the size of tensor b (262144) at non-singleton dimension 2
[Rank 018] Failed to process or write HDF5 for position 588. Error: zeros() received an invalid combination of arguments - got (tuple, dtype=str), but expected one of:
 * (tuple of ints size, *, tuple of names names, torch.dtype dtype = None, torch.layout layout = None, torch.device device = None, bool pin_memory = False, bool requires_grad = False)
 * (tuple of ints size, *, Tensor out = None, torch.dtype dtype = None, torch.layout layout = None, torch.device device = None, bool pin_memory = False, bool requires_grad = False)

[Rank 018] Removed partially written file: scanner_layouts_raytracer_patched_508640ff8dc59f67dd884fdbc89ee122/position_588_ppdfs.hdf5
[Rank 006] Removed partially written file: scanner_layouts_raytracer_patched_508640ff8dc59f67dd884fdbc89ee122/position_546_ppdfs.hdf5
[Rank 006] Evaluating position 576 ...
[Rank 006] ID 0 for position 576
Error: The size of tensor a (2) must match the size of tensor b (262144) at non-singleton dimension 2
[Rank 006] Failed to process or write HDF5 for position 576. Error: zeros() received an invalid combination of arguments - got (tuple, dtype=str), but expected one of:
 * (tuple of ints size, *, tuple of names names, torch.dtype dtype = None, torch.layout layout = None, torch.device device = None, bool pin_memory = False, bool requires_grad = False)
 * (tuple of ints size, *, Tensor out = None, torch.dtype dtype = None, torch.layout layout = None, torch.device device = None, bool pin_memory = False, bool requires_grad = False)

[Rank 006] Removed partially written file: scanner_layouts_raytracer_patched_508640ff8dc59f67dd884fdbc89ee122/position_576_ppdfs.hdf5
[Rank 024] Removed partially written file: scanner_layouts_raytracer_patched_508640ff8dc59f67dd884fdbc89ee122/position_564_ppdfs.hdf5
[Rank 024] Evaluating position 594 ...
[Rank 024] ID 0 for position 594
Error: The size of tensor a (2) must match the size of tensor b (262144) at non-singleton dimension 2
[Rank 024] Failed to process or write HDF5 for position 594. Error: zeros() received an invalid combination of arguments - got (tuple, dtype=str), but expected one of:
 * (tuple of ints size, *, tuple of names names, torch.dtype dtype = None, torch.layout layout = None, torch.device device = None, bool pin_memory = False, bool requires_grad = False)
 * (tuple of ints size, *, Tensor out = None, torch.dtype dtype = None, torch.layout layout = None, torch.device device = None, bool pin_memory = False, bool requires_grad = False)

[Rank 024] Removed partially written file: scanner_layouts_raytracer_patched_508640ff8dc59f67dd884fdbc89ee122/position_594_ppdfs.hdf5
[Rank 014] Failed to process or write HDF5 for position 284. Error: zeros() received an invalid combination of arguments - got (tuple, dtype=str), but expected one of:
 * (tuple of ints size, *, tuple of names names, torch.dtype dtype = None, torch.layout layout = None, torch.device device = None, bool pin_memory = False, bool requires_grad = False)
 * (tuple of ints size, *, Tensor out = None, torch.dtype dtype = None, torch.layout layout = None, torch.device device = None, bool pin_memory = False, bool requires_grad = False)

[Rank 014] Removed partially written file: scanner_layouts_raytracer_patched_508640ff8dc59f67dd884fdbc89ee122/position_284_ppdfs.hdf5
[Rank 014] Evaluating position 314 ...
[Rank 014] ID 0 for position 314
Error: The size of tensor a (2) must match the size of tensor b (262144) at non-singleton dimension 2
[Rank 014] Failed to process or write HDF5 for position 314. Error: zeros() received an invalid combination of arguments - got (tuple, dtype=str), but expected one of:
 * (tuple of ints size, *, tuple of names names, torch.dtype dtype = None, torch.layout layout = None, torch.device device = None, bool pin_memory = False, bool requires_grad = False)
 * (tuple of ints size, *, Tensor out = None, torch.dtype dtype = None, torch.layout layout = None, torch.device device = None, bool pin_memory = False, bool requires_grad = False)

[Rank 014] Removed partially written file: scanner_layouts_raytracer_patched_508640ff8dc59f67dd884fdbc89ee122/position_314_ppdfs.hdf5
[Rank 014] Evaluating position 344 ...
[Rank 014] ID 0 for position 344
Error: The size of tensor a (2) must match the size of tensor b (262144) at non-singleton dimension 2
[Rank 014] Failed to process or write HDF5 for position 344. Error: zeros() received an invalid combination of arguments - got (tuple, dtype=str), but expected one of:
 * (tuple of ints size, *, tuple of names names, torch.dtype dtype = None, torch.layout layout = None, torch.device device = None, bool pin_memory = False, bool requires_grad = False)
 * (tuple of ints size, *, Tensor out = None, torch.dtype dtype = None, torch.layout layout = None, torch.device device = None, bool pin_memory = False, bool requires_grad = False)

[Rank 014] Removed partially written file: scanner_layouts_raytracer_patched_508640ff8dc59f67dd884fdbc89ee122/position_344_ppdfs.hdf5
[Rank 014] Evaluating position 374 ...
[Rank 014] ID 0 for position 374
Error: The size of tensor a (2) must match the size of tensor b (262144) at non-singleton dimension 2
[Rank 014] Failed to process or write HDF5 for position 374. Error: zeros() received an invalid combination of arguments - got (tuple, dtype=str), but expected one of:
 * (tuple of ints size, *, tuple of names names, torch.dtype dtype = None, torch.layout layout = None, torch.device device = None, bool pin_memory = False, bool requires_grad = False)
 * (tuple of ints size, *, Tensor out = None, torch.dtype dtype = None, torch.layout layout = None, torch.device device = None, bool pin_memory = False, bool requires_grad = False)

[Rank 014] Removed partially written file: scanner_layouts_raytracer_patched_508640ff8dc59f67dd884fdbc89ee122/position_374_ppdfs.hdf5
[Rank 014] Evaluating position 404 ...
[Rank 014] ID 0 for position 404
Error: The size of tensor a (2) must match the size of tensor b (262144) at non-singleton dimension 2
[Rank 014] Failed to process or write HDF5 for position 404. Error: zeros() received an invalid combination of arguments - got (tuple, dtype=str), but expected one of:
 * (tuple of ints size, *, tuple of names names, torch.dtype dtype = None, torch.layout layout = None, torch.device device = None, bool pin_memory = False, bool requires_grad = False)
 * (tuple of ints size, *, Tensor out = None, torch.dtype dtype = None, torch.layout layout = None, torch.device device = None, bool pin_memory = False, bool requires_grad = False)

[Rank 014] Removed partially written file: scanner_layouts_raytracer_patched_508640ff8dc59f67dd884fdbc89ee122/position_404_ppdfs.hdf5
[Rank 014] Evaluating position 434 ...
[Rank 014] ID 0 for position 434
Error: The size of tensor a (2) must match the size of tensor b (262144) at non-singleton dimension 2
[Rank 014] Failed to process or write HDF5 for position 434. Error: zeros() received an invalid combination of arguments - got (tuple, dtype=str), but expected one of:
 * (tuple of ints size, *, tuple of names names, torch.dtype dtype = None, torch.layout layout = None, torch.device device = None, bool pin_memory = False, bool requires_grad = False)
 * (tuple of ints size, *, Tensor out = None, torch.dtype dtype = None, torch.layout layout = None, torch.device device = None, bool pin_memory = False, bool requires_grad = False)

[Rank 014] Removed partially written file: scanner_layouts_raytracer_patched_508640ff8dc59f67dd884fdbc89ee122/position_434_ppdfs.hdf5
[Rank 014] Evaluating position 464 ...
[Rank 014] ID 0 for position 464
Error: The size of tensor a (2) must match the size of tensor b (262144) at non-singleton dimension 2
[Rank 014] Failed to process or write HDF5 for position 464. Error: zeros() received an invalid combination of arguments - got (tuple, dtype=str), but expected one of:
 * (tuple of ints size, *, tuple of names names, torch.dtype dtype = None, torch.layout layout = None, torch.device device = None, bool pin_memory = False, bool requires_grad = False)
 * (tuple of ints size, *, Tensor out = None, torch.dtype dtype = None, torch.layout layout = None, torch.device device = None, bool pin_memory = False, bool requires_grad = False)

[Rank 014] Removed partially written file: scanner_layouts_raytracer_patched_508640ff8dc59f67dd884fdbc89ee122/position_464_ppdfs.hdf5
[Rank 014] Evaluating position 494 ...
[Rank 014] ID 0 for position 494
Error: The size of tensor a (2) must match the size of tensor b (262144) at non-singleton dimension 2
[Rank 014] Failed to process or write HDF5 for position 494. Error: zeros() received an invalid combination of arguments - got (tuple, dtype=str), but expected one of:
 * (tuple of ints size, *, tuple of names names, torch.dtype dtype = None, torch.layout layout = None, torch.device device = None, bool pin_memory = False, bool requires_grad = False)
 * (tuple of ints size, *, Tensor out = None, torch.dtype dtype = None, torch.layout layout = None, torch.device device = None, bool pin_memory = False, bool requires_grad = False)

[Rank 014] Removed partially written file: scanner_layouts_raytracer_patched_508640ff8dc59f67dd884fdbc89ee122/position_494_ppdfs.hdf5
[Rank 014] Evaluating position 524 ...
[Rank 014] ID 0 for position 524
Error: The size of tensor a (2) must match the size of tensor b (262144) at non-singleton dimension 2
[Rank 014] Failed to process or write HDF5 for position 524. Error: zeros() received an invalid combination of arguments - got (tuple, dtype=str), but expected one of:
 * (tuple of ints size, *, tuple of names names, torch.dtype dtype = None, torch.layout layout = None, torch.device device = None, bool pin_memory = False, bool requires_grad = False)
 * (tuple of ints size, *, Tensor out = None, torch.dtype dtype = None, torch.layout layout = None, torch.device device = None, bool pin_memory = False, bool requires_grad = False)

[Rank 014] Removed partially written file: scanner_layouts_raytracer_patched_508640ff8dc59f67dd884fdbc89ee122/position_524_ppdfs.hdf5
[Rank 014] Evaluating position 554 ...
[Rank 014] ID 0 for position 554
Error: The size of tensor a (2) must match the size of tensor b (262144) at non-singleton dimension 2
[Rank 014] Failed to process or write HDF5 for position 554. Error: zeros() received an invalid combination of arguments - got (tuple, dtype=str), but expected one of:
 * (tuple of ints size, *, tuple of names names, torch.dtype dtype = None, torch.layout layout = None, torch.device device = None, bool pin_memory = False, bool requires_grad = False)
 * (tuple of ints size, *, Tensor out = None, torch.dtype dtype = None, torch.layout layout = None, torch.device device = None, bool pin_memory = False, bool requires_grad = False)

[Rank 014] Removed partially written file: scanner_layouts_raytracer_patched_508640ff8dc59f67dd884fdbc89ee122/position_554_ppdfs.hdf5
[Rank 014] Evaluating position 584 ...
[Rank 014] ID 0 for position 584
Error: The size of tensor a (2) must match the size of tensor b (262144) at non-singleton dimension 2
[Rank 014] Failed to process or write HDF5 for position 584. Error: zeros() received an invalid combination of arguments - got (tuple, dtype=str), but expected one of:
 * (tuple of ints size, *, tuple of names names, torch.dtype dtype = None, torch.layout layout = None, torch.device device = None, bool pin_memory = False, bool requires_grad = False)
 * (tuple of ints size, *, Tensor out = None, torch.dtype dtype = None, torch.layout layout = None, torch.device device = None, bool pin_memory = False, bool requires_grad = False)

[Rank 014] Removed partially written file: scanner_layouts_raytracer_patched_508640ff8dc59f67dd884fdbc89ee122/position_584_ppdfs.hdf5
[Rank 013] Failed to process or write HDF5 for position 283. Error: zeros() received an invalid combination of arguments - got (tuple, dtype=str), but expected one of:
 * (tuple of ints size, *, tuple of names names, torch.dtype dtype = None, torch.layout layout = None, torch.device device = None, bool pin_memory = False, bool requires_grad = False)
 * (tuple of ints size, *, Tensor out = None, torch.dtype dtype = None, torch.layout layout = None, torch.device device = None, bool pin_memory = False, bool requires_grad = False)

[Rank 013] Removed partially written file: scanner_layouts_raytracer_patched_508640ff8dc59f67dd884fdbc89ee122/position_283_ppdfs.hdf5
[Rank 013] Evaluating position 313 ...
[Rank 013] ID 0 for position 313
Error: The size of tensor a (2) must match the size of tensor b (262144) at non-singleton dimension 2
[Rank 013] Failed to process or write HDF5 for position 313. Error: zeros() received an invalid combination of arguments - got (tuple, dtype=str), but expected one of:
 * (tuple of ints size, *, tuple of names names, torch.dtype dtype = None, torch.layout layout = None, torch.device device = None, bool pin_memory = False, bool requires_grad = False)
 * (tuple of ints size, *, Tensor out = None, torch.dtype dtype = None, torch.layout layout = None, torch.device device = None, bool pin_memory = False, bool requires_grad = False)

[Rank 013] Removed partially written file: scanner_layouts_raytracer_patched_508640ff8dc59f67dd884fdbc89ee122/position_313_ppdfs.hdf5
[Rank 013] Evaluating position 343 ...
[Rank 013] ID 0 for position 343
Error: The size of tensor a (2) must match the size of tensor b (262144) at non-singleton dimension 2
[Rank 013] Failed to process or write HDF5 for position 343. Error: zeros() received an invalid combination of arguments - got (tuple, dtype=str), but expected one of:
 * (tuple of ints size, *, tuple of names names, torch.dtype dtype = None, torch.layout layout = None, torch.device device = None, bool pin_memory = False, bool requires_grad = False)
 * (tuple of ints size, *, Tensor out = None, torch.dtype dtype = None, torch.layout layout = None, torch.device device = None, bool pin_memory = False, bool requires_grad = False)

[Rank 013] Removed partially written file: scanner_layouts_raytracer_patched_508640ff8dc59f67dd884fdbc89ee122/position_343_ppdfs.hdf5
[Rank 013] Evaluating position 373 ...
[Rank 013] ID 0 for position 373
Error: The size of tensor a (2) must match the size of tensor b (262144) at non-singleton dimension 2
[Rank 013] Failed to process or write HDF5 for position 373. Error: zeros() received an invalid combination of arguments - got (tuple, dtype=str), but expected one of:
 * (tuple of ints size, *, tuple of names names, torch.dtype dtype = None, torch.layout layout = None, torch.device device = None, bool pin_memory = False, bool requires_grad = False)
 * (tuple of ints size, *, Tensor out = None, torch.dtype dtype = None, torch.layout layout = None, torch.device device = None, bool pin_memory = False, bool requires_grad = False)

[Rank 013] Removed partially written file: scanner_layouts_raytracer_patched_508640ff8dc59f67dd884fdbc89ee122/position_373_ppdfs.hdf5
[Rank 013] Evaluating position 403 ...
[Rank 013] ID 0 for position 403
Error: The size of tensor a (2) must match the size of tensor b (262144) at non-singleton dimension 2
[Rank 013] Failed to process or write HDF5 for position 403. Error: zeros() received an invalid combination of arguments - got (tuple, dtype=str), but expected one of:
 * (tuple of ints size, *, tuple of names names, torch.dtype dtype = None, torch.layout layout = None, torch.device device = None, bool pin_memory = False, bool requires_grad = False)
 * (tuple of ints size, *, Tensor out = None, torch.dtype dtype = None, torch.layout layout = None, torch.device device = None, bool pin_memory = False, bool requires_grad = False)

[Rank 013] Removed partially written file: scanner_layouts_raytracer_patched_508640ff8dc59f67dd884fdbc89ee122/position_403_ppdfs.hdf5
[Rank 013] Evaluating position 433 ...
[Rank 013] ID 0 for position 433
Error: The size of tensor a (2) must match the size of tensor b (262144) at non-singleton dimension 2
[Rank 013] Failed to process or write HDF5 for position 433. Error: zeros() received an invalid combination of arguments - got (tuple, dtype=str), but expected one of:
 * (tuple of ints size, *, tuple of names names, torch.dtype dtype = None, torch.layout layout = None, torch.device device = None, bool pin_memory = False, bool requires_grad = False)
 * (tuple of ints size, *, Tensor out = None, torch.dtype dtype = None, torch.layout layout = None, torch.device device = None, bool pin_memory = False, bool requires_grad = False)

[Rank 013] Removed partially written file: scanner_layouts_raytracer_patched_508640ff8dc59f67dd884fdbc89ee122/position_433_ppdfs.hdf5
[Rank 013] Evaluating position 463 ...
[Rank 013] ID 0 for position 463
Error: The size of tensor a (2) must match the size of tensor b (262144) at non-singleton dimension 2
[Rank 013] Failed to process or write HDF5 for position 463. Error: zeros() received an invalid combination of arguments - got (tuple, dtype=str), but expected one of:
 * (tuple of ints size, *, tuple of names names, torch.dtype dtype = None, torch.layout layout = None, torch.device device = None, bool pin_memory = False, bool requires_grad = False)
 * (tuple of ints size, *, Tensor out = None, torch.dtype dtype = None, torch.layout layout = None, torch.device device = None, bool pin_memory = False, bool requires_grad = False)

[Rank 013] Removed partially written file: scanner_layouts_raytracer_patched_508640ff8dc59f67dd884fdbc89ee122/position_463_ppdfs.hdf5
[Rank 013] Evaluating position 493 ...
[Rank 013] ID 0 for position 493
Error: The size of tensor a (2) must match the size of tensor b (262144) at non-singleton dimension 2
[Rank 013] Failed to process or write HDF5 for position 493. Error: zeros() received an invalid combination of arguments - got (tuple, dtype=str), but expected one of:
 * (tuple of ints size, *, tuple of names names, torch.dtype dtype = None, torch.layout layout = None, torch.device device = None, bool pin_memory = False, bool requires_grad = False)
 * (tuple of ints size, *, Tensor out = None, torch.dtype dtype = None, torch.layout layout = None, torch.device device = None, bool pin_memory = False, bool requires_grad = False)

[Rank 013] Removed partially written file: scanner_layouts_raytracer_patched_508640ff8dc59f67dd884fdbc89ee122/position_493_ppdfs.hdf5
[Rank 013] Evaluating position 523 ...
[Rank 013] ID 0 for position 523
Error: The size of tensor a (2) must match the size of tensor b (262144) at non-singleton dimension 2
[Rank 013] Failed to process or write HDF5 for position 523. Error: zeros() received an invalid combination of arguments - got (tuple, dtype=str), but expected one of:
 * (tuple of ints size, *, tuple of names names, torch.dtype dtype = None, torch.layout layout = None, torch.device device = None, bool pin_memory = False, bool requires_grad = False)
 * (tuple of ints size, *, Tensor out = None, torch.dtype dtype = None, torch.layout layout = None, torch.device device = None, bool pin_memory = False, bool requires_grad = False)

[Rank 013] Removed partially written file: scanner_layouts_raytracer_patched_508640ff8dc59f67dd884fdbc89ee122/position_523_ppdfs.hdf5
[Rank 013] Evaluating position 553 ...
[Rank 013] ID 0 for position 553
Error: The size of tensor a (2) must match the size of tensor b (262144) at non-singleton dimension 2
[Rank 013] Failed to process or write HDF5 for position 553. Error: zeros() received an invalid combination of arguments - got (tuple, dtype=str), but expected one of:
 * (tuple of ints size, *, tuple of names names, torch.dtype dtype = None, torch.layout layout = None, torch.device device = None, bool pin_memory = False, bool requires_grad = False)
 * (tuple of ints size, *, Tensor out = None, torch.dtype dtype = None, torch.layout layout = None, torch.device device = None, bool pin_memory = False, bool requires_grad = False)

[Rank 008] Failed to process or write HDF5 for position 278. Error: zeros() received an invalid combination of arguments - got (tuple, dtype=str), but expected one of:
 * (tuple of ints size, *, tuple of names names, torch.dtype dtype = None, torch.layout layout = None, torch.device device = None, bool pin_memory = False, bool requires_grad = False)
 * (tuple of ints size, *, Tensor out = None, torch.dtype dtype = None, torch.layout layout = None, torch.device device = None, bool pin_memory = False, bool requires_grad = False)

[Rank 008] Removed partially written file: scanner_layouts_raytracer_patched_508640ff8dc59f67dd884fdbc89ee122/position_278_ppdfs.hdf5
[Rank 008] Evaluating position 308 ...
[Rank 008] ID 0 for position 308
Error: The size of tensor a (2) must match the size of tensor b (262144) at non-singleton dimension 2
[Rank 008] Failed to process or write HDF5 for position 308. Error: zeros() received an invalid combination of arguments - got (tuple, dtype=str), but expected one of:
 * (tuple of ints size, *, tuple of names names, torch.dtype dtype = None, torch.layout layout = None, torch.device device = None, bool pin_memory = False, bool requires_grad = False)
 * (tuple of ints size, *, Tensor out = None, torch.dtype dtype = None, torch.layout layout = None, torch.device device = None, bool pin_memory = False, bool requires_grad = False)

[Rank 008] Removed partially written file: scanner_layouts_raytracer_patched_508640ff8dc59f67dd884fdbc89ee122/position_308_ppdfs.hdf5
[Rank 008] Evaluating position 338 ...
[Rank 008] ID 0 for position 338
Error: The size of tensor a (2) must match the size of tensor b (262144) at non-singleton dimension 2
[Rank 008] Failed to process or write HDF5 for position 338. Error: zeros() received an invalid combination of arguments - got (tuple, dtype=str), but expected one of:
 * (tuple of ints size, *, tuple of names names, torch.dtype dtype = None, torch.layout layout = None, torch.device device = None, bool pin_memory = False, bool requires_grad = False)
 * (tuple of ints size, *, Tensor out = None, torch.dtype dtype = None, torch.layout layout = None, torch.device device = None, bool pin_memory = False, bool requires_grad = False)

[Rank 008] Removed partially written file: scanner_layouts_raytracer_patched_508640ff8dc59f67dd884fdbc89ee122/position_338_ppdfs.hdf5
[Rank 008] Evaluating position 368 ...
[Rank 008] ID 0 for position 368
Error: The size of tensor a (2) must match the size of tensor b (262144) at non-singleton dimension 2
[Rank 008] Failed to process or write HDF5 for position 368. Error: zeros() received an invalid combination of arguments - got (tuple, dtype=str), but expected one of:
 * (tuple of ints size, *, tuple of names names, torch.dtype dtype = None, torch.layout layout = None, torch.device device = None, bool pin_memory = False, bool requires_grad = False)
 * (tuple of ints size, *, Tensor out = None, torch.dtype dtype = None, torch.layout layout = None, torch.device device = None, bool pin_memory = False, bool requires_grad = False)

[Rank 008] Removed partially written file: scanner_layouts_raytracer_patched_508640ff8dc59f67dd884fdbc89ee122/position_368_ppdfs.hdf5
[Rank 008] Evaluating position 398 ...
[Rank 008] ID 0 for position 398
Error: The size of tensor a (2) must match the size of tensor b (262144) at non-singleton dimension 2
[Rank 008] Failed to process or write HDF5 for position 398. Error: zeros() received an invalid combination of arguments - got (tuple, dtype=str), but expected one of:
 * (tuple of ints size, *, tuple of names names, torch.dtype dtype = None, torch.layout layout = None, torch.device device = None, bool pin_memory = False, bool requires_grad = False)
 * (tuple of ints size, *, Tensor out = None, torch.dtype dtype = None, torch.layout layout = None, torch.device device = None, bool pin_memory = False, bool requires_grad = False)

[Rank 008] Removed partially written file: scanner_layouts_raytracer_patched_508640ff8dc59f67dd884fdbc89ee122/position_398_ppdfs.hdf5
[Rank 008] Evaluating position 428 ...
[Rank 008] ID 0 for position 428
Error: The size of tensor a (2) must match the size of tensor b (262144) at non-singleton dimension 2
[Rank 008] Failed to process or write HDF5 for position 428. Error: zeros() received an invalid combination of arguments - got (tuple, dtype=str), but expected one of:
 * (tuple of ints size, *, tuple of names names, torch.dtype dtype = None, torch.layout layout = None, torch.device device = None, bool pin_memory = False, bool requires_grad = False)
 * (tuple of ints size, *, Tensor out = None, torch.dtype dtype = None, torch.layout layout = None, torch.device device = None, bool pin_memory = False, bool requires_grad = False)

[Rank 008] Removed partially written file: scanner_layouts_raytracer_patched_508640ff8dc59f67dd884fdbc89ee122/position_428_ppdfs.hdf5
[Rank 008] Evaluating position 458 ...
[Rank 008] ID 0 for position 458
Error: The size of tensor a (2) must match the size of tensor b (262144) at non-singleton dimension 2
[Rank 008] Failed to process or write HDF5 for position 458. Error: zeros() received an invalid combination of arguments - got (tuple, dtype=str), but expected one of:
 * (tuple of ints size, *, tuple of names names, torch.dtype dtype = None, torch.layout layout = None, torch.device device = None, bool pin_memory = False, bool requires_grad = False)
 * (tuple of ints size, *, Tensor out = None, torch.dtype dtype = None, torch.layout layout = None, torch.device device = None, bool pin_memory = False, bool requires_grad = False)

[Rank 008] Removed partially written file: scanner_layouts_raytracer_patched_508640ff8dc59f67dd884fdbc89ee122/position_458_ppdfs.hdf5
[Rank 008] Evaluating position 488 ...
[Rank 008] ID 0 for position 488
Error: The size of tensor a (2) must match the size of tensor b (262144) at non-singleton dimension 2
[Rank 008] Failed to process or write HDF5 for position 488. Error: zeros() received an invalid combination of arguments - got (tuple, dtype=str), but expected one of:
 * (tuple of ints size, *, tuple of names names, torch.dtype dtype = None, torch.layout layout = None, torch.device device = None, bool pin_memory = False, bool requires_grad = False)
 * (tuple of ints size, *, Tensor out = None, torch.dtype dtype = None, torch.layout layout = None, torch.device device = None, bool pin_memory = False, bool requires_grad = False)

[Rank 008] Removed partially written file: scanner_layouts_raytracer_patched_508640ff8dc59f67dd884fdbc89ee122/position_488_ppdfs.hdf5
[Rank 008] Evaluating position 518 ...
[Rank 008] ID 0 for position 518
Error: The size of tensor a (2) must match the size of tensor b (262144) at non-singleton dimension 2
[Rank 008] Failed to process or write HDF5 for position 518. Error: zeros() received an invalid combination of arguments - got (tuple, dtype=str), but expected one of:
 * (tuple of ints size, *, tuple of names names, torch.dtype dtype = None, torch.layout layout = None, torch.device device = None, bool pin_memory = False, bool requires_grad = False)
 * (tuple of ints size, *, Tensor out = None, torch.dtype dtype = None, torch.layout layout = None, torch.device device = None, bool pin_memory = False, bool requires_grad = False)

[Rank 008] Removed partially written file: scanner_layouts_raytracer_patched_508640ff8dc59f67dd884fdbc89ee122/position_518_ppdfs.hdf5
[Rank 008] Evaluating position 548 ...
[Rank 008] ID 0 for position 548
Error: The size of tensor a (2) must match the size of tensor b (262144) at non-singleton dimension 2
[Rank 008] Failed to process or write HDF5 for position 548. Error: zeros() received an invalid combination of arguments - got (tuple, dtype=str), but expected one of:
 * (tuple of ints size, *, tuple of names names, torch.dtype dtype = None, torch.layout layout = None, torch.device device = None, bool pin_memory = False, bool requires_grad = False)
 * (tuple of ints size, *, Tensor out = None, torch.dtype dtype = None, torch.layout layout = None, torch.device device = None, bool pin_memory = False, bool requires_grad = False)

[Rank 001] Failed to process or write HDF5 for position 271. Error: zeros() received an invalid combination of arguments - got (tuple, dtype=str), but expected one of:
 * (tuple of ints size, *, tuple of names names, torch.dtype dtype = None, torch.layout layout = None, torch.device device = None, bool pin_memory = False, bool requires_grad = False)
 * (tuple of ints size, *, Tensor out = None, torch.dtype dtype = None, torch.layout layout = None, torch.device device = None, bool pin_memory = False, bool requires_grad = False)

[Rank 001] Removed partially written file: scanner_layouts_raytracer_patched_508640ff8dc59f67dd884fdbc89ee122/position_271_ppdfs.hdf5
[Rank 001] Evaluating position 301 ...
[Rank 001] ID 0 for position 301
Error: The size of tensor a (2) must match the size of tensor b (262144) at non-singleton dimension 2
[Rank 001] Failed to process or write HDF5 for position 301. Error: zeros() received an invalid combination of arguments - got (tuple, dtype=str), but expected one of:
 * (tuple of ints size, *, tuple of names names, torch.dtype dtype = None, torch.layout layout = None, torch.device device = None, bool pin_memory = False, bool requires_grad = False)
 * (tuple of ints size, *, Tensor out = None, torch.dtype dtype = None, torch.layout layout = None, torch.device device = None, bool pin_memory = False, bool requires_grad = False)

[Rank 001] Removed partially written file: scanner_layouts_raytracer_patched_508640ff8dc59f67dd884fdbc89ee122/position_301_ppdfs.hdf5
[Rank 001] Evaluating position 331 ...
[Rank 001] ID 0 for position 331
Error: The size of tensor a (2) must match the size of tensor b (262144) at non-singleton dimension 2
[Rank 001] Failed to process or write HDF5 for position 331. Error: zeros() received an invalid combination of arguments - got (tuple, dtype=str), but expected one of:
 * (tuple of ints size, *, tuple of names names, torch.dtype dtype = None, torch.layout layout = None, torch.device device = None, bool pin_memory = False, bool requires_grad = False)
 * (tuple of ints size, *, Tensor out = None, torch.dtype dtype = None, torch.layout layout = None, torch.device device = None, bool pin_memory = False, bool requires_grad = False)

[Rank 001] Removed partially written file: scanner_layouts_raytracer_patched_508640ff8dc59f67dd884fdbc89ee122/position_331_ppdfs.hdf5
[Rank 001] Evaluating position 361 ...
[Rank 001] ID 0 for position 361
Error: The size of tensor a (2) must match the size of tensor b (262144) at non-singleton dimension 2
[Rank 001] Failed to process or write HDF5 for position 361. Error: zeros() received an invalid combination of arguments - got (tuple, dtype=str), but expected one of:
 * (tuple of ints size, *, tuple of names names, torch.dtype dtype = None, torch.layout layout = None, torch.device device = None, bool pin_memory = False, bool requires_grad = False)
 * (tuple of ints size, *, Tensor out = None, torch.dtype dtype = None, torch.layout layout = None, torch.device device = None, bool pin_memory = False, bool requires_grad = False)

[Rank 001] Removed partially written file: scanner_layouts_raytracer_patched_508640ff8dc59f67dd884fdbc89ee122/position_361_ppdfs.hdf5
[Rank 001] Evaluating position 391 ...
[Rank 001] ID 0 for position 391
Error: The size of tensor a (2) must match the size of tensor b (262144) at non-singleton dimension 2
[Rank 001] Failed to process or write HDF5 for position 391. Error: zeros() received an invalid combination of arguments - got (tuple, dtype=str), but expected one of:
 * (tuple of ints size, *, tuple of names names, torch.dtype dtype = None, torch.layout layout = None, torch.device device = None, bool pin_memory = False, bool requires_grad = False)
 * (tuple of ints size, *, Tensor out = None, torch.dtype dtype = None, torch.layout layout = None, torch.device device = None, bool pin_memory = False, bool requires_grad = False)

[Rank 001] Removed partially written file: scanner_layouts_raytracer_patched_508640ff8dc59f67dd884fdbc89ee122/position_391_ppdfs.hdf5
[Rank 001] Evaluating position 421 ...
[Rank 001] ID 0 for position 421
Error: The size of tensor a (2) must match the size of tensor b (262144) at non-singleton dimension 2
[Rank 001] Failed to process or write HDF5 for position 421. Error: zeros() received an invalid combination of arguments - got (tuple, dtype=str), but expected one of:
 * (tuple of ints size, *, tuple of names names, torch.dtype dtype = None, torch.layout layout = None, torch.device device = None, bool pin_memory = False, bool requires_grad = False)
 * (tuple of ints size, *, Tensor out = None, torch.dtype dtype = None, torch.layout layout = None, torch.device device = None, bool pin_memory = False, bool requires_grad = False)

[Rank 001] Removed partially written file: scanner_layouts_raytracer_patched_508640ff8dc59f67dd884fdbc89ee122/position_421_ppdfs.hdf5
[Rank 001] Evaluating position 451 ...
[Rank 001] ID 0 for position 451
Error: The size of tensor a (2) must match the size of tensor b (262144) at non-singleton dimension 2
[Rank 001] Failed to process or write HDF5 for position 451. Error: zeros() received an invalid combination of arguments - got (tuple, dtype=str), but expected one of:
 * (tuple of ints size, *, tuple of names names, torch.dtype dtype = None, torch.layout layout = None, torch.device device = None, bool pin_memory = False, bool requires_grad = False)
 * (tuple of ints size, *, Tensor out = None, torch.dtype dtype = None, torch.layout layout = None, torch.device device = None, bool pin_memory = False, bool requires_grad = False)

[Rank 001] Removed partially written file: scanner_layouts_raytracer_patched_508640ff8dc59f67dd884fdbc89ee122/position_451_ppdfs.hdf5
[Rank 001] Evaluating position 481 ...
[Rank 001] ID 0 for position 481
Error: The size of tensor a (2) must match the size of tensor b (262144) at non-singleton dimension 2
[Rank 001] Failed to process or write HDF5 for position 481. Error: zeros() received an invalid combination of arguments - got (tuple, dtype=str), but expected one of:
 * (tuple of ints size, *, tuple of names names, torch.dtype dtype = None, torch.layout layout = None, torch.device device = None, bool pin_memory = False, bool requires_grad = False)
 * (tuple of ints size, *, Tensor out = None, torch.dtype dtype = None, torch.layout layout = None, torch.device device = None, bool pin_memory = False, bool requires_grad = False)

[Rank 001] Removed partially written file: scanner_layouts_raytracer_patched_508640ff8dc59f67dd884fdbc89ee122/position_481_ppdfs.hdf5
[Rank 001] Evaluating position 511 ...
[Rank 001] ID 0 for position 511
Error: The size of tensor a (2) must match the size of tensor b (262144) at non-singleton dimension 2
[Rank 001] Failed to process or write HDF5 for position 511. Error: zeros() received an invalid combination of arguments - got (tuple, dtype=str), but expected one of:
 * (tuple of ints size, *, tuple of names names, torch.dtype dtype = None, torch.layout layout = None, torch.device device = None, bool pin_memory = False, bool requires_grad = False)
 * (tuple of ints size, *, Tensor out = None, torch.dtype dtype = None, torch.layout layout = None, torch.device device = None, bool pin_memory = False, bool requires_grad = False)

[Rank 001] Removed partially written file: scanner_layouts_raytracer_patched_508640ff8dc59f67dd884fdbc89ee122/position_511_ppdfs.hdf5
[Rank 001] Evaluating position 541 ...
[Rank 001] ID 0 for position 541
Error: The size of tensor a (2) must match the size of tensor b (262144) at non-singleton dimension 2
[Rank 001] Failed to process or write HDF5 for position 541. Error: zeros() received an invalid combination of arguments - got (tuple, dtype=str), but expected one of:
 * (tuple of ints size, *, tuple of names names, torch.dtype dtype = None, torch.layout layout = None, torch.device device = None, bool pin_memory = False, bool requires_grad = False)
 * (tuple of ints size, *, Tensor out = None, torch.dtype dtype = None, torch.layout layout = None, torch.device device = None, bool pin_memory = False, bool requires_grad = False)

[Rank 019] Failed to process or write HDF5 for position 289. Error: zeros() received an invalid combination of arguments - got (tuple, dtype=str), but expected one of:
 * (tuple of ints size, *, tuple of names names, torch.dtype dtype = None, torch.layout layout = None, torch.device device = None, bool pin_memory = False, bool requires_grad = False)
 * (tuple of ints size, *, Tensor out = None, torch.dtype dtype = None, torch.layout layout = None, torch.device device = None, bool pin_memory = False, bool requires_grad = False)

[Rank 019] Removed partially written file: scanner_layouts_raytracer_patched_508640ff8dc59f67dd884fdbc89ee122/position_289_ppdfs.hdf5
[Rank 019] Evaluating position 319 ...
[Rank 019] ID 0 for position 319
Error: The size of tensor a (2) must match the size of tensor b (262144) at non-singleton dimension 2
[Rank 019] Failed to process or write HDF5 for position 319. Error: zeros() received an invalid combination of arguments - got (tuple, dtype=str), but expected one of:
 * (tuple of ints size, *, tuple of names names, torch.dtype dtype = None, torch.layout layout = None, torch.device device = None, bool pin_memory = False, bool requires_grad = False)
 * (tuple of ints size, *, Tensor out = None, torch.dtype dtype = None, torch.layout layout = None, torch.device device = None, bool pin_memory = False, bool requires_grad = False)

[Rank 019] Removed partially written file: scanner_layouts_raytracer_patched_508640ff8dc59f67dd884fdbc89ee122/position_319_ppdfs.hdf5
[Rank 019] Evaluating position 349 ...
[Rank 019] ID 0 for position 349
Error: The size of tensor a (2) must match the size of tensor b (262144) at non-singleton dimension 2
[Rank 019] Failed to process or write HDF5 for position 349. Error: zeros() received an invalid combination of arguments - got (tuple, dtype=str), but expected one of:
 * (tuple of ints size, *, tuple of names names, torch.dtype dtype = None, torch.layout layout = None, torch.device device = None, bool pin_memory = False, bool requires_grad = False)
 * (tuple of ints size, *, Tensor out = None, torch.dtype dtype = None, torch.layout layout = None, torch.device device = None, bool pin_memory = False, bool requires_grad = False)

[Rank 019] Removed partially written file: scanner_layouts_raytracer_patched_508640ff8dc59f67dd884fdbc89ee122/position_349_ppdfs.hdf5
[Rank 019] Evaluating position 379 ...
[Rank 019] ID 0 for position 379
Error: The size of tensor a (2) must match the size of tensor b (262144) at non-singleton dimension 2
[Rank 019] Failed to process or write HDF5 for position 379. Error: zeros() received an invalid combination of arguments - got (tuple, dtype=str), but expected one of:
 * (tuple of ints size, *, tuple of names names, torch.dtype dtype = None, torch.layout layout = None, torch.device device = None, bool pin_memory = False, bool requires_grad = False)
 * (tuple of ints size, *, Tensor out = None, torch.dtype dtype = None, torch.layout layout = None, torch.device device = None, bool pin_memory = False, bool requires_grad = False)

[Rank 019] Removed partially written file: scanner_layouts_raytracer_patched_508640ff8dc59f67dd884fdbc89ee122/position_379_ppdfs.hdf5
[Rank 019] Evaluating position 409 ...
[Rank 019] ID 0 for position 409
Error: The size of tensor a (2) must match the size of tensor b (262144) at non-singleton dimension 2
[Rank 019] Failed to process or write HDF5 for position 409. Error: zeros() received an invalid combination of arguments - got (tuple, dtype=str), but expected one of:
 * (tuple of ints size, *, tuple of names names, torch.dtype dtype = None, torch.layout layout = None, torch.device device = None, bool pin_memory = False, bool requires_grad = False)
 * (tuple of ints size, *, Tensor out = None, torch.dtype dtype = None, torch.layout layout = None, torch.device device = None, bool pin_memory = False, bool requires_grad = False)

[Rank 019] Removed partially written file: scanner_layouts_raytracer_patched_508640ff8dc59f67dd884fdbc89ee122/position_409_ppdfs.hdf5
[Rank 019] Evaluating position 439 ...
[Rank 019] ID 0 for position 439
Error: The size of tensor a (2) must match the size of tensor b (262144) at non-singleton dimension 2
[Rank 019] Failed to process or write HDF5 for position 439. Error: zeros() received an invalid combination of arguments - got (tuple, dtype=str), but expected one of:
 * (tuple of ints size, *, tuple of names names, torch.dtype dtype = None, torch.layout layout = None, torch.device device = None, bool pin_memory = False, bool requires_grad = False)
 * (tuple of ints size, *, Tensor out = None, torch.dtype dtype = None, torch.layout layout = None, torch.device device = None, bool pin_memory = False, bool requires_grad = False)

[Rank 019] Removed partially written file: scanner_layouts_raytracer_patched_508640ff8dc59f67dd884fdbc89ee122/position_439_ppdfs.hdf5
[Rank 019] Evaluating position 469 ...
[Rank 019] ID 0 for position 469
Error: The size of tensor a (2) must match the size of tensor b (262144) at non-singleton dimension 2
[Rank 019] Failed to process or write HDF5 for position 469. Error: zeros() received an invalid combination of arguments - got (tuple, dtype=str), but expected one of:
 * (tuple of ints size, *, tuple of names names, torch.dtype dtype = None, torch.layout layout = None, torch.device device = None, bool pin_memory = False, bool requires_grad = False)
 * (tuple of ints size, *, Tensor out = None, torch.dtype dtype = None, torch.layout layout = None, torch.device device = None, bool pin_memory = False, bool requires_grad = False)

[Rank 019] Removed partially written file: scanner_layouts_raytracer_patched_508640ff8dc59f67dd884fdbc89ee122/position_469_ppdfs.hdf5
[Rank 019] Evaluating position 499 ...
[Rank 019] ID 0 for position 499
Error: The size of tensor a (2) must match the size of tensor b (262144) at non-singleton dimension 2
[Rank 019] Failed to process or write HDF5 for position 499. Error: zeros() received an invalid combination of arguments - got (tuple, dtype=str), but expected one of:
 * (tuple of ints size, *, tuple of names names, torch.dtype dtype = None, torch.layout layout = None, torch.device device = None, bool pin_memory = False, bool requires_grad = False)
 * (tuple of ints size, *, Tensor out = None, torch.dtype dtype = None, torch.layout layout = None, torch.device device = None, bool pin_memory = False, bool requires_grad = False)

[Rank 019] Removed partially written file: scanner_layouts_raytracer_patched_508640ff8dc59f67dd884fdbc89ee122/position_499_ppdfs.hdf5
[Rank 019] Evaluating position 529 ...
[Rank 019] ID 0 for position 529
Error: The size of tensor a (2) must match the size of tensor b (262144) at non-singleton dimension 2
[Rank 019] Failed to process or write HDF5 for position 529. Error: zeros() received an invalid combination of arguments - got (tuple, dtype=str), but expected one of:
 * (tuple of ints size, *, tuple of names names, torch.dtype dtype = None, torch.layout layout = None, torch.device device = None, bool pin_memory = False, bool requires_grad = False)
 * (tuple of ints size, *, Tensor out = None, torch.dtype dtype = None, torch.layout layout = None, torch.device device = None, bool pin_memory = False, bool requires_grad = False)

[Rank 019] Removed partially written file: scanner_layouts_raytracer_patched_508640ff8dc59f67dd884fdbc89ee122/position_529_ppdfs.hdf5
[Rank 019] Evaluating position 559 ...
[Rank 019] ID 0 for position 559
Error: The size of tensor a (2) must match the size of tensor b (262144) at non-singleton dimension 2
[Rank 019] Failed to process or write HDF5 for position 559. Error: zeros() received an invalid combination of arguments - got (tuple, dtype=str), but expected one of:
 * (tuple of ints size, *, tuple of names names, torch.dtype dtype = None, torch.layout layout = None, torch.device device = None, bool pin_memory = False, bool requires_grad = False)
 * (tuple of ints size, *, Tensor out = None, torch.dtype dtype = None, torch.layout layout = None, torch.device device = None, bool pin_memory = False, bool requires_grad = False)

[Rank 026] Failed to process or write HDF5 for position 296. Error: zeros() received an invalid combination of arguments - got (tuple, dtype=str), but expected one of:
 * (tuple of ints size, *, tuple of names names, torch.dtype dtype = None, torch.layout layout = None, torch.device device = None, bool pin_memory = False, bool requires_grad = False)
 * (tuple of ints size, *, Tensor out = None, torch.dtype dtype = None, torch.layout layout = None, torch.device device = None, bool pin_memory = False, bool requires_grad = False)

[Rank 026] Removed partially written file: scanner_layouts_raytracer_patched_508640ff8dc59f67dd884fdbc89ee122/position_296_ppdfs.hdf5
[Rank 026] Evaluating position 326 ...
[Rank 026] ID 0 for position 326
Error: The size of tensor a (2) must match the size of tensor b (262144) at non-singleton dimension 2
[Rank 026] Failed to process or write HDF5 for position 326. Error: zeros() received an invalid combination of arguments - got (tuple, dtype=str), but expected one of:
 * (tuple of ints size, *, tuple of names names, torch.dtype dtype = None, torch.layout layout = None, torch.device device = None, bool pin_memory = False, bool requires_grad = False)
 * (tuple of ints size, *, Tensor out = None, torch.dtype dtype = None, torch.layout layout = None, torch.device device = None, bool pin_memory = False, bool requires_grad = False)

[Rank 026] Removed partially written file: scanner_layouts_raytracer_patched_508640ff8dc59f67dd884fdbc89ee122/position_326_ppdfs.hdf5
[Rank 026] Evaluating position 356 ...
[Rank 026] ID 0 for position 356
Error: The size of tensor a (2) must match the size of tensor b (262144) at non-singleton dimension 2
[Rank 026] Failed to process or write HDF5 for position 356. Error: zeros() received an invalid combination of arguments - got (tuple, dtype=str), but expected one of:
 * (tuple of ints size, *, tuple of names names, torch.dtype dtype = None, torch.layout layout = None, torch.device device = None, bool pin_memory = False, bool requires_grad = False)
 * (tuple of ints size, *, Tensor out = None, torch.dtype dtype = None, torch.layout layout = None, torch.device device = None, bool pin_memory = False, bool requires_grad = False)

[Rank 026] Removed partially written file: scanner_layouts_raytracer_patched_508640ff8dc59f67dd884fdbc89ee122/position_356_ppdfs.hdf5
[Rank 026] Evaluating position 386 ...
[Rank 026] ID 0 for position 386
Error: The size of tensor a (2) must match the size of tensor b (262144) at non-singleton dimension 2
[Rank 026] Failed to process or write HDF5 for position 386. Error: zeros() received an invalid combination of arguments - got (tuple, dtype=str), but expected one of:
 * (tuple of ints size, *, tuple of names names, torch.dtype dtype = None, torch.layout layout = None, torch.device device = None, bool pin_memory = False, bool requires_grad = False)
 * (tuple of ints size, *, Tensor out = None, torch.dtype dtype = None, torch.layout layout = None, torch.device device = None, bool pin_memory = False, bool requires_grad = False)

[Rank 026] Removed partially written file: scanner_layouts_raytracer_patched_508640ff8dc59f67dd884fdbc89ee122/position_386_ppdfs.hdf5
[Rank 026] Evaluating position 416 ...
[Rank 026] ID 0 for position 416
Error: The size of tensor a (2) must match the size of tensor b (262144) at non-singleton dimension 2
[Rank 026] Failed to process or write HDF5 for position 416. Error: zeros() received an invalid combination of arguments - got (tuple, dtype=str), but expected one of:
 * (tuple of ints size, *, tuple of names names, torch.dtype dtype = None, torch.layout layout = None, torch.device device = None, bool pin_memory = False, bool requires_grad = False)
 * (tuple of ints size, *, Tensor out = None, torch.dtype dtype = None, torch.layout layout = None, torch.device device = None, bool pin_memory = False, bool requires_grad = False)

[Rank 026] Removed partially written file: scanner_layouts_raytracer_patched_508640ff8dc59f67dd884fdbc89ee122/position_416_ppdfs.hdf5
[Rank 026] Evaluating position 446 ...
[Rank 026] ID 0 for position 446
Error: The size of tensor a (2) must match the size of tensor b (262144) at non-singleton dimension 2
[Rank 026] Failed to process or write HDF5 for position 446. Error: zeros() received an invalid combination of arguments - got (tuple, dtype=str), but expected one of:
 * (tuple of ints size, *, tuple of names names, torch.dtype dtype = None, torch.layout layout = None, torch.device device = None, bool pin_memory = False, bool requires_grad = False)
 * (tuple of ints size, *, Tensor out = None, torch.dtype dtype = None, torch.layout layout = None, torch.device device = None, bool pin_memory = False, bool requires_grad = False)

[Rank 026] Removed partially written file: scanner_layouts_raytracer_patched_508640ff8dc59f67dd884fdbc89ee122/position_446_ppdfs.hdf5
[Rank 026] Evaluating position 476 ...
[Rank 026] ID 0 for position 476
Error: The size of tensor a (2) must match the size of tensor b (262144) at non-singleton dimension 2
[Rank 026] Failed to process or write HDF5 for position 476. Error: zeros() received an invalid combination of arguments - got (tuple, dtype=str), but expected one of:
 * (tuple of ints size, *, tuple of names names, torch.dtype dtype = None, torch.layout layout = None, torch.device device = None, bool pin_memory = False, bool requires_grad = False)
 * (tuple of ints size, *, Tensor out = None, torch.dtype dtype = None, torch.layout layout = None, torch.device device = None, bool pin_memory = False, bool requires_grad = False)

[Rank 026] Removed partially written file: scanner_layouts_raytracer_patched_508640ff8dc59f67dd884fdbc89ee122/position_476_ppdfs.hdf5
[Rank 026] Evaluating position 506 ...
[Rank 026] ID 0 for position 506
Error: The size of tensor a (2) must match the size of tensor b (262144) at non-singleton dimension 2
[Rank 026] Failed to process or write HDF5 for position 506. Error: zeros() received an invalid combination of arguments - got (tuple, dtype=str), but expected one of:
 * (tuple of ints size, *, tuple of names names, torch.dtype dtype = None, torch.layout layout = None, torch.device device = None, bool pin_memory = False, bool requires_grad = False)
 * (tuple of ints size, *, Tensor out = None, torch.dtype dtype = None, torch.layout layout = None, torch.device device = None, bool pin_memory = False, bool requires_grad = False)

[Rank 026] Removed partially written file: scanner_layouts_raytracer_patched_508640ff8dc59f67dd884fdbc89ee122/position_506_ppdfs.hdf5
[Rank 026] Evaluating position 536 ...
[Rank 026] ID 0 for position 536
Error: The size of tensor a (2) must match the size of tensor b (262144) at non-singleton dimension 2
[Rank 026] Failed to process or write HDF5 for position 536. Error: zeros() received an invalid combination of arguments - got (tuple, dtype=str), but expected one of:
 * (tuple of ints size, *, tuple of names names, torch.dtype dtype = None, torch.layout layout = None, torch.device device = None, bool pin_memory = False, bool requires_grad = False)
 * (tuple of ints size, *, Tensor out = None, torch.dtype dtype = None, torch.layout layout = None, torch.device device = None, bool pin_memory = False, bool requires_grad = False)

[Rank 026] Removed partially written file: scanner_layouts_raytracer_patched_508640ff8dc59f67dd884fdbc89ee122/position_536_ppdfs.hdf5
[Rank 026] Evaluating position 566 ...
[Rank 026] ID 0 for position 566
Error: The size of tensor a (2) must match the size of tensor b (262144) at non-singleton dimension 2
[Rank 026] Failed to process or write HDF5 for position 566. Error: zeros() received an invalid combination of arguments - got (tuple, dtype=str), but expected one of:
 * (tuple of ints size, *, tuple of names names, torch.dtype dtype = None, torch.layout layout = None, torch.device device = None, bool pin_memory = False, bool requires_grad = False)
 * (tuple of ints size, *, Tensor out = None, torch.dtype dtype = None, torch.layout layout = None, torch.device device = None, bool pin_memory = False, bool requires_grad = False)

[Rank 020] Failed to process or write HDF5 for position 290. Error: zeros() received an invalid combination of arguments - got (tuple, dtype=str), but expected one of:
 * (tuple of ints size, *, tuple of names names, torch.dtype dtype = None, torch.layout layout = None, torch.device device = None, bool pin_memory = False, bool requires_grad = False)
 * (tuple of ints size, *, Tensor out = None, torch.dtype dtype = None, torch.layout layout = None, torch.device device = None, bool pin_memory = False, bool requires_grad = False)

[Rank 020] Removed partially written file: scanner_layouts_raytracer_patched_508640ff8dc59f67dd884fdbc89ee122/position_290_ppdfs.hdf5
[Rank 020] Evaluating position 320 ...
[Rank 020] ID 0 for position 320
Error: The size of tensor a (2) must match the size of tensor b (262144) at non-singleton dimension 2
[Rank 020] Failed to process or write HDF5 for position 320. Error: zeros() received an invalid combination of arguments - got (tuple, dtype=str), but expected one of:
 * (tuple of ints size, *, tuple of names names, torch.dtype dtype = None, torch.layout layout = None, torch.device device = None, bool pin_memory = False, bool requires_grad = False)
 * (tuple of ints size, *, Tensor out = None, torch.dtype dtype = None, torch.layout layout = None, torch.device device = None, bool pin_memory = False, bool requires_grad = False)

[Rank 020] Removed partially written file: scanner_layouts_raytracer_patched_508640ff8dc59f67dd884fdbc89ee122/position_320_ppdfs.hdf5
[Rank 020] Evaluating position 350 ...
[Rank 020] ID 0 for position 350
Error: The size of tensor a (2) must match the size of tensor b (262144) at non-singleton dimension 2
[Rank 020] Failed to process or write HDF5 for position 350. Error: zeros() received an invalid combination of arguments - got (tuple, dtype=str), but expected one of:
 * (tuple of ints size, *, tuple of names names, torch.dtype dtype = None, torch.layout layout = None, torch.device device = None, bool pin_memory = False, bool requires_grad = False)
 * (tuple of ints size, *, Tensor out = None, torch.dtype dtype = None, torch.layout layout = None, torch.device device = None, bool pin_memory = False, bool requires_grad = False)

[Rank 020] Removed partially written file: scanner_layouts_raytracer_patched_508640ff8dc59f67dd884fdbc89ee122/position_350_ppdfs.hdf5
[Rank 020] Evaluating position 380 ...
[Rank 020] ID 0 for position 380
Error: The size of tensor a (2) must match the size of tensor b (262144) at non-singleton dimension 2
[Rank 020] Failed to process or write HDF5 for position 380. Error: zeros() received an invalid combination of arguments - got (tuple, dtype=str), but expected one of:
 * (tuple of ints size, *, tuple of names names, torch.dtype dtype = None, torch.layout layout = None, torch.device device = None, bool pin_memory = False, bool requires_grad = False)
 * (tuple of ints size, *, Tensor out = None, torch.dtype dtype = None, torch.layout layout = None, torch.device device = None, bool pin_memory = False, bool requires_grad = False)

[Rank 020] Removed partially written file: scanner_layouts_raytracer_patched_508640ff8dc59f67dd884fdbc89ee122/position_380_ppdfs.hdf5
[Rank 020] Evaluating position 410 ...
[Rank 020] ID 0 for position 410
Error: The size of tensor a (2) must match the size of tensor b (262144) at non-singleton dimension 2
[Rank 020] Failed to process or write HDF5 for position 410. Error: zeros() received an invalid combination of arguments - got (tuple, dtype=str), but expected one of:
 * (tuple of ints size, *, tuple of names names, torch.dtype dtype = None, torch.layout layout = None, torch.device device = None, bool pin_memory = False, bool requires_grad = False)
 * (tuple of ints size, *, Tensor out = None, torch.dtype dtype = None, torch.layout layout = None, torch.device device = None, bool pin_memory = False, bool requires_grad = False)

[Rank 020] Removed partially written file: scanner_layouts_raytracer_patched_508640ff8dc59f67dd884fdbc89ee122/position_410_ppdfs.hdf5
[Rank 020] Evaluating position 440 ...
[Rank 020] ID 0 for position 440
Error: The size of tensor a (2) must match the size of tensor b (262144) at non-singleton dimension 2
[Rank 020] Failed to process or write HDF5 for position 440. Error: zeros() received an invalid combination of arguments - got (tuple, dtype=str), but expected one of:
 * (tuple of ints size, *, tuple of names names, torch.dtype dtype = None, torch.layout layout = None, torch.device device = None, bool pin_memory = False, bool requires_grad = False)
 * (tuple of ints size, *, Tensor out = None, torch.dtype dtype = None, torch.layout layout = None, torch.device device = None, bool pin_memory = False, bool requires_grad = False)

[Rank 020] Removed partially written file: scanner_layouts_raytracer_patched_508640ff8dc59f67dd884fdbc89ee122/position_440_ppdfs.hdf5
[Rank 020] Evaluating position 470 ...
[Rank 020] ID 0 for position 470
Error: The size of tensor a (2) must match the size of tensor b (262144) at non-singleton dimension 2
[Rank 020] Failed to process or write HDF5 for position 470. Error: zeros() received an invalid combination of arguments - got (tuple, dtype=str), but expected one of:
 * (tuple of ints size, *, tuple of names names, torch.dtype dtype = None, torch.layout layout = None, torch.device device = None, bool pin_memory = False, bool requires_grad = False)
 * (tuple of ints size, *, Tensor out = None, torch.dtype dtype = None, torch.layout layout = None, torch.device device = None, bool pin_memory = False, bool requires_grad = False)

[Rank 020] Removed partially written file: scanner_layouts_raytracer_patched_508640ff8dc59f67dd884fdbc89ee122/position_470_ppdfs.hdf5
[Rank 020] Evaluating position 500 ...
[Rank 020] ID 0 for position 500
Error: The size of tensor a (2) must match the size of tensor b (262144) at non-singleton dimension 2
[Rank 020] Failed to process or write HDF5 for position 500. Error: zeros() received an invalid combination of arguments - got (tuple, dtype=str), but expected one of:
 * (tuple of ints size, *, tuple of names names, torch.dtype dtype = None, torch.layout layout = None, torch.device device = None, bool pin_memory = False, bool requires_grad = False)
 * (tuple of ints size, *, Tensor out = None, torch.dtype dtype = None, torch.layout layout = None, torch.device device = None, bool pin_memory = False, bool requires_grad = False)

[Rank 020] Removed partially written file: scanner_layouts_raytracer_patched_508640ff8dc59f67dd884fdbc89ee122/position_500_ppdfs.hdf5
[Rank 020] Evaluating position 530 ...
[Rank 020] ID 0 for position 530
Error: The size of tensor a (2) must match the size of tensor b (262144) at non-singleton dimension 2
[Rank 020] Failed to process or write HDF5 for position 530. Error: zeros() received an invalid combination of arguments - got (tuple, dtype=str), but expected one of:
 * (tuple of ints size, *, tuple of names names, torch.dtype dtype = None, torch.layout layout = None, torch.device device = None, bool pin_memory = False, bool requires_grad = False)
 * (tuple of ints size, *, Tensor out = None, torch.dtype dtype = None, torch.layout layout = None, torch.device device = None, bool pin_memory = False, bool requires_grad = False)

[Rank 020] Removed partially written file: scanner_layouts_raytracer_patched_508640ff8dc59f67dd884fdbc89ee122/position_530_ppdfs.hdf5
[Rank 020] Evaluating position 560 ...
[Rank 020] ID 0 for position 560
Error: The size of tensor a (2) must match the size of tensor b (262144) at non-singleton dimension 2
[Rank 020] Failed to process or write HDF5 for position 560. Error: zeros() received an invalid combination of arguments - got (tuple, dtype=str), but expected one of:
 * (tuple of ints size, *, tuple of names names, torch.dtype dtype = None, torch.layout layout = None, torch.device device = None, bool pin_memory = False, bool requires_grad = False)
 * (tuple of ints size, *, Tensor out = None, torch.dtype dtype = None, torch.layout layout = None, torch.device device = None, bool pin_memory = False, bool requires_grad = False)

[Rank 013] Removed partially written file: scanner_layouts_raytracer_patched_508640ff8dc59f67dd884fdbc89ee122/position_553_ppdfs.hdf5
[Rank 013] Evaluating position 583 ...
[Rank 013] ID 0 for position 583
Error: The size of tensor a (2) must match the size of tensor b (262144) at non-singleton dimension 2
[Rank 013] Failed to process or write HDF5 for position 583. Error: zeros() received an invalid combination of arguments - got (tuple, dtype=str), but expected one of:
 * (tuple of ints size, *, tuple of names names, torch.dtype dtype = None, torch.layout layout = None, torch.device device = None, bool pin_memory = False, bool requires_grad = False)
 * (tuple of ints size, *, Tensor out = None, torch.dtype dtype = None, torch.layout layout = None, torch.device device = None, bool pin_memory = False, bool requires_grad = False)

[Rank 013] Removed partially written file: scanner_layouts_raytracer_patched_508640ff8dc59f67dd884fdbc89ee122/position_583_ppdfs.hdf5
[Rank 008] Removed partially written file: scanner_layouts_raytracer_patched_508640ff8dc59f67dd884fdbc89ee122/position_548_ppdfs.hdf5
[Rank 008] Evaluating position 578 ...
[Rank 008] ID 0 for position 578
Error: The size of tensor a (2) must match the size of tensor b (262144) at non-singleton dimension 2
[Rank 008] Failed to process or write HDF5 for position 578. Error: zeros() received an invalid combination of arguments - got (tuple, dtype=str), but expected one of:
 * (tuple of ints size, *, tuple of names names, torch.dtype dtype = None, torch.layout layout = None, torch.device device = None, bool pin_memory = False, bool requires_grad = False)
 * (tuple of ints size, *, Tensor out = None, torch.dtype dtype = None, torch.layout layout = None, torch.device device = None, bool pin_memory = False, bool requires_grad = False)

[Rank 008] Removed partially written file: scanner_layouts_raytracer_patched_508640ff8dc59f67dd884fdbc89ee122/position_578_ppdfs.hdf5
[Rank 019] Removed partially written file: scanner_layouts_raytracer_patched_508640ff8dc59f67dd884fdbc89ee122/position_559_ppdfs.hdf5
[Rank 019] Evaluating position 589 ...
[Rank 019] ID 0 for position 589
Error: The size of tensor a (2) must match the size of tensor b (262144) at non-singleton dimension 2
[Rank 019] Failed to process or write HDF5 for position 589. Error: zeros() received an invalid combination of arguments - got (tuple, dtype=str), but expected one of:
 * (tuple of ints size, *, tuple of names names, torch.dtype dtype = None, torch.layout layout = None, torch.device device = None, bool pin_memory = False, bool requires_grad = False)
 * (tuple of ints size, *, Tensor out = None, torch.dtype dtype = None, torch.layout layout = None, torch.device device = None, bool pin_memory = False, bool requires_grad = False)

[Rank 019] Removed partially written file: scanner_layouts_raytracer_patched_508640ff8dc59f67dd884fdbc89ee122/position_589_ppdfs.hdf5
[Rank 001] Removed partially written file: scanner_layouts_raytracer_patched_508640ff8dc59f67dd884fdbc89ee122/position_541_ppdfs.hdf5
[Rank 001] Evaluating position 571 ...
[Rank 001] ID 0 for position 571
Error: The size of tensor a (2) must match the size of tensor b (262144) at non-singleton dimension 2
[Rank 001] Failed to process or write HDF5 for position 571. Error: zeros() received an invalid combination of arguments - got (tuple, dtype=str), but expected one of:
 * (tuple of ints size, *, tuple of names names, torch.dtype dtype = None, torch.layout layout = None, torch.device device = None, bool pin_memory = False, bool requires_grad = False)
 * (tuple of ints size, *, Tensor out = None, torch.dtype dtype = None, torch.layout layout = None, torch.device device = None, bool pin_memory = False, bool requires_grad = False)

[Rank 001] Removed partially written file: scanner_layouts_raytracer_patched_508640ff8dc59f67dd884fdbc89ee122/position_571_ppdfs.hdf5
[Rank 025] Failed to process or write HDF5 for position 295. Error: zeros() received an invalid combination of arguments - got (tuple, dtype=str), but expected one of:
 * (tuple of ints size, *, tuple of names names, torch.dtype dtype = None, torch.layout layout = None, torch.device device = None, bool pin_memory = False, bool requires_grad = False)
 * (tuple of ints size, *, Tensor out = None, torch.dtype dtype = None, torch.layout layout = None, torch.device device = None, bool pin_memory = False, bool requires_grad = False)

[Rank 025] Removed partially written file: scanner_layouts_raytracer_patched_508640ff8dc59f67dd884fdbc89ee122/position_295_ppdfs.hdf5
[Rank 025] Evaluating position 325 ...
[Rank 025] ID 0 for position 325
Error: The size of tensor a (2) must match the size of tensor b (262144) at non-singleton dimension 2
[Rank 025] Failed to process or write HDF5 for position 325. Error: zeros() received an invalid combination of arguments - got (tuple, dtype=str), but expected one of:
 * (tuple of ints size, *, tuple of names names, torch.dtype dtype = None, torch.layout layout = None, torch.device device = None, bool pin_memory = False, bool requires_grad = False)
 * (tuple of ints size, *, Tensor out = None, torch.dtype dtype = None, torch.layout layout = None, torch.device device = None, bool pin_memory = False, bool requires_grad = False)

[Rank 025] Removed partially written file: scanner_layouts_raytracer_patched_508640ff8dc59f67dd884fdbc89ee122/position_325_ppdfs.hdf5
[Rank 025] Evaluating position 355 ...
[Rank 025] ID 0 for position 355
Error: The size of tensor a (2) must match the size of tensor b (262144) at non-singleton dimension 2
[Rank 025] Failed to process or write HDF5 for position 355. Error: zeros() received an invalid combination of arguments - got (tuple, dtype=str), but expected one of:
 * (tuple of ints size, *, tuple of names names, torch.dtype dtype = None, torch.layout layout = None, torch.device device = None, bool pin_memory = False, bool requires_grad = False)
 * (tuple of ints size, *, Tensor out = None, torch.dtype dtype = None, torch.layout layout = None, torch.device device = None, bool pin_memory = False, bool requires_grad = False)

[Rank 025] Removed partially written file: scanner_layouts_raytracer_patched_508640ff8dc59f67dd884fdbc89ee122/position_355_ppdfs.hdf5
[Rank 025] Evaluating position 385 ...
[Rank 025] ID 0 for position 385
Error: The size of tensor a (2) must match the size of tensor b (262144) at non-singleton dimension 2
[Rank 025] Failed to process or write HDF5 for position 385. Error: zeros() received an invalid combination of arguments - got (tuple, dtype=str), but expected one of:
 * (tuple of ints size, *, tuple of names names, torch.dtype dtype = None, torch.layout layout = None, torch.device device = None, bool pin_memory = False, bool requires_grad = False)
 * (tuple of ints size, *, Tensor out = None, torch.dtype dtype = None, torch.layout layout = None, torch.device device = None, bool pin_memory = False, bool requires_grad = False)

[Rank 025] Removed partially written file: scanner_layouts_raytracer_patched_508640ff8dc59f67dd884fdbc89ee122/position_385_ppdfs.hdf5
[Rank 025] Evaluating position 415 ...
[Rank 025] ID 0 for position 415
Error: The size of tensor a (2) must match the size of tensor b (262144) at non-singleton dimension 2
[Rank 025] Failed to process or write HDF5 for position 415. Error: zeros() received an invalid combination of arguments - got (tuple, dtype=str), but expected one of:
 * (tuple of ints size, *, tuple of names names, torch.dtype dtype = None, torch.layout layout = None, torch.device device = None, bool pin_memory = False, bool requires_grad = False)
 * (tuple of ints size, *, Tensor out = None, torch.dtype dtype = None, torch.layout layout = None, torch.device device = None, bool pin_memory = False, bool requires_grad = False)

[Rank 025] Removed partially written file: scanner_layouts_raytracer_patched_508640ff8dc59f67dd884fdbc89ee122/position_415_ppdfs.hdf5
[Rank 025] Evaluating position 445 ...
[Rank 025] ID 0 for position 445
Error: The size of tensor a (2) must match the size of tensor b (262144) at non-singleton dimension 2
[Rank 025] Failed to process or write HDF5 for position 445. Error: zeros() received an invalid combination of arguments - got (tuple, dtype=str), but expected one of:
 * (tuple of ints size, *, tuple of names names, torch.dtype dtype = None, torch.layout layout = None, torch.device device = None, bool pin_memory = False, bool requires_grad = False)
 * (tuple of ints size, *, Tensor out = None, torch.dtype dtype = None, torch.layout layout = None, torch.device device = None, bool pin_memory = False, bool requires_grad = False)

[Rank 025] Removed partially written file: scanner_layouts_raytracer_patched_508640ff8dc59f67dd884fdbc89ee122/position_445_ppdfs.hdf5
[Rank 025] Evaluating position 475 ...
[Rank 025] ID 0 for position 475
Error: The size of tensor a (2) must match the size of tensor b (262144) at non-singleton dimension 2
[Rank 025] Failed to process or write HDF5 for position 475. Error: zeros() received an invalid combination of arguments - got (tuple, dtype=str), but expected one of:
 * (tuple of ints size, *, tuple of names names, torch.dtype dtype = None, torch.layout layout = None, torch.device device = None, bool pin_memory = False, bool requires_grad = False)
 * (tuple of ints size, *, Tensor out = None, torch.dtype dtype = None, torch.layout layout = None, torch.device device = None, bool pin_memory = False, bool requires_grad = False)

[Rank 025] Removed partially written file: scanner_layouts_raytracer_patched_508640ff8dc59f67dd884fdbc89ee122/position_475_ppdfs.hdf5
[Rank 025] Evaluating position 505 ...
[Rank 025] ID 0 for position 505
Error: The size of tensor a (2) must match the size of tensor b (262144) at non-singleton dimension 2
[Rank 025] Failed to process or write HDF5 for position 505. Error: zeros() received an invalid combination of arguments - got (tuple, dtype=str), but expected one of:
 * (tuple of ints size, *, tuple of names names, torch.dtype dtype = None, torch.layout layout = None, torch.device device = None, bool pin_memory = False, bool requires_grad = False)
 * (tuple of ints size, *, Tensor out = None, torch.dtype dtype = None, torch.layout layout = None, torch.device device = None, bool pin_memory = False, bool requires_grad = False)

[Rank 025] Removed partially written file: scanner_layouts_raytracer_patched_508640ff8dc59f67dd884fdbc89ee122/position_505_ppdfs.hdf5
[Rank 025] Evaluating position 535 ...
[Rank 025] ID 0 for position 535
Error: The size of tensor a (2) must match the size of tensor b (262144) at non-singleton dimension 2
[Rank 025] Failed to process or write HDF5 for position 535. Error: zeros() received an invalid combination of arguments - got (tuple, dtype=str), but expected one of:
 * (tuple of ints size, *, tuple of names names, torch.dtype dtype = None, torch.layout layout = None, torch.device device = None, bool pin_memory = False, bool requires_grad = False)
 * (tuple of ints size, *, Tensor out = None, torch.dtype dtype = None, torch.layout layout = None, torch.device device = None, bool pin_memory = False, bool requires_grad = False)

[Rank 025] Removed partially written file: scanner_layouts_raytracer_patched_508640ff8dc59f67dd884fdbc89ee122/position_535_ppdfs.hdf5
[Rank 025] Evaluating position 565 ...
[Rank 025] ID 0 for position 565
Error: The size of tensor a (2) must match the size of tensor b (262144) at non-singleton dimension 2
[Rank 025] Failed to process or write HDF5 for position 565. Error: zeros() received an invalid combination of arguments - got (tuple, dtype=str), but expected one of:
 * (tuple of ints size, *, tuple of names names, torch.dtype dtype = None, torch.layout layout = None, torch.device device = None, bool pin_memory = False, bool requires_grad = False)
 * (tuple of ints size, *, Tensor out = None, torch.dtype dtype = None, torch.layout layout = None, torch.device device = None, bool pin_memory = False, bool requires_grad = False)

[Rank 020] Removed partially written file: scanner_layouts_raytracer_patched_508640ff8dc59f67dd884fdbc89ee122/position_560_ppdfs.hdf5
[Rank 020] Evaluating position 590 ...
[Rank 020] ID 0 for position 590
Error: The size of tensor a (2) must match the size of tensor b (262144) at non-singleton dimension 2
[Rank 020] Failed to process or write HDF5 for position 590. Error: zeros() received an invalid combination of arguments - got (tuple, dtype=str), but expected one of:
 * (tuple of ints size, *, tuple of names names, torch.dtype dtype = None, torch.layout layout = None, torch.device device = None, bool pin_memory = False, bool requires_grad = False)
 * (tuple of ints size, *, Tensor out = None, torch.dtype dtype = None, torch.layout layout = None, torch.device device = None, bool pin_memory = False, bool requires_grad = False)

[Rank 020] Removed partially written file: scanner_layouts_raytracer_patched_508640ff8dc59f67dd884fdbc89ee122/position_590_ppdfs.hdf5
[Rank 026] Removed partially written file: scanner_layouts_raytracer_patched_508640ff8dc59f67dd884fdbc89ee122/position_566_ppdfs.hdf5
[Rank 026] Evaluating position 596 ...
[Rank 026] ID 0 for position 596
Error: The size of tensor a (2) must match the size of tensor b (262144) at non-singleton dimension 2
[Rank 026] Failed to process or write HDF5 for position 596. Error: zeros() received an invalid combination of arguments - got (tuple, dtype=str), but expected one of:
 * (tuple of ints size, *, tuple of names names, torch.dtype dtype = None, torch.layout layout = None, torch.device device = None, bool pin_memory = False, bool requires_grad = False)
 * (tuple of ints size, *, Tensor out = None, torch.dtype dtype = None, torch.layout layout = None, torch.device device = None, bool pin_memory = False, bool requires_grad = False)

[Rank 026] Removed partially written file: scanner_layouts_raytracer_patched_508640ff8dc59f67dd884fdbc89ee122/position_596_ppdfs.hdf5
[Rank 025] Removed partially written file: scanner_layouts_raytracer_patched_508640ff8dc59f67dd884fdbc89ee122/position_565_ppdfs.hdf5
[Rank 025] Evaluating position 595 ...
[Rank 025] ID 0 for position 595
Error: The size of tensor a (2) must match the size of tensor b (262144) at non-singleton dimension 2
[Rank 025] Failed to process or write HDF5 for position 595. Error: zeros() received an invalid combination of arguments - got (tuple, dtype=str), but expected one of:
 * (tuple of ints size, *, tuple of names names, torch.dtype dtype = None, torch.layout layout = None, torch.device device = None, bool pin_memory = False, bool requires_grad = False)
 * (tuple of ints size, *, Tensor out = None, torch.dtype dtype = None, torch.layout layout = None, torch.device device = None, bool pin_memory = False, bool requires_grad = False)

[Rank 025] Removed partially written file: scanner_layouts_raytracer_patched_508640ff8dc59f67dd884fdbc89ee122/position_595_ppdfs.hdf5
Rank 17 processing positions: [17, 47, 77]... (total 20)
[Rank 017] Evaluating position 017 ...
[Rank 017] ID 0 for position 017
Error: The size of tensor a (2) must match the size of tensor b (262144) at non-singleton dimension 2
[Rank 017] Failed to process or write HDF5 for position 017. Error: zeros() received an invalid combination of arguments - got (tuple, dtype=str), but expected one of:
 * (tuple of ints size, *, tuple of names names, torch.dtype dtype = None, torch.layout layout = None, torch.device device = None, bool pin_memory = False, bool requires_grad = False)
 * (tuple of ints size, *, Tensor out = None, torch.dtype dtype = None, torch.layout layout = None, torch.device device = None, bool pin_memory = False, bool requires_grad = False)

[Rank 017] Removed partially written file: scanner_layouts_raytracer_patched_508640ff8dc59f67dd884fdbc89ee122/position_017_ppdfs.hdf5
[Rank 017] Evaluating position 047 ...
[Rank 017] ID 0 for position 047
Error: The size of tensor a (2) must match the size of tensor b (262144) at non-singleton dimension 2
[Rank 017] Failed to process or write HDF5 for position 047. Error: zeros() received an invalid combination of arguments - got (tuple, dtype=str), but expected one of:
 * (tuple of ints size, *, tuple of names names, torch.dtype dtype = None, torch.layout layout = None, torch.device device = None, bool pin_memory = False, bool requires_grad = False)
 * (tuple of ints size, *, Tensor out = None, torch.dtype dtype = None, torch.layout layout = None, torch.device device = None, bool pin_memory = False, bool requires_grad = False)

[Rank 017] Removed partially written file: scanner_layouts_raytracer_patched_508640ff8dc59f67dd884fdbc89ee122/position_047_ppdfs.hdf5
[Rank 017] Evaluating position 077 ...
[Rank 017] ID 0 for position 077
Error: The size of tensor a (2) must match the size of tensor b (262144) at non-singleton dimension 2
[Rank 017] Failed to process or write HDF5 for position 077. Error: zeros() received an invalid combination of arguments - got (tuple, dtype=str), but expected one of:
 * (tuple of ints size, *, tuple of names names, torch.dtype dtype = None, torch.layout layout = None, torch.device device = None, bool pin_memory = False, bool requires_grad = False)
 * (tuple of ints size, *, Tensor out = None, torch.dtype dtype = None, torch.layout layout = None, torch.device device = None, bool pin_memory = False, bool requires_grad = False)

[Rank 017] Removed partially written file: scanner_layouts_raytracer_patched_508640ff8dc59f67dd884fdbc89ee122/position_077_ppdfs.hdf5
[Rank 017] Evaluating position 107 ...
[Rank 017] ID 0 for position 107
Error: The size of tensor a (2) must match the size of tensor b (262144) at non-singleton dimension 2
[Rank 017] Failed to process or write HDF5 for position 107. Error: zeros() received an invalid combination of arguments - got (tuple, dtype=str), but expected one of:
 * (tuple of ints size, *, tuple of names names, torch.dtype dtype = None, torch.layout layout = None, torch.device device = None, bool pin_memory = False, bool requires_grad = False)
 * (tuple of ints size, *, Tensor out = None, torch.dtype dtype = None, torch.layout layout = None, torch.device device = None, bool pin_memory = False, bool requires_grad = False)

[Rank 017] Removed partially written file: scanner_layouts_raytracer_patched_508640ff8dc59f67dd884fdbc89ee122/position_107_ppdfs.hdf5
[Rank 017] Evaluating position 137 ...
[Rank 017] ID 0 for position 137
Error: The size of tensor a (2) must match the size of tensor b (262144) at non-singleton dimension 2
[Rank 017] Failed to process or write HDF5 for position 137. Error: zeros() received an invalid combination of arguments - got (tuple, dtype=str), but expected one of:
 * (tuple of ints size, *, tuple of names names, torch.dtype dtype = None, torch.layout layout = None, torch.device device = None, bool pin_memory = False, bool requires_grad = False)
 * (tuple of ints size, *, Tensor out = None, torch.dtype dtype = None, torch.layout layout = None, torch.device device = None, bool pin_memory = False, bool requires_grad = False)

[Rank 017] Removed partially written file: scanner_layouts_raytracer_patched_508640ff8dc59f67dd884fdbc89ee122/position_137_ppdfs.hdf5
[Rank 017] Evaluating position 167 ...
[Rank 017] ID 0 for position 167
Error: The size of tensor a (2) must match the size of tensor b (262144) at non-singleton dimension 2
[Rank 017] Failed to process or write HDF5 for position 167. Error: zeros() received an invalid combination of arguments - got (tuple, dtype=str), but expected one of:
 * (tuple of ints size, *, tuple of names names, torch.dtype dtype = None, torch.layout layout = None, torch.device device = None, bool pin_memory = False, bool requires_grad = False)
 * (tuple of ints size, *, Tensor out = None, torch.dtype dtype = None, torch.layout layout = None, torch.device device = None, bool pin_memory = False, bool requires_grad = False)

[Rank 017] Removed partially written file: scanner_layouts_raytracer_patched_508640ff8dc59f67dd884fdbc89ee122/position_167_ppdfs.hdf5
[Rank 017] Evaluating position 197 ...
[Rank 017] ID 0 for position 197
Error: The size of tensor a (2) must match the size of tensor b (262144) at non-singleton dimension 2
[Rank 017] Failed to process or write HDF5 for position 197. Error: zeros() received an invalid combination of arguments - got (tuple, dtype=str), but expected one of:
 * (tuple of ints size, *, tuple of names names, torch.dtype dtype = None, torch.layout layout = None, torch.device device = None, bool pin_memory = False, bool requires_grad = False)
 * (tuple of ints size, *, Tensor out = None, torch.dtype dtype = None, torch.layout layout = None, torch.device device = None, bool pin_memory = False, bool requires_grad = False)

[Rank 017] Removed partially written file: scanner_layouts_raytracer_patched_508640ff8dc59f67dd884fdbc89ee122/position_197_ppdfs.hdf5
[Rank 017] Evaluating position 227 ...
[Rank 017] ID 0 for position 227
Error: The size of tensor a (2) must match the size of tensor b (262144) at non-singleton dimension 2
[Rank 017] Failed to process or write HDF5 for position 227. Error: zeros() received an invalid combination of arguments - got (tuple, dtype=str), but expected one of:
 * (tuple of ints size, *, tuple of names names, torch.dtype dtype = None, torch.layout layout = None, torch.device device = None, bool pin_memory = False, bool requires_grad = False)
 * (tuple of ints size, *, Tensor out = None, torch.dtype dtype = None, torch.layout layout = None, torch.device device = None, bool pin_memory = False, bool requires_grad = False)

[Rank 017] Removed partially written file: scanner_layouts_raytracer_patched_508640ff8dc59f67dd884fdbc89ee122/position_227_ppdfs.hdf5
[Rank 017] Evaluating position 257 ...
[Rank 017] ID 0 for position 257
Error: The size of tensor a (2) must match the size of tensor b (262144) at non-singleton dimension 2
[Rank 017] Failed to process or write HDF5 for position 257. Error: zeros() received an invalid combination of arguments - got (tuple, dtype=str), but expected one of:
 * (tuple of ints size, *, tuple of names names, torch.dtype dtype = None, torch.layout layout = None, torch.device device = None, bool pin_memory = False, bool requires_grad = False)
 * (tuple of ints size, *, Tensor out = None, torch.dtype dtype = None, torch.layout layout = None, torch.device device = None, bool pin_memory = False, bool requires_grad = False)

[Rank 017] Removed partially written file: scanner_layouts_raytracer_patched_508640ff8dc59f67dd884fdbc89ee122/position_257_ppdfs.hdf5
[Rank 017] Evaluating position 287 ...
[Rank 017] ID 0 for position 287
Error: The size of tensor a (2) must match the size of tensor b (262144) at non-singleton dimension 2
Rank 22 processing positions: [22, 52, 82]... (total 20)
[Rank 022] Evaluating position 022 ...
[Rank 022] ID 0 for position 022
Error: The size of tensor a (2) must match the size of tensor b (262144) at non-singleton dimension 2
[Rank 022] Failed to process or write HDF5 for position 022. Error: zeros() received an invalid combination of arguments - got (tuple, dtype=str), but expected one of:
 * (tuple of ints size, *, tuple of names names, torch.dtype dtype = None, torch.layout layout = None, torch.device device = None, bool pin_memory = False, bool requires_grad = False)
 * (tuple of ints size, *, Tensor out = None, torch.dtype dtype = None, torch.layout layout = None, torch.device device = None, bool pin_memory = False, bool requires_grad = False)

[Rank 022] Removed partially written file: scanner_layouts_raytracer_patched_508640ff8dc59f67dd884fdbc89ee122/position_022_ppdfs.hdf5
[Rank 022] Evaluating position 052 ...
[Rank 022] ID 0 for position 052
Error: The size of tensor a (2) must match the size of tensor b (262144) at non-singleton dimension 2
[Rank 022] Failed to process or write HDF5 for position 052. Error: zeros() received an invalid combination of arguments - got (tuple, dtype=str), but expected one of:
 * (tuple of ints size, *, tuple of names names, torch.dtype dtype = None, torch.layout layout = None, torch.device device = None, bool pin_memory = False, bool requires_grad = False)
 * (tuple of ints size, *, Tensor out = None, torch.dtype dtype = None, torch.layout layout = None, torch.device device = None, bool pin_memory = False, bool requires_grad = False)

[Rank 022] Removed partially written file: scanner_layouts_raytracer_patched_508640ff8dc59f67dd884fdbc89ee122/position_052_ppdfs.hdf5
[Rank 022] Evaluating position 082 ...
[Rank 022] ID 0 for position 082
Error: The size of tensor a (2) must match the size of tensor b (262144) at non-singleton dimension 2
[Rank 022] Failed to process or write HDF5 for position 082. Error: zeros() received an invalid combination of arguments - got (tuple, dtype=str), but expected one of:
 * (tuple of ints size, *, tuple of names names, torch.dtype dtype = None, torch.layout layout = None, torch.device device = None, bool pin_memory = False, bool requires_grad = False)
 * (tuple of ints size, *, Tensor out = None, torch.dtype dtype = None, torch.layout layout = None, torch.device device = None, bool pin_memory = False, bool requires_grad = False)

[Rank 022] Removed partially written file: scanner_layouts_raytracer_patched_508640ff8dc59f67dd884fdbc89ee122/position_082_ppdfs.hdf5
[Rank 022] Evaluating position 112 ...
[Rank 022] ID 0 for position 112
Error: The size of tensor a (2) must match the size of tensor b (262144) at non-singleton dimension 2
[Rank 022] Failed to process or write HDF5 for position 112. Error: zeros() received an invalid combination of arguments - got (tuple, dtype=str), but expected one of:
 * (tuple of ints size, *, tuple of names names, torch.dtype dtype = None, torch.layout layout = None, torch.device device = None, bool pin_memory = False, bool requires_grad = False)
 * (tuple of ints size, *, Tensor out = None, torch.dtype dtype = None, torch.layout layout = None, torch.device device = None, bool pin_memory = False, bool requires_grad = False)

[Rank 022] Removed partially written file: scanner_layouts_raytracer_patched_508640ff8dc59f67dd884fdbc89ee122/position_112_ppdfs.hdf5
[Rank 022] Evaluating position 142 ...
[Rank 022] ID 0 for position 142
Error: The size of tensor a (2) must match the size of tensor b (262144) at non-singleton dimension 2
[Rank 022] Failed to process or write HDF5 for position 142. Error: zeros() received an invalid combination of arguments - got (tuple, dtype=str), but expected one of:
 * (tuple of ints size, *, tuple of names names, torch.dtype dtype = None, torch.layout layout = None, torch.device device = None, bool pin_memory = False, bool requires_grad = False)
 * (tuple of ints size, *, Tensor out = None, torch.dtype dtype = None, torch.layout layout = None, torch.device device = None, bool pin_memory = False, bool requires_grad = False)

[Rank 022] Removed partially written file: scanner_layouts_raytracer_patched_508640ff8dc59f67dd884fdbc89ee122/position_142_ppdfs.hdf5
[Rank 022] Evaluating position 172 ...
[Rank 022] ID 0 for position 172
Error: The size of tensor a (2) must match the size of tensor b (262144) at non-singleton dimension 2
[Rank 022] Failed to process or write HDF5 for position 172. Error: zeros() received an invalid combination of arguments - got (tuple, dtype=str), but expected one of:
 * (tuple of ints size, *, tuple of names names, torch.dtype dtype = None, torch.layout layout = None, torch.device device = None, bool pin_memory = False, bool requires_grad = False)
 * (tuple of ints size, *, Tensor out = None, torch.dtype dtype = None, torch.layout layout = None, torch.device device = None, bool pin_memory = False, bool requires_grad = False)

[Rank 022] Removed partially written file: scanner_layouts_raytracer_patched_508640ff8dc59f67dd884fdbc89ee122/position_172_ppdfs.hdf5
[Rank 022] Evaluating position 202 ...
[Rank 022] ID 0 for position 202
Error: The size of tensor a (2) must match the size of tensor b (262144) at non-singleton dimension 2
[Rank 022] Failed to process or write HDF5 for position 202. Error: zeros() received an invalid combination of arguments - got (tuple, dtype=str), but expected one of:
 * (tuple of ints size, *, tuple of names names, torch.dtype dtype = None, torch.layout layout = None, torch.device device = None, bool pin_memory = False, bool requires_grad = False)
 * (tuple of ints size, *, Tensor out = None, torch.dtype dtype = None, torch.layout layout = None, torch.device device = None, bool pin_memory = False, bool requires_grad = False)

[Rank 022] Removed partially written file: scanner_layouts_raytracer_patched_508640ff8dc59f67dd884fdbc89ee122/position_202_ppdfs.hdf5
[Rank 022] Evaluating position 232 ...
[Rank 022] ID 0 for position 232
Error: The size of tensor a (2) must match the size of tensor b (262144) at non-singleton dimension 2
[Rank 022] Failed to process or write HDF5 for position 232. Error: zeros() received an invalid combination of arguments - got (tuple, dtype=str), but expected one of:
 * (tuple of ints size, *, tuple of names names, torch.dtype dtype = None, torch.layout layout = None, torch.device device = None, bool pin_memory = False, bool requires_grad = False)
 * (tuple of ints size, *, Tensor out = None, torch.dtype dtype = None, torch.layout layout = None, torch.device device = None, bool pin_memory = False, bool requires_grad = False)

[Rank 022] Removed partially written file: scanner_layouts_raytracer_patched_508640ff8dc59f67dd884fdbc89ee122/position_232_ppdfs.hdf5
[Rank 022] Evaluating position 262 ...
[Rank 022] ID 0 for position 262
Error: The size of tensor a (2) must match the size of tensor b (262144) at non-singleton dimension 2
[Rank 022] Failed to process or write HDF5 for position 262. Error: zeros() received an invalid combination of arguments - got (tuple, dtype=str), but expected one of:
 * (tuple of ints size, *, tuple of names names, torch.dtype dtype = None, torch.layout layout = None, torch.device device = None, bool pin_memory = False, bool requires_grad = False)
 * (tuple of ints size, *, Tensor out = None, torch.dtype dtype = None, torch.layout layout = None, torch.device device = None, bool pin_memory = False, bool requires_grad = False)

[Rank 022] Removed partially written file: scanner_layouts_raytracer_patched_508640ff8dc59f67dd884fdbc89ee122/position_262_ppdfs.hdf5
[Rank 022] Evaluating position 292 ...
[Rank 022] ID 0 for position 292
Error: The size of tensor a (2) must match the size of tensor b (262144) at non-singleton dimension 2
Rank 12 processing positions: [12, 42, 72]... (total 20)
[Rank 012] Evaluating position 012 ...
[Rank 012] ID 0 for position 012
Error: The size of tensor a (2) must match the size of tensor b (262144) at non-singleton dimension 2
[Rank 012] Failed to process or write HDF5 for position 012. Error: zeros() received an invalid combination of arguments - got (tuple, dtype=str), but expected one of:
 * (tuple of ints size, *, tuple of names names, torch.dtype dtype = None, torch.layout layout = None, torch.device device = None, bool pin_memory = False, bool requires_grad = False)
 * (tuple of ints size, *, Tensor out = None, torch.dtype dtype = None, torch.layout layout = None, torch.device device = None, bool pin_memory = False, bool requires_grad = False)

[Rank 012] Removed partially written file: scanner_layouts_raytracer_patched_508640ff8dc59f67dd884fdbc89ee122/position_012_ppdfs.hdf5
[Rank 012] Evaluating position 042 ...
[Rank 012] ID 0 for position 042
Error: The size of tensor a (2) must match the size of tensor b (262144) at non-singleton dimension 2
[Rank 012] Failed to process or write HDF5 for position 042. Error: zeros() received an invalid combination of arguments - got (tuple, dtype=str), but expected one of:
 * (tuple of ints size, *, tuple of names names, torch.dtype dtype = None, torch.layout layout = None, torch.device device = None, bool pin_memory = False, bool requires_grad = False)
 * (tuple of ints size, *, Tensor out = None, torch.dtype dtype = None, torch.layout layout = None, torch.device device = None, bool pin_memory = False, bool requires_grad = False)

[Rank 012] Removed partially written file: scanner_layouts_raytracer_patched_508640ff8dc59f67dd884fdbc89ee122/position_042_ppdfs.hdf5
[Rank 012] Evaluating position 072 ...
[Rank 012] ID 0 for position 072
Error: The size of tensor a (2) must match the size of tensor b (262144) at non-singleton dimension 2
[Rank 012] Failed to process or write HDF5 for position 072. Error: zeros() received an invalid combination of arguments - got (tuple, dtype=str), but expected one of:
 * (tuple of ints size, *, tuple of names names, torch.dtype dtype = None, torch.layout layout = None, torch.device device = None, bool pin_memory = False, bool requires_grad = False)
 * (tuple of ints size, *, Tensor out = None, torch.dtype dtype = None, torch.layout layout = None, torch.device device = None, bool pin_memory = False, bool requires_grad = False)

[Rank 012] Removed partially written file: scanner_layouts_raytracer_patched_508640ff8dc59f67dd884fdbc89ee122/position_072_ppdfs.hdf5
[Rank 012] Evaluating position 102 ...
[Rank 012] ID 0 for position 102
Error: The size of tensor a (2) must match the size of tensor b (262144) at non-singleton dimension 2
[Rank 012] Failed to process or write HDF5 for position 102. Error: zeros() received an invalid combination of arguments - got (tuple, dtype=str), but expected one of:
 * (tuple of ints size, *, tuple of names names, torch.dtype dtype = None, torch.layout layout = None, torch.device device = None, bool pin_memory = False, bool requires_grad = False)
 * (tuple of ints size, *, Tensor out = None, torch.dtype dtype = None, torch.layout layout = None, torch.device device = None, bool pin_memory = False, bool requires_grad = False)

[Rank 012] Removed partially written file: scanner_layouts_raytracer_patched_508640ff8dc59f67dd884fdbc89ee122/position_102_ppdfs.hdf5
[Rank 012] Evaluating position 132 ...
[Rank 012] ID 0 for position 132
Error: The size of tensor a (2) must match the size of tensor b (262144) at non-singleton dimension 2
[Rank 012] Failed to process or write HDF5 for position 132. Error: zeros() received an invalid combination of arguments - got (tuple, dtype=str), but expected one of:
 * (tuple of ints size, *, tuple of names names, torch.dtype dtype = None, torch.layout layout = None, torch.device device = None, bool pin_memory = False, bool requires_grad = False)
 * (tuple of ints size, *, Tensor out = None, torch.dtype dtype = None, torch.layout layout = None, torch.device device = None, bool pin_memory = False, bool requires_grad = False)

[Rank 012] Removed partially written file: scanner_layouts_raytracer_patched_508640ff8dc59f67dd884fdbc89ee122/position_132_ppdfs.hdf5
[Rank 012] Evaluating position 162 ...
[Rank 012] ID 0 for position 162
Error: The size of tensor a (2) must match the size of tensor b (262144) at non-singleton dimension 2
[Rank 012] Failed to process or write HDF5 for position 162. Error: zeros() received an invalid combination of arguments - got (tuple, dtype=str), but expected one of:
 * (tuple of ints size, *, tuple of names names, torch.dtype dtype = None, torch.layout layout = None, torch.device device = None, bool pin_memory = False, bool requires_grad = False)
 * (tuple of ints size, *, Tensor out = None, torch.dtype dtype = None, torch.layout layout = None, torch.device device = None, bool pin_memory = False, bool requires_grad = False)

[Rank 012] Removed partially written file: scanner_layouts_raytracer_patched_508640ff8dc59f67dd884fdbc89ee122/position_162_ppdfs.hdf5
[Rank 012] Evaluating position 192 ...
[Rank 012] ID 0 for position 192
Error: The size of tensor a (2) must match the size of tensor b (262144) at non-singleton dimension 2
[Rank 012] Failed to process or write HDF5 for position 192. Error: zeros() received an invalid combination of arguments - got (tuple, dtype=str), but expected one of:
 * (tuple of ints size, *, tuple of names names, torch.dtype dtype = None, torch.layout layout = None, torch.device device = None, bool pin_memory = False, bool requires_grad = False)
 * (tuple of ints size, *, Tensor out = None, torch.dtype dtype = None, torch.layout layout = None, torch.device device = None, bool pin_memory = False, bool requires_grad = False)

[Rank 012] Removed partially written file: scanner_layouts_raytracer_patched_508640ff8dc59f67dd884fdbc89ee122/position_192_ppdfs.hdf5
[Rank 012] Evaluating position 222 ...
[Rank 012] ID 0 for position 222
Error: The size of tensor a (2) must match the size of tensor b (262144) at non-singleton dimension 2
[Rank 012] Failed to process or write HDF5 for position 222. Error: zeros() received an invalid combination of arguments - got (tuple, dtype=str), but expected one of:
 * (tuple of ints size, *, tuple of names names, torch.dtype dtype = None, torch.layout layout = None, torch.device device = None, bool pin_memory = False, bool requires_grad = False)
 * (tuple of ints size, *, Tensor out = None, torch.dtype dtype = None, torch.layout layout = None, torch.device device = None, bool pin_memory = False, bool requires_grad = False)

[Rank 012] Removed partially written file: scanner_layouts_raytracer_patched_508640ff8dc59f67dd884fdbc89ee122/position_222_ppdfs.hdf5
[Rank 012] Evaluating position 252 ...
[Rank 012] ID 0 for position 252
Error: The size of tensor a (2) must match the size of tensor b (262144) at non-singleton dimension 2
[Rank 012] Failed to process or write HDF5 for position 252. Error: zeros() received an invalid combination of arguments - got (tuple, dtype=str), but expected one of:
 * (tuple of ints size, *, tuple of names names, torch.dtype dtype = None, torch.layout layout = None, torch.device device = None, bool pin_memory = False, bool requires_grad = False)
 * (tuple of ints size, *, Tensor out = None, torch.dtype dtype = None, torch.layout layout = None, torch.device device = None, bool pin_memory = False, bool requires_grad = False)

[Rank 012] Removed partially written file: scanner_layouts_raytracer_patched_508640ff8dc59f67dd884fdbc89ee122/position_252_ppdfs.hdf5
[Rank 012] Evaluating position 282 ...
[Rank 012] ID 0 for position 282
Error: The size of tensor a (2) must match the size of tensor b (262144) at non-singleton dimension 2
Rank 27 processing positions: [27, 57, 87]... (total 20)
[Rank 027] Evaluating position 027 ...
[Rank 027] ID 0 for position 027
Error: The size of tensor a (2) must match the size of tensor b (262144) at non-singleton dimension 2
[Rank 027] Failed to process or write HDF5 for position 027. Error: zeros() received an invalid combination of arguments - got (tuple, dtype=str), but expected one of:
 * (tuple of ints size, *, tuple of names names, torch.dtype dtype = None, torch.layout layout = None, torch.device device = None, bool pin_memory = False, bool requires_grad = False)
 * (tuple of ints size, *, Tensor out = None, torch.dtype dtype = None, torch.layout layout = None, torch.device device = None, bool pin_memory = False, bool requires_grad = False)

[Rank 027] Removed partially written file: scanner_layouts_raytracer_patched_508640ff8dc59f67dd884fdbc89ee122/position_027_ppdfs.hdf5
[Rank 027] Evaluating position 057 ...
[Rank 027] ID 0 for position 057
Error: The size of tensor a (2) must match the size of tensor b (262144) at non-singleton dimension 2
[Rank 027] Failed to process or write HDF5 for position 057. Error: zeros() received an invalid combination of arguments - got (tuple, dtype=str), but expected one of:
 * (tuple of ints size, *, tuple of names names, torch.dtype dtype = None, torch.layout layout = None, torch.device device = None, bool pin_memory = False, bool requires_grad = False)
 * (tuple of ints size, *, Tensor out = None, torch.dtype dtype = None, torch.layout layout = None, torch.device device = None, bool pin_memory = False, bool requires_grad = False)

[Rank 027] Removed partially written file: scanner_layouts_raytracer_patched_508640ff8dc59f67dd884fdbc89ee122/position_057_ppdfs.hdf5
[Rank 027] Evaluating position 087 ...
[Rank 027] ID 0 for position 087
Error: The size of tensor a (2) must match the size of tensor b (262144) at non-singleton dimension 2
[Rank 027] Failed to process or write HDF5 for position 087. Error: zeros() received an invalid combination of arguments - got (tuple, dtype=str), but expected one of:
 * (tuple of ints size, *, tuple of names names, torch.dtype dtype = None, torch.layout layout = None, torch.device device = None, bool pin_memory = False, bool requires_grad = False)
 * (tuple of ints size, *, Tensor out = None, torch.dtype dtype = None, torch.layout layout = None, torch.device device = None, bool pin_memory = False, bool requires_grad = False)

[Rank 027] Removed partially written file: scanner_layouts_raytracer_patched_508640ff8dc59f67dd884fdbc89ee122/position_087_ppdfs.hdf5
[Rank 027] Evaluating position 117 ...
[Rank 027] ID 0 for position 117
Error: The size of tensor a (2) must match the size of tensor b (262144) at non-singleton dimension 2
[Rank 027] Failed to process or write HDF5 for position 117. Error: zeros() received an invalid combination of arguments - got (tuple, dtype=str), but expected one of:
 * (tuple of ints size, *, tuple of names names, torch.dtype dtype = None, torch.layout layout = None, torch.device device = None, bool pin_memory = False, bool requires_grad = False)
 * (tuple of ints size, *, Tensor out = None, torch.dtype dtype = None, torch.layout layout = None, torch.device device = None, bool pin_memory = False, bool requires_grad = False)

[Rank 027] Removed partially written file: scanner_layouts_raytracer_patched_508640ff8dc59f67dd884fdbc89ee122/position_117_ppdfs.hdf5
[Rank 027] Evaluating position 147 ...
[Rank 027] ID 0 for position 147
Error: The size of tensor a (2) must match the size of tensor b (262144) at non-singleton dimension 2
[Rank 027] Failed to process or write HDF5 for position 147. Error: zeros() received an invalid combination of arguments - got (tuple, dtype=str), but expected one of:
 * (tuple of ints size, *, tuple of names names, torch.dtype dtype = None, torch.layout layout = None, torch.device device = None, bool pin_memory = False, bool requires_grad = False)
 * (tuple of ints size, *, Tensor out = None, torch.dtype dtype = None, torch.layout layout = None, torch.device device = None, bool pin_memory = False, bool requires_grad = False)

[Rank 027] Removed partially written file: scanner_layouts_raytracer_patched_508640ff8dc59f67dd884fdbc89ee122/position_147_ppdfs.hdf5
[Rank 027] Evaluating position 177 ...
[Rank 027] ID 0 for position 177
Error: The size of tensor a (2) must match the size of tensor b (262144) at non-singleton dimension 2
[Rank 027] Failed to process or write HDF5 for position 177. Error: zeros() received an invalid combination of arguments - got (tuple, dtype=str), but expected one of:
 * (tuple of ints size, *, tuple of names names, torch.dtype dtype = None, torch.layout layout = None, torch.device device = None, bool pin_memory = False, bool requires_grad = False)
 * (tuple of ints size, *, Tensor out = None, torch.dtype dtype = None, torch.layout layout = None, torch.device device = None, bool pin_memory = False, bool requires_grad = False)

[Rank 027] Removed partially written file: scanner_layouts_raytracer_patched_508640ff8dc59f67dd884fdbc89ee122/position_177_ppdfs.hdf5
[Rank 027] Evaluating position 207 ...
[Rank 027] ID 0 for position 207
Error: The size of tensor a (2) must match the size of tensor b (262144) at non-singleton dimension 2
[Rank 027] Failed to process or write HDF5 for position 207. Error: zeros() received an invalid combination of arguments - got (tuple, dtype=str), but expected one of:
 * (tuple of ints size, *, tuple of names names, torch.dtype dtype = None, torch.layout layout = None, torch.device device = None, bool pin_memory = False, bool requires_grad = False)
 * (tuple of ints size, *, Tensor out = None, torch.dtype dtype = None, torch.layout layout = None, torch.device device = None, bool pin_memory = False, bool requires_grad = False)

[Rank 027] Removed partially written file: scanner_layouts_raytracer_patched_508640ff8dc59f67dd884fdbc89ee122/position_207_ppdfs.hdf5
[Rank 027] Evaluating position 237 ...
[Rank 027] ID 0 for position 237
Error: The size of tensor a (2) must match the size of tensor b (262144) at non-singleton dimension 2
[Rank 027] Failed to process or write HDF5 for position 237. Error: zeros() received an invalid combination of arguments - got (tuple, dtype=str), but expected one of:
 * (tuple of ints size, *, tuple of names names, torch.dtype dtype = None, torch.layout layout = None, torch.device device = None, bool pin_memory = False, bool requires_grad = False)
 * (tuple of ints size, *, Tensor out = None, torch.dtype dtype = None, torch.layout layout = None, torch.device device = None, bool pin_memory = False, bool requires_grad = False)

[Rank 027] Removed partially written file: scanner_layouts_raytracer_patched_508640ff8dc59f67dd884fdbc89ee122/position_237_ppdfs.hdf5
[Rank 027] Evaluating position 267 ...
[Rank 027] ID 0 for position 267
Error: The size of tensor a (2) must match the size of tensor b (262144) at non-singleton dimension 2
[Rank 027] Failed to process or write HDF5 for position 267. Error: zeros() received an invalid combination of arguments - got (tuple, dtype=str), but expected one of:
 * (tuple of ints size, *, tuple of names names, torch.dtype dtype = None, torch.layout layout = None, torch.device device = None, bool pin_memory = False, bool requires_grad = False)
 * (tuple of ints size, *, Tensor out = None, torch.dtype dtype = None, torch.layout layout = None, torch.device device = None, bool pin_memory = False, bool requires_grad = False)

[Rank 027] Removed partially written file: scanner_layouts_raytracer_patched_508640ff8dc59f67dd884fdbc89ee122/position_267_ppdfs.hdf5
[Rank 027] Evaluating position 297 ...
[Rank 027] ID 0 for position 297
Error: The size of tensor a (2) must match the size of tensor b (262144) at non-singleton dimension 2
Rank 2 processing positions: [2, 32, 62]... (total 20)
[Rank 002] Evaluating position 002 ...
[Rank 002] ID 0 for position 002
Error: The size of tensor a (2) must match the size of tensor b (262144) at non-singleton dimension 2
[Rank 002] Failed to process or write HDF5 for position 002. Error: zeros() received an invalid combination of arguments - got (tuple, dtype=str), but expected one of:
 * (tuple of ints size, *, tuple of names names, torch.dtype dtype = None, torch.layout layout = None, torch.device device = None, bool pin_memory = False, bool requires_grad = False)
 * (tuple of ints size, *, Tensor out = None, torch.dtype dtype = None, torch.layout layout = None, torch.device device = None, bool pin_memory = False, bool requires_grad = False)

[Rank 002] Removed partially written file: scanner_layouts_raytracer_patched_508640ff8dc59f67dd884fdbc89ee122/position_002_ppdfs.hdf5
[Rank 002] Evaluating position 032 ...
[Rank 002] ID 0 for position 032
Error: The size of tensor a (2) must match the size of tensor b (262144) at non-singleton dimension 2
[Rank 002] Failed to process or write HDF5 for position 032. Error: zeros() received an invalid combination of arguments - got (tuple, dtype=str), but expected one of:
 * (tuple of ints size, *, tuple of names names, torch.dtype dtype = None, torch.layout layout = None, torch.device device = None, bool pin_memory = False, bool requires_grad = False)
 * (tuple of ints size, *, Tensor out = None, torch.dtype dtype = None, torch.layout layout = None, torch.device device = None, bool pin_memory = False, bool requires_grad = False)

[Rank 002] Removed partially written file: scanner_layouts_raytracer_patched_508640ff8dc59f67dd884fdbc89ee122/position_032_ppdfs.hdf5
[Rank 002] Evaluating position 062 ...
[Rank 002] ID 0 for position 062
Error: The size of tensor a (2) must match the size of tensor b (262144) at non-singleton dimension 2
[Rank 002] Failed to process or write HDF5 for position 062. Error: zeros() received an invalid combination of arguments - got (tuple, dtype=str), but expected one of:
 * (tuple of ints size, *, tuple of names names, torch.dtype dtype = None, torch.layout layout = None, torch.device device = None, bool pin_memory = False, bool requires_grad = False)
 * (tuple of ints size, *, Tensor out = None, torch.dtype dtype = None, torch.layout layout = None, torch.device device = None, bool pin_memory = False, bool requires_grad = False)

[Rank 002] Removed partially written file: scanner_layouts_raytracer_patched_508640ff8dc59f67dd884fdbc89ee122/position_062_ppdfs.hdf5
[Rank 002] Evaluating position 092 ...
[Rank 002] ID 0 for position 092
Error: The size of tensor a (2) must match the size of tensor b (262144) at non-singleton dimension 2
[Rank 002] Failed to process or write HDF5 for position 092. Error: zeros() received an invalid combination of arguments - got (tuple, dtype=str), but expected one of:
 * (tuple of ints size, *, tuple of names names, torch.dtype dtype = None, torch.layout layout = None, torch.device device = None, bool pin_memory = False, bool requires_grad = False)
 * (tuple of ints size, *, Tensor out = None, torch.dtype dtype = None, torch.layout layout = None, torch.device device = None, bool pin_memory = False, bool requires_grad = False)

[Rank 002] Removed partially written file: scanner_layouts_raytracer_patched_508640ff8dc59f67dd884fdbc89ee122/position_092_ppdfs.hdf5
[Rank 002] Evaluating position 122 ...
[Rank 002] ID 0 for position 122
Error: The size of tensor a (2) must match the size of tensor b (262144) at non-singleton dimension 2
[Rank 002] Failed to process or write HDF5 for position 122. Error: zeros() received an invalid combination of arguments - got (tuple, dtype=str), but expected one of:
 * (tuple of ints size, *, tuple of names names, torch.dtype dtype = None, torch.layout layout = None, torch.device device = None, bool pin_memory = False, bool requires_grad = False)
 * (tuple of ints size, *, Tensor out = None, torch.dtype dtype = None, torch.layout layout = None, torch.device device = None, bool pin_memory = False, bool requires_grad = False)

[Rank 002] Removed partially written file: scanner_layouts_raytracer_patched_508640ff8dc59f67dd884fdbc89ee122/position_122_ppdfs.hdf5
[Rank 002] Evaluating position 152 ...
[Rank 002] ID 0 for position 152
Error: The size of tensor a (2) must match the size of tensor b (262144) at non-singleton dimension 2
[Rank 002] Failed to process or write HDF5 for position 152. Error: zeros() received an invalid combination of arguments - got (tuple, dtype=str), but expected one of:
 * (tuple of ints size, *, tuple of names names, torch.dtype dtype = None, torch.layout layout = None, torch.device device = None, bool pin_memory = False, bool requires_grad = False)
 * (tuple of ints size, *, Tensor out = None, torch.dtype dtype = None, torch.layout layout = None, torch.device device = None, bool pin_memory = False, bool requires_grad = False)

[Rank 002] Removed partially written file: scanner_layouts_raytracer_patched_508640ff8dc59f67dd884fdbc89ee122/position_152_ppdfs.hdf5
[Rank 002] Evaluating position 182 ...
[Rank 002] ID 0 for position 182
Error: The size of tensor a (2) must match the size of tensor b (262144) at non-singleton dimension 2
[Rank 002] Failed to process or write HDF5 for position 182. Error: zeros() received an invalid combination of arguments - got (tuple, dtype=str), but expected one of:
 * (tuple of ints size, *, tuple of names names, torch.dtype dtype = None, torch.layout layout = None, torch.device device = None, bool pin_memory = False, bool requires_grad = False)
 * (tuple of ints size, *, Tensor out = None, torch.dtype dtype = None, torch.layout layout = None, torch.device device = None, bool pin_memory = False, bool requires_grad = False)

[Rank 002] Removed partially written file: scanner_layouts_raytracer_patched_508640ff8dc59f67dd884fdbc89ee122/position_182_ppdfs.hdf5
[Rank 002] Evaluating position 212 ...
[Rank 002] ID 0 for position 212
Error: The size of tensor a (2) must match the size of tensor b (262144) at non-singleton dimension 2
[Rank 002] Failed to process or write HDF5 for position 212. Error: zeros() received an invalid combination of arguments - got (tuple, dtype=str), but expected one of:
 * (tuple of ints size, *, tuple of names names, torch.dtype dtype = None, torch.layout layout = None, torch.device device = None, bool pin_memory = False, bool requires_grad = False)
 * (tuple of ints size, *, Tensor out = None, torch.dtype dtype = None, torch.layout layout = None, torch.device device = None, bool pin_memory = False, bool requires_grad = False)

[Rank 002] Removed partially written file: scanner_layouts_raytracer_patched_508640ff8dc59f67dd884fdbc89ee122/position_212_ppdfs.hdf5
[Rank 002] Evaluating position 242 ...
[Rank 002] ID 0 for position 242
Error: The size of tensor a (2) must match the size of tensor b (262144) at non-singleton dimension 2
[Rank 002] Failed to process or write HDF5 for position 242. Error: zeros() received an invalid combination of arguments - got (tuple, dtype=str), but expected one of:
 * (tuple of ints size, *, tuple of names names, torch.dtype dtype = None, torch.layout layout = None, torch.device device = None, bool pin_memory = False, bool requires_grad = False)
 * (tuple of ints size, *, Tensor out = None, torch.dtype dtype = None, torch.layout layout = None, torch.device device = None, bool pin_memory = False, bool requires_grad = False)

[Rank 002] Removed partially written file: scanner_layouts_raytracer_patched_508640ff8dc59f67dd884fdbc89ee122/position_242_ppdfs.hdf5
[Rank 002] Evaluating position 272 ...
[Rank 002] ID 0 for position 272
Error: The size of tensor a (2) must match the size of tensor b (262144) at non-singleton dimension 2
Rank 7 processing positions: [7, 37, 67]... (total 20)
[Rank 007] Evaluating position 007 ...
[Rank 007] ID 0 for position 007
Error: The size of tensor a (2) must match the size of tensor b (262144) at non-singleton dimension 2
[Rank 007] Failed to process or write HDF5 for position 007. Error: zeros() received an invalid combination of arguments - got (tuple, dtype=str), but expected one of:
 * (tuple of ints size, *, tuple of names names, torch.dtype dtype = None, torch.layout layout = None, torch.device device = None, bool pin_memory = False, bool requires_grad = False)
 * (tuple of ints size, *, Tensor out = None, torch.dtype dtype = None, torch.layout layout = None, torch.device device = None, bool pin_memory = False, bool requires_grad = False)

[Rank 007] Removed partially written file: scanner_layouts_raytracer_patched_508640ff8dc59f67dd884fdbc89ee122/position_007_ppdfs.hdf5
[Rank 007] Evaluating position 037 ...
[Rank 007] ID 0 for position 037
Error: The size of tensor a (2) must match the size of tensor b (262144) at non-singleton dimension 2
[Rank 007] Failed to process or write HDF5 for position 037. Error: zeros() received an invalid combination of arguments - got (tuple, dtype=str), but expected one of:
 * (tuple of ints size, *, tuple of names names, torch.dtype dtype = None, torch.layout layout = None, torch.device device = None, bool pin_memory = False, bool requires_grad = False)
 * (tuple of ints size, *, Tensor out = None, torch.dtype dtype = None, torch.layout layout = None, torch.device device = None, bool pin_memory = False, bool requires_grad = False)

[Rank 007] Removed partially written file: scanner_layouts_raytracer_patched_508640ff8dc59f67dd884fdbc89ee122/position_037_ppdfs.hdf5
[Rank 007] Evaluating position 067 ...
[Rank 007] ID 0 for position 067
Error: The size of tensor a (2) must match the size of tensor b (262144) at non-singleton dimension 2
[Rank 007] Failed to process or write HDF5 for position 067. Error: zeros() received an invalid combination of arguments - got (tuple, dtype=str), but expected one of:
 * (tuple of ints size, *, tuple of names names, torch.dtype dtype = None, torch.layout layout = None, torch.device device = None, bool pin_memory = False, bool requires_grad = False)
 * (tuple of ints size, *, Tensor out = None, torch.dtype dtype = None, torch.layout layout = None, torch.device device = None, bool pin_memory = False, bool requires_grad = False)

[Rank 007] Removed partially written file: scanner_layouts_raytracer_patched_508640ff8dc59f67dd884fdbc89ee122/position_067_ppdfs.hdf5
[Rank 007] Evaluating position 097 ...
[Rank 007] ID 0 for position 097
Error: The size of tensor a (2) must match the size of tensor b (262144) at non-singleton dimension 2
[Rank 007] Failed to process or write HDF5 for position 097. Error: zeros() received an invalid combination of arguments - got (tuple, dtype=str), but expected one of:
 * (tuple of ints size, *, tuple of names names, torch.dtype dtype = None, torch.layout layout = None, torch.device device = None, bool pin_memory = False, bool requires_grad = False)
 * (tuple of ints size, *, Tensor out = None, torch.dtype dtype = None, torch.layout layout = None, torch.device device = None, bool pin_memory = False, bool requires_grad = False)

[Rank 007] Removed partially written file: scanner_layouts_raytracer_patched_508640ff8dc59f67dd884fdbc89ee122/position_097_ppdfs.hdf5
[Rank 007] Evaluating position 127 ...
[Rank 007] ID 0 for position 127
Error: The size of tensor a (2) must match the size of tensor b (262144) at non-singleton dimension 2
[Rank 007] Failed to process or write HDF5 for position 127. Error: zeros() received an invalid combination of arguments - got (tuple, dtype=str), but expected one of:
 * (tuple of ints size, *, tuple of names names, torch.dtype dtype = None, torch.layout layout = None, torch.device device = None, bool pin_memory = False, bool requires_grad = False)
 * (tuple of ints size, *, Tensor out = None, torch.dtype dtype = None, torch.layout layout = None, torch.device device = None, bool pin_memory = False, bool requires_grad = False)

[Rank 007] Removed partially written file: scanner_layouts_raytracer_patched_508640ff8dc59f67dd884fdbc89ee122/position_127_ppdfs.hdf5
[Rank 007] Evaluating position 157 ...
[Rank 007] ID 0 for position 157
Error: The size of tensor a (2) must match the size of tensor b (262144) at non-singleton dimension 2
[Rank 007] Failed to process or write HDF5 for position 157. Error: zeros() received an invalid combination of arguments - got (tuple, dtype=str), but expected one of:
 * (tuple of ints size, *, tuple of names names, torch.dtype dtype = None, torch.layout layout = None, torch.device device = None, bool pin_memory = False, bool requires_grad = False)
 * (tuple of ints size, *, Tensor out = None, torch.dtype dtype = None, torch.layout layout = None, torch.device device = None, bool pin_memory = False, bool requires_grad = False)

[Rank 007] Removed partially written file: scanner_layouts_raytracer_patched_508640ff8dc59f67dd884fdbc89ee122/position_157_ppdfs.hdf5
[Rank 007] Evaluating position 187 ...
[Rank 007] ID 0 for position 187
Error: The size of tensor a (2) must match the size of tensor b (262144) at non-singleton dimension 2
[Rank 007] Failed to process or write HDF5 for position 187. Error: zeros() received an invalid combination of arguments - got (tuple, dtype=str), but expected one of:
 * (tuple of ints size, *, tuple of names names, torch.dtype dtype = None, torch.layout layout = None, torch.device device = None, bool pin_memory = False, bool requires_grad = False)
 * (tuple of ints size, *, Tensor out = None, torch.dtype dtype = None, torch.layout layout = None, torch.device device = None, bool pin_memory = False, bool requires_grad = False)

[Rank 007] Removed partially written file: scanner_layouts_raytracer_patched_508640ff8dc59f67dd884fdbc89ee122/position_187_ppdfs.hdf5
[Rank 007] Evaluating position 217 ...
[Rank 007] ID 0 for position 217
Error: The size of tensor a (2) must match the size of tensor b (262144) at non-singleton dimension 2
[Rank 007] Failed to process or write HDF5 for position 217. Error: zeros() received an invalid combination of arguments - got (tuple, dtype=str), but expected one of:
 * (tuple of ints size, *, tuple of names names, torch.dtype dtype = None, torch.layout layout = None, torch.device device = None, bool pin_memory = False, bool requires_grad = False)
 * (tuple of ints size, *, Tensor out = None, torch.dtype dtype = None, torch.layout layout = None, torch.device device = None, bool pin_memory = False, bool requires_grad = False)

[Rank 007] Removed partially written file: scanner_layouts_raytracer_patched_508640ff8dc59f67dd884fdbc89ee122/position_217_ppdfs.hdf5
[Rank 007] Evaluating position 247 ...
[Rank 007] ID 0 for position 247
Error: The size of tensor a (2) must match the size of tensor b (262144) at non-singleton dimension 2
[Rank 007] Failed to process or write HDF5 for position 247. Error: zeros() received an invalid combination of arguments - got (tuple, dtype=str), but expected one of:
 * (tuple of ints size, *, tuple of names names, torch.dtype dtype = None, torch.layout layout = None, torch.device device = None, bool pin_memory = False, bool requires_grad = False)
 * (tuple of ints size, *, Tensor out = None, torch.dtype dtype = None, torch.layout layout = None, torch.device device = None, bool pin_memory = False, bool requires_grad = False)

[Rank 007] Removed partially written file: scanner_layouts_raytracer_patched_508640ff8dc59f67dd884fdbc89ee122/position_247_ppdfs.hdf5
[Rank 007] Evaluating position 277 ...
[Rank 007] ID 0 for position 277
Error: The size of tensor a (2) must match the size of tensor b (262144) at non-singleton dimension 2
[Rank 017] Failed to process or write HDF5 for position 287. Error: zeros() received an invalid combination of arguments - got (tuple, dtype=str), but expected one of:
 * (tuple of ints size, *, tuple of names names, torch.dtype dtype = None, torch.layout layout = None, torch.device device = None, bool pin_memory = False, bool requires_grad = False)
 * (tuple of ints size, *, Tensor out = None, torch.dtype dtype = None, torch.layout layout = None, torch.device device = None, bool pin_memory = False, bool requires_grad = False)

[Rank 017] Removed partially written file: scanner_layouts_raytracer_patched_508640ff8dc59f67dd884fdbc89ee122/position_287_ppdfs.hdf5
[Rank 017] Evaluating position 317 ...
[Rank 017] ID 0 for position 317
Error: The size of tensor a (2) must match the size of tensor b (262144) at non-singleton dimension 2
[Rank 017] Failed to process or write HDF5 for position 317. Error: zeros() received an invalid combination of arguments - got (tuple, dtype=str), but expected one of:
 * (tuple of ints size, *, tuple of names names, torch.dtype dtype = None, torch.layout layout = None, torch.device device = None, bool pin_memory = False, bool requires_grad = False)
 * (tuple of ints size, *, Tensor out = None, torch.dtype dtype = None, torch.layout layout = None, torch.device device = None, bool pin_memory = False, bool requires_grad = False)

[Rank 017] Removed partially written file: scanner_layouts_raytracer_patched_508640ff8dc59f67dd884fdbc89ee122/position_317_ppdfs.hdf5
[Rank 017] Evaluating position 347 ...
[Rank 017] ID 0 for position 347
Error: The size of tensor a (2) must match the size of tensor b (262144) at non-singleton dimension 2
[Rank 017] Failed to process or write HDF5 for position 347. Error: zeros() received an invalid combination of arguments - got (tuple, dtype=str), but expected one of:
 * (tuple of ints size, *, tuple of names names, torch.dtype dtype = None, torch.layout layout = None, torch.device device = None, bool pin_memory = False, bool requires_grad = False)
 * (tuple of ints size, *, Tensor out = None, torch.dtype dtype = None, torch.layout layout = None, torch.device device = None, bool pin_memory = False, bool requires_grad = False)

[Rank 017] Removed partially written file: scanner_layouts_raytracer_patched_508640ff8dc59f67dd884fdbc89ee122/position_347_ppdfs.hdf5
[Rank 017] Evaluating position 377 ...
[Rank 017] ID 0 for position 377
Error: The size of tensor a (2) must match the size of tensor b (262144) at non-singleton dimension 2
[Rank 017] Failed to process or write HDF5 for position 377. Error: zeros() received an invalid combination of arguments - got (tuple, dtype=str), but expected one of:
 * (tuple of ints size, *, tuple of names names, torch.dtype dtype = None, torch.layout layout = None, torch.device device = None, bool pin_memory = False, bool requires_grad = False)
 * (tuple of ints size, *, Tensor out = None, torch.dtype dtype = None, torch.layout layout = None, torch.device device = None, bool pin_memory = False, bool requires_grad = False)

[Rank 017] Removed partially written file: scanner_layouts_raytracer_patched_508640ff8dc59f67dd884fdbc89ee122/position_377_ppdfs.hdf5
[Rank 017] Evaluating position 407 ...
[Rank 017] ID 0 for position 407
Error: The size of tensor a (2) must match the size of tensor b (262144) at non-singleton dimension 2
[Rank 017] Failed to process or write HDF5 for position 407. Error: zeros() received an invalid combination of arguments - got (tuple, dtype=str), but expected one of:
 * (tuple of ints size, *, tuple of names names, torch.dtype dtype = None, torch.layout layout = None, torch.device device = None, bool pin_memory = False, bool requires_grad = False)
 * (tuple of ints size, *, Tensor out = None, torch.dtype dtype = None, torch.layout layout = None, torch.device device = None, bool pin_memory = False, bool requires_grad = False)

[Rank 017] Removed partially written file: scanner_layouts_raytracer_patched_508640ff8dc59f67dd884fdbc89ee122/position_407_ppdfs.hdf5
[Rank 017] Evaluating position 437 ...
[Rank 017] ID 0 for position 437
Error: The size of tensor a (2) must match the size of tensor b (262144) at non-singleton dimension 2
[Rank 017] Failed to process or write HDF5 for position 437. Error: zeros() received an invalid combination of arguments - got (tuple, dtype=str), but expected one of:
 * (tuple of ints size, *, tuple of names names, torch.dtype dtype = None, torch.layout layout = None, torch.device device = None, bool pin_memory = False, bool requires_grad = False)
 * (tuple of ints size, *, Tensor out = None, torch.dtype dtype = None, torch.layout layout = None, torch.device device = None, bool pin_memory = False, bool requires_grad = False)

[Rank 017] Removed partially written file: scanner_layouts_raytracer_patched_508640ff8dc59f67dd884fdbc89ee122/position_437_ppdfs.hdf5
[Rank 017] Evaluating position 467 ...
[Rank 017] ID 0 for position 467
Error: The size of tensor a (2) must match the size of tensor b (262144) at non-singleton dimension 2
[Rank 017] Failed to process or write HDF5 for position 467. Error: zeros() received an invalid combination of arguments - got (tuple, dtype=str), but expected one of:
 * (tuple of ints size, *, tuple of names names, torch.dtype dtype = None, torch.layout layout = None, torch.device device = None, bool pin_memory = False, bool requires_grad = False)
 * (tuple of ints size, *, Tensor out = None, torch.dtype dtype = None, torch.layout layout = None, torch.device device = None, bool pin_memory = False, bool requires_grad = False)

[Rank 017] Removed partially written file: scanner_layouts_raytracer_patched_508640ff8dc59f67dd884fdbc89ee122/position_467_ppdfs.hdf5
[Rank 017] Evaluating position 497 ...
[Rank 017] ID 0 for position 497
Error: The size of tensor a (2) must match the size of tensor b (262144) at non-singleton dimension 2
[Rank 017] Failed to process or write HDF5 for position 497. Error: zeros() received an invalid combination of arguments - got (tuple, dtype=str), but expected one of:
 * (tuple of ints size, *, tuple of names names, torch.dtype dtype = None, torch.layout layout = None, torch.device device = None, bool pin_memory = False, bool requires_grad = False)
 * (tuple of ints size, *, Tensor out = None, torch.dtype dtype = None, torch.layout layout = None, torch.device device = None, bool pin_memory = False, bool requires_grad = False)

[Rank 017] Removed partially written file: scanner_layouts_raytracer_patched_508640ff8dc59f67dd884fdbc89ee122/position_497_ppdfs.hdf5
[Rank 017] Evaluating position 527 ...
[Rank 017] ID 0 for position 527
Error: The size of tensor a (2) must match the size of tensor b (262144) at non-singleton dimension 2
[Rank 017] Failed to process or write HDF5 for position 527. Error: zeros() received an invalid combination of arguments - got (tuple, dtype=str), but expected one of:
 * (tuple of ints size, *, tuple of names names, torch.dtype dtype = None, torch.layout layout = None, torch.device device = None, bool pin_memory = False, bool requires_grad = False)
 * (tuple of ints size, *, Tensor out = None, torch.dtype dtype = None, torch.layout layout = None, torch.device device = None, bool pin_memory = False, bool requires_grad = False)

[Rank 017] Removed partially written file: scanner_layouts_raytracer_patched_508640ff8dc59f67dd884fdbc89ee122/position_527_ppdfs.hdf5
[Rank 017] Evaluating position 557 ...
[Rank 017] ID 0 for position 557
Error: The size of tensor a (2) must match the size of tensor b (262144) at non-singleton dimension 2
[Rank 017] Failed to process or write HDF5 for position 557. Error: zeros() received an invalid combination of arguments - got (tuple, dtype=str), but expected one of:
 * (tuple of ints size, *, tuple of names names, torch.dtype dtype = None, torch.layout layout = None, torch.device device = None, bool pin_memory = False, bool requires_grad = False)
 * (tuple of ints size, *, Tensor out = None, torch.dtype dtype = None, torch.layout layout = None, torch.device device = None, bool pin_memory = False, bool requires_grad = False)

[Rank 022] Failed to process or write HDF5 for position 292. Error: zeros() received an invalid combination of arguments - got (tuple, dtype=str), but expected one of:
 * (tuple of ints size, *, tuple of names names, torch.dtype dtype = None, torch.layout layout = None, torch.device device = None, bool pin_memory = False, bool requires_grad = False)
 * (tuple of ints size, *, Tensor out = None, torch.dtype dtype = None, torch.layout layout = None, torch.device device = None, bool pin_memory = False, bool requires_grad = False)

[Rank 022] Removed partially written file: scanner_layouts_raytracer_patched_508640ff8dc59f67dd884fdbc89ee122/position_292_ppdfs.hdf5
[Rank 022] Evaluating position 322 ...
[Rank 022] ID 0 for position 322
Error: The size of tensor a (2) must match the size of tensor b (262144) at non-singleton dimension 2
[Rank 022] Failed to process or write HDF5 for position 322. Error: zeros() received an invalid combination of arguments - got (tuple, dtype=str), but expected one of:
 * (tuple of ints size, *, tuple of names names, torch.dtype dtype = None, torch.layout layout = None, torch.device device = None, bool pin_memory = False, bool requires_grad = False)
 * (tuple of ints size, *, Tensor out = None, torch.dtype dtype = None, torch.layout layout = None, torch.device device = None, bool pin_memory = False, bool requires_grad = False)

[Rank 022] Removed partially written file: scanner_layouts_raytracer_patched_508640ff8dc59f67dd884fdbc89ee122/position_322_ppdfs.hdf5
[Rank 022] Evaluating position 352 ...
[Rank 022] ID 0 for position 352
Error: The size of tensor a (2) must match the size of tensor b (262144) at non-singleton dimension 2
[Rank 022] Failed to process or write HDF5 for position 352. Error: zeros() received an invalid combination of arguments - got (tuple, dtype=str), but expected one of:
 * (tuple of ints size, *, tuple of names names, torch.dtype dtype = None, torch.layout layout = None, torch.device device = None, bool pin_memory = False, bool requires_grad = False)
 * (tuple of ints size, *, Tensor out = None, torch.dtype dtype = None, torch.layout layout = None, torch.device device = None, bool pin_memory = False, bool requires_grad = False)

[Rank 022] Removed partially written file: scanner_layouts_raytracer_patched_508640ff8dc59f67dd884fdbc89ee122/position_352_ppdfs.hdf5
[Rank 022] Evaluating position 382 ...
[Rank 022] ID 0 for position 382
Error: The size of tensor a (2) must match the size of tensor b (262144) at non-singleton dimension 2
[Rank 022] Failed to process or write HDF5 for position 382. Error: zeros() received an invalid combination of arguments - got (tuple, dtype=str), but expected one of:
 * (tuple of ints size, *, tuple of names names, torch.dtype dtype = None, torch.layout layout = None, torch.device device = None, bool pin_memory = False, bool requires_grad = False)
 * (tuple of ints size, *, Tensor out = None, torch.dtype dtype = None, torch.layout layout = None, torch.device device = None, bool pin_memory = False, bool requires_grad = False)

[Rank 022] Removed partially written file: scanner_layouts_raytracer_patched_508640ff8dc59f67dd884fdbc89ee122/position_382_ppdfs.hdf5
[Rank 022] Evaluating position 412 ...
[Rank 022] ID 0 for position 412
Error: The size of tensor a (2) must match the size of tensor b (262144) at non-singleton dimension 2
[Rank 022] Failed to process or write HDF5 for position 412. Error: zeros() received an invalid combination of arguments - got (tuple, dtype=str), but expected one of:
 * (tuple of ints size, *, tuple of names names, torch.dtype dtype = None, torch.layout layout = None, torch.device device = None, bool pin_memory = False, bool requires_grad = False)
 * (tuple of ints size, *, Tensor out = None, torch.dtype dtype = None, torch.layout layout = None, torch.device device = None, bool pin_memory = False, bool requires_grad = False)

[Rank 022] Removed partially written file: scanner_layouts_raytracer_patched_508640ff8dc59f67dd884fdbc89ee122/position_412_ppdfs.hdf5
[Rank 022] Evaluating position 442 ...
[Rank 022] ID 0 for position 442
Error: The size of tensor a (2) must match the size of tensor b (262144) at non-singleton dimension 2
[Rank 022] Failed to process or write HDF5 for position 442. Error: zeros() received an invalid combination of arguments - got (tuple, dtype=str), but expected one of:
 * (tuple of ints size, *, tuple of names names, torch.dtype dtype = None, torch.layout layout = None, torch.device device = None, bool pin_memory = False, bool requires_grad = False)
 * (tuple of ints size, *, Tensor out = None, torch.dtype dtype = None, torch.layout layout = None, torch.device device = None, bool pin_memory = False, bool requires_grad = False)

[Rank 022] Removed partially written file: scanner_layouts_raytracer_patched_508640ff8dc59f67dd884fdbc89ee122/position_442_ppdfs.hdf5
[Rank 022] Evaluating position 472 ...
[Rank 022] ID 0 for position 472
Error: The size of tensor a (2) must match the size of tensor b (262144) at non-singleton dimension 2
[Rank 022] Failed to process or write HDF5 for position 472. Error: zeros() received an invalid combination of arguments - got (tuple, dtype=str), but expected one of:
 * (tuple of ints size, *, tuple of names names, torch.dtype dtype = None, torch.layout layout = None, torch.device device = None, bool pin_memory = False, bool requires_grad = False)
 * (tuple of ints size, *, Tensor out = None, torch.dtype dtype = None, torch.layout layout = None, torch.device device = None, bool pin_memory = False, bool requires_grad = False)

[Rank 022] Removed partially written file: scanner_layouts_raytracer_patched_508640ff8dc59f67dd884fdbc89ee122/position_472_ppdfs.hdf5
[Rank 022] Evaluating position 502 ...
[Rank 022] ID 0 for position 502
Error: The size of tensor a (2) must match the size of tensor b (262144) at non-singleton dimension 2
[Rank 022] Failed to process or write HDF5 for position 502. Error: zeros() received an invalid combination of arguments - got (tuple, dtype=str), but expected one of:
 * (tuple of ints size, *, tuple of names names, torch.dtype dtype = None, torch.layout layout = None, torch.device device = None, bool pin_memory = False, bool requires_grad = False)
 * (tuple of ints size, *, Tensor out = None, torch.dtype dtype = None, torch.layout layout = None, torch.device device = None, bool pin_memory = False, bool requires_grad = False)

[Rank 022] Removed partially written file: scanner_layouts_raytracer_patched_508640ff8dc59f67dd884fdbc89ee122/position_502_ppdfs.hdf5
[Rank 022] Evaluating position 532 ...
[Rank 022] ID 0 for position 532
Error: The size of tensor a (2) must match the size of tensor b (262144) at non-singleton dimension 2
[Rank 022] Failed to process or write HDF5 for position 532. Error: zeros() received an invalid combination of arguments - got (tuple, dtype=str), but expected one of:
 * (tuple of ints size, *, tuple of names names, torch.dtype dtype = None, torch.layout layout = None, torch.device device = None, bool pin_memory = False, bool requires_grad = False)
 * (tuple of ints size, *, Tensor out = None, torch.dtype dtype = None, torch.layout layout = None, torch.device device = None, bool pin_memory = False, bool requires_grad = False)

[Rank 022] Removed partially written file: scanner_layouts_raytracer_patched_508640ff8dc59f67dd884fdbc89ee122/position_532_ppdfs.hdf5
[Rank 022] Evaluating position 562 ...
[Rank 022] ID 0 for position 562
Error: The size of tensor a (2) must match the size of tensor b (262144) at non-singleton dimension 2
[Rank 022] Failed to process or write HDF5 for position 562. Error: zeros() received an invalid combination of arguments - got (tuple, dtype=str), but expected one of:
 * (tuple of ints size, *, tuple of names names, torch.dtype dtype = None, torch.layout layout = None, torch.device device = None, bool pin_memory = False, bool requires_grad = False)
 * (tuple of ints size, *, Tensor out = None, torch.dtype dtype = None, torch.layout layout = None, torch.device device = None, bool pin_memory = False, bool requires_grad = False)

[Rank 027] Failed to process or write HDF5 for position 297. Error: zeros() received an invalid combination of arguments - got (tuple, dtype=str), but expected one of:
 * (tuple of ints size, *, tuple of names names, torch.dtype dtype = None, torch.layout layout = None, torch.device device = None, bool pin_memory = False, bool requires_grad = False)
 * (tuple of ints size, *, Tensor out = None, torch.dtype dtype = None, torch.layout layout = None, torch.device device = None, bool pin_memory = False, bool requires_grad = False)

[Rank 027] Removed partially written file: scanner_layouts_raytracer_patched_508640ff8dc59f67dd884fdbc89ee122/position_297_ppdfs.hdf5
[Rank 027] Evaluating position 327 ...
[Rank 027] ID 0 for position 327
Error: The size of tensor a (2) must match the size of tensor b (262144) at non-singleton dimension 2
[Rank 027] Failed to process or write HDF5 for position 327. Error: zeros() received an invalid combination of arguments - got (tuple, dtype=str), but expected one of:
 * (tuple of ints size, *, tuple of names names, torch.dtype dtype = None, torch.layout layout = None, torch.device device = None, bool pin_memory = False, bool requires_grad = False)
 * (tuple of ints size, *, Tensor out = None, torch.dtype dtype = None, torch.layout layout = None, torch.device device = None, bool pin_memory = False, bool requires_grad = False)

[Rank 027] Removed partially written file: scanner_layouts_raytracer_patched_508640ff8dc59f67dd884fdbc89ee122/position_327_ppdfs.hdf5
[Rank 027] Evaluating position 357 ...
[Rank 027] ID 0 for position 357
Error: The size of tensor a (2) must match the size of tensor b (262144) at non-singleton dimension 2
[Rank 027] Failed to process or write HDF5 for position 357. Error: zeros() received an invalid combination of arguments - got (tuple, dtype=str), but expected one of:
 * (tuple of ints size, *, tuple of names names, torch.dtype dtype = None, torch.layout layout = None, torch.device device = None, bool pin_memory = False, bool requires_grad = False)
 * (tuple of ints size, *, Tensor out = None, torch.dtype dtype = None, torch.layout layout = None, torch.device device = None, bool pin_memory = False, bool requires_grad = False)

[Rank 027] Removed partially written file: scanner_layouts_raytracer_patched_508640ff8dc59f67dd884fdbc89ee122/position_357_ppdfs.hdf5
[Rank 027] Evaluating position 387 ...
[Rank 027] ID 0 for position 387
Error: The size of tensor a (2) must match the size of tensor b (262144) at non-singleton dimension 2
[Rank 027] Failed to process or write HDF5 for position 387. Error: zeros() received an invalid combination of arguments - got (tuple, dtype=str), but expected one of:
 * (tuple of ints size, *, tuple of names names, torch.dtype dtype = None, torch.layout layout = None, torch.device device = None, bool pin_memory = False, bool requires_grad = False)
 * (tuple of ints size, *, Tensor out = None, torch.dtype dtype = None, torch.layout layout = None, torch.device device = None, bool pin_memory = False, bool requires_grad = False)

[Rank 027] Removed partially written file: scanner_layouts_raytracer_patched_508640ff8dc59f67dd884fdbc89ee122/position_387_ppdfs.hdf5
[Rank 027] Evaluating position 417 ...
[Rank 027] ID 0 for position 417
Error: The size of tensor a (2) must match the size of tensor b (262144) at non-singleton dimension 2
[Rank 027] Failed to process or write HDF5 for position 417. Error: zeros() received an invalid combination of arguments - got (tuple, dtype=str), but expected one of:
 * (tuple of ints size, *, tuple of names names, torch.dtype dtype = None, torch.layout layout = None, torch.device device = None, bool pin_memory = False, bool requires_grad = False)
 * (tuple of ints size, *, Tensor out = None, torch.dtype dtype = None, torch.layout layout = None, torch.device device = None, bool pin_memory = False, bool requires_grad = False)

[Rank 027] Removed partially written file: scanner_layouts_raytracer_patched_508640ff8dc59f67dd884fdbc89ee122/position_417_ppdfs.hdf5
[Rank 027] Evaluating position 447 ...
[Rank 027] ID 0 for position 447
Error: The size of tensor a (2) must match the size of tensor b (262144) at non-singleton dimension 2
[Rank 027] Failed to process or write HDF5 for position 447. Error: zeros() received an invalid combination of arguments - got (tuple, dtype=str), but expected one of:
 * (tuple of ints size, *, tuple of names names, torch.dtype dtype = None, torch.layout layout = None, torch.device device = None, bool pin_memory = False, bool requires_grad = False)
 * (tuple of ints size, *, Tensor out = None, torch.dtype dtype = None, torch.layout layout = None, torch.device device = None, bool pin_memory = False, bool requires_grad = False)

[Rank 027] Removed partially written file: scanner_layouts_raytracer_patched_508640ff8dc59f67dd884fdbc89ee122/position_447_ppdfs.hdf5
[Rank 027] Evaluating position 477 ...
[Rank 027] ID 0 for position 477
Error: The size of tensor a (2) must match the size of tensor b (262144) at non-singleton dimension 2
[Rank 027] Failed to process or write HDF5 for position 477. Error: zeros() received an invalid combination of arguments - got (tuple, dtype=str), but expected one of:
 * (tuple of ints size, *, tuple of names names, torch.dtype dtype = None, torch.layout layout = None, torch.device device = None, bool pin_memory = False, bool requires_grad = False)
 * (tuple of ints size, *, Tensor out = None, torch.dtype dtype = None, torch.layout layout = None, torch.device device = None, bool pin_memory = False, bool requires_grad = False)

[Rank 027] Removed partially written file: scanner_layouts_raytracer_patched_508640ff8dc59f67dd884fdbc89ee122/position_477_ppdfs.hdf5
[Rank 027] Evaluating position 507 ...
[Rank 027] ID 0 for position 507
Error: The size of tensor a (2) must match the size of tensor b (262144) at non-singleton dimension 2
[Rank 027] Failed to process or write HDF5 for position 507. Error: zeros() received an invalid combination of arguments - got (tuple, dtype=str), but expected one of:
 * (tuple of ints size, *, tuple of names names, torch.dtype dtype = None, torch.layout layout = None, torch.device device = None, bool pin_memory = False, bool requires_grad = False)
 * (tuple of ints size, *, Tensor out = None, torch.dtype dtype = None, torch.layout layout = None, torch.device device = None, bool pin_memory = False, bool requires_grad = False)

[Rank 027] Removed partially written file: scanner_layouts_raytracer_patched_508640ff8dc59f67dd884fdbc89ee122/position_507_ppdfs.hdf5
[Rank 027] Evaluating position 537 ...
[Rank 027] ID 0 for position 537
Error: The size of tensor a (2) must match the size of tensor b (262144) at non-singleton dimension 2
[Rank 027] Failed to process or write HDF5 for position 537. Error: zeros() received an invalid combination of arguments - got (tuple, dtype=str), but expected one of:
 * (tuple of ints size, *, tuple of names names, torch.dtype dtype = None, torch.layout layout = None, torch.device device = None, bool pin_memory = False, bool requires_grad = False)
 * (tuple of ints size, *, Tensor out = None, torch.dtype dtype = None, torch.layout layout = None, torch.device device = None, bool pin_memory = False, bool requires_grad = False)

[Rank 027] Removed partially written file: scanner_layouts_raytracer_patched_508640ff8dc59f67dd884fdbc89ee122/position_537_ppdfs.hdf5
[Rank 027] Evaluating position 567 ...
[Rank 027] ID 0 for position 567
Error: The size of tensor a (2) must match the size of tensor b (262144) at non-singleton dimension 2
[Rank 027] Failed to process or write HDF5 for position 567. Error: zeros() received an invalid combination of arguments - got (tuple, dtype=str), but expected one of:
 * (tuple of ints size, *, tuple of names names, torch.dtype dtype = None, torch.layout layout = None, torch.device device = None, bool pin_memory = False, bool requires_grad = False)
 * (tuple of ints size, *, Tensor out = None, torch.dtype dtype = None, torch.layout layout = None, torch.device device = None, bool pin_memory = False, bool requires_grad = False)

[Rank 017] Removed partially written file: scanner_layouts_raytracer_patched_508640ff8dc59f67dd884fdbc89ee122/position_557_ppdfs.hdf5
[Rank 017] Evaluating position 587 ...
[Rank 017] ID 0 for position 587
Error: The size of tensor a (2) must match the size of tensor b (262144) at non-singleton dimension 2
[Rank 017] Failed to process or write HDF5 for position 587. Error: zeros() received an invalid combination of arguments - got (tuple, dtype=str), but expected one of:
 * (tuple of ints size, *, tuple of names names, torch.dtype dtype = None, torch.layout layout = None, torch.device device = None, bool pin_memory = False, bool requires_grad = False)
 * (tuple of ints size, *, Tensor out = None, torch.dtype dtype = None, torch.layout layout = None, torch.device device = None, bool pin_memory = False, bool requires_grad = False)

[Rank 017] Removed partially written file: scanner_layouts_raytracer_patched_508640ff8dc59f67dd884fdbc89ee122/position_587_ppdfs.hdf5
[Rank 022] Removed partially written file: scanner_layouts_raytracer_patched_508640ff8dc59f67dd884fdbc89ee122/position_562_ppdfs.hdf5
[Rank 022] Evaluating position 592 ...
[Rank 022] ID 0 for position 592
Error: The size of tensor a (2) must match the size of tensor b (262144) at non-singleton dimension 2
[Rank 022] Failed to process or write HDF5 for position 592. Error: zeros() received an invalid combination of arguments - got (tuple, dtype=str), but expected one of:
 * (tuple of ints size, *, tuple of names names, torch.dtype dtype = None, torch.layout layout = None, torch.device device = None, bool pin_memory = False, bool requires_grad = False)
 * (tuple of ints size, *, Tensor out = None, torch.dtype dtype = None, torch.layout layout = None, torch.device device = None, bool pin_memory = False, bool requires_grad = False)

[Rank 022] Removed partially written file: scanner_layouts_raytracer_patched_508640ff8dc59f67dd884fdbc89ee122/position_592_ppdfs.hdf5
[Rank 012] Failed to process or write HDF5 for position 282. Error: zeros() received an invalid combination of arguments - got (tuple, dtype=str), but expected one of:
 * (tuple of ints size, *, tuple of names names, torch.dtype dtype = None, torch.layout layout = None, torch.device device = None, bool pin_memory = False, bool requires_grad = False)
 * (tuple of ints size, *, Tensor out = None, torch.dtype dtype = None, torch.layout layout = None, torch.device device = None, bool pin_memory = False, bool requires_grad = False)

[Rank 012] Removed partially written file: scanner_layouts_raytracer_patched_508640ff8dc59f67dd884fdbc89ee122/position_282_ppdfs.hdf5
[Rank 012] Evaluating position 312 ...
[Rank 012] ID 0 for position 312
Error: The size of tensor a (2) must match the size of tensor b (262144) at non-singleton dimension 2
[Rank 012] Failed to process or write HDF5 for position 312. Error: zeros() received an invalid combination of arguments - got (tuple, dtype=str), but expected one of:
 * (tuple of ints size, *, tuple of names names, torch.dtype dtype = None, torch.layout layout = None, torch.device device = None, bool pin_memory = False, bool requires_grad = False)
 * (tuple of ints size, *, Tensor out = None, torch.dtype dtype = None, torch.layout layout = None, torch.device device = None, bool pin_memory = False, bool requires_grad = False)

[Rank 012] Removed partially written file: scanner_layouts_raytracer_patched_508640ff8dc59f67dd884fdbc89ee122/position_312_ppdfs.hdf5
[Rank 012] Evaluating position 342 ...
[Rank 012] ID 0 for position 342
Error: The size of tensor a (2) must match the size of tensor b (262144) at non-singleton dimension 2
[Rank 012] Failed to process or write HDF5 for position 342. Error: zeros() received an invalid combination of arguments - got (tuple, dtype=str), but expected one of:
 * (tuple of ints size, *, tuple of names names, torch.dtype dtype = None, torch.layout layout = None, torch.device device = None, bool pin_memory = False, bool requires_grad = False)
 * (tuple of ints size, *, Tensor out = None, torch.dtype dtype = None, torch.layout layout = None, torch.device device = None, bool pin_memory = False, bool requires_grad = False)

[Rank 012] Removed partially written file: scanner_layouts_raytracer_patched_508640ff8dc59f67dd884fdbc89ee122/position_342_ppdfs.hdf5
[Rank 012] Evaluating position 372 ...
[Rank 012] ID 0 for position 372
Error: The size of tensor a (2) must match the size of tensor b (262144) at non-singleton dimension 2
[Rank 012] Failed to process or write HDF5 for position 372. Error: zeros() received an invalid combination of arguments - got (tuple, dtype=str), but expected one of:
 * (tuple of ints size, *, tuple of names names, torch.dtype dtype = None, torch.layout layout = None, torch.device device = None, bool pin_memory = False, bool requires_grad = False)
 * (tuple of ints size, *, Tensor out = None, torch.dtype dtype = None, torch.layout layout = None, torch.device device = None, bool pin_memory = False, bool requires_grad = False)

[Rank 012] Removed partially written file: scanner_layouts_raytracer_patched_508640ff8dc59f67dd884fdbc89ee122/position_372_ppdfs.hdf5
[Rank 012] Evaluating position 402 ...
[Rank 012] ID 0 for position 402
Error: The size of tensor a (2) must match the size of tensor b (262144) at non-singleton dimension 2
[Rank 012] Failed to process or write HDF5 for position 402. Error: zeros() received an invalid combination of arguments - got (tuple, dtype=str), but expected one of:
 * (tuple of ints size, *, tuple of names names, torch.dtype dtype = None, torch.layout layout = None, torch.device device = None, bool pin_memory = False, bool requires_grad = False)
 * (tuple of ints size, *, Tensor out = None, torch.dtype dtype = None, torch.layout layout = None, torch.device device = None, bool pin_memory = False, bool requires_grad = False)

[Rank 012] Removed partially written file: scanner_layouts_raytracer_patched_508640ff8dc59f67dd884fdbc89ee122/position_402_ppdfs.hdf5
[Rank 012] Evaluating position 432 ...
[Rank 012] ID 0 for position 432
Error: The size of tensor a (2) must match the size of tensor b (262144) at non-singleton dimension 2
[Rank 012] Failed to process or write HDF5 for position 432. Error: zeros() received an invalid combination of arguments - got (tuple, dtype=str), but expected one of:
 * (tuple of ints size, *, tuple of names names, torch.dtype dtype = None, torch.layout layout = None, torch.device device = None, bool pin_memory = False, bool requires_grad = False)
 * (tuple of ints size, *, Tensor out = None, torch.dtype dtype = None, torch.layout layout = None, torch.device device = None, bool pin_memory = False, bool requires_grad = False)

[Rank 012] Removed partially written file: scanner_layouts_raytracer_patched_508640ff8dc59f67dd884fdbc89ee122/position_432_ppdfs.hdf5
[Rank 012] Evaluating position 462 ...
[Rank 012] ID 0 for position 462
Error: The size of tensor a (2) must match the size of tensor b (262144) at non-singleton dimension 2
[Rank 012] Failed to process or write HDF5 for position 462. Error: zeros() received an invalid combination of arguments - got (tuple, dtype=str), but expected one of:
 * (tuple of ints size, *, tuple of names names, torch.dtype dtype = None, torch.layout layout = None, torch.device device = None, bool pin_memory = False, bool requires_grad = False)
 * (tuple of ints size, *, Tensor out = None, torch.dtype dtype = None, torch.layout layout = None, torch.device device = None, bool pin_memory = False, bool requires_grad = False)

[Rank 012] Removed partially written file: scanner_layouts_raytracer_patched_508640ff8dc59f67dd884fdbc89ee122/position_462_ppdfs.hdf5
[Rank 012] Evaluating position 492 ...
[Rank 012] ID 0 for position 492
Error: The size of tensor a (2) must match the size of tensor b (262144) at non-singleton dimension 2
[Rank 012] Failed to process or write HDF5 for position 492. Error: zeros() received an invalid combination of arguments - got (tuple, dtype=str), but expected one of:
 * (tuple of ints size, *, tuple of names names, torch.dtype dtype = None, torch.layout layout = None, torch.device device = None, bool pin_memory = False, bool requires_grad = False)
 * (tuple of ints size, *, Tensor out = None, torch.dtype dtype = None, torch.layout layout = None, torch.device device = None, bool pin_memory = False, bool requires_grad = False)

[Rank 012] Removed partially written file: scanner_layouts_raytracer_patched_508640ff8dc59f67dd884fdbc89ee122/position_492_ppdfs.hdf5
[Rank 012] Evaluating position 522 ...
[Rank 012] ID 0 for position 522
Error: The size of tensor a (2) must match the size of tensor b (262144) at non-singleton dimension 2
[Rank 012] Failed to process or write HDF5 for position 522. Error: zeros() received an invalid combination of arguments - got (tuple, dtype=str), but expected one of:
 * (tuple of ints size, *, tuple of names names, torch.dtype dtype = None, torch.layout layout = None, torch.device device = None, bool pin_memory = False, bool requires_grad = False)
 * (tuple of ints size, *, Tensor out = None, torch.dtype dtype = None, torch.layout layout = None, torch.device device = None, bool pin_memory = False, bool requires_grad = False)

[Rank 012] Removed partially written file: scanner_layouts_raytracer_patched_508640ff8dc59f67dd884fdbc89ee122/position_522_ppdfs.hdf5
[Rank 012] Evaluating position 552 ...
[Rank 012] ID 0 for position 552
Error: The size of tensor a (2) must match the size of tensor b (262144) at non-singleton dimension 2
[Rank 012] Failed to process or write HDF5 for position 552. Error: zeros() received an invalid combination of arguments - got (tuple, dtype=str), but expected one of:
 * (tuple of ints size, *, tuple of names names, torch.dtype dtype = None, torch.layout layout = None, torch.device device = None, bool pin_memory = False, bool requires_grad = False)
 * (tuple of ints size, *, Tensor out = None, torch.dtype dtype = None, torch.layout layout = None, torch.device device = None, bool pin_memory = False, bool requires_grad = False)

[Rank 027] Removed partially written file: scanner_layouts_raytracer_patched_508640ff8dc59f67dd884fdbc89ee122/position_567_ppdfs.hdf5
[Rank 027] Evaluating position 597 ...
[Rank 027] ID 0 for position 597
Error: The size of tensor a (2) must match the size of tensor b (262144) at non-singleton dimension 2
[Rank 027] Failed to process or write HDF5 for position 597. Error: zeros() received an invalid combination of arguments - got (tuple, dtype=str), but expected one of:
 * (tuple of ints size, *, tuple of names names, torch.dtype dtype = None, torch.layout layout = None, torch.device device = None, bool pin_memory = False, bool requires_grad = False)
 * (tuple of ints size, *, Tensor out = None, torch.dtype dtype = None, torch.layout layout = None, torch.device device = None, bool pin_memory = False, bool requires_grad = False)

[Rank 027] Removed partially written file: scanner_layouts_raytracer_patched_508640ff8dc59f67dd884fdbc89ee122/position_597_ppdfs.hdf5
[Rank 012] Removed partially written file: scanner_layouts_raytracer_patched_508640ff8dc59f67dd884fdbc89ee122/position_552_ppdfs.hdf5
[Rank 012] Evaluating position 582 ...
[Rank 012] ID 0 for position 582
Error: The size of tensor a (2) must match the size of tensor b (262144) at non-singleton dimension 2
[Rank 012] Failed to process or write HDF5 for position 582. Error: zeros() received an invalid combination of arguments - got (tuple, dtype=str), but expected one of:
 * (tuple of ints size, *, tuple of names names, torch.dtype dtype = None, torch.layout layout = None, torch.device device = None, bool pin_memory = False, bool requires_grad = False)
 * (tuple of ints size, *, Tensor out = None, torch.dtype dtype = None, torch.layout layout = None, torch.device device = None, bool pin_memory = False, bool requires_grad = False)

[Rank 012] Removed partially written file: scanner_layouts_raytracer_patched_508640ff8dc59f67dd884fdbc89ee122/position_582_ppdfs.hdf5
[Rank 002] Failed to process or write HDF5 for position 272. Error: zeros() received an invalid combination of arguments - got (tuple, dtype=str), but expected one of:
 * (tuple of ints size, *, tuple of names names, torch.dtype dtype = None, torch.layout layout = None, torch.device device = None, bool pin_memory = False, bool requires_grad = False)
 * (tuple of ints size, *, Tensor out = None, torch.dtype dtype = None, torch.layout layout = None, torch.device device = None, bool pin_memory = False, bool requires_grad = False)

[Rank 002] Removed partially written file: scanner_layouts_raytracer_patched_508640ff8dc59f67dd884fdbc89ee122/position_272_ppdfs.hdf5
[Rank 002] Evaluating position 302 ...
[Rank 002] ID 0 for position 302
Error: The size of tensor a (2) must match the size of tensor b (262144) at non-singleton dimension 2
[Rank 002] Failed to process or write HDF5 for position 302. Error: zeros() received an invalid combination of arguments - got (tuple, dtype=str), but expected one of:
 * (tuple of ints size, *, tuple of names names, torch.dtype dtype = None, torch.layout layout = None, torch.device device = None, bool pin_memory = False, bool requires_grad = False)
 * (tuple of ints size, *, Tensor out = None, torch.dtype dtype = None, torch.layout layout = None, torch.device device = None, bool pin_memory = False, bool requires_grad = False)

[Rank 002] Removed partially written file: scanner_layouts_raytracer_patched_508640ff8dc59f67dd884fdbc89ee122/position_302_ppdfs.hdf5
[Rank 002] Evaluating position 332 ...
[Rank 002] ID 0 for position 332
Error: The size of tensor a (2) must match the size of tensor b (262144) at non-singleton dimension 2
[Rank 002] Failed to process or write HDF5 for position 332. Error: zeros() received an invalid combination of arguments - got (tuple, dtype=str), but expected one of:
 * (tuple of ints size, *, tuple of names names, torch.dtype dtype = None, torch.layout layout = None, torch.device device = None, bool pin_memory = False, bool requires_grad = False)
 * (tuple of ints size, *, Tensor out = None, torch.dtype dtype = None, torch.layout layout = None, torch.device device = None, bool pin_memory = False, bool requires_grad = False)

[Rank 002] Removed partially written file: scanner_layouts_raytracer_patched_508640ff8dc59f67dd884fdbc89ee122/position_332_ppdfs.hdf5
[Rank 002] Evaluating position 362 ...
[Rank 002] ID 0 for position 362
Error: The size of tensor a (2) must match the size of tensor b (262144) at non-singleton dimension 2
[Rank 002] Failed to process or write HDF5 for position 362. Error: zeros() received an invalid combination of arguments - got (tuple, dtype=str), but expected one of:
 * (tuple of ints size, *, tuple of names names, torch.dtype dtype = None, torch.layout layout = None, torch.device device = None, bool pin_memory = False, bool requires_grad = False)
 * (tuple of ints size, *, Tensor out = None, torch.dtype dtype = None, torch.layout layout = None, torch.device device = None, bool pin_memory = False, bool requires_grad = False)

[Rank 002] Removed partially written file: scanner_layouts_raytracer_patched_508640ff8dc59f67dd884fdbc89ee122/position_362_ppdfs.hdf5
[Rank 002] Evaluating position 392 ...
[Rank 002] ID 0 for position 392
Error: The size of tensor a (2) must match the size of tensor b (262144) at non-singleton dimension 2
[Rank 002] Failed to process or write HDF5 for position 392. Error: zeros() received an invalid combination of arguments - got (tuple, dtype=str), but expected one of:
 * (tuple of ints size, *, tuple of names names, torch.dtype dtype = None, torch.layout layout = None, torch.device device = None, bool pin_memory = False, bool requires_grad = False)
 * (tuple of ints size, *, Tensor out = None, torch.dtype dtype = None, torch.layout layout = None, torch.device device = None, bool pin_memory = False, bool requires_grad = False)

[Rank 002] Removed partially written file: scanner_layouts_raytracer_patched_508640ff8dc59f67dd884fdbc89ee122/position_392_ppdfs.hdf5
[Rank 002] Evaluating position 422 ...
[Rank 002] ID 0 for position 422
Error: The size of tensor a (2) must match the size of tensor b (262144) at non-singleton dimension 2
[Rank 002] Failed to process or write HDF5 for position 422. Error: zeros() received an invalid combination of arguments - got (tuple, dtype=str), but expected one of:
 * (tuple of ints size, *, tuple of names names, torch.dtype dtype = None, torch.layout layout = None, torch.device device = None, bool pin_memory = False, bool requires_grad = False)
 * (tuple of ints size, *, Tensor out = None, torch.dtype dtype = None, torch.layout layout = None, torch.device device = None, bool pin_memory = False, bool requires_grad = False)

[Rank 002] Removed partially written file: scanner_layouts_raytracer_patched_508640ff8dc59f67dd884fdbc89ee122/position_422_ppdfs.hdf5
[Rank 002] Evaluating position 452 ...
[Rank 002] ID 0 for position 452
Error: The size of tensor a (2) must match the size of tensor b (262144) at non-singleton dimension 2
[Rank 002] Failed to process or write HDF5 for position 452. Error: zeros() received an invalid combination of arguments - got (tuple, dtype=str), but expected one of:
 * (tuple of ints size, *, tuple of names names, torch.dtype dtype = None, torch.layout layout = None, torch.device device = None, bool pin_memory = False, bool requires_grad = False)
 * (tuple of ints size, *, Tensor out = None, torch.dtype dtype = None, torch.layout layout = None, torch.device device = None, bool pin_memory = False, bool requires_grad = False)

[Rank 002] Removed partially written file: scanner_layouts_raytracer_patched_508640ff8dc59f67dd884fdbc89ee122/position_452_ppdfs.hdf5
[Rank 002] Evaluating position 482 ...
[Rank 002] ID 0 for position 482
Error: The size of tensor a (2) must match the size of tensor b (262144) at non-singleton dimension 2
[Rank 002] Failed to process or write HDF5 for position 482. Error: zeros() received an invalid combination of arguments - got (tuple, dtype=str), but expected one of:
 * (tuple of ints size, *, tuple of names names, torch.dtype dtype = None, torch.layout layout = None, torch.device device = None, bool pin_memory = False, bool requires_grad = False)
 * (tuple of ints size, *, Tensor out = None, torch.dtype dtype = None, torch.layout layout = None, torch.device device = None, bool pin_memory = False, bool requires_grad = False)

[Rank 002] Removed partially written file: scanner_layouts_raytracer_patched_508640ff8dc59f67dd884fdbc89ee122/position_482_ppdfs.hdf5
[Rank 002] Evaluating position 512 ...
[Rank 002] ID 0 for position 512
Error: The size of tensor a (2) must match the size of tensor b (262144) at non-singleton dimension 2
[Rank 002] Failed to process or write HDF5 for position 512. Error: zeros() received an invalid combination of arguments - got (tuple, dtype=str), but expected one of:
 * (tuple of ints size, *, tuple of names names, torch.dtype dtype = None, torch.layout layout = None, torch.device device = None, bool pin_memory = False, bool requires_grad = False)
 * (tuple of ints size, *, Tensor out = None, torch.dtype dtype = None, torch.layout layout = None, torch.device device = None, bool pin_memory = False, bool requires_grad = False)

[Rank 002] Removed partially written file: scanner_layouts_raytracer_patched_508640ff8dc59f67dd884fdbc89ee122/position_512_ppdfs.hdf5
[Rank 002] Evaluating position 542 ...
[Rank 002] ID 0 for position 542
Error: The size of tensor a (2) must match the size of tensor b (262144) at non-singleton dimension 2
[Rank 002] Failed to process or write HDF5 for position 542. Error: zeros() received an invalid combination of arguments - got (tuple, dtype=str), but expected one of:
 * (tuple of ints size, *, tuple of names names, torch.dtype dtype = None, torch.layout layout = None, torch.device device = None, bool pin_memory = False, bool requires_grad = False)
 * (tuple of ints size, *, Tensor out = None, torch.dtype dtype = None, torch.layout layout = None, torch.device device = None, bool pin_memory = False, bool requires_grad = False)

[Rank 002] Removed partially written file: scanner_layouts_raytracer_patched_508640ff8dc59f67dd884fdbc89ee122/position_542_ppdfs.hdf5
[Rank 002] Evaluating position 572 ...
[Rank 002] ID 0 for position 572
Error: The size of tensor a (2) must match the size of tensor b (262144) at non-singleton dimension 2
[Rank 002] Failed to process or write HDF5 for position 572. Error: zeros() received an invalid combination of arguments - got (tuple, dtype=str), but expected one of:
 * (tuple of ints size, *, tuple of names names, torch.dtype dtype = None, torch.layout layout = None, torch.device device = None, bool pin_memory = False, bool requires_grad = False)
 * (tuple of ints size, *, Tensor out = None, torch.dtype dtype = None, torch.layout layout = None, torch.device device = None, bool pin_memory = False, bool requires_grad = False)

[Rank 002] Removed partially written file: scanner_layouts_raytracer_patched_508640ff8dc59f67dd884fdbc89ee122/position_572_ppdfs.hdf5
[Rank 007] Failed to process or write HDF5 for position 277. Error: zeros() received an invalid combination of arguments - got (tuple, dtype=str), but expected one of:
 * (tuple of ints size, *, tuple of names names, torch.dtype dtype = None, torch.layout layout = None, torch.device device = None, bool pin_memory = False, bool requires_grad = False)
 * (tuple of ints size, *, Tensor out = None, torch.dtype dtype = None, torch.layout layout = None, torch.device device = None, bool pin_memory = False, bool requires_grad = False)

[Rank 007] Removed partially written file: scanner_layouts_raytracer_patched_508640ff8dc59f67dd884fdbc89ee122/position_277_ppdfs.hdf5
[Rank 007] Evaluating position 307 ...
[Rank 007] ID 0 for position 307
Error: The size of tensor a (2) must match the size of tensor b (262144) at non-singleton dimension 2
[Rank 007] Failed to process or write HDF5 for position 307. Error: zeros() received an invalid combination of arguments - got (tuple, dtype=str), but expected one of:
 * (tuple of ints size, *, tuple of names names, torch.dtype dtype = None, torch.layout layout = None, torch.device device = None, bool pin_memory = False, bool requires_grad = False)
 * (tuple of ints size, *, Tensor out = None, torch.dtype dtype = None, torch.layout layout = None, torch.device device = None, bool pin_memory = False, bool requires_grad = False)

[Rank 007] Removed partially written file: scanner_layouts_raytracer_patched_508640ff8dc59f67dd884fdbc89ee122/position_307_ppdfs.hdf5
[Rank 007] Evaluating position 337 ...
[Rank 007] ID 0 for position 337
Error: The size of tensor a (2) must match the size of tensor b (262144) at non-singleton dimension 2
[Rank 007] Failed to process or write HDF5 for position 337. Error: zeros() received an invalid combination of arguments - got (tuple, dtype=str), but expected one of:
 * (tuple of ints size, *, tuple of names names, torch.dtype dtype = None, torch.layout layout = None, torch.device device = None, bool pin_memory = False, bool requires_grad = False)
 * (tuple of ints size, *, Tensor out = None, torch.dtype dtype = None, torch.layout layout = None, torch.device device = None, bool pin_memory = False, bool requires_grad = False)

[Rank 007] Removed partially written file: scanner_layouts_raytracer_patched_508640ff8dc59f67dd884fdbc89ee122/position_337_ppdfs.hdf5
[Rank 007] Evaluating position 367 ...
[Rank 007] ID 0 for position 367
Error: The size of tensor a (2) must match the size of tensor b (262144) at non-singleton dimension 2
[Rank 007] Failed to process or write HDF5 for position 367. Error: zeros() received an invalid combination of arguments - got (tuple, dtype=str), but expected one of:
 * (tuple of ints size, *, tuple of names names, torch.dtype dtype = None, torch.layout layout = None, torch.device device = None, bool pin_memory = False, bool requires_grad = False)
 * (tuple of ints size, *, Tensor out = None, torch.dtype dtype = None, torch.layout layout = None, torch.device device = None, bool pin_memory = False, bool requires_grad = False)

[Rank 007] Removed partially written file: scanner_layouts_raytracer_patched_508640ff8dc59f67dd884fdbc89ee122/position_367_ppdfs.hdf5
[Rank 007] Evaluating position 397 ...
[Rank 007] ID 0 for position 397
Error: The size of tensor a (2) must match the size of tensor b (262144) at non-singleton dimension 2
[Rank 007] Failed to process or write HDF5 for position 397. Error: zeros() received an invalid combination of arguments - got (tuple, dtype=str), but expected one of:
 * (tuple of ints size, *, tuple of names names, torch.dtype dtype = None, torch.layout layout = None, torch.device device = None, bool pin_memory = False, bool requires_grad = False)
 * (tuple of ints size, *, Tensor out = None, torch.dtype dtype = None, torch.layout layout = None, torch.device device = None, bool pin_memory = False, bool requires_grad = False)

[Rank 007] Removed partially written file: scanner_layouts_raytracer_patched_508640ff8dc59f67dd884fdbc89ee122/position_397_ppdfs.hdf5
[Rank 007] Evaluating position 427 ...
[Rank 007] ID 0 for position 427
Error: The size of tensor a (2) must match the size of tensor b (262144) at non-singleton dimension 2
[Rank 007] Failed to process or write HDF5 for position 427. Error: zeros() received an invalid combination of arguments - got (tuple, dtype=str), but expected one of:
 * (tuple of ints size, *, tuple of names names, torch.dtype dtype = None, torch.layout layout = None, torch.device device = None, bool pin_memory = False, bool requires_grad = False)
 * (tuple of ints size, *, Tensor out = None, torch.dtype dtype = None, torch.layout layout = None, torch.device device = None, bool pin_memory = False, bool requires_grad = False)

[Rank 007] Removed partially written file: scanner_layouts_raytracer_patched_508640ff8dc59f67dd884fdbc89ee122/position_427_ppdfs.hdf5
[Rank 007] Evaluating position 457 ...
[Rank 007] ID 0 for position 457
Error: The size of tensor a (2) must match the size of tensor b (262144) at non-singleton dimension 2
[Rank 007] Failed to process or write HDF5 for position 457. Error: zeros() received an invalid combination of arguments - got (tuple, dtype=str), but expected one of:
 * (tuple of ints size, *, tuple of names names, torch.dtype dtype = None, torch.layout layout = None, torch.device device = None, bool pin_memory = False, bool requires_grad = False)
 * (tuple of ints size, *, Tensor out = None, torch.dtype dtype = None, torch.layout layout = None, torch.device device = None, bool pin_memory = False, bool requires_grad = False)

[Rank 007] Removed partially written file: scanner_layouts_raytracer_patched_508640ff8dc59f67dd884fdbc89ee122/position_457_ppdfs.hdf5
[Rank 007] Evaluating position 487 ...
[Rank 007] ID 0 for position 487
Error: The size of tensor a (2) must match the size of tensor b (262144) at non-singleton dimension 2
[Rank 007] Failed to process or write HDF5 for position 487. Error: zeros() received an invalid combination of arguments - got (tuple, dtype=str), but expected one of:
 * (tuple of ints size, *, tuple of names names, torch.dtype dtype = None, torch.layout layout = None, torch.device device = None, bool pin_memory = False, bool requires_grad = False)
 * (tuple of ints size, *, Tensor out = None, torch.dtype dtype = None, torch.layout layout = None, torch.device device = None, bool pin_memory = False, bool requires_grad = False)

[Rank 007] Removed partially written file: scanner_layouts_raytracer_patched_508640ff8dc59f67dd884fdbc89ee122/position_487_ppdfs.hdf5
[Rank 007] Evaluating position 517 ...
[Rank 007] ID 0 for position 517
Error: The size of tensor a (2) must match the size of tensor b (262144) at non-singleton dimension 2
[Rank 007] Failed to process or write HDF5 for position 517. Error: zeros() received an invalid combination of arguments - got (tuple, dtype=str), but expected one of:
 * (tuple of ints size, *, tuple of names names, torch.dtype dtype = None, torch.layout layout = None, torch.device device = None, bool pin_memory = False, bool requires_grad = False)
 * (tuple of ints size, *, Tensor out = None, torch.dtype dtype = None, torch.layout layout = None, torch.device device = None, bool pin_memory = False, bool requires_grad = False)

[Rank 007] Removed partially written file: scanner_layouts_raytracer_patched_508640ff8dc59f67dd884fdbc89ee122/position_517_ppdfs.hdf5
[Rank 007] Evaluating position 547 ...
[Rank 007] ID 0 for position 547
Error: The size of tensor a (2) must match the size of tensor b (262144) at non-singleton dimension 2
[Rank 007] Failed to process or write HDF5 for position 547. Error: zeros() received an invalid combination of arguments - got (tuple, dtype=str), but expected one of:
 * (tuple of ints size, *, tuple of names names, torch.dtype dtype = None, torch.layout layout = None, torch.device device = None, bool pin_memory = False, bool requires_grad = False)
 * (tuple of ints size, *, Tensor out = None, torch.dtype dtype = None, torch.layout layout = None, torch.device device = None, bool pin_memory = False, bool requires_grad = False)

[Rank 007] Removed partially written file: scanner_layouts_raytracer_patched_508640ff8dc59f67dd884fdbc89ee122/position_547_ppdfs.hdf5
[Rank 007] Evaluating position 577 ...
[Rank 007] ID 0 for position 577
Error: The size of tensor a (2) must match the size of tensor b (262144) at non-singleton dimension 2
[Rank 007] Failed to process or write HDF5 for position 577. Error: zeros() received an invalid combination of arguments - got (tuple, dtype=str), but expected one of:
 * (tuple of ints size, *, tuple of names names, torch.dtype dtype = None, torch.layout layout = None, torch.device device = None, bool pin_memory = False, bool requires_grad = False)
 * (tuple of ints size, *, Tensor out = None, torch.dtype dtype = None, torch.layout layout = None, torch.device device = None, bool pin_memory = False, bool requires_grad = False)

[Rank 007] Removed partially written file: scanner_layouts_raytracer_patched_508640ff8dc59f67dd884fdbc89ee122/position_577_ppdfs.hdf5
--- Job Finished ---
